SEG_NAME,N23,K23,RAW23,MAP_DATA,LO_HIER,HI_HIER,판정
R11 x B1 x 4등급,1650.0,76.0,0.04606060606060606,0.046237426846839756,0.03739806099085989,0.05593140964142804,자동승인
R11 x B1 x 5등급,1974.0,110.0,0.05572441742654509,0.054608498018329156,0.04527405182048482,0.06415047837979651,자동승인
R11 x B1 x 6등급,2759.0,148.0,0.05364262413918086,0.05301619479805164,0.0452951643592943,0.06098095727461817,자동승인
R11 x B1 x 7등급,2445.0,108.0,0.044171779141104296,0.04450255468379287,0.03706170281686889,0.05261100008129411,자동승인
R11 x B1 x 8등급,284.0,11.0,0.03873239436619718,0.04307647336364923,0.02921703466877674,0.06079108839613849,자동승인
R11 x B1 x 9등급,584.0,40.0,0.0684931506849315,0.06130443026943747,0.046097676448214615,0.07909802104570138,자동승인
R11 x B1 x 10등급,248.0,11.0,0.04435483870967742,0.045916680398615115,0.03091714963838688,0.06440461666620624,자동승인
R11 x B1 x 11등급,262.0,13.0,0.04961832061068702,0.048340191960078306,0.032574251105201894,0.06753510883451588,자동승인
R11 x B1 x 12등급,42.0,3.0,0.07142857142857142,0.05020737499307015,0.03092878584043181,0.07625604652705673,자동승인
R11 x B1 x 13등급,17.0,0.0,0.0,0.044668277770297936,0.027534681154092983,0.06995638584455804,자동승인
R11 x B1 x 14등급,13.0,1.0,0.07692307692307693,0.04845822346509277,0.02937543387650397,0.07673143012329739,자동승인
R11 x B1 x 15등급,12.0,1.0,0.08333333333333333,0.04861454031498017,0.02925276306204895,0.0770867769784846,자동승인
R11 x B10 x 4등급,26.0,0.0,0.0,0.04342749227667855,0.026455608670227164,0.06911040173650565,자동승인
R11 x B10 x 5등급,69.0,5.0,0.07246376811594203,0.051963235688402866,0.032827171483580796,0.07751918208616194,자동승인
R11 x B10 x 6등급,68.0,5.0,0.07352941176470588,0.05210521174219632,0.0325325025076632,0.07826677445869036,자동승인
R11 x B10 x 7등급,236.0,10.0,0.0423728813559322,0.045075856737160774,0.030324826633018685,0.06356943621429717,자동승인
R11 x B10 x 8등급,183.0,16.0,0.08743169398907104,0.06251664760424917,0.04285196326758544,0.08834036514715832,자동승인
R11 x B10 x 9등급,124.0,2.0,0.016129032258064516,0.03808177132143093,0.024756150888733237,0.05829517078601721,자동승인
R11 x B10 x 10등급,174.0,6.0,0.034482758620689655,0.04252226164755053,0.027745020604015472,0.06265459930153121,자동승인
R11 x B10 x 11등급,101.0,9.0,0.0891089108910891,0.05782082079609988,0.03772459302428276,0.08480093530808999,자동승인
R11 x B10 x 12등급,68.0,5.0,0.07352941176470588,0.05210521174219632,0.033047383893645595,0.0782689536639656,자동승인
R11 x B10 x 13등급,75.0,2.0,0.02666666666666667,0.04308447050306663,0.02679171671961101,0.06649441357896034,자동승인
R11 x B10 x 14등급,47.0,1.0,0.02127659574468085,0.043682630427953194,0.026554124530268952,0.0683460056807132,자동승인
R11 x B10 x 15등급,23.0,1.0,0.043478260869565216,0.04694862148798708,0.02840575649395093,0.0734361203776137,자동승인
R11 x B11 x 4등급,39.0,3.0,0.07692307692307693,0.05065432491882449,0.03111586888121724,0.07750312886327805,자동승인
R11 x B11 x 5등급,5.0,0.0,0.0,0.04643731847407211,0.028312947172040092,0.07380485149247863,자동승인
R11 x B11 x 6등급,47.0,1.0,0.02127659574468085,0.043682630427953194,0.027030686230374194,0.06765924992349585,자동승인
R11 x B11 x 7등급,323.0,16.0,0.04953560371517028,0.04842271738751023,0.033431160643730314,0.06647908751137038,자동승인
R11 x B11 x 8등급,71.0,5.0,0.07042253521126761,0.051681592134536186,0.03272841099465533,0.07757310666938538,자동승인
R11 x B11 x 9등급,79.0,10.0,0.12658227848101267,0.06384749999375028,0.04086917652579593,0.09611347890926457,자동승인
R11 x B11 x 10등급,63.0,2.0,0.031746031746031744,0.0445166412677115,0.02803612634658493,0.06837583177470011,자동승인
R11 x B11 x 11등급,128.0,7.0,0.0546875,0.04946128520573674,0.03203919804972577,0.07240070341845697,자동승인
R11 x B11 x 12등급,86.0,2.0,0.023255813953488372,0.041850279941780866,0.02681800675490112,0.06434031672535845,자동승인
R11 x B11 x 13등급,163.0,8.0,0.049079754601226995,0.047875287413544146,0.030690810994715725,0.07024179514440947,자동승인
R11 x B11 x 14등급,64.0,2.0,0.03125,0.04439366712056313,0.02814114145350778,0.06795974367968967,자동승인
R11 x B11 x 15등급,18.0,3.0,0.16666666666666666,0.05402059334697422,0.03284383607074789,0.08361583865057878,자동승인
R11 x B12 x 4등급,7824.0,383.0,0.048951942740286296,0.048888267359966,0.04411948594086267,0.05374884245920836,자동승인
R11 x B12 x 5등급,5374.0,381.0,0.0708969110532192,0.06965276930494427,0.06329811746817628,0.07635447882845713,자동승인
R11 x B12 x 6등급,4145.0,265.0,0.06393244873341375,0.06281127785227186,0.056038069762047775,0.07016913686359676,자동승인
R11 x B12 x 7등급,7269.0,336.0,0.04622368964094098,0.046262786771196496,0.04155168935650755,0.051145647203224,자동승인
R11 x B12 x 8등급,4277.0,135.0,0.031564180500350716,0.032583717485823796,0.02803198491728567,0.03801871798480314,자동승인
R11 x B12 x 9등급,1198.0,132.0,0.11018363939899833,0.09764071356794375,0.08464909269622461,0.11678743958030109,자동승인
R11 x B12 x 10등급,3535.0,205.0,0.05799151343705799,0.05715379793833651,0.049939774795695537,0.06475772888062528,자동승인
R11 x B12 x 11등급,1356.0,59.0,0.043510324483775814,0.044178057737390475,0.034933796349661254,0.05428541096378108,자동승인
R11 x B12 x 12등급,1157.0,36.0,0.03111495246326707,0.034412719929652134,0.02645478597138695,0.04463577878119181,자동승인
R11 x B12 x 13등급,107.0,0.0,0.0,0.03474199382134284,0.02295777143567029,0.05563629879634652,자동승인
R11 x B12 x 14등급,23.0,4.0,0.17391304347826086,0.05629441588051044,0.03469283083264799,0.08779026881141547,자동승인
R11 x B12 x 15등급,549.0,25.0,0.04553734061930783,0.046128108025553546,0.03345335249277722,0.06105745334079815,자동승인
R11 x B13 x 4등급,45.0,3.0,0.06666666666666667,0.049768243433364,0.03029875068238878,0.07649860840372233,자동승인
R11 x B13 x 5등급,72.0,3.0,0.041666666666666664,0.046136506750388794,0.028934583074970415,0.0697848193798543,자동승인
R11 x B13 x 6등급,180.0,11.0,0.06111111111111111,0.05244876045532187,0.03497671524873996,0.07409476401240324,자동승인
R11 x B13 x 7등급,133.0,8.0,0.06015037593984962,0.05120767400845441,0.033010442246075244,0.07374991522594927,자동승인
R11 x B13 x 8등급,160.0,6.0,0.0375,0.04382206877214815,0.02864055346602555,0.06445243403134421,자동승인
R11 x B13 x 9등급,146.0,9.0,0.06164383561643835,0.05196060247217084,0.03375464813046608,0.07584799361931543,자동승인
R11 x B13 x 10등급,125.0,11.0,0.088,0.05926833923792873,0.038598161388217506,0.08708025046855392,자동승인
R11 x B13 x 11등급,53.0,6.0,0.11320754716981132,0.05718093304172038,0.03549800126752025,0.08753667575501407,자동승인
R11 x B13 x 12등급,25.0,1.0,0.04,0.04665791794936177,0.02831561672373017,0.07375313604345732,자동승인
R11 x B13 x 13등급,21.0,2.0,0.09523809523809523,0.05037776645029421,0.03054490456739538,0.07918926324149259,자동승인
R11 x B13 x 14등급,14.0,0.0,0.0,0.04509778044116619,0.027258844077167915,0.07255861290838057,사람심사
R11 x B14 x 4등급,174.0,11.0,0.06321839080459771,0.05311548198653358,0.03487551189468809,0.07587894922571183,자동승인
R11 x B14 x 5등급,21.0,0.0,0.0,0.044108173973805176,0.02695148590056028,0.06946286031394376,자동승인
R11 x B14 x 6등급,56.0,4.0,0.07142857142857142,0.05104663134927642,0.03168215131139422,0.07770053012336164,자동승인
R11 x B14 x 7등급,5.0,0.0,0.0,0.04643731847407211,0.02779098522773201,0.07381388907928665,자동승인
R11 x B14 x 8등급,45.0,0.0,0.0,0.0410218877482328,0.02572530822137006,0.0646939432662227,자동승인
R11 x B14 x 9등급,22.0,0.0,0.0,0.043970335930137036,0.027337606505116567,0.06979427475767402,자동승인
R11 x B14 x 10등급,15.0,2.0,0.13333333333333333,0.05134347443336694,0.030792836817579612,0.0812930010701197,자동승인
R11 x B14 x 11등급,40.0,5.0,0.125,0.05642161981551436,0.034719671172530074,0.08652393653413819,자동승인
R11 x B14 x 14등급,16.0,0.0,0.0,0.044810533431986786,0.027109976948404755,0.0711777716488371,자동승인
R11 x B2 x 4등급,1439.0,79.0,0.05489923558026407,0.05358117875512023,0.04345622447095204,0.06487578053385767,자동승인
R11 x B2 x 5등급,2092.0,109.0,0.052103250478011474,0.05149393619148278,0.04269740888912949,0.06063380973872076,자동승인
R11 x B2 x 6등급,1960.0,105.0,0.05357142857142857,0.05273273139842509,0.04373172168942774,0.06217597748184569,자동승인
R11 x B2 x 7등급,1975.0,85.0,0.043037974683544304,0.04358579300380284,0.03584144217177731,0.05245129332743704,자동승인
R11 x B2 x 8등급,525.0,22.0,0.0419047619047619,0.04382807715388074,0.03136642831944272,0.05880341711747596,자동승인
R11 x B2 x 9등급,471.0,15.0,0.03184713375796178,0.03780300064713115,0.0266109040789166,0.052513665620798844,자동승인
R11 x B2 x 10등급,261.0,16.0,0.06130268199233716,0.05379339445016789,0.0369998808966149,0.07408989233949939,자동승인
R11 x B2 x 11등급,185.0,10.0,0.05405405405405406,0.04983541924978023,0.03331687203241381,0.07121502396796404,자동승인
R11 x B2 x 12등급,2.0,0.0,0.0,0.04690169165881283,0.02778297191460975,0.07493459938229027,사람심사
R11 x B2 x 13등급,8.0,0.0,0.0,0.04598205064589494,0.027893650881617292,0.07243658635235163,자동승인
R11 x B2 x 14등급,32.0,4.0,0.125,0.054759113629223796,0.03389107358246794,0.08580760596872543,자동승인
R11 x B2 x 15등급,9.0,0.0,0.0,0.04583227197929593,0.02775120526331445,0.07256902108124808,자동승인
R11 x B3 x 4등급,377.0,20.0,0.05305039787798409,0.05047482592243534,0.03558226126209681,0.0677438977441565,자동승인
R11 x B3 x 5등급,954.0,60.0,0.06289308176100629,0.05916174720259093,0.04621949136828243,0.07361031475508195,자동승인
R11 x B3 x 6등급,1015.0,63.0,0.06206896551724138,0.05869802551229539,0.046522769130657844,0.07238296572981691,자동승인
R11 x B3 x 7등급,826.0,49.0,0.059322033898305086,0.056112551154487406,0.043029124709475,0.07038750889312462,자동승인
R11 x B3 x 8등급,251.0,6.0,0.02390438247011952,0.036558301452903195,0.024809202989114282,0.054176670993641235,자동승인
R11 x B3 x 9등급,283.0,9.0,0.03180212014134275,0.03970827452262281,0.026711156521494268,0.05705097810021181,자동승인
R11 x B3 x 10등급,122.0,4.0,0.03278688524590164,0.04302501785153298,0.02759787434481062,0.06458675330919736,자동승인
R11 x B3 x 11등급,76.0,8.0,0.10526315789473684,0.05901205213273757,0.03840420439205287,0.08677100018259562,자동승인
R11 x B3 x 12등급,71.0,4.0,0.056338028169014086,0.04897156503426518,0.030584611270896837,0.07451054915172649,자동승인
R11 x B3 x 13등급,10.0,0.0,0.0,0.045683465901441074,0.027691733609306393,0.07207203302554273,자동승인
R11 x B3 x 14등급,65.0,2.0,0.03076923076923077,0.044271370516925215,0.027174218376463315,0.06875367694503733,자동승인
R11 x B3 x 15등급,35.0,2.0,0.05714285714285714,0.04825978227520676,0.029686683965283296,0.07539126825523251,자동승인
R11 x B4 x 4등급,306.0,14.0,0.0457516339869281,0.04647435016166201,0.031672608926185654,0.06475300671167766,자동승인
R11 x B4 x 5등급,380.0,18.0,0.04736842105263158,0.047301633477350814,0.032748878866651766,0.06494993249315574,자동승인
R11 x B4 x 6등급,191.0,10.0,0.05235602094240838,0.04922394171297311,0.03221530802244382,0.07020176561422137,자동승인
R11 x B4 x 7등급,471.0,27.0,0.05732484076433121,0.053407682051552476,0.038855152097179144,0.07030334324369325,자동승인
R11 x B4 x 8등급,135.0,6.0,0.044444444444444446,0.04635221131095578,0.03015729310030951,0.06768620457480092,자동승인
R11 x B4 x 9등급,93.0,5.0,0.053763440860215055,0.04877367646456228,0.031022151003321268,0.07327175571140539,자동승인
R11 x B4 x 10등급,71.0,4.0,0.056338028169014086,0.04897156503426518,0.030845808053838384,0.07332271562242532,자동승인
R11 x B4 x 11등급,66.0,4.0,0.06060606060606061,0.04964425136715344,0.031218020068841102,0.07455660247842513,자동승인
R11 x B4 x 13등급,8.0,0.0,0.0,0.04598205064589494,0.027837966836024384,0.07275274900385209,자동승인
R11 x B4 x 14등급,5.0,0.0,0.0,0.04643731847407211,0.02783662742192624,0.07408990376865551,자동승인
R11 x B4 x 15등급,5.0,0.0,0.0,0.04643731847407211,0.02808687519294271,0.07370641409017467,자동승인
R11 x B5 x 4등급,140.0,11.0,0.07857142857142857,0.05723860159279418,0.03752584152981168,0.08308539160422797,자동승인
R11 x B5 x 5등급,701.0,42.0,0.05991440798858773,0.05612663413177563,0.042997274025358086,0.07108045941776642,자동승인
R11 x B5 x 6등급,466.0,32.0,0.06866952789699571,0.060301711384350594,0.04458072580820528,0.07888388017714625,자동승인
R11 x B5 x 7등급,465.0,35.0,0.07526881720430108,0.06431259174003126,0.04814336261470641,0.0845382274576971,자동승인
R11 x B5 x 8등급,86.0,11.0,0.12790697674418605,0.06528777994178087,0.04330581363022754,0.09763024209508175,자동승인
R11 x B5 x 9등급,28.0,0.0,0.0,0.043161065943692796,0.026547565547495777,0.06892780591156042,자동승인
R11 x B5 x 10등급,128.0,6.0,0.046875,0.047113867365361155,0.029697622642337634,0.06924634496772149,자동승인
R11 x B5 x 11등급,43.0,1.0,0.023255813953488372,0.04419503664998197,0.027180762344958455,0.06887258584726022,자동승인
R11 x B5 x 12등급,9.0,3.0,0.3333333333333333,0.05560425894997997,0.03447116001037641,0.08687982241719096,자동승인
R11 x B5 x 13등급,13.0,1.0,0.07692307692307693,0.04845822346509277,0.028922253659349435,0.0769036856469738,자동승인
R11 x B5 x 14등급,13.0,0.0,0.0,0.04524278938149148,0.0275669629551114,0.07185355712813533,자동승인
R11 x B5 x 15등급,7.0,3.0,0.42857142857142855,0.055968877041455256,0.0336030609251457,0.08824644293112612,자동승인
R11 x B6 x 4등급,538.0,27.0,0.05018587360594796,0.049127401312971115,0.03554628902865817,0.06494200235970976,자동승인
R11 x B6 x 5등급,315.0,15.0,0.047619047619047616,0.04742334012666208,0.032830156786922,0.06555945907174669,자동승인
R11 x B6 x 6등급,447.0,32.0,0.07158836689038031,0.06183960737938772,0.04596083000766992,0.0811101834282439,자동승인
R11 x B6 x 7등급,414.0,17.0,0.04106280193236715,0.04363835322702788,0.030868403908099768,0.059382136979457656,자동승인
R11 x B6 x 8등급,220.0,15.0,0.06818181818181818,0.0561206708448723,0.03818165587186568,0.07842172652384635,자동승인
R11 x B6 x 9등급,129.0,9.0,0.06976744186046512,0.05402929156356874,0.03465036527298849,0.07913166314455114,자동승인
R11 x B6 x 10등급,60.0,3.0,0.05,0.047682981836994,0.029569950617990844,0.0720094650666918,자동승인
R11 x B6 x 11등급,12.0,1.0,0.08333333333333333,0.04861454031498017,0.0292932469164405,0.07833590225387708,사람심사
R11 x B6 x 12등급,2.0,1.0,0.5,0.050235024992146174,0.030064790070062283,0.07934069779897356,자동승인
R11 x B6 x 13등급,18.0,1.0,0.05555555555555555,0.04769147942292359,0.02925524043404645,0.07492088679960268,자동승인
R11 x B6 x 14등급,10.0,1.0,0.1,0.04893021914819433,0.028780309677491348,0.07858903914994425,사람심사
R21 x B1 x 4등급,23.0,1.0,0.043478260869565216,0.04694862148798708,0.028618748724142815,0.07341129187100692,자동승인
R21 x B1 x 5등급,36.0,0.0,0.0,0.04212726795701752,0.02618108408084679,0.06590876099808593,자동승인
R21 x B1 x 6등급,75.0,2.0,0.02666666666666667,0.04308447050306663,0.027253284428875285,0.06675901483147978,자동승인
R21 x B1 x 7등급,48.0,2.0,0.041666666666666664,0.046446553461398414,0.028941532847797182,0.07026079857950233,자동승인
R21 x B1 x 8등급,20.0,1.0,0.05,0.04739153301145865,0.028614341020110942,0.07376601109204023,자동승인
R21 x B1 x 9등급,7.0,0.0,0.0,0.046132811467684755,0.027918775097021634,0.07342330708793691,자동승인
R21 x B1 x 10등급,9.0,0.0,0.0,0.04583227197929593,0.026961499049839664,0.07332324024892257,사람심사
R21 x B1 x 11등급,8.0,1.0,0.125,0.04925002450210409,0.029744109161949393,0.07659459216285976,자동승인
R21 x B10 x 6등급,10.0,0.0,0.0,0.045683465901441074,0.027669527156505353,0.07237207104258991,자동승인
R21 x B10 x 7등급,3.0,0.0,0.0,0.04674587208519552,0.02834014209898765,0.07428802847581964,자동승인
R21 x B10 x 8등급,6.0,0.0,0.0,0.04628456413698635,0.028288559872880734,0.07360265800922947,자동승인
R21 x B10 x 9등급,4.0,0.0,0.0,0.04659108442928427,0.02834420697010186,0.07293107886145714,자동승인
R21 x B10 x 10등급,16.0,2.0,0.125,0.05117996018357915,0.030991733281623086,0.07971239019590831,자동승인
R21 x B11 x 7등급,4.0,0.0,0.0,0.04659108442928427,0.027908265166977062,0.07449914425062346,자동승인
R21 x B11 x 8등급,6.0,2.0,0.3333333333333333,0.05286351150540741,0.031515325123218356,0.08356725510955705,자동승인
R21 x B11 x 11등급,2.0,0.0,0.0,0.04690169165881283,0.0281443482828504,0.07493109315070702,자동승인
R21 x B12 x 4등급,492.0,21.0,0.042682926829268296,0.04439304746537197,0.03158300248730904,0.05929520867244365,자동승인
R21 x B12 x 5등급,176.0,17.0,0.09659090909090909,0.06554959387688576,0.04514186549197243,0.09338670114368884,자동승인
R21 x B12 x 6등급,303.0,15.0,0.04950495049504951,0.04837022878143736,0.032938498748992025,0.0674782084713965,자동승인
R21 x B12 x 7등급,525.0,20.0,0.0380952380952381,0.04139794349652959,0.029473895579102547,0.05583086579817704,자동승인
R21 x B12 x 8등급,165.0,3.0,0.01818181818181818,0.03686934664717895,0.0243958173891032,0.05595497979087572,자동승인
R21 x B12 x 9등급,44.0,3.0,0.06818181818181818,0.04991376461299372,0.03088352364748019,0.07558322420242679,자동승인
R21 x B12 x 10등급,139.0,9.0,0.06474820143884892,0.05279292333556946,0.03434188105940168,0.07638798650883039,자동승인
R21 x B12 x 11등급,97.0,4.0,0.041237113402061855,0.045748120247199625,0.02874497381575541,0.06952636100555262,자동승인
R21 x B12 x 12등급,66.0,1.0,0.015151515151515152,0.0414024931253952,0.025925076061979083,0.06454725859041215,자동승인
R21 x B12 x 13등급,2.0,0.0,0.0,0.04690169165881283,0.028133970734403265,0.0748744090982801,자동승인
R21 x B12 x 15등급,8.0,0.0,0.0,0.04598205064589494,0.027569356625666792,0.07343530216945837,자동승인
R21 x B13 x 6등급,4.0,0.0,0.0,0.04659108442928427,0.027679206003140628,0.07377022418392257,자동승인
R21 x B13 x 7등급,17.0,2.0,0.11764705882352941,0.05101748411950429,0.031360715813260324,0.07842170790041807,자동승인
R21 x B13 x 8등급,4.0,0.0,0.0,0.04659108442928427,0.02797458660107869,0.07414809253383926,자동승인
R21 x B13 x 10등급,6.0,1.0,0.16666666666666666,0.04957403782119688,0.029720900700156462,0.07816887460114123,자동승인
R21 x B13 x 11등급,1.0,0.0,0.0,0.04705855350382559,0.028030596347405106,0.07547411888594036,사람심사
R21 x B13 x 13등급,3.0,0.0,0.0,0.04674587208519552,0.027794581943592737,0.07552092013141963,사람심사
R21 x B14 x 4등급,3.0,0.0,0.0,0.04674587208519552,0.0284272233745844,0.07428924478181131,자동승인
R21 x B14 x 7등급,4.0,0.0,0.0,0.04659108442928427,0.028014118437787446,0.07349260804905156,자동승인
R21 x B14 x 14등급,1.0,0.0,0.0,0.04705855350382559,0.02818554652616038,0.0750294481356148,자동승인
R21 x B2 x 4등급,50.0,1.0,0.02,0.04330605602771222,0.02663574968688836,0.0673331876747945,자동승인
R21 x B2 x 5등급,69.0,4.0,0.057971014492753624,0.04923844004807589,0.031026156341676152,0.07387736994493219,자동승인
R21 x B2 x 6등급,73.0,2.0,0.0273972602739726,0.043316731799579115,0.02719280243462999,0.0659914769286518,자동승인
R21 x B2 x 7등급,51.0,0.0,0.0,0.04031664039439499,0.02502122051064616,0.06418624955179883,자동승인
R21 x B2 x 8등급,18.0,1.0,0.05555555555555555,0.04769147942292359,0.028469773772623004,0.07431207455350698,자동승인
R21 x B2 x 9등급,11.0,0.0,0.0,0.0455356229697212,0.027384052647066903,0.07263620308177275,자동승인
R21 x B2 x 10등급,14.0,0.0,0.0,0.04509778044116619,0.02700557998062361,0.07185374972411182,자동승인
R21 x B3 x 4등급,49.0,1.0,0.02040816326530612,0.04343085734191312,0.02697844095652463,0.06735138470512875,자동승인
R21 x B3 x 5등급,68.0,7.0,0.10294117647058823,0.057569692616513256,0.03686101772611381,0.08530033606403822,자동승인
R21 x B3 x 6등급,81.0,12.0,0.14814814814814814,0.06878761872729248,0.04619719557708897,0.10224414622165023,자동승인
R21 x B3 x 7등급,14.0,1.0,0.07142857142857142,0.0483029086462944,0.029296619268482246,0.07557719444262966,자동승인
R21 x B3 x 8등급,6.0,1.0,0.16666666666666666,0.04957403782119688,0.029746652461847167,0.07907684749621043,자동승인
R21 x B3 x 9등급,3.0,0.0,0.0,0.04674587208519552,0.028042302763025374,0.07403180571599993,자동승인
R21 x B3 x 11등급,2.0,1.0,0.5,0.050235024992146174,0.030067412463532204,0.07974245699025427,자동승인
R21 x B4 x 4등급,16.0,0.0,0.0,0.044810533431986786,0.02715343501593132,0.07124567102972491,자동승인
R21 x B4 x 5등급,12.0,1.0,0.08333333333333333,0.04861454031498017,0.02993716231702077,0.07630057822003347,자동승인
R21 x B4 x 6등급,8.0,0.0,0.0,0.04598205064589494,0.02756947275409503,0.07420947638245973,사람심사
R21 x B4 x 7등급,11.0,1.0,0.09090909090909091,0.048771868924413764,0.029660344245805402,0.0769006669645798,자동승인
R21 x B4 x 8등급,4.0,0.0,0.0,0.04659108442928427,0.028147207209889127,0.07509103827591611,사람심사
R21 x B5 x 4등급,8.0,2.0,0.25,0.05251799835831324,0.032087137960053955,0.08230210115270789,자동승인
R21 x B5 x 5등급,40.0,2.0,0.05,0.04754588017054394,0.028728073323974285,0.07376599599407613,자동승인
R21 x B5 x 6등급,11.0,1.0,0.09090909090909091,0.048771868924413764,0.02952738484841309,0.07675338594375765,자동승인
R21 x B5 x 7등급,17.0,2.0,0.11764705882352941,0.05101748411950429,0.030889548412390142,0.07969550300960611,자동승인
R21 x B5 x 9등급,2.0,1.0,0.5,0.050235024992146174,0.03032276959914287,0.0792864526951945,자동승인
R21 x B6 x 4등급,18.0,0.0,0.0,0.04452692246089826,0.02692711703302807,0.07060784434366668,자동승인
R21 x B6 x 5등급,13.0,0.0,0.0,0.04524278938149148,0.02735586684667113,0.07223260365431163,자동승인
R21 x B6 x 6등급,3.0,0.0,0.0,0.04674587208519552,0.028036395707957833,0.07381658078851272,자동승인
R21 x B6 x 7등급,7.0,0.0,0.0,0.046132811467684755,0.02754351096181421,0.0737590517902261,사람심사
R21 x B6 x 8등급,8.0,0.0,0.0,0.04598205064589494,0.027791983544355255,0.07255337055442321,자동승인
R21 x B6 x 9등급,2.0,1.0,0.5,0.050235024992146174,0.030156625228376314,0.0800277862494185,자동승인
R22 x B1 x 4등급,211.0,7.0,0.03317535545023697,0.04139588899340639,0.02769731970886187,0.06044810870759018,자동승인
R22 x B1 x 5등급,220.0,8.0,0.03636363636363636,0.04260715733135879,0.028448777206367955,0.06146328983226761,자동승인
R22 x B1 x 6등급,405.0,32.0,0.07901234567901234,0.06553415006777219,0.047881751366521855,0.08676488443937011,자동승인
R22 x B1 x 7등급,253.0,12.0,0.04743083003952569,0.047314895640006994,0.03151229250520008,0.06674935646319499,자동승인
R22 x B1 x 8등급,67.0,0.0,0.0,0.03854933560998315,0.02406281453709099,0.060957983344897756,자동승인
R22 x B1 x 9등급,67.0,2.0,0.029850746268656716,0.04402878766477768,0.02776648906216214,0.06787072532720574,자동승인
R22 x B1 x 10등급,49.0,0.0,0.0,0.04054901296150966,0.025044825343352044,0.06409286770866471,자동승인
R22 x B1 x 11등급,34.0,3.0,0.08823529411764706,0.05141719125796341,0.03182560522830392,0.07916650886878505,자동승인
R22 x B1 x 12등급,1.0,0.0,0.0,0.04705855350382559,0.02784687228348324,0.07477209188917538,자동승인
R22 x B1 x 14등급,3.0,0.0,0.0,0.04674587208519552,0.027880932034445742,0.07465539168001764,사람심사
R22 x B1 x 15등급,1.0,0.0,0.0,0.04705855350382559,0.027687777618136417,0.07527805953811668,사람심사
R22 x B10 x 5등급,2.0,0.0,0.0,0.04690169165881283,0.02824693959753478,0.07443275485164572,자동승인
R22 x B10 x 6등급,10.0,0.0,0.0,0.045683465901441074,0.028041291713410996,0.07332637871724391,자동승인
R22 x B10 x 7등급,34.0,1.0,0.029411764705882353,0.04539309487242124,0.027687862202643656,0.07085606855427795,자동승인
R22 x B10 x 8등급,12.0,0.0,0.0,0.04538873386336726,0.027387626851802148,0.07348006157670954,사람심사
R22 x B10 x 9등급,37.0,4.0,0.10810810810810811,0.053941813425802544,0.03317464718400815,0.08377614027672099,자동승인
R22 x B10 x 10등급,15.0,0.0,0.0,0.04495369807553946,0.027203648304860807,0.07169418070709493,자동승인
R22 x B10 x 11등급,7.0,0.0,0.0,0.046132811467684755,0.02774015448885568,0.0736946674295746,자동승인
R22 x B10 x 12등급,21.0,0.0,0.0,0.044108173973805176,0.02702330300001069,0.0701673119456743,자동승인
R22 x B10 x 14등급,5.0,0.0,0.0,0.04643731847407211,0.027956508168891666,0.07422360388007927,자동승인
R22 x B10 x 15등급,1.0,0.0,0.0,0.04705855350382559,0.02805771565627055,0.0751698556070301,사람심사
R22 x B11 x 6등급,2.0,0.0,0.0,0.04690169165881283,0.027704445938734248,0.07607784457006248,사람심사
R22 x B11 x 7등급,82.0,4.0,0.04878048780487805,0.04755396709906277,0.030036664186544822,0.07274866775348754,자동승인
R22 x B11 x 8등급,16.0,0.0,0.0,0.044810533431986786,0.027415507772405732,0.06948553705591601,자동승인
R22 x B11 x 9등급,2.0,0.0,0.0,0.04690169165881283,0.028264401533147222,0.07541311989576156,사람심사
R22 x B11 x 10등급,21.0,3.0,0.14285714285714285,0.053512562688538726,0.03245993515317023,0.08294022240481112,자동승인
R22 x B11 x 11등급,17.0,0.0,0.0,0.044668277770297936,0.026975810371356778,0.07129292608708472,자동승인
R22 x B11 x 12등급,5.0,2.0,0.4,0.053037978540078724,0.03148927170348605,0.08400169952995999,자동승인
R22 x B11 x 13등급,17.0,1.0,0.058823529411764705,0.04784288094490112,0.029037717750447153,0.07481403311841107,자동승인
R22 x B11 x 14등급,3.0,1.0,0.3333333333333333,0.05006813122140815,0.030045543965937317,0.07962137023802783,자동승인
R22 x B11 x 15등급,7.0,0.0,0.0,0.046132811467684755,0.02778913573895215,0.07336465987719804,자동승인
R22 x B12 x 4등급,835.0,26.0,0.031137724550898204,0.03536673212501664,0.026227795387649334,0.047369758671712246,자동승인
R22 x B12 x 5등급,239.0,19.0,0.0794979079497908,0.0615838128447744,0.0426773575431293,0.08576820627631941,자동승인
R22 x B12 x 6등급,536.0,33.0,0.061567164179104475,0.05643945743122764,0.04183702114442867,0.0738246861994233,자동승인
R22 x B12 x 7등급,646.0,34.0,0.05263157894736842,0.05092214777292781,0.03776022297105374,0.06587771168800917,자동승인
R22 x B12 x 8등급,388.0,10.0,0.02577319587628866,0.03508820334933506,0.024653378807574462,0.050760409897585186,자동승인
R22 x B12 x 9등급,77.0,8.0,0.1038961038961039,0.058854686660383605,0.03704955975297561,0.08847397487160906,자동승인
R22 x B12 x 10등급,257.0,18.0,0.07003891050583658,0.057784698193952884,0.03982749011247006,0.08025231273210676,자동승인
R22 x B12 x 11등급,208.0,8.0,0.038461538461538464,0.04361760375028429,0.028894382553270967,0.06305499172974417,자동승인
R22 x B12 x 12등급,108.0,5.0,0.046296296296296294,0.04697169334395038,0.02966571652363955,0.07031169813700157,자동승인
R22 x B12 x 13등급,6.0,0.0,0.0,0.04628456413698635,0.02822843728774523,0.07257117439390791,자동승인
R22 x B12 x 14등급,13.0,0.0,0.0,0.04524278938149148,0.02711830517573246,0.07115435377225103,자동승인
R22 x B12 x 15등급,74.0,3.0,0.04054054054054054,0.04588846101517165,0.02905865763631945,0.07002968052538441,자동승인
R22 x B13 x 4등급,2.0,1.0,0.5,0.050235024992146174,0.030360599120623458,0.07898544567633511,자동승인
R22 x B13 x 5등급,5.0,3.0,0.6,0.05633830857308202,0.033767296019752424,0.08931179603586999,자동승인
R22 x B13 x 6등급,42.0,1.0,0.023809523809523808,0.04432502205189368,0.027239616665283597,0.06869623519782402,자동승인
R22 x B13 x 7등급,28.0,1.0,0.03571428571428571,0.046228550606269486,0.028109976076431488,0.07215458597785718,자동승인
R22 x B13 x 8등급,17.0,2.0,0.11764705882352941,0.05101748411950429,0.031287178844350366,0.0791224105766738,자동승인
R22 x B13 x 9등급,15.0,1.0,0.06666666666666667,0.0481485862544532,0.02925270877924284,0.07592749524408732,자동승인
R22 x B13 x 10등급,9.0,1.0,0.1111111111111111,0.04908960096952395,0.029361251155239913,0.07820333529535897,자동승인
R22 x B13 x 11등급,8.0,0.0,0.0,0.04598205064589494,0.028012305992223766,0.07349348982055039,자동승인
R22 x B13 x 12등급,8.0,0.0,0.0,0.04598205064589494,0.02721765716184649,0.07310907701435133,자동승인
R22 x B13 x 13등급,11.0,0.0,0.0,0.0455356229697212,0.028008713651380746,0.07239879014159366,자동승인
R22 x B14 x 4등급,5.0,0.0,0.0,0.04643731847407211,0.027950217127849376,0.07452222327522477,사람심사
R22 x B14 x 5등급,10.0,2.0,0.2,0.05217697239494757,0.03111801457621397,0.08321553496840145,자동승인
R22 x B14 x 6등급,6.0,1.0,0.16666666666666666,0.04957403782119688,0.03000807859567667,0.07840218952547448,자동승인
R22 x B14 x 8등급,11.0,0.0,0.0,0.0455356229697212,0.027385452221372297,0.07217591053677165,자동승인
R22 x B14 x 9등급,1.0,0.0,0.0,0.04705855350382559,0.0283757834595871,0.0751460337314606,자동승인
R22 x B14 x 11등급,2.0,0.0,0.0,0.04690169165881283,0.027904978991271066,0.07564576789795592,사람심사
R22 x B2 x 4등급,173.0,7.0,0.04046242774566474,0.04473568470837336,0.029372867860945197,0.06507436283192305,자동승인
R22 x B2 x 5등급,333.0,15.0,0.04504504504504504,0.046070534861559195,0.03171752090195156,0.06376159592301257,자동승인
R22 x B2 x 6등급,269.0,14.0,0.05204460966542751,0.04950706789707911,0.0334958393407536,0.06893964195104847,자동승인
R22 x B2 x 7등급,241.0,20.0,0.08298755186721991,0.06321058904943201,0.044449369954735106,0.08755988067600765,자동승인
R22 x B2 x 8등급,55.0,2.0,0.03636363636363636,0.0455255169904925,0.027955165226777032,0.07028650422378488,자동승인
R22 x B2 x 9등급,34.0,2.0,0.058823529411764705,0.04840514306519233,0.029443485653724538,0.07396120847451108,자동승인
R22 x B2 x 10등급,26.0,1.0,0.038461538461538464,0.04651391202976498,0.02853388111980636,0.07301859214117555,자동승인
R22 x B2 x 11등급,25.0,2.0,0.08,0.04975389318155991,0.030749025871148743,0.07745346645802366,자동승인
R22 x B2 x 13등급,2.0,0.0,0.0,0.04690169165881283,0.028348073537110927,0.07409838027205948,자동승인
R22 x B2 x 14등급,4.0,0.0,0.0,0.04659108442928427,0.027686934410037733,0.07517501708996523,사람심사
R22 x B3 x 4등급,63.0,4.0,0.06349206349206349,0.050056807472697654,0.030570263962313292,0.07715369804624615,자동승인
R22 x B3 x 5등급,203.0,11.0,0.054187192118226604,0.050040933129029644,0.032984134019743525,0.07032438099148161,자동승인
R22 x B3 x 6등급,225.0,14.0,0.06222222222222222,0.05367209846585823,0.036225989827929225,0.0753906662644361,자동승인
R22 x B3 x 7등급,110.0,4.0,0.03636363636363636,0.04429045955304866,0.02799010540967671,0.06686817109183246,자동승인
R22 x B3 x 8등급,22.0,2.0,0.09090909090909091,0.05022033593013704,0.030810503171521352,0.07816531831601928,자동승인
R22 x B3 x 9등급,20.0,1.0,0.05,0.04739153301145865,0.0288963185453592,0.07462983531473727,자동승인
R22 x B3 x 10등급,7.0,1.0,0.14285714285714285,0.049411499992274927,0.029512196674496092,0.08015823075096128,사람심사
R22 x B3 x 11등급,12.0,0.0,0.0,0.04538873386336726,0.027108364112499336,0.07300133929023192,사람심사
R22 x B3 x 12등급,1.0,0.0,0.0,0.04705855350382559,0.028444960583536467,0.07577553468842932,사람심사
R22 x B3 x 14등급,10.0,2.0,0.2,0.05217697239494757,0.031169261835716805,0.0817651055994819,자동승인
R22 x B3 x 15등급,3.0,0.0,0.0,0.04674587208519552,0.027827996039533127,0.07514698225086468,사람심사
R22 x B4 x 4등급,77.0,6.0,0.07792207792207792,0.053521353327050276,0.03344453356647209,0.08016302001141158,자동승인
R22 x B4 x 5등급,110.0,3.0,0.02727272727272727,0.04183947916089179,0.026653835304498556,0.06365482761528782,자동승인
R22 x B4 x 6등급,74.0,9.0,0.12162162162162163,0.06201749327323616,0.03993865610358056,0.09281800077773338,자동승인
R22 x B4 x 7등급,64.0,3.0,0.046875,0.047156098059789646,0.029535944246602688,0.07237100197896111,자동승인
R22 x B4 x 8등급,43.0,3.0,0.06976744186046512,0.05006013928927816,0.03086847505045211,0.07675405246061318,자동승인
R22 x B4 x 9등급,22.0,0.0,0.0,0.043970335930137036,0.026808015356077134,0.0696969709412652,자동승인
R22 x B4 x 10등급,9.0,0.0,0.0,0.04583227197929593,0.027456498242068746,0.07251467595762665,자동승인
R22 x B4 x 11등급,3.0,1.0,0.3333333333333333,0.05006813122140815,0.03039027618045788,0.07989143937580445,자동승인
R22 x B5 x 4등급,20.0,2.0,0.1,0.05053618709950897,0.03046963457619736,0.07961329320890317,자동승인
R22 x B5 x 5등급,130.0,7.0,0.05384615384615385,0.04923015770477535,0.03155506065831478,0.0719223935431518,자동승인
R22 x B5 x 6등급,63.0,2.0,0.031746031746031744,0.0445166412677115,0.02804554264179476,0.06805787103182996,자동승인
R22 x B5 x 7등급,108.0,10.0,0.09259259259259259,0.05928696427991097,0.03863047611915062,0.08625102067431852,자동승인
R22 x B5 x 8등급,9.0,2.0,0.2222222222222222,0.052346929959751966,0.031092160331255187,0.08238731542276433,자동승인
R22 x B5 x 9등급,3.0,0.0,0.0,0.04674587208519552,0.027874982507310252,0.07436768893293828,자동승인
R22 x B5 x 10등급,13.0,1.0,0.07692307692307693,0.04845822346509277,0.029238147533597953,0.07607213910009626,자동승인
R22 x B5 x 11등급,4.0,0.0,0.0,0.04659108442928427,0.028221851710277007,0.07444500954014902,자동승인
R22 x B5 x 13등급,2.0,1.0,0.5,0.050235024992146174,0.029216569271282956,0.08080571697908549,사람심사
R22 x B6 x 4등급,59.0,2.0,0.03389830508474576,0.04501542716426849,0.027913735963272904,0.06933035842861436,자동승인
R22 x B6 x 5등급,44.0,1.0,0.022727272727272728,0.04406581139661945,0.02653894328405413,0.06965111509065113,자동승인
R22 x B6 x 6등급,44.0,3.0,0.06818181818181818,0.04991376461299372,0.030864120424647822,0.07643173691861982,자동승인
R22 x B6 x 7등급,9.0,0.0,0.0,0.04583227197929593,0.028068589250179136,0.07274690089729756,자동승인
R22 x B6 x 8등급,12.0,0.0,0.0,0.04538873386336726,0.027135289199673084,0.07303794843980331,사람심사
R22 x B6 x 9등급,24.0,3.0,0.125,0.053013998439887744,0.03202461616297682,0.08185968618025265,자동승인
R22 x B6 x 10등급,12.0,3.0,0.25,0.055066153218205974,0.032990536482988476,0.0877829799094687,자동승인
R22 x B6 x 11등급,3.0,0.0,0.0,0.04674587208519552,0.028080008882151196,0.07432226139419301,자동승인
R22 x B6 x 14등급,1.0,0.0,0.0,0.04705855350382559,0.028064020098007694,0.07490667817690365,자동승인
R23 x B1 x 4등급,420.0,11.0,0.02619047619047619,0.03491714136162096,0.024834010874515592,0.04969216634027105,자동승인
R23 x B1 x 5등급,365.0,11.0,0.030136986301369864,0.03781373679885951,0.026214811941641648,0.053882360213731925,자동승인
R23 x B1 x 6등급,738.0,16.0,0.02168021680216802,0.029025586387687118,0.021488412306708726,0.04092583867820571,자동승인
R23 x B1 x 7등급,497.0,13.0,0.026156941649899398,0.03405095282722497,0.024594560168197305,0.047951377847090505,자동승인
R23 x B1 x 8등급,72.0,2.0,0.027777777777777776,0.04343380404768609,0.027411940725602327,0.0665473470565553,자동승인
R23 x B1 x 9등급,78.0,4.0,0.05128205128205128,0.04805986036607408,0.030126739589528977,0.07299458074301218,자동승인
R23 x B1 x 10등급,18.0,0.0,0.0,0.04452692246089826,0.027829862902463535,0.07040561256701552,자동승인
R23 x B1 x 11등급,57.0,2.0,0.03508771929824561,0.04526903520463057,0.028291185134570202,0.06916548257479492,자동승인
R23 x B1 x 12등급,2.0,0.0,0.0,0.04690169165881283,0.027666740933413234,0.07566198161278072,사람심사
R23 x B1 x 14등급,3.0,0.0,0.0,0.04674587208519552,0.027934077747266414,0.07493732079812819,사람심사
R23 x B10 x 6등급,21.0,0.0,0.0,0.044108173973805176,0.027163936594767714,0.06998043729656146,자동승인
R23 x B10 x 7등급,69.0,1.0,0.014492753623188406,0.04106405312709496,0.02578279422044841,0.06464404549857457,자동승인
R23 x B10 x 8등급,49.0,2.0,0.04081632653061224,0.04631270172231658,0.02870402487136986,0.07077289097753008,자동승인
R23 x B10 x 9등급,32.0,2.0,0.0625,0.04869850756861773,0.0297125678098522,0.0764375669723095,자동승인
R23 x B10 x 10등급,18.0,1.0,0.05555555555555555,0.04769147942292359,0.028614613559119977,0.0758876854553995,자동승인
R23 x B10 x 11등급,17.0,1.0,0.058823529411764705,0.04784288094490112,0.02896969839095091,0.0758701239828979,자동승인
R23 x B10 x 12등급,20.0,2.0,0.1,0.05053618709950897,0.03074080276109285,0.0787248749631089,자동승인
R23 x B10 x 13등급,4.0,0.0,0.0,0.04659108442928427,0.028000363679867163,0.07459219400093453,사람심사
R23 x B10 x 14등급,21.0,0.0,0.0,0.044108173973805176,0.02678990114678007,0.06894493755334222,자동승인
R23 x B11 x 7등급,87.0,4.0,0.04597701149425287,0.04693638311076325,0.029074840907384148,0.0704790426570224,자동승인
R23 x B11 x 8등급,11.0,0.0,0.0,0.0455356229697212,0.027050679855377485,0.07368038074385777,사람심사
R23 x B11 x 9등급,29.0,0.0,0.0,0.04302907491634205,0.02647029869066416,0.06900767930856636,자동승인
R23 x B11 x 10등급,5.0,0.0,0.0,0.04643731847407211,0.028506482735168984,0.0731178750095957,자동승인
R23 x B11 x 11등급,21.0,0.0,0.0,0.044108173973805176,0.026935304717672918,0.06982672326750074,자동승인
R23 x B11 x 12등급,2.0,0.0,0.0,0.04690169165881283,0.028472644068323456,0.07451542665771065,자동승인
R23 x B11 x 13등급,40.0,0.0,0.0,0.04162872040723033,0.025934476479809527,0.06501980136564846,자동승인
R23 x B11 x 14등급,1.0,0.0,0.0,0.04705855350382559,0.028241991923970332,0.07495759845216167,자동승인
R23 x B11 x 15등급,6.0,0.0,0.0,0.04628456413698635,0.02781904865252374,0.07479916000010949,사람심사
R23 x B12 x 4등급,510.0,14.0,0.027450980392156862,0.03474072710104437,0.025119678835088057,0.04859148770227736,자동승인
R23 x B12 x 5등급,190.0,19.0,0.1,0.06776743339681117,0.04707182618460503,0.09574742418541156,자동승인
R23 x B12 x 6등급,312.0,24.0,0.07692307692307693,0.06241066802892435,0.04455964652303887,0.0838500233094818,자동승인
R23 x B12 x 7등급,412.0,14.0,0.03398058252427184,0.03953592605301951,0.027697180182510075,0.05486704149015887,자동승인
R23 x B12 x 8등급,210.0,4.0,0.01904761904761905,0.035571865152842226,0.023851739049796677,0.053714446739858285,자동승인
R23 x B12 x 9등급,54.0,2.0,0.037037037037037035,0.045654850845579124,0.028128390541633783,0.0706655189647504,자동승인
R23 x B12 x 10등급,202.0,5.0,0.024752475247524754,0.03814101499528771,0.025358483071108523,0.05707225296967524,자동승인
R23 x B12 x 11등급,92.0,5.0,0.05434782608695652,0.048898737173445776,0.030755746890561642,0.07361292278090943,자동승인
R23 x B12 x 12등급,79.0,3.0,0.0379746835443038,0.04527986073645584,0.02859515488154356,0.06845721281361854,자동승인
R23 x B12 x 13등급,3.0,0.0,0.0,0.04674587208519552,0.028079455099274182,0.07518819740449412,사람심사
R23 x B12 x 14등급,4.0,0.0,0.0,0.04659108442928427,0.027803352627901012,0.07340430900004888,자동승인
R23 x B12 x 15등급,27.0,0.0,0.0,0.04329386922351954,0.026555243819714518,0.06823050693091025,자동승인
R23 x B13 x 4등급,3.0,0.0,0.0,0.04674587208519552,0.02800942457840937,0.07431745733241861,자동승인
R23 x B13 x 5등급,30.0,0.0,0.0,0.042897888712328816,0.026529760685259918,0.06757633990572356,자동승인
R23 x B13 x 6등급,38.0,2.0,0.05263157894736842,0.047828891362035275,0.02936285636334743,0.07440779658580014,자동승인
R23 x B13 x 7등급,63.0,1.0,0.015873015873015872,0.041746558165218425,0.026247237990534956,0.0642856548594049,자동승인
R23 x B13 x 8등급,20.0,0.0,0.0,0.04424687892340833,0.026654430068824696,0.07040388806982184,자동승인
R23 x B13 x 9등급,13.0,0.0,0.0,0.04524278938149148,0.027374379508901384,0.07154777585238654,자동승인
R23 x B13 x 10등급,45.0,2.0,0.044444444444444446,0.04685279153832027,0.028557198791205603,0.0723764143613599,자동승인
R23 x B13 x 11등급,20.0,2.0,0.1,0.05053618709950897,0.031026152400894062,0.07831400040202378,자동승인
R23 x B13 x 14등급,1.0,0.0,0.0,0.04705855350382559,0.027976253086220194,0.07571500971738382,사람심사
R23 x B14 x 4등급,15.0,0.0,0.0,0.04495369807553946,0.02708488498231299,0.07111895188263136,자동승인
R23 x B14 x 6등급,1.0,0.0,0.0,0.04705855350382559,0.02792936653602945,0.07430780244674785,자동승인
R23 x B14 x 7등급,3.0,0.0,0.0,0.04674587208519552,0.027681475072292593,0.07501853622996828,사람심사
R23 x B14 x 8등급,3.0,0.0,0.0,0.04674587208519552,0.028185887947220305,0.0747818512814125,자동승인
R23 x B14 x 10등급,2.0,0.0,0.0,0.04690169165881283,0.027890937329731674,0.07437385133475144,자동승인
R23 x B14 x 11등급,7.0,0.0,0.0,0.046132811467684755,0.028125548036917244,0.07252363112728652,자동승인
R23 x B14 x 15등급,3.0,0.0,0.0,0.04674587208519552,0.02839356769078218,0.07566776759103151,사람심사
R23 x B2 x 4등급,255.0,5.0,0.0196078431372549,0.0344855470120142,0.02375019166652078,0.05154173401153315,자동승인
R23 x B2 x 5등급,576.0,17.0,0.029513888888888888,0.035549779745587935,0.02581627758678849,0.04917767100005146,자동승인
R23 x B2 x 6등급,495.0,17.0,0.03434343434343434,0.039180967840660594,0.027926699932485678,0.053545691931234686,자동승인
R23 x B2 x 7등급,399.0,15.0,0.03759398496240601,0.04170804519030682,0.029438638621242887,0.057242930026807096,자동승인
R23 x B2 x 8등급,62.0,1.0,0.016129032258064516,0.04186252082678848,0.02621703447503136,0.06510651009501583,자동승인
R23 x B2 x 9등급,46.0,1.0,0.021739130434782608,0.04380961481873213,0.027099104956508722,0.06825049678513057,자동승인
R23 x B2 x 10등급,26.0,0.0,0.0,0.04342749227667855,0.026277956702141576,0.06847354011560529,자동승인
R23 x B2 x 11등급,20.0,0.0,0.0,0.04424687892340833,0.026582049608266906,0.06944070125132078,자동승인
R23 x B3 x 4등급,53.0,6.0,0.11320754716981132,0.05718093304172038,0.03511706926002246,0.08720323617537058,자동승인
R23 x B3 x 5등급,187.0,11.0,0.058823529411764705,0.05169176803637908,0.03457449292558245,0.07375975034482107,자동승인
R23 x B3 x 6등급,208.0,2.0,0.009615384615384616,0.03175989624040287,0.02165759381245737,0.04985895579255552,자동승인
R23 x B3 x 7등급,79.0,3.0,0.0379746835443038,0.04527986073645584,0.028184568568836513,0.06915036956876033,자동승인
R23 x B3 x 8등급,16.0,0.0,0.0,0.044810533431986786,0.02730988216772486,0.07123139772763427,자동승인
R23 x B3 x 9등급,24.0,3.0,0.125,0.053013998439887744,0.03295322586722134,0.08240518411340476,자동승인
R23 x B3 x 10등급,6.0,0.0,0.0,0.04628456413698635,0.027409122877021217,0.07355929362563182,자동승인
R23 x B3 x 11등급,7.0,0.0,0.0,0.046132811467684755,0.027574814271036027,0.07408738848369893,사람심사
R23 x B3 x 12등급,9.0,0.0,0.0,0.04583227197929593,0.027614826885998194,0.07257278628921962,자동승인
R23 x B3 x 14등급,11.0,1.0,0.09090909090909091,0.048771868924413764,0.029535388588105147,0.07602024572899567,자동승인
R23 x B4 x 4등급,90.0,0.0,0.0,0.03626419458155632,0.023276416732578045,0.05749826792728208,자동승인
R23 x B4 x 5등급,76.0,1.0,0.013157894736842105,0.04029547459263062,0.02535733732777975,0.06232163410137437,자동승인
R23 x B4 x 6등급,66.0,2.0,0.030303030303030304,0.044149745872647944,0.027343258455731816,0.06857727927142868,자동승인
R23 x B4 x 7등급,105.0,3.0,0.02857142857142857,0.042358579398619985,0.027056685895997547,0.06475540326390788,자동승인
R23 x B4 x 8등급,20.0,0.0,0.0,0.04424687892340833,0.027244307375180462,0.07006791234857206,자동승인
R23 x B4 x 9등급,3.0,1.0,0.3333333333333333,0.05006813122140815,0.030149994835473447,0.07875929766235765,자동승인
R23 x B4 x 10등급,7.0,0.0,0.0,0.046132811467684755,0.027595166157232717,0.07339086229803493,자동승인
R23 x B4 x 11등급,16.0,1.0,0.0625,0.04799524680778297,0.02884237538727628,0.07579134998230326,자동승인
R23 x B4 x 12등급,16.0,0.0,0.0,0.044810533431986786,0.027071063762140964,0.07087919763528706,자동승인
R23 x B5 x 4등급,45.0,1.0,0.022222222222222223,0.043937339643276535,0.027156083641804968,0.0677930019812474,자동승인
R23 x B5 x 5등급,193.0,4.0,0.02072538860103627,0.03680347759194267,0.024446891851248983,0.05508310473936667,자동승인
R23 x B5 x 6등급,69.0,2.0,0.028985507246376812,0.043788848767421944,0.027758536070386235,0.06677564483994956,자동승인
R23 x B5 x 7등급,99.0,2.0,0.020202020202020204,0.04047986775225152,0.025778961437933203,0.06162379602190502,자동승인
R23 x B5 x 8등급,13.0,4.0,0.3076923076923077,0.05810452571589663,0.0352670958746392,0.0934244938385012,사람심사
R23 x B5 x 9등급,5.0,0.0,0.0,0.04643731847407211,0.027985592473377945,0.07468174452860696,사람심사
R23 x B5 x 10등급,7.0,0.0,0.0,0.046132811467684755,0.02747134256971501,0.07245004159560287,자동승인
R23 x B5 x 11등급,11.0,2.0,0.18181818181818182,0.05200811487910632,0.031000845372919677,0.0823449073168516,자동승인
R23 x B5 x 13등급,2.0,0.0,0.0,0.04690169165881283,0.02826119408679087,0.07396509199147325,자동승인
R23 x B6 x 4등급,140.0,2.0,0.014285714285714285,0.03669065638731473,0.02406675420241075,0.05715012093943494,자동승인
R23 x B6 x 5등급,21.0,1.0,0.047619047619047616,0.04724297021204969,0.028608537265051463,0.07292114158013732,자동승인
R23 x B6 x 6등급,68.0,1.0,0.014705882352941176,0.04117624999356244,0.026309934677467568,0.06356370573471151,자동승인
R23 x B6 x 7등급,103.0,2.0,0.019417475728155338,0.04007607854774028,0.02588811147097655,0.06140381472760844,자동승인
R23 x B6 x 8등급,53.0,1.0,0.018867924528301886,0.042935918796706135,0.02673332915273586,0.06732704189510784,자동승인
R23 x B6 x 9등급,8.0,2.0,0.25,0.05251799835831324,0.03147832412229354,0.08370821873739107,자동승인
R23 x B6 x 11등급,1.0,0.0,0.0,0.04705855350382559,0.027936084561251535,0.0760687708962819,사람심사
R23 x B6 x 13등급,1.0,0.0,0.0,0.04705855350382559,0.0282733900431397,0.07513458039145358,자동승인
R23 x B6 x 15등급,2.0,1.0,0.5,0.050235024992146174,0.0303405991909391,0.0784961593826938,자동승인
R24 x B1 x 4등급,8138.0,421.0,0.05173261243548784,0.05157308054737362,0.046749061085590876,0.05648035197772207,자동승인
R24 x B1 x 5등급,8131.0,462.0,0.05681957938752921,0.056480069699566246,0.0516348556879037,0.06157411372126954,자동승인
R24 x B1 x 6등급,18042.0,1023.0,0.05670103092783505,0.056546919710885706,0.05320198833081045,0.059987871770584254,자동승인
R24 x B1 x 7등급,13382.0,774.0,0.05783888805858616,0.05760749323813186,0.05376357530436658,0.061558030642541464,자동승인
R24 x B1 x 8등급,2308.0,115.0,0.04982668977469671,0.04952820702135221,0.04138409369490692,0.05814661010539741,자동승인
R24 x B1 x 9등급,2024.0,101.0,0.04990118577075099,0.04955663544256841,0.04107276743139799,0.05852712413609243,자동승인
R24 x B1 x 10등급,769.0,32.0,0.04161248374512354,0.04317760777661092,0.03244379766326116,0.05571523523496422,자동승인
R24 x B1 x 11등급,837.0,37.0,0.04420549581839905,0.04499604184814436,0.03398249647493963,0.05751362827670271,자동승인
R24 x B1 x 12등급,113.0,3.0,0.02654867256637168,0.04153408150278309,0.026268578388812393,0.06352564174807797,자동승인
R24 x B1 x 13등급,74.0,3.0,0.04054054054054054,0.04588846101517165,0.028609108517639793,0.06969717725465734,자동승인
R24 x B1 x 14등급,37.0,3.0,0.08108108108108109,0.050956738798936876,0.031259057589842265,0.07794085791433604,자동승인
R24 x B1 x 15등급,16.0,1.0,0.0625,0.04799524680778297,0.029290439460424214,0.07600214903820464,자동승인
R24 x B10 x 4등급,4.0,0.0,0.0,0.04659108442928427,0.027903438673662843,0.07425837735658916,자동승인
R24 x B10 x 5등급,128.0,6.0,0.046875,0.047113867365361155,0.03018346330267151,0.06874305994680445,자동승인
R24 x B10 x 6등급,235.0,16.0,0.06808510638297872,0.056417462472127304,0.03876087416226766,0.07898044053638083,자동승인
R24 x B10 x 7등급,1109.0,56.0,0.05049594229035167,0.04980135571971844,0.039015282409830654,0.061566754787809916,자동승인
R24 x B10 x 8등급,695.0,37.0,0.053237410071942444,0.051430521145663495,0.03878991373817409,0.06601797423466668,자동승인
R24 x B10 x 9등급,665.0,29.0,0.04360902255639098,0.04472534527273505,0.03315146740828086,0.05856859845714158,자동승인
R24 x B10 x 10등급,648.0,24.0,0.037037037037037035,0.040243665430913164,0.029552566025449725,0.05333634581986699,자동승인
R24 x B10 x 11등급,274.0,9.0,0.032846715328467155,0.04033305506581093,0.02688524004635332,0.05825426470119158,자동승인
R24 x B10 x 12등급,441.0,16.0,0.036281179138321996,0.04069080852184554,0.028443343228257964,0.0564264626826924,자동승인
R24 x B10 x 13등급,154.0,5.0,0.032467532467532464,0.04219138826912357,0.02762793509502456,0.06209872650598661,자동승인
R24 x B10 x 14등급,112.0,11.0,0.09821428571428571,0.06114757926254598,0.03996725226320807,0.09007528132688838,자동승인
R24 x B10 x 15등급,44.0,1.0,0.022727272727272728,0.04406581139661945,0.027083825410569296,0.06860824915025025,자동승인
R24 x B11 x 4등급,53.0,8.0,0.1509433962264151,0.06287893873972608,0.04007714823249239,0.0972013069237948,자동승인
R24 x B11 x 5등급,24.0,4.0,0.16666666666666666,0.056119588501999544,0.034247775075052674,0.08658490123749403,자동승인
R24 x B11 x 6등급,37.0,2.0,0.05405405405405406,0.0479716641720712,0.029097486448052285,0.07387953290069942,자동승인
R24 x B11 x 7등급,1660.0,99.0,0.05963855421686747,0.05774796092831657,0.04779801835445144,0.06858388526865812,자동승인
R24 x B11 x 8등급,323.0,14.0,0.043343653250773995,0.04520210547124614,0.031466839245030465,0.06227408730088135,자동승인
R24 x B11 x 9등급,310.0,16.0,0.05161290322580645,0.049458071542177386,0.03369028102037335,0.06879530439121957,자동승인
R24 x B11 x 10등급,208.0,16.0,0.07692307692307693,0.059427880430126194,0.04069367126337645,0.08316833765289715,자동승인
R24 x B11 x 11등급,321.0,8.0,0.024922118380062305,0.035655100965498954,0.024769435495493746,0.051984353202942125,자동승인
R24 x B11 x 12등급,149.0,4.0,0.026845637583892617,0.040426191269896765,0.026081894893828728,0.06108451208928237,자동승인
R24 x B11 x 13등급,261.0,8.0,0.03065134099616858,0.03948212432494428,0.026861963818797154,0.057132232906623476,자동승인
R24 x B11 x 14등급,76.0,3.0,0.039473684210526314,0.045643068175518324,0.028618715323608192,0.0692841259397657,자동승인
R24 x B11 x 15등급,50.0,1.0,0.02,0.04330605602771222,0.026762956564851725,0.06696362385670138,자동승인
R24 x B12 x 4등급,697.0,24.0,0.03443328550932568,0.03826181658054659,0.027776042986579198,0.05120458820075315,자동승인
R24 x B12 x 5등급,437.0,22.0,0.05034324942791762,0.04907552040495762,0.0347000107864701,0.06556348763239032,자동승인
R24 x B12 x 6등급,1078.0,64.0,0.059369202226345084,0.05673728742561326,0.04520785608894925,0.06952041594069001,자동승인
R24 x B12 x 7등급,1125.0,47.0,0.041777777777777775,0.042916730497290126,0.03338443471591412,0.05405117496532957,자동승인
R24 x B12 x 8등급,745.0,34.0,0.04563758389261745,0.046088693669840704,0.03435493438324775,0.05960007070125858,자동승인
R24 x B12 x 9등급,502.0,34.0,0.06772908366533864,0.06008813437205482,0.044550163859644415,0.07812491864110022,자동승인
R24 x B12 x 10등급,897.0,41.0,0.045707915273132664,0.046084106692589,0.03517420291085937,0.05842958495678902,자동승인
R24 x B12 x 11등급,280.0,12.0,0.04285714285714286,0.045104684251978985,0.03017978538932474,0.06414899023850336,자동승인
R24 x B12 x 12등급,299.0,10.0,0.033444816053511704,0.04031910803625436,0.02744771174257803,0.05757399919873389,자동승인
R24 x B12 x 13등급,24.0,3.0,0.125,0.053013998439887744,0.0321009924858842,0.08235254148069385,자동승인
R24 x B12 x 14등급,28.0,0.0,0.0,0.043161065943692796,0.026236604932665015,0.06882464545935164,자동승인
R24 x B12 x 15등급,96.0,2.0,0.020833333333333332,0.040788090095542774,0.02604813183311847,0.06260449061447129,자동승인
R24 x B13 x 4등급,161.0,7.0,0.043478260869565216,0.045905245092906,0.02973865809212894,0.0676031657238664,자동승인
R24 x B13 x 5등급,276.0,9.0,0.03260869565217391,0.0401925217728987,0.027400149955410135,0.05785203341273646,자동승인
R24 x B13 x 6등급,607.0,24.0,0.039538714991762765,0.04206685911341862,0.030344277877924708,0.05552578415949098,자동승인
R24 x B13 x 7등급,509.0,34.0,0.06679764243614932,0.059566923788901924,0.044376656844231435,0.07771298368516508,자동승인
R24 x B13 x 8등급,421.0,23.0,0.05463182897862233,0.05155842489241148,0.036753173874758766,0.06905319347598447,자동승인
R24 x B13 x 9등급,305.0,21.0,0.06885245901639345,0.058160045601399424,0.04048201918008484,0.07986786775971484,자동승인
R24 x B13 x 10등급,428.0,27.0,0.0630841121495327,0.05657094696645159,0.04101252584167893,0.07488456720693663,자동승인
R24 x B13 x 11등급,116.0,6.0,0.05172413793103448,0.04847948670928467,0.030721103352257105,0.07158083746918856,자동승인
R24 x B13 x 12등급,27.0,0.0,0.0,0.04329386922351954,0.025830690484687443,0.06935879511496551,사람심사
R24 x B13 x 13등급,30.0,1.0,0.03333333333333333,0.0459466692001337,0.027960735738604265,0.07243385644754763,자동승인
R24 x B13 x 14등급,30.0,2.0,0.06666666666666667,0.04899544968793858,0.02974134625019047,0.076367362319148,자동승인
R24 x B14 x 4등급,295.0,11.0,0.03728813559322034,0.04227741567899469,0.028811922828250947,0.060265330903064414,자동승인
R24 x B14 x 5등급,104.0,4.0,0.038461538461538464,0.044951511188168786,0.028754940332039878,0.06738756670829277,자동승인
R24 x B14 x 6등급,120.0,7.0,0.058333333333333334,0.05040791267378912,0.03236439843410476,0.07452408513747677,자동승인
R24 x B14 x 7등급,134.0,4.0,0.029850746268656716,0.041829878466768174,0.0266020423194377,0.06272018438707971,자동승인
R24 x B14 x 8등급,134.0,5.0,0.03731343283582089,0.04414469328158299,0.02856652098206699,0.06426800659017419,자동승인
R24 x B14 x 9등급,147.0,10.0,0.06802721088435375,0.05409102808459293,0.03568126765274009,0.07844406553095708,자동승인
R24 x B14 x 10등급,57.0,2.0,0.03508771929824561,0.04526903520463057,0.02794409915638777,0.069100275127342,자동승인
R24 x B14 x 11등급,35.0,2.0,0.05714285714285714,0.04825978227520676,0.029441192251913,0.07592552691680768,자동승인
R24 x B14 x 13등급,3.0,0.0,0.0,0.04674587208519552,0.02777383974894597,0.07521543517288386,사람심사
R24 x B14 x 14등급,24.0,0.0,0.0,0.04369722825355233,0.026904462114333255,0.06902964061928252,자동승인
R24 x B2 x 4등급,8708.0,454.0,0.05213596692696371,0.051973185376154106,0.047494814708398905,0.056537220670933926,자동승인
R24 x B2 x 5등급,11869.0,646.0,0.054427500210632744,0.05425088415366514,0.0502063050499354,0.05842786255544906,자동승인
R24 x B2 x 6등급,13661.0,855.0,0.06258692628650904,0.062258794146976416,0.05826187378989319,0.06631652726569916,자동승인
R24 x B2 x 7등급,13294.0,760.0,0.057168647510154956,0.056950449345029706,0.05307105817059874,0.06086817139432158,자동승인
R24 x B2 x 8등급,2555.0,125.0,0.04892367906066536,0.04874535839384643,0.04111778643394527,0.057185239948516015,자동승인
R24 x B2 x 9등급,1739.0,105.0,0.060379528464634846,0.05845385738715947,0.04844170818013707,0.06934968169381012,자동승인
R24 x B2 x 10등급,1515.0,73.0,0.048184818481848184,0.04802565223256693,0.038670823368844934,0.0582403309662515,자동승인
R24 x B2 x 11등급,629.0,36.0,0.057233704292527825,0.05401349244621775,0.040478207522927474,0.06943162663120214,자동승인
R24 x B2 x 12등급,20.0,0.0,0.0,0.04424687892340833,0.027068898563163152,0.070551463297481,자동승인
R24 x B2 x 13등급,34.0,4.0,0.11764705882352941,0.054429239450734496,0.033405907321419424,0.08426908021300318,자동승인
R24 x B2 x 14등급,41.0,3.0,0.07317073170731707,0.05035547934408216,0.03082686388663593,0.07752408344782927,자동승인
R24 x B2 x 15등급,38.0,1.0,0.02631578947368421,0.044852700885844796,0.02764388354478499,0.06963025641612207,자동승인
R24 x B3 x 4등급,1295.0,61.0,0.047104247104247106,0.04712524011151528,0.03745625851672976,0.05815528666171597,자동승인
R24 x B3 x 5등급,3847.0,225.0,0.05848713283077723,0.05767684137458236,0.05086568872947885,0.06469924495525037,자동승인
R24 x B3 x 6등급,3793.0,176.0,0.04640126548905879,0.04646064715170957,0.04022134592837661,0.053042811272578844,자동승인
R24 x B3 x 7등급,2120.0,128.0,0.06037735849056604,0.05875537944484858,0.04949787209080062,0.06840224162657717,자동승인
R24 x B3 x 8등급,641.0,27.0,0.0421216848673947,0.04373855963540346,0.03185619032335405,0.057589558586923086,자동승인
R24 x B3 x 9등급,591.0,27.0,0.04568527918781726,0.04619854611658476,0.0334252916167493,0.061098524143639435,자동승인
R24 x B3 x 10등급,433.0,22.0,0.050808314087759814,0.04934405950430076,0.03522571851618413,0.06620239956329348,자동승인
R24 x B3 x 11등급,123.0,8.0,0.06504065040650407,0.052424008307942645,0.034131445744612104,0.07568698623206274,자동승인
R24 x B3 x 12등급,67.0,5.0,0.07462686567164178,0.05224796574696946,0.03260545592111309,0.07894359272669291,자동승인
R24 x B3 x 13등급,31.0,0.0,0.0,0.04276749999283845,0.026145803999559153,0.06778044690531337,자동승인
R24 x B3 x 14등급,54.0,5.0,0.09259259259259259,0.054177578118306396,0.03326474742859392,0.08364974248878505,자동승인
R24 x B3 x 15등급,40.0,2.0,0.05,0.04754588017054394,0.028785212083560288,0.07370636629552954,자동승인
R24 x B4 x 4등급,1386.0,77.0,0.05555555555555555,0.0540798738109524,0.0435105645090046,0.06516747987132905,자동승인
R24 x B4 x 5등급,1486.0,102.0,0.06864064602960969,0.06506194366459857,0.0542071690354828,0.0772665237501174,자동승인
R24 x B4 x 6등급,884.0,51.0,0.057692307692307696,0.05505119077634843,0.04258005741193219,0.0693178274219695,자동승인
R24 x B4 x 7등급,1063.0,51.0,0.04797742238946378,0.04781080639062737,0.037194131575267506,0.059903398250307494,자동승인
R24 x B4 x 8등급,370.0,14.0,0.03783783783783784,0.04202171781084409,0.029047150639242028,0.05836466662621332,자동승인
R24 x B4 x 9등급,171.0,13.0,0.07602339181286549,0.05771963219113828,0.039107065716327154,0.08151333170723847,자동승인
R24 x B4 x 10등급,176.0,7.0,0.03977272727272727,0.04445254746338365,0.029091957023575196,0.06490191906655574,자동승인
R24 x B4 x 11등급,66.0,2.0,0.030303030303030304,0.044149745872647944,0.027377670580669262,0.06904958485106942,자동승인
R24 x B4 x 12등급,18.0,0.0,0.0,0.04452692246089826,0.02720931716582366,0.07063664928597155,자동승인
R24 x B4 x 13등급,3.0,0.0,0.0,0.04674587208519552,0.0281536581526956,0.07358646906616909,자동승인
R24 x B4 x 14등급,8.0,0.0,0.0,0.04598205064589494,0.0278840280810638,0.07245755204041465,자동승인
R24 x B4 x 15등급,7.0,0.0,0.0,0.046132811467684755,0.02809861801762666,0.07355265156679841,자동승인
R24 x B5 x 4등급,988.0,56.0,0.05668016194331984,0.05448717534809008,0.042843634966969496,0.06740206108726622,자동승인
R24 x B5 x 5등급,3387.0,213.0,0.06288751107174491,0.06162021913097527,0.05385719313341314,0.0696068894373253,자동승인
R24 x B5 x 6등급,1624.0,97.0,0.05972906403940887,0.05778902575319659,0.04793997202019282,0.06835820146844922,자동승인
R24 x B5 x 7등급,1964.0,121.0,0.06160896130346232,0.05971286803609366,0.050380510987265266,0.0698114372040822,자동승인
R24 x B5 x 8등급,258.0,14.0,0.05426356589147287,0.05048652427633787,0.033999016233907935,0.07033141096715682,자동승인
R24 x B5 x 9등급,137.0,8.0,0.058394160583941604,0.05073679884515828,0.03326405769239565,0.0732355702141802,자동승인
R24 x B5 x 10등급,641.0,34.0,0.0530421216848674,0.05119329871953552,0.03784178496122701,0.06583168685874966,자동승인
R24 x B5 x 11등급,84.0,5.0,0.05952380952380952,0.049922794496449874,0.03115687963578195,0.07438767427998658,자동승인
R24 x B5 x 12등급,26.0,0.0,0.0,0.04342749227667855,0.026496101095603693,0.06853957590153134,자동승인
R24 x B5 x 13등급,10.0,0.0,0.0,0.045683465901441074,0.02725979678396239,0.07337190175062103,사람심사
R24 x B5 x 14등급,8.0,0.0,0.0,0.04598205064589494,0.027412048880507616,0.07302634427713756,자동승인
R24 x B5 x 15등급,16.0,2.0,0.125,0.05117996018357915,0.03122075082290115,0.07979647304079159,자동승인
R24 x B6 x 4등급,1968.0,96.0,0.04878048780487805,0.04857480472093727,0.04010735313702572,0.05769115137100489,자동승인
R24 x B6 x 5등급,909.0,45.0,0.04950495049504951,0.0489399399317679,0.037161902945514955,0.06159882154742529,자동승인
R24 x B6 x 6등급,1562.0,73.0,0.04673495518565941,0.046812100805184866,0.03751290024401874,0.057109327877483074,자동승인
R24 x B6 x 7등급,1119.0,63.0,0.05630026809651475,0.054389913548090224,0.04313989970068756,0.0664564393419629,자동승인
R24 x B6 x 8등급,713.0,36.0,0.05049088359046283,0.04952572452783764,0.03692272752199481,0.06376353839289217,자동승인
R24 x B6 x 9등급,218.0,10.0,0.045871559633027525,0.046648270344271034,0.030624835773289585,0.0670729389896115,자동승인
R24 x B6 x 10등급,91.0,6.0,0.06593406593406594,0.051595134955382656,0.032841403106254045,0.07625024352413103,자동승인
R24 x B6 x 11등급,35.0,1.0,0.02857142857142857,0.04525677927220376,0.027766742951363825,0.07105781728531199,자동승인
R24 x B6 x 12등급,11.0,0.0,0.0,0.0455356229697212,0.027617529961141016,0.07227781148309016,자동승인
R24 x B6 x 13등급,20.0,3.0,0.15,0.05368084118755929,0.03279034660925002,0.08453153270714163,자동승인
R24 x B6 x 14등급,7.0,0.0,0.0,0.046132811467684755,0.027925833832691364,0.07347975225416949,자동승인
R24 x B6 x 15등급,6.0,0.0,0.0,0.04628456413698635,0.02815501926586643,0.07343915577460164,자동승인
R25 x B1 x 4등급,540.0,40.0,0.07407407407407407,0.0645232786368065,0.048647919568241785,0.0833895407988694,자동승인
R25 x B1 x 5등급,417.0,28.0,0.0671462829736211,0.05883987062607532,0.042343403553913694,0.07780274567479498,자동승인
R25 x B1 x 6등급,1010.0,59.0,0.05841584158415842,0.055864302368229236,0.043818524677698575,0.06904145404032118,자동승인
R25 x B1 x 7등급,831.0,61.0,0.07340553549939831,0.06649292072421953,0.05270535558956826,0.08258206978043249,자동승인
R25 x B1 x 8등급,186.0,11.0,0.05913978494623656,0.05179856921000796,0.03449299264973147,0.07454432433475464,자동승인
R25 x B1 x 9등급,94.0,6.0,0.06382978723404255,0.0512002742286833,0.03245365737413505,0.07654376696308002,자동승인
R25 x B1 x 10등급,61.0,1.0,0.01639344262295082,0.04197912951989931,0.026200255913759178,0.06528662028566658,자동승인
R25 x B1 x 11등급,111.0,9.0,0.08108108108108109,0.05640710879619524,0.03666657738118316,0.08203615691985347,자동승인
R25 x B1 x 12등급,8.0,1.0,0.125,0.04925002450210409,0.029450242300116544,0.07766982483243255,자동승인
R25 x B1 x 13등급,1.0,0.0,0.0,0.04705855350382559,0.02801721206807468,0.07604856489737913,사람심사
R25 x B10 x 5등급,3.0,0.0,0.0,0.04674587208519552,0.027728835184740903,0.07412262993768398,자동승인
R25 x B10 x 6등급,20.0,0.0,0.0,0.04424687892340833,0.026998332796922493,0.0697588346728775,자동승인
R25 x B10 x 7등급,74.0,3.0,0.04054054054054054,0.04588846101517165,0.029231691813226556,0.06903910620639223,자동승인
R25 x B10 x 8등급,53.0,1.0,0.018867924528301886,0.042935918796706135,0.026757118618200848,0.06652266002285233,자동승인
R25 x B10 x 9등급,53.0,1.0,0.018867924528301886,0.042935918796706135,0.026962956054502933,0.06640360607017817,자동승인
R25 x B10 x 10등급,38.0,2.0,0.05263157894736842,0.047828891362035275,0.029529946283596342,0.07443521741998112,자동승인
R25 x B10 x 11등급,17.0,0.0,0.0,0.044668277770297936,0.027441278959466228,0.07054439950367053,자동승인
R25 x B10 x 12등급,42.0,3.0,0.07142857142857142,0.05020737499307015,0.03090538343001453,0.07677541031822004,자동승인
R25 x B10 x 13등급,12.0,1.0,0.08333333333333333,0.04861454031498017,0.02899239578112386,0.07710145848585379,자동승인
R25 x B10 x 14등급,21.0,0.0,0.0,0.044108173973805176,0.026698658414816126,0.07001114944676738,자동승인
R25 x B10 x 15등급,3.0,0.0,0.0,0.04674587208519552,0.0282278721476767,0.07408669092756066,자동승인
R25 x B11 x 4등급,20.0,1.0,0.05,0.04739153301145865,0.028715617359647998,0.07348061135065646,자동승인
R25 x B11 x 6등급,5.0,0.0,0.0,0.04643731847407211,0.027599606250061973,0.07473122090570763,사람심사
R25 x B11 x 7등급,80.0,2.0,0.025,0.04251457009958691,0.026839953982829286,0.0650519872189237,자동승인
R25 x B11 x 8등급,46.0,2.0,0.043478260869565216,0.04671659156291818,0.028265761154445835,0.0722965939920406,자동승인
R25 x B11 x 9등급,11.0,2.0,0.18181818181818182,0.05200811487910632,0.031031052106772615,0.0812365330529201,자동승인
R25 x B11 x 10등급,9.0,0.0,0.0,0.04583227197929593,0.027930495750977658,0.07244474940379655,자동승인
R25 x B11 x 11등급,65.0,1.0,0.015384615384615385,0.0415165495802861,0.025858551005075305,0.06434649903429515,자동승인
R25 x B11 x 12등급,21.0,0.0,0.0,0.044108173973805176,0.026836422640540387,0.07029478666310152,자동승인
R25 x B11 x 13등급,37.0,2.0,0.05405405405405406,0.0479716641720712,0.02947545476521352,0.07443645576273353,자동승인
R25 x B11 x 14등급,3.0,0.0,0.0,0.04674587208519552,0.02807718038671383,0.07351594989884193,자동승인
R25 x B12 x 4등급,352.0,13.0,0.036931818181818184,0.04164693461175977,0.02854747144950747,0.05867602195431021,자동승인
R25 x B12 x 5등급,217.0,3.0,0.013824884792626729,0.03314661650027932,0.02266534288316903,0.05159206718786324,자동승인
R25 x B12 x 6등급,384.0,29.0,0.07552083333333333,0.0631532368000643,0.04560856493533368,0.08468343790191585,자동승인
R25 x B12 x 7등급,471.0,12.0,0.025477707006369428,0.033901830296025816,0.024288865280373696,0.0479114992355903,자동승인
R25 x B12 x 8등급,180.0,6.0,0.03333333333333333,0.04198850940929676,0.02746151769464584,0.06204877874160423,자동승인
R25 x B12 x 9등급,87.0,6.0,0.06896551724137931,0.05213118830556845,0.03283562178013596,0.07865118000749634,자동승인
R25 x B12 x 10등급,167.0,5.0,0.029940119760479042,0.04101184408095452,0.02688870301216536,0.06110692889407275,자동승인
R25 x B12 x 11등급,47.0,2.0,0.0425531914893617,0.04658118115259088,0.028523624571160245,0.07272847119266429,자동승인
R25 x B12 x 12등급,69.0,6.0,0.08695652173913043,0.05468803132872984,0.03438260880912419,0.08231112022472596,자동승인
R25 x B12 x 13등급,3.0,0.0,0.0,0.04674587208519552,0.028506927581514862,0.07323319940168392,자동승인
R25 x B12 x 15등급,6.0,0.0,0.0,0.04628456413698635,0.028061480366917784,0.07328070624881519,자동승인
R25 x B13 x 4등급,16.0,1.0,0.0625,0.04799524680778297,0.028647300618387078,0.07584080275714573,자동승인
R25 x B13 x 5등급,20.0,3.0,0.15,0.05368084118755929,0.03259983142165666,0.08500319874662954,자동승인
R25 x B13 x 6등급,34.0,3.0,0.08823529411764706,0.05141719125796341,0.0318480754174957,0.07882451387724199,자동승인
R25 x B13 x 7등급,49.0,2.0,0.04081632653061224,0.04631270172231658,0.028378645985183765,0.07160232827790576,자동승인
R25 x B13 x 8등급,43.0,3.0,0.06976744186046512,0.05006013928927816,0.030781678806399548,0.0780655866832054,자동승인
R25 x B13 x 9등급,23.0,1.0,0.043478260869565216,0.04694862148798708,0.028798904041843418,0.0727050056523595,자동승인
R25 x B13 x 10등급,53.0,1.0,0.018867924528301886,0.042935918796706135,0.02663126439456134,0.0666134826888587,자동승인
R25 x B13 x 11등급,22.0,1.0,0.045454545454545456,0.04709533593013704,0.027912653822295082,0.07534627519734621,사람심사
R25 x B13 x 13등급,1.0,0.0,0.0,0.04705855350382559,0.028550832082811145,0.07492159419886801,자동승인
R25 x B14 x 4등급,14.0,0.0,0.0,0.04509778044116619,0.027547202070397774,0.07077123313322083,자동승인
R25 x B14 x 5등급,4.0,0.0,0.0,0.04659108442928427,0.028371291892518982,0.07275993414470741,자동승인
R25 x B14 x 6등급,17.0,0.0,0.0,0.044668277770297936,0.027138605083059347,0.07138699955650389,자동승인
R25 x B14 x 7등급,3.0,1.0,0.3333333333333333,0.05006813122140815,0.03026855865241408,0.07987043593776098,자동승인
R25 x B14 x 8등급,6.0,0.0,0.0,0.04628456413698635,0.027955677300252033,0.07338235986547663,자동승인
R25 x B14 x 9등급,3.0,0.0,0.0,0.04674587208519552,0.02849968940072201,0.07368238303475945,자동승인
R25 x B14 x 11등급,5.0,0.0,0.0,0.04643731847407211,0.027672625848720232,0.07496537489983819,사람심사
R25 x B2 x 4등급,457.0,21.0,0.045951859956236324,0.046451003308137555,0.03278219733602048,0.06246619557493957,자동승인
R25 x B2 x 5등급,719.0,35.0,0.048678720445062586,0.04825025319335679,0.03596969512104029,0.062302106518937535,자동승인
R25 x B2 x 6등급,640.0,38.0,0.059375,0.05551226812115549,0.041846775086141846,0.07075284813740262,자동승인
R25 x B2 x 7등급,532.0,33.0,0.06203007518796992,0.05671145481643838,0.04194253521646025,0.07357351883202512,자동승인
R25 x B2 x 8등급,150.0,3.0,0.02,0.03810381137866931,0.024921837181498152,0.05816034377526861,자동승인
R25 x B2 x 9등급,60.0,5.0,0.08333333333333333,0.05326957401576495,0.03319776494232446,0.08131518999661154,자동승인
R25 x B2 x 10등급,43.0,3.0,0.06976744186046512,0.05006013928927816,0.03099944834289431,0.07564894063992843,자동승인
R25 x B2 x 11등급,7.0,1.0,0.14285714285714285,0.049411499992274927,0.029523508788040935,0.07872398212235211,자동승인
R25 x B2 x 13등급,6.0,0.0,0.0,0.04628456413698635,0.02774735423538505,0.0741762555801833,사람심사
R25 x B2 x 15등급,7.0,0.0,0.0,0.046132811467684755,0.027433180163436644,0.07362850570221405,사람심사
R25 x B3 x 4등급,78.0,3.0,0.038461538461538464,0.045400285897988966,0.028436161546915587,0.06901304189186408,자동승인
R25 x B3 x 5등급,207.0,13.0,0.06280193236714976,0.05360496534186902,0.03601250901851977,0.07462944160554656,자동승인
R25 x B3 x 6등급,203.0,17.0,0.08374384236453201,0.062016981033221265,0.042483345009639815,0.08684873872338728,자동승인
R25 x B3 x 7등급,119.0,3.0,0.025210084033613446,0.04093646881928981,0.026207357279345138,0.06268220629666309,자동승인
R25 x B3 x 8등급,14.0,2.0,0.14285714285714285,0.051508036851422606,0.030297533535068265,0.08169162699011269,자동승인
R25 x B3 x 9등급,55.0,1.0,0.01818181818181818,0.0426926558006908,0.026552420628609148,0.06651626414288368,자동승인
R25 x B3 x 10등급,15.0,2.0,0.13333333333333333,0.05134347443336694,0.031088262552545345,0.08072769661094223,자동승인
R25 x B3 x 11등급,8.0,0.0,0.0,0.04598205064589494,0.02786388290272927,0.0718508006395983,자동승인
R25 x B3 x 12등급,5.0,0.0,0.0,0.04643731847407211,0.027874919928442723,0.07499485221481308,사람심사
R25 x B3 x 14등급,7.0,0.0,0.0,0.046132811467684755,0.02771866800311715,0.07386147949917854,사람심사
R25 x B3 x 15등급,3.0,0.0,0.0,0.04674587208519552,0.027737162054148633,0.07391675288578703,자동승인
R25 x B4 x 4등급,85.0,4.0,0.047058823529411764,0.04718148171708578,0.02939747148705432,0.07118924925172633,자동승인
R25 x B4 x 5등급,115.0,4.0,0.034782608695652174,0.04375425544223693,0.02790048534826685,0.0654187749200837,자동승인
R25 x B4 x 6등급,74.0,3.0,0.04054054054054054,0.04588846101517165,0.028467669206992185,0.06981286593312754,자동승인
R25 x B4 x 7등급,55.0,4.0,0.07272727272727272,0.0511912393700959,0.032106255390117105,0.07876248955887821,자동승인
R25 x B4 x 8등급,18.0,0.0,0.0,0.04452692246089826,0.026687704648035,0.0721628871034149,사람심사
R25 x B4 x 9등급,14.0,1.0,0.07142857142857142,0.0483029086462944,0.029012671302021675,0.07665314119576136,자동승인
R25 x B4 x 10등급,22.0,1.0,0.045454545454545456,0.04709533593013704,0.028969212900629045,0.07315767114161371,자동승인
R25 x B4 x 11등급,6.0,0.0,0.0,0.04628456413698635,0.027884073325740142,0.07296344368676637,자동승인
R25 x B5 x 4등급,64.0,6.0,0.09375,0.055443390877469204,0.034926040214146116,0.08448638241643384,자동승인
R25 x B5 x 5등급,185.0,12.0,0.06486486486486487,0.05397620599926264,0.03576700272828288,0.07664229683277751,자동승인
R25 x B5 x 6등급,96.0,11.0,0.11458333333333333,0.0636307296894514,0.04177158319160741,0.09411559881574674,자동승인
R25 x B5 x 7등급,108.0,9.0,0.08333333333333333,0.05682391009271885,0.037059125955597856,0.08286289436513695,자동승인
R25 x B5 x 8등급,13.0,1.0,0.07692307692307693,0.04845822346509277,0.029161833185708412,0.07595692705066924,자동승인
R25 x B5 x 9등급,19.0,2.0,0.10526315789473684,0.05069560724808786,0.03100568830230548,0.07867808483280848,자동승인
R25 x B5 x 10등급,74.0,6.0,0.08108108108108109,0.053952977144203905,0.03383214117370786,0.08059389743321901,자동승인
R25 x B5 x 11등급,20.0,1.0,0.05,0.04739153301145865,0.02874332442632268,0.07555183381102867,자동승인
R25 x B5 x 14등급,1.0,0.0,0.0,0.04705855350382559,0.028121486056375274,0.07551458126106432,사람심사
R25 x B6 x 4등급,121.0,7.0,0.05785123966942149,0.05028760739294476,0.03218913811573575,0.07391045620460143,자동승인
R25 x B6 x 5등급,63.0,5.0,0.07936507936507936,0.05282689057519073,0.03267627738305373,0.08145172491246455,자동승인
R25 x B6 x 6등급,72.0,7.0,0.09722222222222222,0.0569473175611996,0.03563919517586772,0.0859781976347435,자동승인
R25 x B6 x 7등급,74.0,3.0,0.04054054054054054,0.04588846101517165,0.029298597778448985,0.0696438361043714,자동승인
R25 x B6 x 8등급,51.0,3.0,0.058823529411764705,0.04891262893307694,0.03016933639542542,0.07483332188693789,자동승인
R25 x B6 x 9등급,17.0,0.0,0.0,0.044668277770297936,0.02748343260073121,0.07011989190596794,자동승인
R25 x B6 x 10등급,3.0,0.0,0.0,0.04674587208519552,0.027997254175923005,0.07446094738461624,자동승인
R26 x B1 x 4등급,349.0,17.0,0.04871060171919771,0.048022422716605645,0.03345542502114301,0.0659330492743556,자동승인
R26 x B1 x 5등급,276.0,13.0,0.04710144927536232,0.047161162887881275,0.03189612494981641,0.06698962622895069,자동승인
R26 x B1 x 6등급,666.0,38.0,0.057057057057057055,0.05401504927141478,0.04057686097960834,0.06872742125037751,자동승인
R26 x B1 x 7등급,508.0,29.0,0.05708661417322835,0.05343735421543902,0.03862041271917648,0.07067618730920162,자동승인
R26 x B1 x 8등급,60.0,3.0,0.05,0.047682981836994,0.029737763243649417,0.07190574116925808,자동승인
R26 x B1 x 9등급,80.0,1.0,0.0125,0.039869067454084264,0.024986290498230566,0.06316811601985312,자동승인
R26 x B1 x 10등급,38.0,1.0,0.02631578947368421,0.044852700885844796,0.02763641896890653,0.06905173564697245,자동승인
R26 x B1 x 11등급,48.0,1.0,0.020833333333333332,0.04355638005099379,0.02652138789664174,0.06817529773780638,자동승인
R26 x B1 x 12등급,6.0,0.0,0.0,0.04628456413698635,0.0274108715517277,0.0733279526029516,자동승인
R26 x B1 x 13등급,6.0,0.0,0.0,0.04628456413698635,0.02786380529646239,0.07391809583406732,자동승인
R26 x B1 x 14등급,5.0,0.0,0.0,0.04643731847407211,0.02833216247872311,0.07331044632027357,자동승인
R26 x B10 x 5등급,3.0,0.0,0.0,0.04674587208519552,0.028496723362681706,0.07343023525070272,자동승인
R26 x B10 x 6등급,13.0,1.0,0.07692307692307693,0.04845822346509277,0.029573601711922706,0.07568409341915289,자동승인
R26 x B10 x 7등급,48.0,3.0,0.0625,0.049336726871803044,0.030648374847345363,0.07537584014400485,자동승인
R26 x B10 x 8등급,24.0,0.0,0.0,0.04369722825355233,0.02697626721648737,0.0690740901292814,자동승인
R26 x B10 x 9등급,46.0,0.0,0.0,0.040902638074546076,0.025622081418722114,0.06460260581437079,자동승인
R26 x B10 x 10등급,14.0,0.0,0.0,0.04509778044116619,0.027048828501553008,0.0714393085959858,자동승인
R26 x B10 x 11등급,39.0,0.0,0.0,0.04175224776748917,0.025726700912561386,0.06641171078455191,자동승인
R26 x B10 x 12등급,8.0,0.0,0.0,0.04598205064589494,0.027227496701927142,0.07307231547724055,자동승인
R26 x B10 x 13등급,8.0,1.0,0.125,0.04925002450210409,0.02958615855508845,0.0774525124916935,자동승인
R26 x B10 x 14등급,6.0,0.0,0.0,0.04628456413698635,0.02781187600946102,0.07281869834610062,자동승인
R26 x B11 x 6등급,7.0,0.0,0.0,0.046132811467684755,0.02805162785634056,0.07338552482474163,자동승인
R26 x B11 x 7등급,65.0,1.0,0.015384615384615385,0.0415165495802861,0.02636924012470567,0.06458031891366497,자동승인
R26 x B11 x 8등급,8.0,0.0,0.0,0.04598205064589494,0.02779331931498145,0.07379707880566849,사람심사
R26 x B11 x 9등급,1.0,0.0,0.0,0.04705855350382559,0.02809413726323599,0.07452768097073834,자동승인
R26 x B11 x 10등급,1.0,0.0,0.0,0.04705855350382559,0.02838866829092249,0.07480576605039303,자동승인
R26 x B11 x 11등급,32.0,1.0,0.03125,0.0456682045383147,0.02741590797876644,0.07248053670180661,자동승인
R26 x B11 x 12등급,5.0,1.0,0.2,0.04973764850707542,0.02950269739797713,0.0790499072996848,자동승인
R26 x B11 x 13등급,15.0,0.0,0.0,0.04495369807553946,0.027482528787281343,0.0709516923798858,자동승인
R26 x B11 x 14등급,1.0,0.0,0.0,0.04705855350382559,0.028177970669686317,0.0745535350976854,자동승인
R26 x B11 x 15등급,3.0,0.0,0.0,0.04674587208519552,0.028027976669807088,0.07434047063393387,자동승인
R26 x B12 x 4등급,835.0,29.0,0.03473053892215569,0.03801456972431055,0.02857141142478444,0.050028305190264744,자동승인
R26 x B12 x 5등급,448.0,34.0,0.07589285714285714,0.06443767761078265,0.04818671731096242,0.08419568291568798,자동승인
R26 x B12 x 6등급,515.0,26.0,0.05048543689320388,0.04928721709427288,0.035768007523857864,0.06538251168596099,자동승인
R26 x B12 x 7등급,642.0,22.0,0.03426791277258567,0.0383728803166424,0.0282007646685173,0.05168876277518779,자동승인
R26 x B12 x 8등급,314.0,7.0,0.022292993630573247,0.0344289338196795,0.023820726162155758,0.051371608648809526,자동승인
R26 x B12 x 9등급,110.0,12.0,0.10909090909090909,0.06389830269030355,0.04210335148306178,0.09520843183529107,자동승인
R26 x B12 x 10등급,249.0,14.0,0.05622489959839357,0.05131719835035439,0.03495914438414845,0.07071995534508188,자동승인
R26 x B12 x 11등급,165.0,9.0,0.05454545454545454,0.04982830993011631,0.03288781866710143,0.07192719472458493,자동승인
R26 x B12 x 12등급,121.0,5.0,0.04132231404958678,0.045514337703207286,0.029322263243922488,0.06684327910949632,자동승인
R26 x B12 x 13등급,8.0,1.0,0.125,0.04925002450210409,0.029380309876908546,0.0789140531733753,사람심사
R26 x B12 x 14등급,1.0,0.0,0.0,0.04705855350382559,0.028623266519608878,0.074880272644482,자동승인
R26 x B12 x 15등급,57.0,2.0,0.03508771929824561,0.04526903520463057,0.02779452684572283,0.06990710511552438,자동승인
R26 x B13 x 4등급,8.0,0.0,0.0,0.04598205064589494,0.02746697222101464,0.07321176330920456,자동승인
R26 x B13 x 5등급,5.0,0.0,0.0,0.04643731847407211,0.027926462867841714,0.07297984796240795,자동승인
R26 x B13 x 6등급,59.0,2.0,0.03389830508474576,0.04501542716426849,0.028036312381701477,0.06955991697923135,자동승인
R26 x B13 x 7등급,33.0,2.0,0.06060606060606061,0.048551382168108316,0.030101708215715024,0.07461200039080183,자동승인
R26 x B13 x 8등급,36.0,1.0,0.027777777777777776,0.045121279933065424,0.02740045651869091,0.07098185899536366,자동승인
R26 x B13 x 9등급,18.0,0.0,0.0,0.04452692246089826,0.02658110398634979,0.07087263546895246,자동승인
R26 x B13 x 10등급,24.0,2.0,0.08333333333333333,0.04990840837777594,0.030042145556463815,0.07849358723165924,자동승인
R26 x B13 x 11등급,7.0,0.0,0.0,0.046132811467684755,0.027926664142330967,0.07310599125063681,자동승인
R26 x B13 x 12등급,4.0,0.0,0.0,0.04659108442928427,0.028365273806867757,0.07386336754397439,자동승인
R26 x B13 x 13등급,3.0,0.0,0.0,0.04674587208519552,0.027888910091311732,0.07452112827742513,자동승인
R26 x B13 x 14등급,2.0,0.0,0.0,0.04690169165881283,0.028401949247364156,0.07587410014501049,사람심사
R26 x B14 x 4등급,22.0,0.0,0.0,0.043970335930137036,0.02675618414962835,0.06984071730778446,자동승인
R26 x B14 x 5등급,17.0,2.0,0.11764705882352941,0.05101748411950429,0.03105838490641333,0.07909854463805469,자동승인
R26 x B14 x 7등급,4.0,0.0,0.0,0.04659108442928427,0.02755272149595535,0.0755563338443655,사람심사
R26 x B14 x 8등급,7.0,0.0,0.0,0.046132811467684755,0.027679940508469333,0.07311587817001407,자동승인
R26 x B14 x 9등급,4.0,1.0,0.25,0.04990234270742998,0.029886525409130033,0.07899618474252726,자동승인
R26 x B14 x 10등급,5.0,1.0,0.2,0.04973764850707542,0.030015822560186273,0.07866210112269542,자동승인
R26 x B14 x 11등급,3.0,0.0,0.0,0.04674587208519552,0.028182072757587055,0.07428134389749842,자동승인
R26 x B2 x 4등급,369.0,26.0,0.07046070460704607,0.06007572338477339,0.04367821932180549,0.08069867812438963,자동승인
R26 x B2 x 5등급,572.0,18.0,0.03146853146853147,0.036862652296142356,0.026834751192330766,0.050577213251337134,자동승인
R26 x B2 x 6등급,562.0,25.0,0.04448398576512456,0.045430822671678896,0.032858301485456785,0.06004428802585822,자동승인
R26 x B2 x 7등급,590.0,26.0,0.04406779661016949,0.04512444538022956,0.03298830045014953,0.059071998393922076,자동승인
R26 x B2 x 8등급,83.0,4.0,0.04819277108433735,0.04742915353712297,0.029828888952100552,0.07213047656988772,자동승인
R26 x B2 x 9등급,89.0,3.0,0.033707865168539325,0.04410983849520375,0.027965780582447735,0.06646297554985545,자동승인
R26 x B2 x 10등급,37.0,1.0,0.02702702702702703,0.04498658954520553,0.027502853624332895,0.06957234294207255,자동승인
R26 x B2 x 11등급,24.0,1.0,0.041666666666666664,0.04680281831566414,0.028418150183207872,0.0738852685106746,자동승인
R26 x B2 x 12등급,1.0,0.0,0.0,0.04705855350382559,0.02841531616896319,0.07444961544253463,자동승인
R26 x B2 x 14등급,5.0,0.0,0.0,0.04643731847407211,0.028287984703244805,0.07413401389046603,자동승인
R26 x B3 x 4등급,82.0,3.0,0.036585365853658534,0.044922388151694345,0.028007174786136617,0.06792114212831746,자동승인
R26 x B3 x 5등급,223.0,13.0,0.05829596412556054,0.0519587475962454,0.03467998213574953,0.07312361298328299,자동승인
R26 x B3 x 6등급,254.0,13.0,0.051181102362204724,0.049040774452253355,0.03310825423510939,0.06854544308527544,자동승인
R26 x B3 x 7등급,230.0,5.0,0.021739130434782608,0.03611838541220427,0.024002586160966594,0.05481500264684926,자동승인
R26 x B3 x 8등급,46.0,1.0,0.021739130434782608,0.04380961481873213,0.026969491852016955,0.06830183609620007,자동승인
R26 x B3 x 9등급,20.0,1.0,0.05,0.04739153301145865,0.028156000510427,0.07437616435940765,자동승인
R26 x B3 x 10등급,39.0,0.0,0.0,0.04175224776748917,0.025665314386921215,0.06623607732051806,자동승인
R26 x B3 x 11등급,9.0,0.0,0.0,0.04583227197929593,0.027975229884211528,0.07285949762027231,자동승인
R26 x B3 x 12등급,9.0,0.0,0.0,0.04583227197929593,0.027736244365943324,0.07143924345416652,자동승인
R26 x B3 x 14등급,2.0,1.0,0.5,0.050235024992146174,0.029938729728363523,0.0798048033106378,자동승인
R26 x B3 x 15등급,2.0,0.0,0.0,0.04690169165881283,0.02800354234212949,0.07555069357673096,사람심사
R26 x B4 x 4등급,81.0,4.0,0.04938271604938271,0.04767943930776742,0.029614637194157432,0.0719220035788568,자동승인
R26 x B4 x 5등급,73.0,4.0,0.0547945205479452,0.048707567379093944,0.030422892405089202,0.07400762095465065,자동승인
R26 x B4 x 6등급,40.0,3.0,0.075,0.050504460052200745,0.030906425498841036,0.07719813099962956,자동승인
R26 x B4 x 7등급,36.0,1.0,0.027777777777777776,0.045121279933065424,0.027966611288006565,0.07040872911603914,자동승인
R26 x B4 x 8등급,9.0,1.0,0.1111111111111111,0.04908960096952395,0.029433462806829683,0.07748979604662301,자동승인
R26 x B4 x 9등급,3.0,0.0,0.0,0.04674587208519552,0.027848003067574408,0.07462027349544599,사람심사
R26 x B4 x 11등급,5.0,0.0,0.0,0.04643731847407211,0.027704427620581517,0.07427522343964212,사람심사
R26 x B4 x 13등급,2.0,0.0,0.0,0.04690169165881283,0.027826739610688787,0.07459178110256387,자동승인
R26 x B4 x 14등급,2.0,0.0,0.0,0.04690169165881283,0.028193105689079852,0.07509758501653249,사람심사
R26 x B5 x 4등급,43.0,2.0,0.046511627906976744,0.04712758796963007,0.028805476510144153,0.07298692961660666,자동승인
R26 x B5 x 5등급,214.0,8.0,0.037383177570093455,0.04310645995633565,0.028424788335291273,0.06247501969100294,자동승인
R26 x B5 x 6등급,100.0,8.0,0.08,0.05545353642624083,0.035865351823661,0.08110054772896187,자동승인
R26 x B5 x 7등급,116.0,9.0,0.07758620689655173,0.05572586352087887,0.035740986787418036,0.08288468756903854,자동승인
R26 x B5 x 8등급,34.0,1.0,0.029411764705882353,0.04539309487242124,0.027689227138580037,0.07068999918475748,자동승인
R26 x B5 x 9등급,7.0,1.0,0.14285714285714285,0.049411499992274927,0.02958723185607231,0.07828815019753814,자동승인
R26 x B5 x 10등급,19.0,1.0,0.05263157894736842,0.04754103311559575,0.028647697279794365,0.07480866767165135,자동승인
R26 x B5 x 11등급,3.0,0.0,0.0,0.04674587208519552,0.028394739075873313,0.0741042217095335,자동승인
R26 x B6 x 4등급,77.0,5.0,0.06493506493506493,0.050854686660383605,0.032039841297309586,0.07598382665860527,자동승인
R26 x B6 x 5등급,36.0,2.0,0.05555555555555555,0.04811529190911333,0.02973693118392879,0.07448528849222183,자동승인
R26 x B6 x 6등급,79.0,5.0,0.06329113924050633,0.05058490052425425,0.031224207519317353,0.07698362141208312,자동승인
R26 x B6 x 7등급,94.0,5.0,0.05319148936170213,0.04864925382052003,0.03046824190091314,0.07249527231033726,자동승인
R26 x B6 x 8등급,32.0,1.0,0.03125,0.0456682045383147,0.028074197731939,0.0706118404421712,자동승인
R26 x B6 x 9등급,22.0,3.0,0.13636363636363635,0.05334533593013704,0.03238988484051078,0.08256360257085413,자동승인
R26 x B6 x 10등급,2.0,0.0,0.0,0.04690169165881283,0.02799821065960091,0.07434248645142823,자동승인
R31 x B1 x 4등급,856.0,35.0,0.04088785046728972,0.0425221035508179,0.03229197142643377,0.054675933077805085,자동승인
R31 x B1 x 5등급,842.0,23.0,0.027315914489311165,0.03251798903302092,0.02435644900168926,0.04449577732129314,자동승인
R31 x B1 x 6등급,2072.0,82.0,0.03957528957528957,0.04053607911292989,0.03289332542202013,0.04871514974943888,자동승인
R31 x B1 x 7등급,1313.0,61.0,0.046458492003046456,0.046598701115855894,0.036898412092634225,0.057705121962930817,자동승인
R31 x B1 x 8등급,138.0,3.0,0.021739130434782608,0.03915254013221067,0.025427101251625252,0.05931392839030839,자동승인
R31 x B1 x 9등급,237.0,9.0,0.0379746835443038,0.04312244392082963,0.028874175228160895,0.06203316817621211,자동승인
R31 x B1 x 10등급,80.0,2.0,0.025,0.04251457009958691,0.026516156176181478,0.06516448908215584,자동승인
R31 x B1 x 11등급,67.0,4.0,0.05970149253731343,0.049508239719572196,0.030926569429115234,0.07506316569478655,자동승인
R31 x B1 x 12등급,25.0,1.0,0.04,0.04665791794936177,0.02845666020071317,0.07295270852977588,자동승인
R31 x B1 x 13등급,2.0,0.0,0.0,0.04690169165881283,0.028226161409067103,0.07333195760585197,자동승인
R31 x B1 x 14등급,5.0,1.0,0.2,0.04973764850707542,0.0296087208934717,0.07841206748196244,자동승인
R31 x B10 x 5등급,10.0,0.0,0.0,0.045683465901441074,0.027380948718889065,0.07235057403525527,자동승인
R31 x B10 x 6등급,53.0,4.0,0.07547169811320754,0.05148292734371468,0.03198713954639053,0.07801527193165365,자동승인
R31 x B10 x 7등급,91.0,1.0,0.01098901098901099,0.03874166451836466,0.024846446491355194,0.06009877201824483,자동승인
R31 x B10 x 8등급,111.0,3.0,0.02702702702702703,0.04173718214582849,0.026651174635515813,0.06333370097300146,자동승인
R31 x B10 x 9등급,71.0,1.0,0.014084507042253521,0.04084148373345217,0.025906755109194924,0.0635444964347193,자동승인
R31 x B10 x 10등급,70.0,1.0,0.014285714285714285,0.04095246602620612,0.025183840703752593,0.06441122538238703,자동승인
R31 x B10 x 11등급,22.0,1.0,0.045454545454545456,0.04709533593013704,0.028161567824031387,0.07442984273467816,자동승인
R31 x B10 x 12등급,63.0,6.0,0.09523809523809523,0.0555969736776838,0.03521667837090051,0.0839259749933372,자동승인
R31 x B10 x 13등급,15.0,2.0,0.13333333333333333,0.05134347443336694,0.030462638126887483,0.08086929257825365,자동승인
R31 x B10 x 14등급,30.0,0.0,0.0,0.042897888712328816,0.026475337159900643,0.06695669215658885,자동승인
R31 x B10 x 15등급,3.0,0.0,0.0,0.04674587208519552,0.028086631614456133,0.07434994561765379,자동승인
R31 x B11 x 4등급,15.0,0.0,0.0,0.04495369807553946,0.026970977229751412,0.072072607669459,사람심사
R31 x B11 x 5등급,16.0,0.0,0.0,0.044810533431986786,0.02732165784004262,0.07125521767108102,자동승인
R31 x B11 x 6등급,13.0,0.0,0.0,0.04524278938149148,0.027309726367171376,0.07202800604518389,자동승인
R31 x B11 x 7등급,234.0,5.0,0.021367521367521368,0.03584681860459371,0.02392228541025268,0.053972396623256945,자동승인
R31 x B11 x 8등급,39.0,0.0,0.0,0.04175224776748917,0.026254084519909914,0.06463109064607238,자동승인
R31 x B11 x 9등급,19.0,4.0,0.21052631578947367,0.05700475551307209,0.03517722561317822,0.08844517502459576,자동승인
R31 x B11 x 10등급,32.0,0.0,0.0,0.042637901508011666,0.0262977806707616,0.06701403573926804,자동승인
R31 x B11 x 11등급,52.0,2.0,0.038461538461538464,0.04591573570755386,0.0284233260082841,0.07028989082918854,자동승인
R31 x B11 x 12등급,7.0,0.0,0.0,0.046132811467684755,0.027913615365655665,0.07320728268118118,자동승인
R31 x B11 x 13등급,25.0,0.0,0.0,0.043561942717163626,0.02659478803475319,0.06918100450058957,자동승인
R31 x B11 x 14등급,11.0,0.0,0.0,0.0455356229697212,0.027280869866301488,0.07301945988994196,사람심사
R31 x B11 x 15등급,6.0,0.0,0.0,0.04628456413698635,0.028104487908627813,0.07352424093958611,자동승인
R31 x B12 x 4등급,2442.0,83.0,0.033988533988533985,0.03542719251738827,0.02909042252268841,0.0429079163817218,자동승인
R31 x B12 x 5등급,879.0,56.0,0.06370875995449374,0.05953314145934056,0.04696638488971768,0.07365757460758848,자동승인
R31 x B12 x 6등급,1106.0,66.0,0.059674502712477394,0.05703027599547283,0.04536245177285199,0.06973413103810092,자동승인
R31 x B12 x 7등급,2161.0,77.0,0.03563165201295696,0.037035586619619296,0.03020018191433895,0.0451014759776002,자동승인
R31 x B12 x 8등급,587.0,11.0,0.018739352640545145,0.02832825705948458,0.020873777194839703,0.04131128264719674,자동승인
R31 x B12 x 9등급,283.0,14.0,0.04946996466431095,0.048314126501968764,0.03307888218017118,0.06735472592543783,자동승인
R31 x B12 x 10등급,345.0,27.0,0.0782608695652174,0.06387326204921283,0.046411372734155354,0.0859950316990636,자동승인
R31 x B12 x 11등급,277.0,12.0,0.04332129963898917,0.045340013039380615,0.030651142280631927,0.0632602930554368,자동승인
R31 x B12 x 12등급,167.0,5.0,0.029940119760479042,0.04101184408095452,0.026590399675344146,0.06030095901182079,자동승인
R31 x B12 x 13등급,13.0,0.0,0.0,0.04524278938149148,0.026912336741851804,0.07189560046794304,자동승인
R31 x B12 x 14등급,4.0,0.0,0.0,0.04659108442928427,0.02774036435641827,0.07336126803503104,자동승인
R31 x B12 x 15등급,18.0,1.0,0.05555555555555555,0.04769147942292359,0.028919344565032576,0.07479351311827105,자동승인
R31 x B13 x 4등급,20.0,1.0,0.05,0.04739153301145865,0.029179885908363044,0.07508564587141889,자동승인
R31 x B13 x 5등급,17.0,2.0,0.11764705882352941,0.05101748411950429,0.03064204616165488,0.08053927537712477,자동승인
R31 x B13 x 6등급,94.0,2.0,0.02127659574468085,0.04099619259603023,0.026131604254355095,0.06317593798852947,자동승인
R31 x B13 x 7등급,38.0,0.0,0.0,0.041876510409654316,0.025444518680720604,0.06674195300806864,자동승인
R31 x B13 x 8등급,42.0,2.0,0.047619047619047616,0.04726619852248192,0.02903073798335231,0.07279720924853468,자동승인
R31 x B13 x 9등급,87.0,1.0,0.011494252873563218,0.03914417531855546,0.02496480703747071,0.06108726272430455,자동승인
R31 x B13 x 10등급,24.0,2.0,0.08333333333333333,0.04990840837777594,0.030789448452028356,0.07807122676683811,자동승인
R31 x B13 x 11등급,27.0,3.0,0.1111111111111111,0.05252463845428878,0.03199132594047834,0.08052863380026347,자동승인
R31 x B13 x 13등급,1.0,0.0,0.0,0.04705855350382559,0.02873575181727651,0.07475882117081291,자동승인
R31 x B13 x 14등급,8.0,1.0,0.125,0.04925002450210409,0.0294387867834922,0.07738248709675581,자동승인
R31 x B14 x 4등급,39.0,3.0,0.07692307692307693,0.05065432491882449,0.030875193081666006,0.07743198844623897,자동승인
R31 x B14 x 5등급,14.0,1.0,0.07142857142857142,0.0483029086462944,0.02901965625964268,0.07685590610723032,자동승인
R31 x B14 x 6등급,6.0,0.0,0.0,0.04628456413698635,0.02756537394359621,0.07432155886645303,사람심사
R31 x B14 x 7등급,6.0,1.0,0.16666666666666666,0.04957403782119688,0.029850883159618032,0.07815316493010271,자동승인
R31 x B14 x 8등급,3.0,0.0,0.0,0.04674587208519552,0.027703032996286108,0.07561938723712193,사람심사
R31 x B14 x 9등급,14.0,1.0,0.07142857142857142,0.0483029086462944,0.02944842318912928,0.07592067365483435,자동승인
R31 x B14 x 10등급,1.0,0.0,0.0,0.04705855350382559,0.027905156592138804,0.07518314022413958,사람심사
R31 x B14 x 11등급,6.0,1.0,0.16666666666666666,0.04957403782119688,0.029469267933509267,0.07895317475733599,자동승인
R31 x B14 x 13등급,3.0,0.0,0.0,0.04674587208519552,0.0285231437114931,0.07428108602447726,자동승인
R31 x B14 x 14등급,5.0,1.0,0.2,0.04973764850707542,0.02941932216403601,0.07968979282331796,사람심사
R31 x B2 x 4등급,892.0,39.0,0.043721973094170405,0.04459706512407047,0.033932356454452854,0.05692794561152677,자동승인
R31 x B2 x 5등급,1694.0,55.0,0.032467532467532464,0.03467394954700996,0.027739650604137106,0.04329638650943703,자동승인
R31 x B2 x 6등급,1572.0,58.0,0.03689567430025445,0.03854037834098601,0.030688502803502632,0.04767053020895823,자동승인
R31 x B2 x 7등급,1040.0,42.0,0.04038461538461539,0.041906208892110504,0.03206262486741422,0.05310321324393992,자동승인
R31 x B2 x 8등급,204.0,10.0,0.049019607843137254,0.04794921812279652,0.03179231488019757,0.0678951690088934,자동승인
R31 x B2 x 9등급,102.0,3.0,0.029411764705882353,0.04267626874410963,0.027036529627641574,0.06494814030395955,자동승인
R31 x B2 x 10등급,96.0,7.0,0.07291666666666667,0.05347844542549201,0.03406493678448831,0.07885555221945732,자동승인
R31 x B2 x 11등급,65.0,1.0,0.015384615384615385,0.0415165495802861,0.02605914915879772,0.06425252209265116,자동승인
R31 x B2 x 12등급,3.0,0.0,0.0,0.04674587208519552,0.02789721599688727,0.07479700065799345,사람심사
R31 x B2 x 14등급,2.0,1.0,0.5,0.050235024992146174,0.029759162492509927,0.07898006329417621,자동승인
R31 x B2 x 15등급,1.0,0.0,0.0,0.04705855350382559,0.027974551297591414,0.07504472129625744,사람심사
R31 x B3 x 4등급,298.0,14.0,0.04697986577181208,0.047098166942355454,0.03196183557603759,0.06556843920289344,자동승인
R31 x B3 x 5등급,839.0,32.0,0.03814064362336114,0.04051935575870172,0.030626533896867005,0.05243851978680305,자동승인
R31 x B3 x 6등급,859.0,30.0,0.034924330616996506,0.038090326272812315,0.028739190848980176,0.049632347348787756,자동승인
R31 x B3 x 7등급,334.0,22.0,0.0658682634730539,0.057073587812727616,0.04032462731022864,0.07680699371826959,자동승인
R31 x B3 x 8등급,82.0,2.0,0.024390243902439025,0.04229080920432593,0.02692402741634538,0.06442463341309085,자동승인
R31 x B3 x 9등급,116.0,6.0,0.05172413793103448,0.04847948670928467,0.030878000464353125,0.07147856180247669,자동승인
R31 x B3 x 10등급,50.0,4.0,0.08,0.051926745682884634,0.03218747184168467,0.07957590571006888,자동승인
R31 x B3 x 11등급,19.0,1.0,0.05263157894736842,0.04754103311559575,0.028641051145995085,0.07452048345258327,자동승인
R31 x B3 x 12등급,1.0,0.0,0.0,0.04705855350382559,0.028574775077755837,0.0743708750013124,자동승인
R31 x B3 x 13등급,2.0,0.0,0.0,0.04690169165881283,0.028047717109125583,0.0747123982723101,자동승인
R31 x B3 x 14등급,18.0,1.0,0.05555555555555555,0.04769147942292359,0.028652527328241806,0.07617832300636558,자동승인
R31 x B3 x 15등급,3.0,0.0,0.0,0.04674587208519552,0.027587632009434596,0.07412995150334785,자동승인
R31 x B4 x 4등급,394.0,15.0,0.03807106598984772,0.042009403898329266,0.029338735495529684,0.057893578929583515,자동승인
R31 x B4 x 5등급,353.0,6.0,0.0169971671388102,0.0308302726538308,0.021714808162333576,0.046563026281445256,자동승인
R31 x B4 x 6등급,215.0,7.0,0.03255813953488372,0.04107311403049484,0.027312038063838497,0.05946861734605245,자동승인
R31 x B4 x 7등급,185.0,1.0,0.005405405405405406,0.031201878877109426,0.021493816648154494,0.049758721682757856,자동승인
R31 x B4 x 8등급,62.0,0.0,0.0,0.039084743049010696,0.025070864986384504,0.060816380125711764,자동승인
R31 x B4 x 9등급,19.0,2.0,0.10526315789473684,0.05069560724808786,0.03072900079577019,0.0802999527665949,자동승인
R31 x B4 x 10등급,33.0,4.0,0.12121212121212122,0.05459367824061587,0.03426850213845007,0.08436067587183507,자동승인
R31 x B4 x 11등급,23.0,1.0,0.043478260869565216,0.04694862148798708,0.028135770090433387,0.07458729991854288,자동승인
R31 x B4 x 12등급,12.0,0.0,0.0,0.04538873386336726,0.027309978714888664,0.0713147888318839,자동승인
R31 x B4 x 14등급,1.0,0.0,0.0,0.04705855350382559,0.02801930462950935,0.07614604107804214,사람심사
R31 x B4 x 15등급,3.0,1.0,0.3333333333333333,0.05006813122140815,0.02982288624340122,0.07944609390881621,자동승인
R31 x B5 x 4등급,203.0,11.0,0.054187192118226604,0.050040933129029644,0.03272643416765222,0.07218083219969876,자동승인
R31 x B5 x 5등급,578.0,34.0,0.058823529411764705,0.05487500855895417,0.04095931581965526,0.07137807371408697,자동승인
R31 x B5 x 6등급,252.0,12.0,0.047619047619047616,0.04740092272298882,0.03245403269194228,0.06576452456521166,자동승인
R31 x B5 x 7등급,202.0,5.0,0.024752475247524754,0.03814101499528771,0.025568166906489723,0.05654857720553681,자동승인
R31 x B5 x 8등급,34.0,2.0,0.058823529411764705,0.04840514306519233,0.029259718986427798,0.07547246585696617,자동승인
R31 x B5 x 9등급,24.0,0.0,0.0,0.04369722825355233,0.026579458565573512,0.07004230058405873,자동승인
R31 x B5 x 10등급,69.0,2.0,0.028985507246376812,0.043788848767421944,0.027491016904688723,0.06697240597787449,자동승인
R31 x B5 x 11등급,10.0,3.0,0.3,0.05542372564170082,0.03339597174732517,0.08819009138997955,자동승인
R31 x B5 x 14등급,1.0,0.0,0.0,0.04705855350382559,0.02883399975850062,0.07532368181129581,자동승인
R31 x B6 x 4등급,209.0,15.0,0.07177033492822966,0.05733827908805494,0.03909568388002952,0.08043822189115571,자동승인
R31 x B6 x 5등급,165.0,4.0,0.024242424242424242,0.03902917386100184,0.02546983628440044,0.05820050553798036,자동승인
R31 x B6 x 6등급,228.0,8.0,0.03508771929824561,0.04195913972936094,0.028008402235360056,0.06024867223749375,자동승인
R31 x B6 x 7등급,183.0,1.0,0.00546448087431694,0.031331616419217986,0.021415590830056636,0.04947546513301626,자동승인
R31 x B6 x 8등급,84.0,5.0,0.05952380952380952,0.049922794496449874,0.031495588648233146,0.07443944060101632,자동승인
R31 x B6 x 9등급,41.0,0.0,0.0,0.04150592182195826,0.02553727416667444,0.06574643280767913,자동승인
R31 x B6 x 10등급,17.0,0.0,0.0,0.044668277770297936,0.027214519199342688,0.07069796651786248,자동승인
R31 x B6 x 11등급,11.0,0.0,0.0,0.0455356229697212,0.027654466247786152,0.07234464633972412,자동승인
R41 x B1 x 4등급,323.0,12.0,0.03715170278637771,0.04198149355498205,0.029123426508424782,0.05926215858975243,자동승인
R41 x B1 x 5등급,417.0,16.0,0.03836930455635491,0.04205665384285853,0.02955104938100424,0.05795082676430891,자동승인
R41 x B1 x 6등급,618.0,23.0,0.0372168284789644,0.040469986351139575,0.029031076404967705,0.05396699400681297,자동승인
R41 x B1 x 7등급,569.0,16.0,0.028119507908611598,0.03468339965126165,0.025271394521449626,0.04768557801506835,자동승인
R41 x B1 x 8등급,42.0,1.0,0.023809523809523808,0.04432502205189368,0.02749395620240923,0.0699850157004128,자동승인
R41 x B1 x 9등급,89.0,8.0,0.0898876404494382,0.05702973513603063,0.03636323031311592,0.08557722097992955,자동승인
R41 x B1 x 10등급,19.0,0.0,0.0,0.04438645898310363,0.026936923053440618,0.07020346637321397,자동승인
R41 x B1 x 11등급,31.0,2.0,0.06451612903225806,0.04884652734846156,0.029789072524297355,0.07505462986554991,자동승인
R41 x B1 x 13등급,14.0,0.0,0.0,0.04509778044116619,0.027242097586851196,0.07072656021266716,자동승인
R41 x B10 x 5등급,12.0,0.0,0.0,0.04538873386336726,0.027522625839353713,0.0719354248946758,자동승인
R41 x B10 x 6등급,28.0,2.0,0.07142857142857142,0.049296035268846176,0.02947572197087215,0.07721398979144906,자동승인
R41 x B10 x 7등급,56.0,5.0,0.08928571428571429,0.053871490106338564,0.03336651415580888,0.08177143474550451,자동승인
R41 x B10 x 8등급,29.0,1.0,0.034482758620689655,0.046087178891877224,0.027928843485321635,0.07146265965740334,자동승인
R41 x B10 x 9등급,27.0,0.0,0.0,0.04329386922351954,0.02628149278817551,0.06851558693257696,자동승인
R41 x B10 x 10등급,6.0,0.0,0.0,0.04628456413698635,0.027929331206799912,0.0737482512044455,자동승인
R41 x B10 x 11등급,9.0,0.0,0.0,0.04583227197929593,0.027243769987232064,0.0721822821289777,자동승인
R41 x B10 x 12등급,6.0,0.0,0.0,0.04628456413698635,0.027561393835005454,0.07442174908205991,사람심사
R41 x B10 x 13등급,5.0,0.0,0.0,0.04643731847407211,0.02796308464645306,0.07418317794032063,자동승인
R41 x B10 x 14등급,5.0,0.0,0.0,0.04643731847407211,0.02768049110412025,0.07430366815011788,사람심사
R41 x B11 x 4등급,1.0,0.0,0.0,0.04705855350382559,0.028244898048704867,0.07348031167371846,자동승인
R41 x B11 x 7등급,89.0,1.0,0.011235955056179775,0.038941879838873004,0.024990956631137196,0.059807287923609176,자동승인
R41 x B11 x 8등급,31.0,1.0,0.03225806451612903,0.04580701367065001,0.02773023360349702,0.0726308514001256,자동승인
R41 x B11 x 9등급,32.0,2.0,0.0625,0.04869850756861773,0.029854463733018127,0.07577979162614994,자동승인
R41 x B11 x 10등급,30.0,2.0,0.06666666666666667,0.04899544968793858,0.029777553234928898,0.07588152334347317,자동승인
R41 x B11 x 11등급,7.0,0.0,0.0,0.046132811467684755,0.027600933370518863,0.07290879274947111,자동승인
R41 x B11 x 12등급,5.0,0.0,0.0,0.04643731847407211,0.027505006494596307,0.07397099792235902,사람심사
R41 x B11 x 13등급,34.0,3.0,0.08823529411764706,0.05141719125796341,0.03159245877396957,0.0792213288256591,자동승인
R41 x B11 x 14등급,6.0,2.0,0.3333333333333333,0.05286351150540741,0.03165230641084043,0.08460313916197416,사람심사
R41 x B11 x 15등급,3.0,0.0,0.0,0.04674587208519552,0.027518026804898794,0.07502744098273784,사람심사
R41 x B12 x 4등급,843.0,34.0,0.04033214709371293,0.04213015556322862,0.03195828464428292,0.054059245103594944,자동승인
R41 x B12 x 5등급,469.0,40.0,0.08528784648187633,0.07049609843239094,0.05406042433568174,0.09200385035510038,자동승인
R41 x B12 x 6등급,505.0,19.0,0.03762376237623762,0.04118369551387777,0.02935936114896102,0.05575724461351448,자동승인
R41 x B12 x 7등급,733.0,35.0,0.047748976807639835,0.04759506061847124,0.0356971207806855,0.06071216386156605,자동승인
R41 x B12 x 8등급,417.0,11.0,0.026378896882494004,0.03506364684985154,0.0244515275325178,0.049954994439405875,자동승인
R41 x B12 x 9등급,170.0,12.0,0.07058823529411765,0.055706212601803105,0.037298694423048555,0.07918920366698544,자동승인
R41 x B12 x 10등급,230.0,19.0,0.08260869565217391,0.06263353692735578,0.04357354217497645,0.08655729338242621,자동승인
R41 x B12 x 11등급,101.0,4.0,0.039603960396039604,0.04528949247529788,0.02867059689334529,0.06855551568547195,자동승인
R41 x B12 x 12등급,68.0,2.0,0.029411764705882353,0.04390849043072091,0.02784739839152878,0.06644302381850395,자동승인
R41 x B12 x 13등급,7.0,0.0,0.0,0.046132811467684755,0.02779067672613977,0.07331139759124768,자동승인
R41 x B12 x 15등급,37.0,0.0,0.0,0.04200151491833985,0.02597187840642644,0.06635668699116297,자동승인
R41 x B13 x 4등급,13.0,0.0,0.0,0.04524278938149148,0.027351108179049677,0.07202991418211642,자동승인
R41 x B13 x 5등급,8.0,0.0,0.0,0.04598205064589494,0.027220635452085556,0.07243240387831619,자동승인
R41 x B13 x 6등급,47.0,4.0,0.0851063829787234,0.052378282601866236,0.032635333567660685,0.07891124768684837,자동승인
R41 x B13 x 7등급,60.0,1.0,0.016666666666666666,0.04209638965822305,0.026375028914507843,0.06607970480930493,자동승인
R41 x B13 x 8등급,21.0,0.0,0.0,0.044108173973805176,0.02648437499930067,0.06921463220151433,자동승인
R41 x B13 x 9등급,11.0,0.0,0.0,0.0455356229697212,0.027599152290979135,0.07217079575356121,자동승인
R41 x B13 x 10등급,18.0,1.0,0.05555555555555555,0.04769147942292359,0.028604233869674336,0.07534169157967167,자동승인
R41 x B13 x 11등급,5.0,0.0,0.0,0.04643731847407211,0.02811770859967134,0.07370374702080333,자동승인
R41 x B14 x 4등급,7.0,0.0,0.0,0.046132811467684755,0.027621600949973752,0.07431387259664304,사람심사
R41 x B14 x 5등급,6.0,0.0,0.0,0.04628456413698635,0.028064535002777505,0.07346588189812675,자동승인
R41 x B14 x 6등급,17.0,1.0,0.058823529411764705,0.04784288094490112,0.028808275517106324,0.07602962444768191,자동승인
R41 x B14 x 7등급,16.0,0.0,0.0,0.044810533431986786,0.02713958280481184,0.07130561640702503,자동승인
R41 x B14 x 8등급,1.0,0.0,0.0,0.04705855350382559,0.028266119908751892,0.07339952767741185,자동승인
R41 x B14 x 9등급,14.0,0.0,0.0,0.04509778044116619,0.027022915190631238,0.0721646899585047,사람심사
R41 x B14 x 10등급,7.0,1.0,0.14285714285714285,0.049411499992274927,0.029820934040689466,0.07877378913060418,자동승인
R41 x B14 x 11등급,2.0,0.0,0.0,0.04690169165881283,0.028025985604014873,0.07628865013581147,사람심사
R41 x B14 x 13등급,5.0,0.0,0.0,0.04643731847407211,0.028003182886559386,0.07367944286502735,자동승인
R41 x B2 x 4등급,564.0,23.0,0.040780141843971635,0.043005229115596115,0.031046725760464283,0.057452886806465986,자동승인
R41 x B2 x 5등급,799.0,35.0,0.04380475594493116,0.04473154739985766,0.033197397680233984,0.057583248141165305,자동승인
R41 x B2 x 6등급,927.0,47.0,0.05070118662351672,0.0498534755082807,0.038436687629541756,0.06239286713475606,자동승인
R41 x B2 x 7등급,582.0,28.0,0.048109965635738834,0.0478073948836862,0.034883598973586845,0.06275139606264768,자동승인
R41 x B2 x 8등급,70.0,2.0,0.02857142857142857,0.043669857330553945,0.02764564257009024,0.06618344329093555,자동승인
R41 x B2 x 9등급,94.0,4.0,0.0425531914893617,0.04609823341235677,0.029255287766404705,0.06859731305489479,자동승인
R41 x B2 x 10등급,58.0,2.0,0.034482758620689655,0.045141874993381605,0.027634010544509334,0.06968336010911969,자동승인
R41 x B2 x 11등급,25.0,1.0,0.04,0.04665791794936177,0.02848112688591105,0.07258594903464416,자동승인
R41 x B2 x 13등급,6.0,0.0,0.0,0.04628456413698635,0.028093369485313255,0.07359895206765048,자동승인
R41 x B3 x 4등급,116.0,0.0,0.0,0.03398673308609626,0.022255386554284516,0.054407595293582536,자동승인
R41 x B3 x 5등급,256.0,14.0,0.0546875,0.05066878609683006,0.034386619960117396,0.0711048991322808,자동승인
R41 x B3 x 6등급,237.0,13.0,0.05485232067510549,0.05059907943484832,0.03439512453115117,0.07076645864808608,자동승인
R41 x B3 x 7등급,189.0,9.0,0.047619047619047616,0.04737270533397095,0.031368522467750556,0.06805694865017005,자동승인
R41 x B3 x 8등급,44.0,2.0,0.045454545454545456,0.04698978800480658,0.028771151441364454,0.07217709040295758,자동승인
R41 x B3 x 9등급,43.0,0.0,0.0,0.04126248533033387,0.025916058437072977,0.0639624201703225,자동승인
R41 x B3 x 10등급,8.0,3.0,0.375,0.055785972214522396,0.03393003272282663,0.08847054355873006,자동승인
R41 x B3 x 11등급,28.0,0.0,0.0,0.043161065943692796,0.026674650841999305,0.06872770167895297,자동승인
R41 x B3 x 12등급,7.0,0.0,0.0,0.046132811467684755,0.02758761796471684,0.07317212798316676,자동승인
R41 x B3 x 14등급,11.0,1.0,0.09090909090909091,0.048771868924413764,0.028978750681993414,0.07736760039811166,자동승인
R41 x B3 x 15등급,7.0,0.0,0.0,0.046132811467684755,0.027890377952378278,0.07338770102884341,자동승인
R41 x B4 x 4등급,135.0,5.0,0.037037037037037035,0.044042742488784876,0.028267291234724552,0.06536900102279537,자동승인
R41 x B4 x 5등급,217.0,15.0,0.06912442396313365,0.05644758737406573,0.038800660109623866,0.0790791783337038,자동승인
R41 x B4 x 6등급,149.0,8.0,0.053691275167785234,0.0493747371311943,0.03217905414628546,0.07194541888452397,자동승인
R41 x B4 x 7등급,177.0,8.0,0.04519774011299435,0.046464226310829165,0.030504903879183587,0.06742628218090424,자동승인
R41 x B4 x 8등급,35.0,2.0,0.05714285714285714,0.04825978227520676,0.029236056535467302,0.07488346830168488,자동승인
R41 x B4 x 9등급,8.0,0.0,0.0,0.04598205064589494,0.027432576335602157,0.07380427617182862,사람심사
R41 x B4 x 10등급,14.0,2.0,0.14285714285714285,0.051508036851422606,0.031386504096812144,0.07994038180009212,자동승인
R41 x B4 x 11등급,4.0,0.0,0.0,0.04659108442928427,0.02778640720087545,0.07400716640652465,자동승인
R41 x B4 x 12등급,4.0,1.0,0.25,0.04990234270742998,0.03016432581331415,0.07868473813004734,자동승인
R41 x B5 x 4등급,207.0,10.0,0.04830917874396135,0.04766437128246307,0.031609632162696924,0.06796585205312897,자동승인
R41 x B5 x 5등급,461.0,24.0,0.052060737527114966,0.05015877140664539,0.035840092203366064,0.06665579318066546,자동승인
R41 x B5 x 6등급,251.0,6.0,0.02390438247011952,0.036558301452903195,0.024672250610267656,0.05399749416243068,자동승인
R41 x B5 x 7등급,270.0,14.0,0.05185185185185185,0.04941990756627439,0.033702368412405544,0.06912531467027803,자동승인
R41 x B5 x 8등급,46.0,1.0,0.021739130434782608,0.04380961481873213,0.02632669554709164,0.06866690126936252,자동승인
R41 x B5 x 9등급,16.0,1.0,0.0625,0.04799524680778297,0.029017171004780833,0.07562387442788976,자동승인
R41 x B5 x 10등급,4.0,0.0,0.0,0.04659108442928427,0.028165776045496724,0.07313395411435725,자동승인
R41 x B5 x 11등급,8.0,0.0,0.0,0.04598205064589494,0.027723869437785844,0.07317538410143766,자동승인
R41 x B6 x 4등급,140.0,4.0,0.02857142857142857,0.04125686643297683,0.027014394140531695,0.062096967785332476,자동승인
R41 x B6 x 5등급,122.0,9.0,0.07377049180327869,0.054929779756294886,0.03555737941130716,0.08087701463732713,자동승인
R41 x B6 x 6등급,90.0,9.0,0.1,0.05946007087021611,0.03845590889322667,0.08860954751654374,자동승인
R41 x B6 x 7등급,145.0,5.0,0.034482758620689655,0.04304854965608093,0.02789318443361274,0.06387372099638257,자동승인
R41 x B6 x 8등급,11.0,0.0,0.0,0.0455356229697212,0.027402305545379563,0.07266675863911233,자동승인
R41 x B6 x 9등급,9.0,0.0,0.0,0.04583227197929593,0.0277040321261351,0.07239989304969817,자동승인
R41 x B6 x 10등급,10.0,0.0,0.0,0.045683465901441074,0.027324022177804448,0.07265888097914923,자동승인
R41 x B6 x 11등급,5.0,0.0,0.0,0.04643731847407211,0.028097437561420278,0.07428504078643497,자동승인
R42 x B1 x 4등급,54.0,2.0,0.037037037037037035,0.045654850845579124,0.028344711816374598,0.07068742625459488,자동승인
R42 x B1 x 5등급,57.0,7.0,0.12280701754385964,0.05935354224688409,0.037563036966419695,0.09051133661735969,자동승인
R42 x B1 x 6등급,110.0,4.0,0.03636363636363636,0.04429045955304866,0.028108792445056645,0.06643912844070463,자동승인
R42 x B1 x 7등급,103.0,5.0,0.04854368932038835,0.04755737530584502,0.030039227359075802,0.07051434476368436,자동승인
R42 x B1 x 8등급,18.0,0.0,0.0,0.04452692246089826,0.026722882299750932,0.07056502652747917,자동승인
R42 x B1 x 9등급,7.0,0.0,0.0,0.046132811467684755,0.02747452031103161,0.07366944472555507,사람심사
R42 x B1 x 10등급,1.0,1.0,1.0,0.050403035109176764,0.029793683291128848,0.08085887591179344,사람심사
R42 x B1 x 11등급,6.0,2.0,0.3333333333333333,0.05286351150540741,0.032001120970630584,0.08417764277337089,자동승인
R42 x B1 x 12등급,2.0,0.0,0.0,0.04690169165881283,0.028178616569765027,0.07463696957495565,자동승인
R42 x B1 x 14등급,5.0,0.0,0.0,0.04643731847407211,0.02806440572994453,0.07459828660812656,사람심사
R42 x B10 x 7등급,7.0,0.0,0.0,0.046132811467684755,0.02767972781177261,0.07330371749573543,자동승인
R42 x B10 x 8등급,3.0,0.0,0.0,0.04674587208519552,0.028177376770533728,0.07448776188753076,자동승인
R42 x B10 x 10등급,7.0,1.0,0.14285714285714285,0.049411499992274927,0.029312441302749497,0.07842668503200581,자동승인
R42 x B10 x 11등급,7.0,0.0,0.0,0.046132811467684755,0.028205592396362906,0.07297490582561336,자동승인
R42 x B10 x 12등급,16.0,2.0,0.125,0.05117996018357915,0.03108714584140294,0.08071393230861132,자동승인
R42 x B10 x 13등급,4.0,0.0,0.0,0.04659108442928427,0.027882081328051013,0.07375344761755541,자동승인
R42 x B10 x 15등급,8.0,0.0,0.0,0.04598205064589494,0.027741256111438527,0.07334506556417673,자동승인
R42 x B11 x 7등급,13.0,2.0,0.15384615384615385,0.05167365754869406,0.03115733561611799,0.08057859268685871,자동승인
R42 x B11 x 8등급,5.0,1.0,0.2,0.04973764850707542,0.029156517878805268,0.08023981721228281,사람심사
R42 x B11 x 9등급,1.0,0.0,0.0,0.04705855350382559,0.028369029091263,0.07545480952116349,사람심사
R42 x B11 x 10등급,4.0,0.0,0.0,0.04659108442928427,0.027974778175590437,0.07408732789667002,자동승인
R42 x B11 x 11등급,6.0,0.0,0.0,0.04628456413698635,0.027935687702521493,0.07383619250680422,자동승인
R42 x B11 x 13등급,4.0,0.0,0.0,0.04659108442928427,0.02810461759183804,0.07431833952332886,자동승인
R42 x B11 x 14등급,2.0,0.0,0.0,0.04690169165881283,0.027417643739627292,0.07638073088708257,사람심사
R42 x B12 x 4등급,141.0,5.0,0.03546099290780142,0.04344079156638691,0.027785701104549834,0.06430229733618675,자동승인
R42 x B12 x 5등급,146.0,20.0,0.136986301369863,0.07673537724694561,0.054872589540567715,0.1124092585567138,자동승인
R42 x B12 x 6등급,112.0,4.0,0.03571428571428571,0.04407440853083867,0.027911062556457093,0.06651287800908916,자동승인
R42 x B12 x 7등급,126.0,11.0,0.0873015873015873,0.05912855541897135,0.038136450020097974,0.0871433734615611,자동승인
R42 x B12 x 8등급,52.0,0.0,0.0,0.04020144999326814,0.025237057320175775,0.06284280415045054,자동승인
R42 x B12 x 9등급,30.0,7.0,0.23333333333333334,0.06423935212696297,0.04085965389650479,0.10281699794119054,자동승인
R42 x B12 x 10등급,44.0,2.0,0.045454545454545456,0.04698978800480658,0.02901888639519068,0.07321661323195197,자동승인
R42 x B12 x 11등급,14.0,0.0,0.0,0.04509778044116619,0.02743003780383943,0.07156682588095888,자동승인
R42 x B12 x 12등급,45.0,0.0,0.0,0.0410218877482328,0.025414721650896893,0.06560701873935479,자동승인
R42 x B12 x 13등급,6.0,0.0,0.0,0.04628456413698635,0.027916970080450493,0.0744860292161747,사람심사
R42 x B12 x 15등급,11.0,0.0,0.0,0.0455356229697212,0.027565588798817597,0.07092477109273636,자동승인
R42 x B13 x 6등급,6.0,0.0,0.0,0.04628456413698635,0.02769211769400078,0.07423321746950277,사람심사
R42 x B13 x 7등급,9.0,0.0,0.0,0.04583227197929593,0.027826324299454325,0.07321311425824997,자동승인
R42 x B13 x 8등급,3.0,0.0,0.0,0.04674587208519552,0.02794299828282794,0.07607457049891682,사람심사
R42 x B13 x 9등급,5.0,0.0,0.0,0.04643731847407211,0.02785579082271275,0.07357059092572257,자동승인
R42 x B13 x 10등급,13.0,2.0,0.15384615384615385,0.05167365754869406,0.031139252679437075,0.08229066718350557,자동승인
R42 x B13 x 13등급,1.0,0.0,0.0,0.04705855350382559,0.0283116776914476,0.07450762513556035,자동승인
R42 x B14 x 4등급,2.0,0.0,0.0,0.04690169165881283,0.028060869274469914,0.0752728581171722,사람심사
R42 x B14 x 6등급,3.0,0.0,0.0,0.04674587208519552,0.028014149344364848,0.07495481280341632,사람심사
R42 x B14 x 8등급,1.0,0.0,0.0,0.04705855350382559,0.028067545839127125,0.07546974509551768,사람심사
R42 x B2 x 4등급,61.0,4.0,0.06557377049180328,0.0503356754809021,0.03132825556135059,0.07567984730890366,자동승인
R42 x B2 x 5등급,97.0,3.0,0.030927835051546393,0.04321647467757937,0.02740241773466972,0.06576865357534582,자동승인
R42 x B2 x 6등급,79.0,5.0,0.06329113924050633,0.05058490052425425,0.031810856075784835,0.07571475100062662,자동승인
R42 x B2 x 7등급,110.0,5.0,0.045454545454545456,0.04674143994520552,0.029572715601222484,0.06998371138552235,자동승인
R42 x B2 x 8등급,16.0,0.0,0.0,0.044810533431986786,0.0269475418139679,0.07278346815404986,사람심사
R42 x B2 x 9등급,12.0,0.0,0.0,0.04538873386336726,0.027730476936139215,0.07190409556130344,자동승인
R42 x B2 x 10등급,7.0,0.0,0.0,0.046132811467684755,0.02775852976129879,0.07352496143800186,자동승인
R42 x B2 x 11등급,19.0,0.0,0.0,0.04438645898310363,0.02709392356812788,0.07012592261088729,자동승인
R42 x B3 x 4등급,19.0,2.0,0.10526315789473684,0.05069560724808786,0.030638925311748024,0.07855719452679025,자동승인
R42 x B3 x 5등급,60.0,5.0,0.08333333333333333,0.05326957401576495,0.033023738882329776,0.08040243008571908,자동승인
R42 x B3 x 6등급,44.0,0.0,0.0,0.041141834788432315,0.02566488667063768,0.0643124620632631,자동승인
R42 x B3 x 7등급,26.0,0.0,0.0,0.04342749227667855,0.026829832614760813,0.06797167862106664,자동승인
R42 x B3 x 8등급,1.0,0.0,0.0,0.04705855350382559,0.02815706388330653,0.07536317166782368,사람심사
R42 x B3 x 9등급,7.0,0.0,0.0,0.046132811467684755,0.027539019884220486,0.07404671502647638,사람심사
R42 x B3 x 10등급,1.0,0.0,0.0,0.04705855350382559,0.02826976412883588,0.07493984724343519,자동승인
R42 x B3 x 11등급,1.0,0.0,0.0,0.04705855350382559,0.027948348531111528,0.07522645481706583,사람심사
R42 x B3 x 15등급,1.0,0.0,0.0,0.04705855350382559,0.028082260808256373,0.07541632677149121,사람심사
R42 x B4 x 4등급,24.0,1.0,0.041666666666666664,0.04680281831566414,0.028268950153184726,0.07338771841271774,자동승인
R42 x B4 x 5등급,49.0,2.0,0.04081632653061224,0.04631270172231658,0.028353893285873996,0.07239947400824996,자동승인
R42 x B4 x 6등급,21.0,2.0,0.09523809523809523,0.05037776645029421,0.030392732450397884,0.07949821601305458,자동승인
R42 x B4 x 7등급,42.0,1.0,0.023809523809523808,0.04432502205189368,0.02715946049429135,0.06991007066205018,자동승인
R42 x B4 x 9등급,2.0,0.0,0.0,0.04690169165881283,0.028071053149377596,0.07548842736480485,사람심사
R42 x B4 x 10등급,9.0,2.0,0.2222222222222222,0.052346929959751966,0.031163793442308903,0.08357082059657495,사람심사
R42 x B4 x 15등급,2.0,0.0,0.0,0.04690169165881283,0.027922864070319457,0.07559160121804048,사람심사
R42 x B5 x 4등급,4.0,0.0,0.0,0.04659108442928427,0.02804363237043691,0.07422051987109922,자동승인
R42 x B5 x 5등급,59.0,5.0,0.0847457627118644,0.05341878850880631,0.033597635329517574,0.08081986608411161,자동승인
R42 x B5 x 6등급,35.0,0.0,0.0,0.04225377626920075,0.025635576918792154,0.06694138521267726,자동승인
R42 x B5 x 7등급,38.0,1.0,0.02631578947368421,0.044852700885844796,0.02718388883067577,0.06998965629075876,자동승인
R42 x B5 x 8등급,1.0,0.0,0.0,0.04705855350382559,0.028481970561510125,0.07422206158402105,자동승인
R42 x B5 x 9등급,6.0,0.0,0.0,0.04628456413698635,0.028013235680770455,0.07310047621276602,자동승인
R42 x B5 x 10등급,3.0,0.0,0.0,0.04674587208519552,0.028188064516980735,0.07333374296349485,자동승인
R42 x B5 x 11등급,1.0,0.0,0.0,0.04705855350382559,0.027884500534095316,0.07597144493502585,사람심사
R42 x B6 x 4등급,45.0,0.0,0.0,0.0410218877482328,0.02549069277004472,0.06534513724646439,자동승인
R42 x B6 x 5등급,25.0,3.0,0.12,0.05284986841375806,0.032616368253799904,0.08210644352298359,자동승인
R42 x B6 x 6등급,26.0,2.0,0.07692307692307693,0.0496003317828514,0.030173887157187388,0.07690029455052078,자동승인
R42 x B6 x 7등급,13.0,2.0,0.15384615384615385,0.05167365754869406,0.03162102205732311,0.07969229003922623,자동승인
R42 x B6 x 8등급,9.0,0.0,0.0,0.04583227197929593,0.02839385106228126,0.07210137883654198,자동승인
R42 x B6 x 9등급,2.0,1.0,0.5,0.050235024992146174,0.029828073380339166,0.0800145955473789,자동승인
R42 x B6 x 11등급,3.0,0.0,0.0,0.04674587208519552,0.028258430427950846,0.07457129841306603,자동승인
R43 x B1 x 4등급,7.0,0.0,0.0,0.046132811467684755,0.027566415335170763,0.07442659016865308,사람심사
R43 x B1 x 5등급,35.0,2.0,0.05714285714285714,0.04825978227520676,0.029442068262331613,0.07415942258158613,자동승인
R43 x B1 x 6등급,84.0,3.0,0.03571428571428571,0.04468719240220904,0.028190438797011916,0.0685118112249287,자동승인
R43 x B1 x 7등급,44.0,2.0,0.045454545454545456,0.04698978800480658,0.028683555747483904,0.07222474891177523,자동승인
R43 x B1 x 8등급,5.0,0.0,0.0,0.04643731847407211,0.027576094464566436,0.07372128196800769,자동승인
R43 x B1 x 9등급,8.0,0.0,0.0,0.04598205064589494,0.027552261433181468,0.07336896318017666,자동승인
R43 x B1 x 10등급,22.0,0.0,0.0,0.043970335930137036,0.027011934647322926,0.06933514558749306,자동승인
R43 x B1 x 12등급,2.0,0.0,0.0,0.04690169165881283,0.028223713669291165,0.07455535863082528,자동승인
R43 x B10 x 7등급,1.0,0.0,0.0,0.04705855350382559,0.028276711771742135,0.07572856201316244,사람심사
R43 x B10 x 8등급,2.0,0.0,0.0,0.04690169165881283,0.027684024354513104,0.07556425024592618,사람심사
R43 x B10 x 9등급,4.0,0.0,0.0,0.04659108442928427,0.027499367746265373,0.07449758205967966,사람심사
R43 x B10 x 10등급,3.0,0.0,0.0,0.04674587208519552,0.028058234333623183,0.0746806592980657,자동승인
R43 x B10 x 13등급,5.0,0.0,0.0,0.04643731847407211,0.027625022874061808,0.07385034066600252,자동승인
R43 x B11 x 7등급,3.0,0.0,0.0,0.04674587208519552,0.028117058635012758,0.07411748877258009,자동승인
R43 x B11 x 11등급,3.0,0.0,0.0,0.04674587208519552,0.028290831119887654,0.074659772761261,자동승인
R43 x B11 x 13등급,2.0,0.0,0.0,0.04690169165881283,0.028108968457804792,0.07463750406516743,자동승인
R43 x B12 x 4등급,134.0,8.0,0.05970149253731343,0.05108913772602744,0.03336183317981036,0.07468810805927625,자동승인
R43 x B12 x 5등급,87.0,4.0,0.04597701149425287,0.04693638311076325,0.029980252427583336,0.06946416670579474,자동승인
R43 x B12 x 6등급,93.0,5.0,0.053763440860215055,0.04877367646456228,0.03059875838640485,0.07260975933050037,자동승인
R43 x B12 x 7등급,111.0,7.0,0.06306306306306306,0.05151713324607299,0.033218455482312,0.07559816959367976,자동승인
R43 x B12 x 8등급,31.0,1.0,0.03225806451612903,0.04580701367065001,0.027856396472149842,0.07153004559844713,자동승인
R43 x B12 x 9등급,16.0,1.0,0.0625,0.04799524680778297,0.028957378127728157,0.07604069598744624,자동승인
R43 x B12 x 10등급,15.0,0.0,0.0,0.04495369807553946,0.027704627193779512,0.07023296648279473,자동승인
R43 x B12 x 11등급,39.0,1.0,0.02564102564102564,0.04471960681793428,0.02758358346823348,0.0696667921942152,자동승인
R43 x B12 x 12등급,23.0,0.0,0.0,0.04383335669047929,0.026797687818609812,0.06926621342117512,자동승인
R43 x B12 x 13등급,2.0,0.0,0.0,0.04690169165881283,0.02808517591679589,0.07417315688446903,자동승인
R43 x B12 x 15등급,5.0,0.0,0.0,0.04643731847407211,0.028163504172855444,0.072852962135532,자동승인
R43 x B13 x 6등급,21.0,1.0,0.047619047619047616,0.04724297021204969,0.028886599040309126,0.07437235160663548,자동승인
R43 x B13 x 7등급,10.0,0.0,0.0,0.045683465901441074,0.027334695166566923,0.07206520641578493,자동승인
R43 x B13 x 8등급,1.0,0.0,0.0,0.04705855350382559,0.027868086584939552,0.07513779539267572,사람심사
R43 x B13 x 10등급,1.0,0.0,0.0,0.04705855350382559,0.02859554586716946,0.07503075740382673,자동승인
R43 x B14 x 4등급,2.0,0.0,0.0,0.04690169165881283,0.02783982899605141,0.07444143810200844,자동승인
R43 x B14 x 6등급,8.0,0.0,0.0,0.04598205064589494,0.027264016363955562,0.07337696690750138,사람심사
R43 x B14 x 7등급,4.0,0.0,0.0,0.04659108442928427,0.02800641441618533,0.07396423787792625,자동승인
R43 x B14 x 9등급,4.0,0.0,0.0,0.04659108442928427,0.02804533008075956,0.07364264314516997,자동승인
R43 x B14 x 14등급,2.0,0.0,0.0,0.04690169165881283,0.02825375489538523,0.07535217557489901,사람심사
R43 x B2 x 4등급,36.0,1.0,0.027777777777777776,0.045121279933065424,0.02779583260444525,0.06934633083269108,자동승인
R43 x B2 x 5등급,58.0,4.0,0.06896551724137931,0.0507598525214715,0.03133330350624473,0.07720032183000256,자동승인
R43 x B2 x 6등급,64.0,2.0,0.03125,0.04439366712056313,0.027818300850754093,0.06854271983863659,자동승인
R43 x B2 x 7등급,43.0,2.0,0.046511627906976744,0.04712758796963007,0.02914191469555552,0.07279379013576413,자동승인
R43 x B2 x 8등급,13.0,0.0,0.0,0.04524278938149148,0.02729514256122133,0.0726974737058766,사람심사
R43 x B2 x 9등급,20.0,0.0,0.0,0.04424687892340833,0.02700688751307704,0.0708340472414886,자동승인
R43 x B2 x 10등급,8.0,0.0,0.0,0.04598205064589494,0.02789772842101645,0.0726678994314351,자동승인
R43 x B2 x 11등급,6.0,0.0,0.0,0.04628456413698635,0.02781229923030803,0.07336818947676517,자동승인
R43 x B2 x 15등급,1.0,0.0,0.0,0.04705855350382559,0.027958588952486374,0.07515470293624343,사람심사
R43 x B3 x 4등급,2.0,0.0,0.0,0.04690169165881283,0.028474032523289828,0.074818933622576,자동승인
R43 x B3 x 5등급,32.0,1.0,0.03125,0.0456682045383147,0.02786710648535175,0.0723466622274737,자동승인
R43 x B3 x 6등급,34.0,0.0,0.0,0.042381046679650154,0.025850851719221694,0.06688436755433427,자동승인
R43 x B3 x 7등급,6.0,0.0,0.0,0.04628456413698635,0.02776307658496668,0.07386709193691969,자동승인
R43 x B3 x 8등급,3.0,0.0,0.0,0.04674587208519552,0.027546667847031,0.07407993929270318,자동승인
R43 x B3 x 9등급,11.0,0.0,0.0,0.0455356229697212,0.027396262254711624,0.07279325646796696,자동승인
R43 x B3 x 14등급,4.0,1.0,0.25,0.04990234270742998,0.02977610791272083,0.07881563424527366,자동승인
R43 x B4 x 4등급,11.0,0.0,0.0,0.0455356229697212,0.0270159181267112,0.07301214927074831,사람심사
R43 x B4 x 6등급,1.0,0.0,0.0,0.04705855350382559,0.028635166866705097,0.07501067814039684,자동승인
R43 x B4 x 7등급,9.0,3.0,0.3333333333333333,0.05560425894997997,0.03379303631951955,0.08658538315540312,자동승인
R43 x B4 x 8등급,4.0,0.0,0.0,0.04659108442928427,0.02833218884894278,0.07423983563726083,자동승인
R43 x B4 x 9등급,1.0,0.0,0.0,0.04705855350382559,0.027760262529191813,0.07525665350078249,사람심사
R43 x B5 x 4등급,11.0,0.0,0.0,0.0455356229697212,0.027299458888533294,0.07375887931530443,사람심사
R43 x B5 x 5등급,9.0,0.0,0.0,0.04583227197929593,0.027572074141712696,0.0731900929961379,자동승인
R43 x B5 x 6등급,30.0,2.0,0.06666666666666667,0.04899544968793858,0.02976544617995359,0.07551862760644647,자동승인
R43 x B5 x 7등급,6.0,0.0,0.0,0.04628456413698635,0.027498234611219582,0.07379951517714906,사람심사
R43 x B6 x 4등급,10.0,1.0,0.1,0.04893021914819433,0.029952341342734876,0.07718834003880133,자동승인
R43 x B6 x 5등급,4.0,0.0,0.0,0.04659108442928427,0.02848669947810789,0.07346769181596258,자동승인
R43 x B6 x 6등급,14.0,1.0,0.07142857142857142,0.0483029086462944,0.028649664783640717,0.07827909077016429,사람심사
R43 x B6 x 7등급,25.0,1.0,0.04,0.04665791794936177,0.02796105098223522,0.0730766463156463,자동승인
R43 x B6 x 8등급,5.0,0.0,0.0,0.04643731847407211,0.027824649367084325,0.07389775340254752,자동승인
R43 x B6 x 9등급,2.0,0.0,0.0,0.04690169165881283,0.0285452086184317,0.07335522161271767,자동승인
R43 x B6 x 10등급,2.0,0.0,0.0,0.04690169165881283,0.028636215081645648,0.07432657818266929,자동승인
R43 x B6 x 11등급,2.0,0.0,0.0,0.04690169165881283,0.02791063455208461,0.0747434337905456,자동승인
R52 x B1 x 4등급,1818.0,58.0,0.0319031903190319,0.0340597861520056,0.027257894840405306,0.04247591572768599,자동승인
R52 x B1 x 5등급,1567.0,73.0,0.04658583280153159,0.0466865991944471,0.03769542114603487,0.05651046793275767,자동승인
R52 x B1 x 6등급,3467.0,178.0,0.051341217190654743,0.051014743027262645,0.04416607011229185,0.058120399562790505,자동승인
R52 x B1 x 7등급,2965.0,125.0,0.04215851602023609,0.04262044360945261,0.036204912493014996,0.04973744462064009,자동승인
R52 x B1 x 8등급,448.0,23.0,0.05133928571428571,0.049692369299790685,0.035673684029309316,0.0666289248108831,자동승인
R52 x B1 x 9등급,543.0,31.0,0.0570902394106814,0.05359156658459435,0.03922106901079535,0.07005657495688976,자동승인
R52 x B1 x 10등급,136.0,4.0,0.029411764705882353,0.041637114049870624,0.027080455051567,0.062418057534902885,자동승인
R52 x B1 x 11등급,230.0,14.0,0.06086956521739131,0.05316383995765881,0.035828142403769525,0.07528673721820886,자동승인
R52 x B1 x 12등급,17.0,0.0,0.0,0.044668277770297936,0.026522744900514157,0.07091368083202433,자동승인
R52 x B1 x 13등급,5.0,0.0,0.0,0.04643731847407211,0.02790327575751928,0.07317348159570178,자동승인
R52 x B1 x 14등급,5.0,0.0,0.0,0.04643731847407211,0.02799766635565835,0.07401968865918034,자동승인
R52 x B1 x 15등급,2.0,0.0,0.0,0.04690169165881283,0.02814387228439797,0.07450819794322737,자동승인
R52 x B10 x 5등급,19.0,1.0,0.05263157894736842,0.04754103311559575,0.029010679187164518,0.07431223398908605,자동승인
R52 x B10 x 6등급,28.0,1.0,0.03571428571428571,0.046228550606269486,0.027899482828942137,0.07327884095873775,자동승인
R52 x B10 x 7등급,245.0,5.0,0.02040816326530612,0.035120639958828456,0.024018180968861415,0.052278734339424725,자동승인
R52 x B10 x 8등급,213.0,10.0,0.046948356807511735,0.047104711345682684,0.03108750289055254,0.06778367393310925,자동승인
R52 x B10 x 9등급,188.0,8.0,0.0425531914893617,0.04541256686757994,0.029907216379175993,0.0655982386587741,자동승인
R52 x B10 x 10등급,167.0,15.0,0.08982035928143713,0.06251722042504054,0.042399354030899686,0.08881665687967637,자동승인
R52 x B10 x 11등급,72.0,4.0,0.05555555555555555,0.048839209453091496,0.03046635981343284,0.07444460128446974,자동승인
R52 x B10 x 12등급,124.0,3.0,0.024193548387096774,0.040451439567876425,0.02613945063086732,0.06116086924961202,자동승인
R52 x B10 x 13등급,39.0,5.0,0.1282051282051282,0.056589043019714694,0.03532300311427993,0.0869318748620376,자동승인
R52 x B10 x 14등급,33.0,0.0,0.0,0.04250908609560076,0.02612006345017411,0.067470883053958,자동승인
R52 x B10 x 15등급,2.0,0.0,0.0,0.04690169165881283,0.028411393189214675,0.07532221294395545,사람심사
R52 x B11 x 4등급,13.0,1.0,0.07692307692307693,0.04845822346509277,0.02917077023965991,0.07661136507009973,자동승인
R52 x B11 x 6등급,4.0,0.0,0.0,0.04659108442928427,0.027727647489446363,0.07410042696697638,자동승인
R52 x B11 x 7등급,331.0,19.0,0.05740181268882175,0.0525763235256659,0.0366598110314018,0.07158237552092363,자동승인
R52 x B11 x 8등급,85.0,4.0,0.047058823529411764,0.04718148171708578,0.02954756810857168,0.07091701056889017,자동승인
R52 x B11 x 9등급,44.0,1.0,0.022727272727272728,0.04406581139661945,0.027474050136405796,0.06765810234173242,자동승인
R52 x B11 x 10등급,57.0,3.0,0.05263157894736842,0.048085936613081276,0.029905595749991343,0.07357656715631465,자동승인
R52 x B11 x 11등급,46.0,3.0,0.06521739130434782,0.049623568307104224,0.030405656407724354,0.07581751446835157,자동승인
R52 x B11 x 12등급,45.0,3.0,0.06666666666666667,0.049768243433364,0.03031041937575536,0.07705474491919574,자동승인
R52 x B11 x 13등급,36.0,2.0,0.05555555555555555,0.04811529190911333,0.02930163439407525,0.07378874979373813,자동승인
R52 x B11 x 14등급,26.0,0.0,0.0,0.04342749227667855,0.02625689115850715,0.06823398628908826,자동승인
R52 x B11 x 15등급,12.0,1.0,0.08333333333333333,0.04861454031498017,0.029254932572917596,0.07554270145021383,자동승인
R52 x B12 x 4등급,1312.0,58.0,0.04420731707317073,0.044764290371207355,0.03523071994413879,0.055488816535630654,자동승인
R52 x B12 x 5등급,612.0,42.0,0.06862745098039216,0.06161594230510314,0.04696835752515204,0.0787215953481511,자동승인
R52 x B12 x 6등급,970.0,71.0,0.0731958762886598,0.06709030559751092,0.05391669133618773,0.08223154969080627,자동승인
R52 x B12 x 7등급,1123.0,53.0,0.04719501335707925,0.04719951266547772,0.03694712699507278,0.058309293488838086,자동승인
R52 x B12 x 8등급,566.0,20.0,0.0353356890459364,0.03943345775190261,0.028740087029944125,0.053065029366191674,자동승인
R52 x B12 x 9등급,291.0,21.0,0.07216494845360824,0.05954245755117802,0.041923131678381985,0.08079390175646693,자동승인
R52 x B12 x 10등급,566.0,44.0,0.07773851590106007,0.06721123552968039,0.05187195463660614,0.08565757089195336,자동승인
R52 x B12 x 11등급,214.0,14.0,0.06542056074766354,0.05482520995633565,0.03633316462544499,0.07751142038796019,자동승인
R52 x B12 x 12등급,130.0,6.0,0.046153846153846156,0.04689370910664452,0.030073176152352936,0.06916736433131222,자동승인
R52 x B12 x 13등급,11.0,0.0,0.0,0.0455356229697212,0.027704539536916862,0.07130257531393368,자동승인
R52 x B12 x 14등급,13.0,1.0,0.07692307692307693,0.04845822346509277,0.028929487385880068,0.07707621542431842,자동승인
R52 x B12 x 15등급,68.0,6.0,0.08823529411764706,0.05483745217935479,0.03448859431330248,0.08272250631844087,자동승인
R52 x B13 x 4등급,37.0,4.0,0.10810810810810811,0.053941813425802544,0.03325250844570893,0.082767334907935,자동승인
R52 x B13 x 5등급,67.0,1.0,0.014925373134328358,0.041289061637380414,0.026011211161576914,0.06410337732943609,자동승인
R52 x B13 x 6등급,210.0,9.0,0.04285714285714286,0.0454143848378816,0.02997437449131922,0.06563497875253378,자동승인
R52 x B13 x 7등급,120.0,5.0,0.041666666666666664,0.04562322367857381,0.029467453574366594,0.06679927845260268,자동승인
R52 x B13 x 8등급,133.0,2.0,0.015037593984962405,0.037286560319359285,0.024106966345162177,0.05767652519578619,자동승인
R52 x B13 x 9등급,84.0,6.0,0.07142857142857142,0.052540595543570295,0.03323586524257455,0.07928812241658809,자동승인
R52 x B13 x 10등급,54.0,2.0,0.037037037037037035,0.045654850845579124,0.02845742749513999,0.07046147236671896,자동승인
R52 x B13 x 11등급,38.0,1.0,0.02631578947368421,0.044852700885844796,0.027257616478343173,0.07010593752532632,자동승인
R52 x B13 x 12등급,21.0,4.0,0.19047619047619047,0.056647358926783235,0.034588240406829805,0.08804923588238867,자동승인
R52 x B13 x 13등급,20.0,1.0,0.05,0.04739153301145865,0.029069889914294624,0.07399851947914093,자동승인
R52 x B13 x 14등급,4.0,0.0,0.0,0.04659108442928427,0.02830569027958871,0.07399596513369672,자동승인
R52 x B14 x 4등급,61.0,5.0,0.08196721311475409,0.05312119080123636,0.033396066830446644,0.08008099466779575,자동승인
R52 x B14 x 5등급,7.0,0.0,0.0,0.046132811467684755,0.0276233759707367,0.07349174657045968,자동승인
R52 x B14 x 6등급,35.0,2.0,0.05714285714285714,0.04825978227520676,0.02967162678189872,0.07433974393207715,자동승인
R52 x B14 x 7등급,19.0,0.0,0.0,0.04438645898310363,0.027194088480991554,0.06983097699741149,자동승인
R52 x B14 x 8등급,26.0,0.0,0.0,0.04342749227667855,0.02681791988363255,0.06783098428807444,자동승인
R52 x B14 x 9등급,5.0,0.0,0.0,0.04643731847407211,0.02778240507182281,0.07508718788996814,사람심사
R52 x B14 x 10등급,10.0,0.0,0.0,0.045683465901441074,0.027503932835989,0.0730197589984132,자동승인
R52 x B14 x 11등급,11.0,2.0,0.18181818181818182,0.05200811487910632,0.030688442307530688,0.0828620924129658,사람심사
R52 x B14 x 14등급,1.0,0.0,0.0,0.04705855350382559,0.028033547681121537,0.07609372612382358,사람심사
R52 x B2 x 4등급,1788.0,85.0,0.04753914988814318,0.0474930524916797,0.03877951510255998,0.05696043786917957,자동승인
R52 x B2 x 5등급,2186.0,106.0,0.0484903934126258,0.04833756340484857,0.040209580234887174,0.05683728466891895,자동승인
R52 x B2 x 6등급,2632.0,115.0,0.043693009118541036,0.04405136774663613,0.03712798535091117,0.05167255865401269,자동승인
R52 x B2 x 7등급,2334.0,112.0,0.04798628963153385,0.04789912898846651,0.04004218520173832,0.05626640221690922,자동승인
R52 x B2 x 8등급,496.0,19.0,0.038306451612903226,0.04165051322121392,0.029669124906945156,0.05641941526975038,자동승인
R52 x B2 x 9등급,294.0,9.0,0.030612244897959183,0.03897045185412813,0.02642055544724557,0.055576185382389655,자동승인
R52 x B2 x 10등급,326.0,19.0,0.05828220858895705,0.05299760816930105,0.03704007232368637,0.07231305495764609,자동승인
R52 x B2 x 11등급,116.0,3.0,0.02586206896551724,0.04123310989769047,0.02622052966732961,0.06334898083043328,자동승인
R52 x B2 x 12등급,1.0,0.0,0.0,0.04705855350382559,0.02767762601225008,0.07555159118495519,사람심사
R52 x B2 x 13등급,6.0,0.0,0.0,0.04628456413698635,0.027424789973243442,0.0742854053285239,사람심사
R52 x B2 x 14등급,19.0,0.0,0.0,0.04438645898310363,0.026729858738995874,0.07002385140339708,자동승인
R52 x B2 x 15등급,1.0,0.0,0.0,0.04705855350382559,0.028206432374073203,0.0746687652996574,자동승인
R52 x B3 x 4등급,305.0,11.0,0.036065573770491806,0.041576297674367914,0.028321935503533822,0.058768594618657244,자동승인
R52 x B3 x 5등급,816.0,50.0,0.061274509803921566,0.05751392055443792,0.04452769941770481,0.07238641078272703,자동승인
R52 x B3 x 6등급,1018.0,56.0,0.0550098231827112,0.05324506648757131,0.04204026621741253,0.06584342130659002,자동승인
R52 x B3 x 7등급,499.0,27.0,0.05410821643286573,0.05153137703593959,0.03766348988110069,0.06740923123268132,자동승인
R52 x B3 x 8등급,158.0,5.0,0.03164556962025317,0.04182128837202599,0.02710650150314858,0.062253503519694706,자동승인
R52 x B3 x 9등급,148.0,6.0,0.04054054054054054,0.04500113788709384,0.029395161823378948,0.06572578887871046,자동승인
R52 x B3 x 10등급,69.0,3.0,0.043478260869565216,0.04651364440774892,0.029336829890106362,0.07065343772880114,자동승인
R52 x B3 x 11등급,63.0,3.0,0.047619047619047616,0.04728672437020458,0.02922479248435801,0.0723581359701728,자동승인
R52 x B3 x 12등급,16.0,1.0,0.0625,0.04799524680778297,0.029684511065072434,0.07440591188119804,자동승인
R52 x B3 x 13등급,6.0,0.0,0.0,0.04628456413698635,0.02791235076017354,0.07384461822760051,자동승인
R52 x B3 x 14등급,12.0,0.0,0.0,0.04538873386336726,0.027543419277416867,0.07070793904889325,자동승인
R52 x B3 x 15등급,7.0,0.0,0.0,0.046132811467684755,0.02804251260114199,0.07250728283963014,자동승인
R52 x B4 x 4등급,298.0,10.0,0.03355704697986577,0.0403867575463823,0.027600799650832262,0.05754642330280051,자동승인
R52 x B4 x 5등급,500.0,27.0,0.054,0.05146680137549355,0.03697818050535981,0.06800642906796023,자동승인
R52 x B4 x 6등급,227.0,14.0,0.06167400881057269,0.05346763332884543,0.035716931623363896,0.07421784877052853,자동승인
R52 x B4 x 7등급,316.0,22.0,0.06962025316455696,0.05874675488215611,0.041550236424138555,0.0794761488284402,자동승인
R52 x B4 x 8등급,56.0,2.0,0.03571428571428571,0.045396913835152125,0.028379894089373747,0.06845394489160621,자동승인
R52 x B4 x 9등급,36.0,1.0,0.027777777777777776,0.045121279933065424,0.027553663345655538,0.0710439358081305,자동승인
R52 x B4 x 10등급,26.0,4.0,0.15384615384615385,0.05577317128902424,0.034125523541247024,0.08636439894952447,자동승인
R52 x B4 x 11등급,28.0,2.0,0.07142857142857142,0.049296035268846176,0.030104435719441842,0.0761619241220915,자동승인
R52 x B4 x 12등급,10.0,2.0,0.2,0.05217697239494757,0.031094356588484157,0.08199220697263339,자동승인
R52 x B4 x 15등급,1.0,0.0,0.0,0.04705855350382559,0.028338609337521095,0.07499054437354262,자동승인
R52 x B5 x 4등급,281.0,14.0,0.0498220640569395,0.048481014676414254,0.032899998566301235,0.0674447637262028,자동승인
R52 x B5 x 5등급,830.0,56.0,0.06746987951807229,0.06211924423549986,0.0483623825828739,0.07819023434653984,자동승인
R52 x B5 x 6등급,371.0,21.0,0.05660377358490566,0.052422283255073025,0.036918217189990436,0.07063379325981381,자동승인
R52 x B5 x 7등급,477.0,22.0,0.04612159329140461,0.04654259031954045,0.03349141898929891,0.06210440798903367,자동승인
R52 x B5 x 8등급,62.0,0.0,0.0,0.039084743049010696,0.024556680527974713,0.061306137716767586,자동승인
R52 x B5 x 9등급,28.0,1.0,0.03571428571428571,0.046228550606269486,0.02869224606195783,0.07219219349974951,자동승인
R52 x B5 x 10등급,226.0,16.0,0.07079646017699115,0.057386464690160024,0.03917964377718017,0.07947958608994479,자동승인
R52 x B5 x 11등급,14.0,1.0,0.07142857142857142,0.0483029086462944,0.028959469207967034,0.07644438802343255,자동승인
R52 x B5 x 12등급,5.0,0.0,0.0,0.04643731847407211,0.02743338947928154,0.07550298365414719,사람심사
R52 x B5 x 13등급,3.0,1.0,0.3333333333333333,0.05006813122140815,0.03006125226152254,0.07939176558192934,자동승인
R52 x B6 x 4등급,553.0,28.0,0.05063291139240506,0.04943655405128537,0.03647432034835384,0.06448931412202474,자동승인
R52 x B6 x 5등급,255.0,11.0,0.043137254901960784,0.045335456596101,0.030592603646001568,0.06402363590814919,자동승인
R52 x B6 x 6등급,372.0,20.0,0.053763440860215055,0.050851503727826645,0.03559429915679753,0.06811703979492864,자동승인
R52 x B6 x 7등급,323.0,16.0,0.04953560371517028,0.04842271738751023,0.0336414319258534,0.06655371334225271,자동승인
R52 x B6 x 8등급,169.0,8.0,0.047337278106508875,0.04726018736112174,0.030935813601842246,0.06889868966590329,자동승인
R52 x B6 x 9등급,38.0,2.0,0.05263157894736842,0.047828891362035275,0.029327902508126048,0.07429456770085993,자동승인
R52 x B6 x 10등급,33.0,3.0,0.09090909090909091,0.051572530204362095,0.031536128176214706,0.07964812155076204,자동승인
R52 x B6 x 11등급,8.0,0.0,0.0,0.04598205064589494,0.027924791968293623,0.07278816830068004,자동승인
R52 x B6 x 14등급,18.0,0.0,0.0,0.04452692246089826,0.027306475745593972,0.07105136724728701,자동승인
R53 x B1 x 4등급,2079.0,110.0,0.05291005291005291,0.052196258938848904,0.04336736931219516,0.06145428262927072,자동승인
R53 x B1 x 5등급,2015.0,139.0,0.06898263027295286,0.06617834305994114,0.05628626784498594,0.07690616685134218,자동승인
R53 x B1 x 6등급,3896.0,260.0,0.06673511293634497,0.0653482373623376,0.05773186278006274,0.07328421844313168,자동승인
R53 x B1 x 7등급,3096.0,164.0,0.05297157622739018,0.05246626620437356,0.04524613143951938,0.060144411968162996,자동승인
R53 x B1 x 8등급,457.0,22.0,0.04814004376367615,0.04777550661939583,0.033935239936282634,0.06361529858628216,자동승인
R53 x B1 x 9등급,388.0,28.0,0.07216494845360824,0.06132727040472865,0.04391830237517678,0.08195420082561986,자동승인
R53 x B1 x 10등급,139.0,6.0,0.04316546762589928,0.04592793477721705,0.029489432489958563,0.06787369167932045,자동승인
R53 x B1 x 11등급,192.0,13.0,0.06770833333333333,0.05524593366866092,0.03647193506355027,0.07809737935280894,자동승인
R53 x B1 x 12등급,15.0,2.0,0.13333333333333333,0.05134347443336694,0.031200337286478027,0.08029830216097465,자동승인
R53 x B1 x 13등급,25.0,2.0,0.08,0.04975389318155991,0.029563539378593524,0.078428089905547,자동승인
R53 x B1 x 14등급,8.0,0.0,0.0,0.04598205064589494,0.027715029153387156,0.07263137537376571,자동승인
R53 x B1 x 15등급,5.0,0.0,0.0,0.04643731847407211,0.028492039444461374,0.07329984553810809,자동승인
R53 x B10 x 5등급,34.0,1.0,0.029411764705882353,0.04539309487242124,0.027967418999626598,0.0708796465442422,자동승인
R53 x B10 x 6등급,75.0,4.0,0.05333333333333334,0.04844640079797279,0.030608287323061985,0.07222808237092565,자동승인
R53 x B10 x 7등급,423.0,24.0,0.05673758865248227,0.05280236823528967,0.03795779797798076,0.06985650066483269,자동승인
R53 x B10 x 8등급,248.0,19.0,0.07661290322580645,0.06056869505062976,0.042334970989099906,0.08402981301916902,자동승인
R53 x B10 x 9등급,222.0,16.0,0.07207207207207207,0.057827899033930485,0.039796577394892396,0.08017359018774639,자동승인
R53 x B10 x 10등급,244.0,8.0,0.03278688524590164,0.040720493538088286,0.027550944435234894,0.05834997419319566,자동승인
R53 x B10 x 11등급,107.0,5.0,0.04672897196261682,0.047087672833688525,0.0300497694789596,0.06950523232071709,자동승인
R53 x B10 x 12등급,128.0,6.0,0.046875,0.047113867365361155,0.030170237262318957,0.06919801811080796,자동승인
R53 x B10 x 13등급,66.0,6.0,0.09090909090909091,0.055138756861658936,0.03417013218415748,0.08491882873671065,자동승인
R53 x B10 x 14등급,14.0,0.0,0.0,0.04509778044116619,0.026679287162149082,0.0735334125345302,사람심사
R53 x B10 x 15등급,17.0,0.0,0.0,0.044668277770297936,0.02719540649443496,0.07049259832052146,자동승인
R53 x B11 x 4등급,27.0,1.0,0.037037037037037035,0.04637079230044262,0.028044574531457245,0.07256664790220325,자동승인
R53 x B11 x 5등급,8.0,0.0,0.0,0.04598205064589494,0.027579241918395156,0.07399322951583544,사람심사
R53 x B11 x 6등급,9.0,0.0,0.0,0.04583227197929593,0.02769617012004168,0.07268918402701312,자동승인
R53 x B11 x 7등급,409.0,21.0,0.05134474327628362,0.04960467821448918,0.03586319533182611,0.06624799094303707,자동승인
R53 x B11 x 8등급,97.0,5.0,0.05154639175257732,0.04827976581681988,0.0309407017580915,0.07187967626692283,자동승인
R53 x B11 x 9등급,79.0,4.0,0.05063291139240506,0.04793238063035505,0.030247928685479215,0.07275563073497159,자동승인
R53 x B11 x 10등급,95.0,4.0,0.042105263157894736,0.04598093510850853,0.02902689677191047,0.06902311661896446,자동승인
R53 x B11 x 11등급,107.0,6.0,0.056074766355140186,0.04955680863615766,0.03155853875086092,0.07334451070891587,자동승인
R53 x B11 x 12등급,75.0,5.0,0.06666666666666667,0.05112736594542588,0.03191548543383738,0.07618437008786405,자동승인
R53 x B11 x 13등급,79.0,2.0,0.02531645569620253,0.042627340842556635,0.0268832110275832,0.06393567070782544,자동승인
R53 x B11 x 14등급,31.0,1.0,0.03225806451612903,0.04580701367065001,0.028056665147468456,0.07069470560607707,자동승인
R53 x B11 x 15등급,8.0,0.0,0.0,0.04598205064589494,0.027521753797698705,0.07281327618263636,자동승인
R53 x B12 x 4등급,778.0,35.0,0.04498714652956298,0.04560456087141622,0.03405137405258164,0.05859914054204006,자동승인
R53 x B12 x 5등급,344.0,25.0,0.07267441860465117,0.060857488314087,0.04349871232894643,0.0812829788280847,자동승인
R53 x B12 x 6등급,556.0,30.0,0.0539568345323741,0.0516048097162106,0.037948359042322244,0.06688932160422206,자동승인
R53 x B12 x 7등급,591.0,24.0,0.04060913705583756,0.042823967938856976,0.03131353384008747,0.0566554759953109,자동승인
R53 x B12 x 8등급,369.0,14.0,0.037940379403794036,0.04208471888702227,0.029376667853750045,0.05850911381612244,자동승인
R53 x B12 x 9등급,184.0,10.0,0.05434782608695652,0.04993881223577563,0.03295811474862179,0.07137599829103745,자동승인
R53 x B12 x 10등급,254.0,24.0,0.09448818897637795,0.06896831068413742,0.04984308478462053,0.09524964441894475,자동승인
R53 x B12 x 11등급,177.0,11.0,0.062146892655367235,0.05278001578451337,0.03470628390152316,0.075305357788952,자동승인
R53 x B12 x 12등급,123.0,8.0,0.06504065040650407,0.052424008307942645,0.0341491346821613,0.07609959523831276,자동승인
R53 x B12 x 13등급,5.0,0.0,0.0,0.04643731847407211,0.027889312907542933,0.07484881870397947,사람심사
R53 x B12 x 14등급,5.0,1.0,0.2,0.04973764850707542,0.029765241824232822,0.07853118518490844,자동승인
R53 x B12 x 15등급,47.0,2.0,0.0425531914893617,0.04658118115259088,0.028825836525235477,0.07215440140101838,자동승인
R53 x B13 x 4등급,77.0,6.0,0.07792207792207792,0.053521353327050276,0.03333955046293515,0.0808818292182608,자동승인
R53 x B13 x 5등급,95.0,6.0,0.06315789473684211,0.05106999363268156,0.032294913443989465,0.07567597308444377,자동승인
R53 x B13 x 6등급,269.0,15.0,0.055762081784386616,0.051270736327414204,0.03484567220862578,0.07089835074854339,자동승인
R53 x B13 x 7등급,134.0,6.0,0.04477611940298507,0.04645950809639781,0.029788625905055082,0.06748993455064602,자동승인
R53 x B13 x 8등급,159.0,14.0,0.0880503144654088,0.061423429972962476,0.041647923667958824,0.08783155941963672,자동승인
R53 x B13 x 9등급,132.0,8.0,0.06060606060606061,0.051326761622427566,0.03326613300816877,0.0751238081719437,자동승인
R53 x B13 x 10등급,56.0,8.0,0.14285714285714285,0.06234606637752501,0.039566148183710306,0.09575428646115816,자동승인
R53 x B13 x 11등급,14.0,3.0,0.21428571428571427,0.05471316505655081,0.033431033594721174,0.08548424830777737,자동승인
R53 x B13 x 12등급,16.0,1.0,0.0625,0.04799524680778297,0.0291171796429483,0.07537466979072283,자동승인
R53 x B13 x 13등급,7.0,0.0,0.0,0.046132811467684755,0.027587683379122735,0.07249987146595052,자동승인
R53 x B13 x 14등급,15.0,1.0,0.06666666666666667,0.0481485862544532,0.028558337756929026,0.07719526013637282,사람심사
R53 x B14 x 4등급,50.0,2.0,0.04,0.046179619246103025,0.028262111315117924,0.0712848458177842,자동승인
R53 x B14 x 5등급,19.0,1.0,0.05263157894736842,0.04754103311559575,0.028328896299163252,0.0759074471251898,사람심사
R53 x B14 x 6등급,20.0,0.0,0.0,0.04424687892340833,0.026901046155765072,0.06978301311606669,자동승인
R53 x B14 x 7등급,4.0,0.0,0.0,0.04659108442928427,0.02778088740472742,0.07458856060406613,사람심사
R53 x B14 x 8등급,41.0,2.0,0.04878048780487805,0.04740562683670753,0.029346263065581947,0.07280723967913008,자동승인
R53 x B14 x 9등급,18.0,0.0,0.0,0.04452692246089826,0.027147332866663442,0.07060901108602202,자동승인
R53 x B14 x 10등급,4.0,0.0,0.0,0.04659108442928427,0.028011898782858043,0.0739385030072329,자동승인
R53 x B14 x 11등급,3.0,0.0,0.0,0.04674587208519552,0.027840936958824,0.07487758534375633,사람심사
R53 x B14 x 13등급,1.0,0.0,0.0,0.04705855350382559,0.02833364486263639,0.07646773162179006,사람심사
R53 x B14 x 14등급,1.0,0.0,0.0,0.04705855350382559,0.028318876455088737,0.07458256324307569,자동승인
R53 x B2 x 4등급,1997.0,126.0,0.06309464196294441,0.06103290087043305,0.051498195938348444,0.07106732321907033,자동승인
R53 x B2 x 5등급,2888.0,190.0,0.06578947368421052,0.06405226224031509,0.05576847048466562,0.07293267340944018,자동승인
R53 x B2 x 6등급,3009.0,213.0,0.0707876370887338,0.0686635946470045,0.06039687057329672,0.07762311954306786,자동승인
R53 x B2 x 7등급,2545.0,159.0,0.062475442043222,0.06087601389294543,0.05250963813767759,0.06971540684358037,자동승인
R53 x B2 x 8등급,591.0,32.0,0.05414551607445008,0.0518228430794644,0.03830770533593532,0.06729620832337253,자동승인
R53 x B2 x 9등급,288.0,16.0,0.05555555555555555,0.051314859210996336,0.0353864058563387,0.07077408996281287,자동승인
R53 x B2 x 10등급,227.0,12.0,0.05286343612334802,0.049658109519321626,0.03341307412438617,0.07021389006582016,자동승인
R53 x B2 x 11등급,151.0,8.0,0.052980132450331126,0.04915480511724689,0.03215492678603967,0.07091131032701437,자동승인
R53 x B2 x 12등급,8.0,0.0,0.0,0.04598205064589494,0.027824973670013364,0.07369899361686687,자동승인
R53 x B2 x 13등급,16.0,1.0,0.0625,0.04799524680778297,0.029152911068796757,0.0754814293205968,자동승인
R53 x B2 x 14등급,19.0,2.0,0.10526315789473684,0.05069560724808786,0.03060549632655748,0.07964360315996165,자동승인
R53 x B2 x 15등급,13.0,2.0,0.15384615384615385,0.05167365754869406,0.03128346196320494,0.0816025975424822,자동승인
R53 x B3 x 4등급,433.0,17.0,0.03926096997690531,0.042504114223863,0.029734153193321622,0.058192346007029924,자동승인
R53 x B3 x 5등급,1385.0,87.0,0.0628158844765343,0.06005377747928927,0.048903583918837895,0.07225544364694576,자동승인
R53 x B3 x 6등급,1329.0,82.0,0.06170052671181339,0.05904763828988559,0.04807896620045751,0.07106784314914948,자동승인
R53 x B3 x 7등급,546.0,32.0,0.05860805860805861,0.05458590935739793,0.040600090796126954,0.07150278106345012,자동승인
R53 x B3 x 8등급,217.0,13.0,0.059907834101382486,0.05256409222843467,0.03527905458480173,0.07367957106836873,자동승인
R53 x B3 x 9등급,146.0,7.0,0.04794520547945205,0.04745609796766633,0.03058522887672282,0.0690502525082038,자동승인
R53 x B3 x 10등급,112.0,5.0,0.044642857142857144,0.046513432921082565,0.029171120493553773,0.06975733358006649,자동승인
R53 x B3 x 11등급,43.0,3.0,0.06976744186046512,0.05006013928927816,0.030757853902810568,0.07697787423367264,자동승인
R53 x B3 x 12등급,24.0,2.0,0.08333333333333333,0.04990840837777594,0.030281265218072353,0.07830917460102033,자동승인
R53 x B3 x 13등급,6.0,0.0,0.0,0.04628456413698635,0.02812085591494794,0.07282382356069338,자동승인
R53 x B3 x 14등급,37.0,4.0,0.10810810810810811,0.053941813425802544,0.03315519848786369,0.08291649862920304,자동승인
R53 x B3 x 15등급,23.0,0.0,0.0,0.04383335669047929,0.02648621959429892,0.06914353408535179,자동승인
R53 x B4 x 4등급,405.0,22.0,0.05432098765432099,0.05130939900091586,0.036383228279115956,0.06859556485593508,자동승인
R53 x B4 x 5등급,583.0,35.0,0.060034305317324184,0.05569864642184319,0.041164469100691055,0.07214383441624056,자동승인
R53 x B4 x 6등급,311.0,24.0,0.07717041800643087,0.06251314860040041,0.0443103925957179,0.08463382475970663,자동승인
R53 x B4 x 7등급,384.0,27.0,0.0703125,0.0602206854804162,0.0435242386931373,0.08015752615547016,자동승인
R53 x B4 x 8등급,111.0,3.0,0.02702702702702703,0.04173718214582849,0.027038371197294492,0.06289692591303621,자동승인
R53 x B4 x 9등급,49.0,2.0,0.04081632653061224,0.04631270172231658,0.02856377750154625,0.07227711025606832,자동승인
R53 x B4 x 10등급,56.0,8.0,0.14285714285714285,0.06234606637752501,0.03926470570731979,0.09555046733068756,자동승인
R53 x B4 x 11등급,24.0,0.0,0.0,0.04369722825355233,0.026696571845073798,0.06901339080587027,자동승인
R53 x B4 x 12등급,4.0,0.0,0.0,0.04659108442928427,0.028109366341552564,0.07362050057987073,자동승인
R53 x B4 x 13등급,8.0,0.0,0.0,0.04598205064589494,0.027999859597214863,0.07312512133055109,자동승인
R53 x B5 x 4등급,391.0,20.0,0.05115089514066496,0.04944921262357598,0.034816748167186724,0.066098980197634,자동승인
R53 x B5 x 5등급,1128.0,85.0,0.07535460992907801,0.06947440918488348,0.05724433252544222,0.08384283853191588,자동승인
R53 x B5 x 6등급,498.0,34.0,0.06827309236947791,0.06039008479603499,0.044604766910947176,0.07930623317264755,자동승인
R53 x B5 x 7등급,549.0,33.0,0.060109289617486336,0.05557320837974481,0.0408119359031723,0.07206244114883593,자동승인
R53 x B5 x 8등급,69.0,2.0,0.028985507246376812,0.043788848767421944,0.02735677228086835,0.066739115921647,자동승인
R53 x B5 x 9등급,41.0,5.0,0.12195121951219512,0.05625518435883142,0.034857791822355204,0.08758682787974258,자동승인
R53 x B5 x 10등급,187.0,14.0,0.0748663101604278,0.05787733504668836,0.03899615530721674,0.08218552583672117,자동승인
R53 x B5 x 11등급,29.0,1.0,0.034482758620689655,0.046087178891877224,0.028023562880603013,0.07199831374685578,자동승인
R53 x B5 x 14등급,4.0,2.0,0.5,0.05321360098557567,0.03160785823481628,0.08478689690123188,자동승인
R53 x B5 x 15등급,7.0,1.0,0.14285714285714285,0.049411499992274927,0.029786013073836937,0.07702437259820391,자동승인
R53 x B6 x 4등급,451.0,28.0,0.06208425720620843,0.05616890186601316,0.041120742375433825,0.07389575077492211,자동승인
R53 x B6 x 5등급,308.0,18.0,0.05844155844155844,0.05292162953406576,0.03647663467997443,0.07262787859139791,자동승인
R53 x B6 x 6등급,304.0,19.0,0.0625,0.054934397836617695,0.03837301232428596,0.07559702171936021,자동승인
R53 x B6 x 7등급,274.0,16.0,0.058394160583941604,0.052570817303573165,0.03633933947620094,0.07229754059091814,자동승인
R53 x B6 x 8등급,244.0,10.0,0.040983606557377046,0.044410530438457295,0.029699143823714216,0.063067717604349,자동승인
R53 x B6 x 9등급,104.0,7.0,0.0673076923076923,0.052414197755332965,0.0332254300362246,0.07785774724809828,자동승인
R53 x B6 x 10등급,30.0,2.0,0.06666666666666667,0.04899544968793858,0.030227133075986668,0.07561216533839091,자동승인
R53 x B6 x 11등급,21.0,3.0,0.14285714285714285,0.053512562688538726,0.03259822525687415,0.08325330719637712,자동승인
R53 x B6 x 12등급,2.0,0.0,0.0,0.04690169165881283,0.02784632588456701,0.0749223711345263,사람심사
R53 x B6 x 13등급,2.0,0.0,0.0,0.04690169165881283,0.02815354231419221,0.0743468153973414,자동승인
R53 x B6 x 14등급,3.0,0.0,0.0,0.04674587208519552,0.0280086700294503,0.07302410232538609,자동승인
R53 x B6 x 15등급,3.0,0.0,0.0,0.04674587208519552,0.028031419632072053,0.07499373171070908,사람심사
R54 x B1 x 4등급,754.0,28.0,0.03713527851458886,0.03999097670878693,0.02956363857723556,0.05269583107922027,자동승인
R54 x B1 x 5등급,586.0,29.0,0.04948805460750853,0.048722293549370875,0.03576704746219379,0.06358348533703506,자동승인
R54 x B1 x 6등급,1529.0,59.0,0.03858731196860693,0.03999480432273883,0.03178263152396443,0.04977140022325978,자동승인
R54 x B1 x 7등급,1162.0,66.0,0.05679862306368331,0.05484281335455058,0.04375281045694693,0.0666610145453236,자동승인
R54 x B1 x 8등급,285.0,7.0,0.02456140350877193,0.03614152229441484,0.024593320947373796,0.053517453109090396,자동승인
R54 x B1 x 9등급,201.0,9.0,0.04477611940298507,0.04623348195920612,0.030640238252250873,0.06642543753891476,자동승인
R54 x B1 x 10등급,72.0,4.0,0.05555555555555555,0.048839209453091496,0.030472390146673613,0.07317383541542015,자동승인
R54 x B1 x 11등급,107.0,10.0,0.09345794392523364,0.0594333518460342,0.038559279326868506,0.08719217650791464,자동승인
R54 x B1 x 12등급,20.0,3.0,0.15,0.05368084118755929,0.03246828584948315,0.08398285227077973,자동승인
R54 x B1 x 13등급,4.0,0.0,0.0,0.04659108442928427,0.027782091561807543,0.07426467703443218,자동승인
R54 x B1 x 14등급,11.0,1.0,0.09090909090909091,0.048771868924413764,0.0294980712651196,0.07716463530247568,자동승인
R54 x B10 x 4등급,2.0,0.0,0.0,0.04690169165881283,0.028357593692835605,0.07596548274261081,사람심사
R54 x B10 x 5등급,15.0,1.0,0.06666666666666667,0.0481485862544532,0.02908204760045327,0.07574830435145713,자동승인
R54 x B10 x 6등급,14.0,1.0,0.07142857142857142,0.0483029086462944,0.02918701673241418,0.07654007641808419,자동승인
R54 x B10 x 7등급,121.0,6.0,0.049586776859504134,0.04790097254807602,0.030956820901484283,0.07006778477749288,자동승인
R54 x B10 x 8등급,110.0,7.0,0.06363636363636363,0.05164340072951925,0.03304542386346788,0.0764258954850443,자동승인
R54 x B10 x 9등급,118.0,5.0,0.0423728813559322,0.04584256610010541,0.0293970129343018,0.06767560356958888,자동승인
R54 x B10 x 10등급,79.0,5.0,0.06329113924050633,0.05058490052425425,0.03163813785459979,0.07690475102612217,자동승인
R54 x B10 x 11등급,45.0,3.0,0.06666666666666667,0.049768243433364,0.03056510328276247,0.07563221520143562,자동승인
R54 x B10 x 12등급,48.0,0.0,0.0,0.04066620664058916,0.024949379961924652,0.06497568429964949,자동승인
R54 x B10 x 13등급,22.0,0.0,0.0,0.043970335930137036,0.026733961893576425,0.07000373909078751,자동승인
R54 x B10 x 14등급,20.0,0.0,0.0,0.04424687892340833,0.026719522846481207,0.07024965697828418,자동승인
R54 x B10 x 15등급,9.0,0.0,0.0,0.04583227197929593,0.02806038599933996,0.07237388499438425,자동승인
R54 x B11 x 4등급,20.0,1.0,0.05,0.04739153301145865,0.02877017682637466,0.07344394259215101,자동승인
R54 x B11 x 5등급,4.0,0.0,0.0,0.04659108442928427,0.028126172540397024,0.07358192054111194,자동승인
R54 x B11 x 6등급,1.0,0.0,0.0,0.04705855350382559,0.028180677523075702,0.07542452875849431,사람심사
R54 x B11 x 7등급,222.0,14.0,0.06306306306306306,0.05398174518777664,0.03626597579150379,0.07576915437021367,자동승인
R54 x B11 x 8등급,24.0,4.0,0.16666666666666666,0.056119588501999544,0.03475585850674753,0.08651057124437832,자동승인
R54 x B11 x 9등급,26.0,3.0,0.11538461538461539,0.05268675153593782,0.03173187369693596,0.08171872330000197,자동승인
R54 x B11 x 10등급,27.0,1.0,0.037037037037037035,0.04637079230044262,0.02845190773626573,0.07289978184747062,자동승인
R54 x B11 x 11등급,32.0,2.0,0.0625,0.04869850756861773,0.029644707422868927,0.07595931337530655,자동승인
R54 x B11 x 12등급,13.0,0.0,0.0,0.04524278938149148,0.027453769581687878,0.07175447408077586,자동승인
R54 x B11 x 13등급,36.0,1.0,0.027777777777777776,0.045121279933065424,0.02766338854255761,0.06950729799901777,자동승인
R54 x B11 x 14등급,11.0,0.0,0.0,0.0455356229697212,0.02739557609579153,0.07233462297187343,자동승인
R54 x B11 x 15등급,5.0,0.0,0.0,0.04643731847407211,0.02824594739198723,0.07364845715499053,자동승인
R54 x B12 x 4등급,691.0,36.0,0.05209840810419682,0.050627408996606525,0.03772683460206816,0.06488547530719942,자동승인
R54 x B12 x 5등급,218.0,15.0,0.06880733944954129,0.056338192824891185,0.03807434091662054,0.07930415884757828,자동승인
R54 x B12 x 6등급,425.0,24.0,0.05647058823529412,0.0526563035928684,0.037820543290551054,0.07010050598221747,자동승인
R54 x B12 x 7등급,540.0,22.0,0.040740740740740744,0.04304356503298789,0.030877483830275994,0.05771803389894727,자동승인
R54 x B12 x 8등급,253.0,7.0,0.02766798418972332,0.038240485476667606,0.02618821372563782,0.056273020147679015,자동승인
R54 x B12 x 9등급,140.0,9.0,0.06428571428571428,0.05267239154713208,0.03412507179025588,0.07718508046257017,자동승인
R54 x B12 x 10등급,297.0,14.0,0.04713804713804714,0.047177323525451856,0.03235736594843115,0.06606922095932333,자동승인
R54 x B12 x 11등급,173.0,8.0,0.046242774566473986,0.04685882695890414,0.03096482984143614,0.06721569213861214,자동승인
R54 x B12 x 12등급,95.0,3.0,0.031578947368421054,0.04343640584642201,0.02749619544891881,0.06611778726240024,자동승인
R54 x B12 x 14등급,11.0,1.0,0.09090909090909091,0.048771868924413764,0.029089566569897547,0.07773737310688858,자동승인
R54 x B12 x 15등급,26.0,5.0,0.19230769230769232,0.05885959104211066,0.036388287206159727,0.09152586124328145,자동승인
R54 x B13 x 4등급,13.0,0.0,0.0,0.04524278938149148,0.027497893473361783,0.07414060224467238,사람심사
R54 x B13 x 5등급,29.0,1.0,0.034482758620689655,0.046087178891877224,0.02820241778508394,0.07260688426042258,자동승인
R54 x B13 x 6등급,79.0,3.0,0.0379746835443038,0.04527986073645584,0.028774505169238747,0.06883274489156815,자동승인
R54 x B13 x 7등급,69.0,3.0,0.043478260869565216,0.04651364440774892,0.02925305526156606,0.07023566494605163,자동승인
R54 x B13 x 8등급,50.0,2.0,0.04,0.046179619246103025,0.028146324109110374,0.07173188486511749,자동승인
R54 x B13 x 9등급,41.0,2.0,0.04878048780487805,0.04740562683670753,0.028931277523829242,0.0732039506495476,자동승인
R54 x B13 x 10등급,71.0,2.0,0.028169014084507043,0.043551510833723175,0.02707296425796933,0.0678687701952402,자동승인
R54 x B13 x 11등급,10.0,0.0,0.0,0.045683465901441074,0.027855260063074823,0.07292834427489966,자동승인
R54 x B13 x 13등급,3.0,1.0,0.3333333333333333,0.05006813122140815,0.029943244675339233,0.07824976656345291,자동승인
R54 x B13 x 14등급,2.0,0.0,0.0,0.04690169165881283,0.02792404701233718,0.0758008831789725,사람심사
R54 x B14 x 4등급,67.0,0.0,0.0,0.03854933560998315,0.024271921162465883,0.061032269501356824,자동승인
R54 x B14 x 5등급,10.0,0.0,0.0,0.045683465901441074,0.027600892160576394,0.07301598878645006,자동승인
R54 x B14 x 6등급,15.0,1.0,0.06666666666666667,0.0481485862544532,0.029444728933970394,0.07565138686914184,자동승인
R54 x B14 x 7등급,7.0,1.0,0.14285714285714285,0.049411499992274927,0.029592700733189283,0.07860162753789414,자동승인
R54 x B14 x 8등급,37.0,2.0,0.05405405405405406,0.0479716641720712,0.0296824738225174,0.0742086951997288,자동승인
R54 x B14 x 9등급,12.0,0.0,0.0,0.04538873386336726,0.027418327666907494,0.07209162665232163,자동승인
R54 x B14 x 10등급,7.0,1.0,0.14285714285714285,0.049411499992274927,0.02960341112325796,0.07827512818669077,자동승인
R54 x B14 x 11등급,3.0,0.0,0.0,0.04674587208519552,0.028115186145073016,0.07471200420017277,자동승인
R54 x B14 x 14등급,1.0,0.0,0.0,0.04705855350382559,0.028351814841471864,0.0753590436810097,자동승인
R54 x B2 x 4등급,900.0,41.0,0.04555555555555556,0.045968704088183515,0.035225553120042295,0.05806216132874714,자동승인
R54 x B2 x 5등급,1117.0,64.0,0.05729632945389436,0.05517350353190378,0.043752839758125855,0.06745443456221177,자동승인
R54 x B2 x 6등급,1288.0,68.0,0.052795031055900624,0.05174685214227229,0.04147301606067908,0.0628490197603309,자동승인
R54 x B2 x 7등급,1214.0,54.0,0.044481054365733116,0.045020176916431114,0.035139427846238615,0.055810255875021794,자동승인
R54 x B2 x 8등급,307.0,17.0,0.05537459283387622,0.0513562107399072,0.03517927019708472,0.07070081784230911,자동승인
R54 x B2 x 9등급,196.0,14.0,0.07142857142857142,0.05682288967134383,0.03807502892796,0.08025482839318772,자동승인
R54 x B2 x 10등급,173.0,15.0,0.08670520231213873,0.061720822712619645,0.04160137593258553,0.08775526910287505,자동승인
R54 x B2 x 11등급,72.0,4.0,0.05555555555555555,0.048839209453091496,0.03048455922431953,0.07375825461182972,자동승인
R54 x B2 x 12등급,3.0,0.0,0.0,0.04674587208519552,0.02828173920002969,0.07347479437624364,자동승인
R54 x B2 x 14등급,3.0,0.0,0.0,0.04674587208519552,0.0282641299706867,0.07417582158127307,자동승인
R54 x B2 x 15등급,9.0,0.0,0.0,0.04583227197929593,0.027537615010834772,0.07325255065046446,자동승인
R54 x B3 x 4등급,189.0,6.0,0.031746031746031744,0.04121254106292372,0.027291076248492953,0.06058662962855533,자동승인
R54 x B3 x 5등급,418.0,24.0,0.05741626794258373,0.05317109985704448,0.03761940299483716,0.07120944319772712,자동승인
R54 x B3 x 6등급,444.0,21.0,0.0472972972972973,0.047264834902484974,0.033656059494524465,0.06262297691548649,자동승인
R54 x B3 x 7등급,241.0,8.0,0.03319502074688797,0.0409471382145526,0.027227243851821865,0.05925701061588491,자동승인
R54 x B3 x 8등급,82.0,2.0,0.024390243902439025,0.04229080920432593,0.026254931364156252,0.06604225100229115,자동승인
R54 x B3 x 9등급,88.0,1.0,0.011363636363636364,0.039042765537937445,0.02504378879487497,0.06013177232754382,자동승인
R54 x B3 x 10등급,45.0,1.0,0.022222222222222223,0.043937339643276535,0.027114497861642693,0.06852741080822365,자동승인
R54 x B3 x 11등급,13.0,0.0,0.0,0.04524278938149148,0.02723414708788885,0.07147993123244578,자동승인
R54 x B3 x 12등급,12.0,1.0,0.08333333333333333,0.04861454031498017,0.029057064456730414,0.07643565145282066,자동승인
R54 x B3 x 13등급,6.0,0.0,0.0,0.04628456413698635,0.02809880514303706,0.07422266361322374,자동승인
R54 x B3 x 14등급,8.0,0.0,0.0,0.04598205064589494,0.02778627558940696,0.0733516142830368,자동승인
R54 x B3 x 15등급,5.0,0.0,0.0,0.04643731847407211,0.02770573543595647,0.07402212740819918,자동승인
R54 x B4 x 4등급,199.0,6.0,0.03015075376884422,0.040383314884595276,0.02650515472623967,0.059524755146917886,자동승인
R54 x B4 x 5등급,219.0,7.0,0.0319634703196347,0.040755333651148654,0.02688285408945886,0.060122732924446004,자동승인
R54 x B4 x 6등급,132.0,9.0,0.06818181818181818,0.053652343017776404,0.035058831375135054,0.07776994279079279,자동승인
R54 x B4 x 7등급,149.0,10.0,0.06711409395973154,0.05384901006184307,0.03493711834322692,0.0773601411675833,자동승인
R54 x B4 x 8등급,21.0,0.0,0.0,0.044108173973805176,0.027076684893556396,0.06894665375308608,자동승인
R54 x B4 x 9등급,22.0,1.0,0.045454545454545456,0.04709533593013704,0.028518529215432933,0.07356593208933808,자동승인
R54 x B4 x 10등급,37.0,2.0,0.05405405405405406,0.0479716641720712,0.029782255983268145,0.07429385298585396,자동승인
R54 x B4 x 11등급,24.0,0.0,0.0,0.04369722825355233,0.02634294616226768,0.06884091966313892,자동승인
R54 x B5 x 4등급,152.0,10.0,0.06578947368421052,0.053490016661430786,0.03494322847062081,0.07726379001066909,자동승인
R54 x B5 x 5등급,463.0,17.0,0.0367170626349892,0.04082852496405237,0.028839658641694983,0.05623628235244488,자동승인
R54 x B5 x 6등급,161.0,10.0,0.062111801242236024,0.0524411928053243,0.03454655069106945,0.07515572841246618,자동승인
R54 x B5 x 7등급,247.0,14.0,0.05668016194331984,0.051505518344300644,0.03494301820350932,0.07184930387526846,자동승인
R54 x B5 x 8등급,34.0,1.0,0.029411764705882353,0.04539309487242124,0.028336271613472276,0.07008670620949835,자동승인
R54 x B5 x 9등급,27.0,4.0,0.14814814814814814,0.05560156153121185,0.03382053844797782,0.08790710230321891,자동승인
R54 x B5 x 10등급,77.0,5.0,0.06493506493506493,0.050854686660383605,0.032042672973172884,0.07677195208629713,자동승인
R54 x B5 x 11등급,9.0,0.0,0.0,0.04583227197929593,0.02728918336126655,0.07313289590656971,사람심사
R54 x B5 x 12등급,1.0,1.0,1.0,0.050403035109176764,0.029981068758097047,0.07914214721083133,자동승인
R54 x B5 x 13등급,13.0,2.0,0.15384615384615385,0.05167365754869406,0.03130027639765298,0.08129273403436904,자동승인
R54 x B6 x 4등급,278.0,13.0,0.046762589928057555,0.04699740885007613,0.03191983088959894,0.06552265954409284,자동승인
R54 x B6 x 5등급,136.0,6.0,0.04411764705882353,0.0462454089807462,0.02960928267279537,0.06766469799279655,자동승인
R54 x B6 x 6등급,244.0,13.0,0.05327868852459016,0.049945585789010795,0.03351262242637213,0.07014295474920516,자동승인
R54 x B6 x 7등급,165.0,11.0,0.06666666666666667,0.0541479643577621,0.0359701370843012,0.0776725259875576,자동승인
R54 x B6 x 8등급,150.0,3.0,0.02,0.03810381137866931,0.02470290456575934,0.05841602010942271,자동승인
R54 x B6 x 9등급,75.0,0.0,0.0,0.03772254020816046,0.023766022167950877,0.059681190798164314,자동승인
R54 x B6 x 10등급,26.0,1.0,0.038461538461538464,0.04651391202976498,0.028152287302343777,0.07302443034901605,자동승인
R54 x B6 x 12등급,2.0,0.0,0.0,0.04690169165881283,0.027811869856988015,0.07523222404497848,사람심사
R72 x B1 x 4등급,1148.0,42.0,0.036585365853658534,0.03877628457651719,0.030338795788144426,0.04924853340227134,자동승인
R72 x B1 x 5등급,946.0,45.0,0.04756871035940803,0.04748433078588734,0.036505037358560644,0.059734918737045256,자동승인
R72 x B1 x 6등급,1748.0,60.0,0.034324942791762014,0.036202594084869914,0.029091574592737035,0.04462676114456068,자동승인
R72 x B1 x 7등급,1377.0,48.0,0.034858387799564274,0.03705701940157842,0.029063681634192165,0.04674738541029659,자동승인
R72 x B1 x 8등급,248.0,9.0,0.036290322580645164,0.04225367673561145,0.028430948231662978,0.06076360328666227,자동승인
R72 x B1 x 9등급,266.0,10.0,0.03759398496240601,0.04267820478305648,0.02902603280346716,0.06094543340736242,자동승인
R72 x B1 x 10등급,84.0,8.0,0.09523809523809523,0.05777619763781113,0.03757628010582346,0.08554504339334279,자동승인
R72 x B1 x 11등급,105.0,3.0,0.02857142857142857,0.042358579398619985,0.02688636373732671,0.06494384857894492,자동승인
R72 x B1 x 12등급,49.0,2.0,0.04081632653061224,0.04631270172231658,0.028371150778598895,0.07220928300556308,자동승인
R72 x B1 x 13등급,5.0,0.0,0.0,0.04643731847407211,0.027891741401758707,0.07423633336390462,자동승인
R72 x B1 x 14등급,5.0,0.0,0.0,0.04643731847407211,0.028094048812562788,0.07411184774783074,자동승인
R72 x B10 x 5등급,17.0,0.0,0.0,0.044668277770297936,0.026995764837696907,0.07018451563146709,자동승인
R72 x B10 x 6등급,38.0,2.0,0.05263157894736842,0.047828891362035275,0.02900304194329429,0.07380533457117947,자동승인
R72 x B10 x 7등급,137.0,7.0,0.051094890510948905,0.04843794827044564,0.03120382872179239,0.07061953513296071,자동승인
R72 x B10 x 8등급,117.0,3.0,0.02564102564102564,0.041133753006370725,0.02626671140542477,0.06305941143570802,자동승인
R72 x B10 x 9등급,80.0,5.0,0.0625,0.050451078036094846,0.031098297830709585,0.07609413714516262,자동승인
R72 x B10 x 10등급,119.0,4.0,0.03361344537815126,0.043334550354061994,0.027117213714628368,0.06484241438690722,자동승인
R72 x B10 x 11등급,52.0,3.0,0.057692307692307696,0.04877287856469672,0.030319568119495384,0.0755316511206194,자동승인
R72 x B10 x 12등급,90.0,1.0,0.011111111111111112,0.03884151416918519,0.025032957723600213,0.05985831753269893,자동승인
R72 x B10 x 13등급,23.0,0.0,0.0,0.04383335669047929,0.026658144551023402,0.07046543038417008,자동승인
R72 x B10 x 14등급,21.0,0.0,0.0,0.044108173973805176,0.02743528944523872,0.06940533190666628,자동승인
R72 x B10 x 15등급,9.0,0.0,0.0,0.04583227197929593,0.027794982933287762,0.07188667651644305,자동승인
R72 x B11 x 4등급,25.0,0.0,0.0,0.043561942717163626,0.026816649177780972,0.06860063783057557,자동승인
R72 x B11 x 5등급,11.0,1.0,0.09090909090909091,0.048771868924413764,0.029020366143198684,0.0788664603001599,사람심사
R72 x B11 x 6등급,15.0,1.0,0.06666666666666667,0.0481485862544532,0.028954938340825232,0.07630075575182464,자동승인
R72 x B11 x 7등급,273.0,17.0,0.06227106227106227,0.05441419876995421,0.0374791991670979,0.07518404310816795,자동승인
R72 x B11 x 8등급,52.0,3.0,0.057692307692307696,0.04877287856469672,0.029787329666061024,0.07564612758409286,자동승인
R72 x B11 x 9등급,55.0,1.0,0.01818181818181818,0.0426926558006908,0.026534765336142557,0.06658412732774689,자동승인
R72 x B11 x 10등급,39.0,1.0,0.02564102564102564,0.04471960681793428,0.027119296201992642,0.06968969244307681,자동승인
R72 x B11 x 11등급,50.0,0.0,0.0,0.04043249280932141,0.025234442720377087,0.06366900331307841,자동승인
R72 x B11 x 12등급,22.0,0.0,0.0,0.043970335930137036,0.026722391786969134,0.06981377364447312,자동승인
R72 x B11 x 13등급,52.0,2.0,0.038461538461538464,0.04591573570755386,0.028663986241822818,0.07040379320345774,자동승인
R72 x B11 x 14등급,3.0,0.0,0.0,0.04674587208519552,0.02808116714953341,0.07452879597355495,자동승인
R72 x B11 x 15등급,4.0,1.0,0.25,0.04990234270742998,0.02979987900877423,0.07834543409494941,자동승인
R72 x B12 x 4등급,2316.0,98.0,0.04231433506044905,0.04287318572977959,0.03540135993672912,0.05076708671038822,자동승인
R72 x B12 x 5등급,1050.0,75.0,0.07142857142857142,0.06607604413771799,0.0533270290300689,0.08097223429159082,자동승인
R72 x B12 x 6등급,1397.0,62.0,0.04438081603435934,0.04487935545583708,0.035833208514448316,0.055112927593944594,자동승인
R72 x B12 x 7등급,2077.0,93.0,0.04477611940298507,0.045082318946376355,0.0370616746643925,0.053957810078775516,자동승인
R72 x B12 x 8등급,834.0,25.0,0.02997601918465228,0.03451458259509174,0.025959069389968028,0.04626732946249134,자동승인
R72 x B12 x 9등급,349.0,17.0,0.04871060171919771,0.048022422716605645,0.03330614812702361,0.06541638250565955,자동승인
R72 x B12 x 10등급,825.0,38.0,0.04606060606060606,0.04636732635587164,0.035310087083810296,0.05897262875008025,자동승인
R72 x B12 x 11등급,556.0,18.0,0.03237410071942446,0.03755328746796704,0.026971984210107016,0.051222302909201184,자동승인
R72 x B12 x 12등급,286.0,8.0,0.027972027972027972,0.037791964893225775,0.02547745635632605,0.05538306881258313,자동승인
R72 x B12 x 13등급,15.0,1.0,0.06666666666666667,0.0481485862544532,0.029386773182047982,0.07594404892576484,자동승인
R72 x B12 x 14등급,5.0,0.0,0.0,0.04643731847407211,0.028050559886611814,0.0735275734928643,자동승인
R72 x B12 x 15등급,138.0,3.0,0.021739130434782608,0.03915254013221067,0.02523173187283059,0.05940809250864212,자동승인
R72 x B13 x 4등급,24.0,1.0,0.041666666666666664,0.04680281831566414,0.028456664029839037,0.07409144286109162,자동승인
R72 x B13 x 5등급,28.0,2.0,0.07142857142857142,0.049296035268846176,0.030308123594599508,0.07671582834934684,자동승인
R72 x B13 x 6등급,134.0,8.0,0.05970149253731343,0.05108913772602744,0.032795807887231555,0.07363782870154223,자동승인
R72 x B13 x 7등급,45.0,0.0,0.0,0.0410218877482328,0.025376311334749935,0.06473990369220128,자동승인
R72 x B13 x 8등급,110.0,4.0,0.03636363636363636,0.04429045955304866,0.028057311710311082,0.06626347407928257,자동승인
R72 x B13 x 9등급,60.0,1.0,0.016666666666666666,0.04209638965822305,0.026192920275307213,0.06528963417369044,자동승인
R72 x B13 x 10등급,72.0,3.0,0.041666666666666664,0.046136506750388794,0.028929028589237755,0.06919269063257517,자동승인
R72 x B13 x 11등급,37.0,2.0,0.05405405405405406,0.0479716641720712,0.029715039765320063,0.07402568613693808,자동승인
R72 x B13 x 12등급,6.0,0.0,0.0,0.04628456413698635,0.0278045229991025,0.07314253521281205,자동승인
R72 x B13 x 13등급,14.0,0.0,0.0,0.04509778044116619,0.027288551354904187,0.07194915714984167,자동승인
R72 x B13 x 14등급,9.0,0.0,0.0,0.04583227197929593,0.02734294007509149,0.07305774267811706,자동승인
R72 x B14 x 4등급,62.0,0.0,0.0,0.039084743049010696,0.024537573231754893,0.061926513148127076,자동승인
R72 x B14 x 5등급,6.0,1.0,0.16666666666666666,0.04957403782119688,0.029199470908614956,0.07955739528800437,사람심사
R72 x B14 x 6등급,16.0,0.0,0.0,0.044810533431986786,0.026894224458873708,0.07084276345313786,자동승인
R72 x B14 x 7등급,24.0,0.0,0.0,0.04369722825355233,0.026364112083782153,0.07037809101840405,사람심사
R72 x B14 x 8등급,35.0,1.0,0.02857142857142857,0.04525677927220376,0.027246357685821367,0.0716496533058738,자동승인
R72 x B14 x 9등급,43.0,1.0,0.023255813953488372,0.04419503664998197,0.02724526642878166,0.06853704166673376,자동승인
R72 x B14 x 10등급,29.0,0.0,0.0,0.04302907491634205,0.026456627011925072,0.06804779463042156,자동승인
R72 x B14 x 11등급,11.0,0.0,0.0,0.0455356229697212,0.027905050706162417,0.0713837703386359,자동승인
R72 x B14 x 14등급,5.0,0.0,0.0,0.04643731847407211,0.027527416806886584,0.07366912807221392,자동승인
R72 x B14 x 15등급,10.0,1.0,0.1,0.04893021914819433,0.02925089462747595,0.07652502611934348,자동승인
R72 x B2 x 4등급,1191.0,44.0,0.036943744752308987,0.038999669239519044,0.03008417887789815,0.049242000069667106,자동승인
R72 x B2 x 5등급,1614.0,69.0,0.04275092936802974,0.04344691814730327,0.03495450305695941,0.05285313190041111,자동승인
R72 x B2 x 6등급,1712.0,72.0,0.04205607476635514,0.04282114800877803,0.03445387141370688,0.05194160320437242,자동승인
R72 x B2 x 7등급,1144.0,29.0,0.025349650349650348,0.029868590497672574,0.02309216358337523,0.040137853742427204,자동승인
R72 x B2 x 8등급,308.0,11.0,0.03571428571428571,0.04137047441855421,0.02843938378052813,0.058057638962219396,자동승인
R72 x B2 x 9등급,255.0,6.0,0.023529411764705882,0.03629386527602867,0.024636134441288707,0.05366543314918727,자동승인
R72 x B2 x 10등급,81.0,5.0,0.06172839506172839,0.050317961735208055,0.031816160169299994,0.07485213234672286,자동승인
R72 x B2 x 11등급,62.0,2.0,0.03225806451612903,0.04464029860456626,0.027867611333611934,0.06886242733610023,자동승인
R72 x B2 x 12등급,1.0,0.0,0.0,0.04705855350382559,0.028164697855693473,0.07442619796974065,자동승인
R72 x B2 x 13등급,5.0,0.0,0.0,0.04643731847407211,0.02794471038272378,0.07414753289632285,자동승인
R72 x B2 x 14등급,4.0,0.0,0.0,0.04659108442928427,0.02813489250942033,0.07357995294432855,자동승인
R72 x B3 x 4등급,250.0,9.0,0.036,0.04209946623657637,0.02861405322963378,0.05946529166398075,자동승인
R72 x B3 x 5등급,594.0,22.0,0.037037037037037035,0.04043778867448863,0.029155831402098847,0.0543017957857624,자동승인
R72 x B3 x 6등급,659.0,26.0,0.03945371775417299,0.04187095872272085,0.03048854656692882,0.05528397346683439,자동승인
R72 x B3 x 7등급,354.0,20.0,0.05649717514124294,0.05225537959761327,0.03694942349100106,0.07100535836390463,자동승인
R72 x B3 x 8등급,103.0,5.0,0.04854368932038835,0.04755737530584502,0.03039355353064427,0.07100677263368511,자동승인
R72 x B3 x 9등급,150.0,4.0,0.02666666666666667,0.04033595423581217,0.026558646881236634,0.060177686445791606,자동승인
R72 x B3 x 10등급,83.0,0.0,0.0,0.03693046587308097,0.023721577507103967,0.05837655862694124,자동승인
R72 x B3 x 11등급,47.0,1.0,0.02127659574468085,0.043682630427953194,0.027168893861526922,0.0670133426033232,자동승인
R72 x B3 x 12등급,11.0,0.0,0.0,0.0455356229697212,0.027263827466587273,0.07203381337810667,자동승인
R72 x B3 x 13등급,3.0,0.0,0.0,0.04674587208519552,0.0280956383576982,0.07542081971855605,사람심사
R72 x B3 x 14등급,15.0,1.0,0.06666666666666667,0.0481485862544532,0.0288484537937793,0.07617901468386933,자동승인
R72 x B3 x 15등급,14.0,1.0,0.07142857142857142,0.0483029086462944,0.02955699627064498,0.07550587590570748,자동승인
R72 x B4 x 4등급,327.0,12.0,0.03669724770642202,0.04171281199623016,0.028854432701353256,0.05873557837157383,자동승인
R72 x B4 x 5등급,395.0,14.0,0.035443037974683546,0.0405057828248829,0.02815677945917541,0.056506491839390605,자동승인
R72 x B4 x 6등급,215.0,14.0,0.06511627906976744,0.0547183382020348,0.036926271659079364,0.07782488092620907,자동승인
R72 x B4 x 7등급,231.0,13.0,0.05627705627705628,0.051172982037133934,0.034574552068357196,0.0717675061092307,자동승인
R72 x B4 x 8등급,40.0,2.0,0.05,0.04754588017054394,0.029113272945266347,0.07360112458940725,자동승인
R72 x B4 x 9등급,38.0,1.0,0.02631578947368421,0.044852700885844796,0.027256424389320244,0.06996635792025925,자동승인
R72 x B4 x 10등급,67.0,0.0,0.0,0.03854933560998315,0.024546150443485307,0.060382242572250375,자동승인
R72 x B4 x 11등급,22.0,0.0,0.0,0.043970335930137036,0.026890774895479808,0.06991304840581225,자동승인
R72 x B4 x 12등급,2.0,1.0,0.5,0.050235024992146174,0.0300166334273866,0.07993490274985683,자동승인
R72 x B4 x 14등급,4.0,0.0,0.0,0.04659108442928427,0.02789186089709196,0.07477109738170061,사람심사
R72 x B5 x 4등급,161.0,5.0,0.031055900621118012,0.04154794661796046,0.02712819969838515,0.06153006172019792,자동승인
R72 x B5 x 5등급,929.0,43.0,0.04628632938643703,0.04651223104942449,0.03554812492147632,0.058798263544929445,자동승인
R72 x B5 x 6등급,433.0,13.0,0.03002309468822171,0.037032157999512795,0.02634017419907552,0.051967255423191874,자동승인
R72 x B5 x 7등급,338.0,21.0,0.0621301775147929,0.05514230738623247,0.038662187538993135,0.07552649232746489,자동승인
R72 x B5 x 8등급,32.0,2.0,0.0625,0.04869850756861773,0.0299374256769929,0.07418994606990537,자동승인
R72 x B5 x 9등급,47.0,1.0,0.02127659574468085,0.043682630427953194,0.026900355060768467,0.06820188088487138,자동승인
R72 x B5 x 10등급,61.0,3.0,0.04918032786885246,0.04755016016056783,0.029644480669559586,0.07280784324278457,자동승인
R72 x B5 x 11등급,17.0,0.0,0.0,0.044668277770297936,0.02727093758660698,0.07107900797725032,자동승인
R72 x B5 x 13등급,13.0,2.0,0.15384615384615385,0.05167365754869406,0.031171680535416427,0.08078208464809603,자동승인
R72 x B5 x 15등급,1.0,0.0,0.0,0.04705855350382559,0.02804573539964147,0.075290855287864,사람심사
R72 x B6 x 4등급,441.0,11.0,0.024943310657596373,0.033924908657163536,0.024215077934321667,0.04860757160624153,자동승인
R72 x B6 x 5등급,216.0,10.0,0.046296296296296294,0.046829781123820725,0.030839407976043454,0.06740121426779001,자동승인
R72 x B6 x 6등급,308.0,12.0,0.03896103896103896,0.04302063943505586,0.029082704062427703,0.06040644323034112,자동승인
R72 x B6 x 7등급,186.0,7.0,0.03763440860215054,0.0435341064000906,0.028633905321124038,0.06308874386524917,자동승인
R72 x B6 x 8등급,61.0,3.0,0.04918032786885246,0.04755016016056783,0.029584915559357137,0.07336883640872492,자동승인
R72 x B6 x 9등급,116.0,3.0,0.02586206896551724,0.04123310989769047,0.02665812004078977,0.06270166531193787,자동승인
R72 x B6 x 10등급,42.0,1.0,0.023809523809523808,0.04432502205189368,0.02753998319076632,0.06882355146873875,자동승인
R72 x B6 x 11등급,3.0,0.0,0.0,0.04674587208519552,0.02820079534386268,0.07437845379977187,자동승인
R72 x B6 x 12등급,1.0,0.0,0.0,0.04705855350382559,0.028691911519645848,0.07415374708719187,자동승인
R72 x B6 x 13등급,5.0,1.0,0.2,0.04973764850707542,0.03007330064644327,0.07852389587537861,자동승인
R72 x B6 x 14등급,4.0,0.0,0.0,0.04659108442928427,0.02777835027622914,0.07459384509061948,사람심사
R73 x B1 x 4등급,393.0,2.0,0.005089058524173028,0.023256884945939006,0.017455067236296716,0.03863970295375604,자동승인
R73 x B1 x 5등급,473.0,12.0,0.02536997885835095,0.033813887804985544,0.024224050078621454,0.04818691936421831,자동승인
R73 x B1 x 6등급,831.0,28.0,0.03369434416365824,0.03726351416974655,0.027951098007127997,0.049134385322122866,자동승인
R73 x B1 x 7등급,529.0,18.0,0.034026465028355386,0.03877933191976282,0.027616402101081284,0.05253942107733305,자동승인
R73 x B1 x 8등급,74.0,1.0,0.013513513513513514,0.04051211692915014,0.025793021642140007,0.06263946893496111,자동승인
R73 x B1 x 9등급,112.0,4.0,0.03571428571428571,0.04407440853083867,0.027692788362024538,0.06729260886610797,자동승인
R73 x B1 x 10등급,28.0,1.0,0.03571428571428571,0.046228550606269486,0.028050720171409898,0.07210140310911917,자동승인
R73 x B1 x 11등급,116.0,3.0,0.02586206896551724,0.04123310989769047,0.026388011668199898,0.0625813754462949,자동승인
R73 x B1 x 12등급,15.0,0.0,0.0,0.04495369807553946,0.027089635169586086,0.07083767030085891,자동승인
R73 x B1 x 13등급,1.0,0.0,0.0,0.04705855350382559,0.028418205352240645,0.07469532056472666,자동승인
R73 x B1 x 14등급,7.0,0.0,0.0,0.046132811467684755,0.027613620008478064,0.07361311045512704,자동승인
R73 x B10 x 4등급,5.0,0.0,0.0,0.04643731847407211,0.02769713206858216,0.07466481576996362,사람심사
R73 x B10 x 5등급,28.0,0.0,0.0,0.043161065943692796,0.02652976768310758,0.06803883711015253,자동승인
R73 x B10 x 6등급,10.0,1.0,0.1,0.04893021914819433,0.02958946763029381,0.07733652965166399,자동승인
R73 x B10 x 7등급,45.0,0.0,0.0,0.0410218877482328,0.025470402182322195,0.06445223184989401,자동승인
R73 x B10 x 8등급,20.0,1.0,0.05,0.04739153301145865,0.02875570437312796,0.07468684365620964,자동승인
R73 x B10 x 9등급,52.0,1.0,0.019230769230769232,0.043058592850411005,0.026423283792086992,0.06708138401382222,자동승인
R73 x B10 x 10등급,65.0,0.0,0.0,0.03876172864364697,0.024185495011156473,0.061806338211488045,자동승인
R73 x B10 x 11등급,24.0,1.0,0.041666666666666664,0.04680281831566414,0.028933802179630496,0.07293159669469883,자동승인
R73 x B10 x 12등급,38.0,1.0,0.02631578947368421,0.044852700885844796,0.02751599367453886,0.06925717901922752,자동승인
R73 x B10 x 13등급,4.0,0.0,0.0,0.04659108442928427,0.027733689205700136,0.07391972085256364,자동승인
R73 x B10 x 15등급,12.0,0.0,0.0,0.04538873386336726,0.0277936820519007,0.07251005775944452,자동승인
R73 x B11 x 4등급,18.0,0.0,0.0,0.04452692246089826,0.027020533463618133,0.07106850443231853,자동승인
R73 x B11 x 6등급,5.0,0.0,0.0,0.04643731847407211,0.02772171521348685,0.07400344881016219,자동승인
R73 x B11 x 7등급,94.0,1.0,0.010638297872340425,0.03844517218786697,0.024528367136814635,0.060056745859732336,자동승인
R73 x B11 x 8등급,31.0,1.0,0.03225806451612903,0.04580701367065001,0.02787276772053815,0.07137772300744868,자동승인
R73 x B11 x 9등급,30.0,0.0,0.0,0.042897888712328816,0.026214749426533495,0.06832831987021847,자동승인
R73 x B11 x 10등급,9.0,0.0,0.0,0.04583227197929593,0.027125096872107395,0.07273078625006847,자동승인
R73 x B11 x 11등급,36.0,3.0,0.08333333333333333,0.05110930388516124,0.031191046607407298,0.07965920066258234,자동승인
R73 x B11 x 12등급,1.0,0.0,0.0,0.04705855350382559,0.02824751407715716,0.0746779368532125,자동승인
R73 x B11 x 13등급,5.0,0.0,0.0,0.04643731847407211,0.028220665121305718,0.07299599547165725,자동승인
R73 x B11 x 14등급,5.0,1.0,0.2,0.04973764850707542,0.029782883685658932,0.07898239165737989,자동승인
R73 x B12 x 4등급,2114.0,86.0,0.04068117313150426,0.041488601781776054,0.0342018360264195,0.049924093281889695,자동승인
R73 x B12 x 5등급,1186.0,87.0,0.0733558178752108,0.0681068109822398,0.05585368757724549,0.08209339583639982,자동승인
R73 x B12 x 6등급,1200.0,62.0,0.051666666666666666,0.05078138017199189,0.039991690979244425,0.062415293603894376,자동승인
R73 x B12 x 7등급,1737.0,73.0,0.042026482440990214,0.04278649017083236,0.034595561824272834,0.05186574175852903,자동승인
R73 x B12 x 8등급,856.0,18.0,0.02102803738317757,0.027790734400038,0.021259690014456836,0.03890465330445954,자동승인
R73 x B12 x 9등급,147.0,16.0,0.10884353741496598,0.06757417415200866,0.04590588242630577,0.0985479344213429,자동승인
R73 x B12 x 10등급,573.0,36.0,0.06282722513089005,0.057486231340578474,0.04303780612508749,0.07415055536680176,자동승인
R73 x B12 x 11등급,420.0,14.0,0.03333333333333333,0.03909541434212236,0.02768017652623365,0.05455838832690481,자동승인
R73 x B12 x 12등급,207.0,5.0,0.024154589371980676,0.037763381183453175,0.025286180694395793,0.05637418636447467,자동승인
R73 x B12 x 13등급,11.0,0.0,0.0,0.0455356229697212,0.027539062381891584,0.07188329096629807,자동승인
R73 x B12 x 14등급,17.0,1.0,0.058823529411764705,0.04784288094490112,0.02930622176847478,0.0742315547134692,자동승인
R73 x B12 x 15등급,84.0,5.0,0.05952380952380952,0.049922794496449874,0.03165372073652378,0.07425671764496718,자동승인
R73 x B13 x 4등급,1.0,1.0,1.0,0.050403035109176764,0.030001943049518837,0.07977007177760963,자동승인
R73 x B13 x 5등급,22.0,0.0,0.0,0.043970335930137036,0.026673641552624965,0.06940859882325374,자동승인
R73 x B13 x 6등급,42.0,0.0,0.0,0.041383845581305444,0.025940437943043765,0.06470455511801751,자동승인
R73 x B13 x 7등급,51.0,3.0,0.058823529411764705,0.04891262893307694,0.03005332053198529,0.07495699887481314,자동승인
R73 x B13 x 8등급,38.0,0.0,0.0,0.041876510409654316,0.025842330658358434,0.06629901481389672,자동승인
R73 x B13 x 9등급,24.0,0.0,0.0,0.04369722825355233,0.02663580927769406,0.06887467008941231,자동승인
R73 x B13 x 10등급,57.0,2.0,0.03508771929824561,0.04526903520463057,0.028252443934947157,0.06973026579373429,자동승인
R73 x B13 x 11등급,5.0,0.0,0.0,0.04643731847407211,0.02821629413718019,0.07483967546855834,사람심사
R73 x B13 x 12등급,7.0,1.0,0.14285714285714285,0.049411499992274927,0.029786705891737195,0.07803824302508543,자동승인
R73 x B13 x 13등급,7.0,1.0,0.14285714285714285,0.049411499992274927,0.0294036807572757,0.079120990463676,사람심사
R73 x B13 x 14등급,4.0,0.0,0.0,0.04659108442928427,0.02780193106806291,0.07486915511156221,사람심사
R73 x B14 x 4등급,29.0,1.0,0.034482758620689655,0.046087178891877224,0.027932706081127977,0.07196217277218805,자동승인
R73 x B14 x 5등급,5.0,0.0,0.0,0.04643731847407211,0.028025495915273948,0.07328185414014533,자동승인
R73 x B14 x 6등급,14.0,0.0,0.0,0.04509778044116619,0.027482461682740378,0.07144925058321108,자동승인
R73 x B14 x 7등급,2.0,0.0,0.0,0.04690169165881283,0.02824882270111006,0.07542924785390837,사람심사
R73 x B14 x 8등급,7.0,0.0,0.0,0.046132811467684755,0.02808985429137601,0.07334934044015252,자동승인
R73 x B14 x 9등급,17.0,0.0,0.0,0.044668277770297936,0.027125407577851375,0.07039088049500877,자동승인
R73 x B14 x 10등급,6.0,0.0,0.0,0.04628456413698635,0.02739197988760509,0.0746755294185276,사람심사
R73 x B14 x 11등급,9.0,0.0,0.0,0.04583227197929593,0.02755703731944572,0.07282058913255247,자동승인
R73 x B14 x 14등급,2.0,0.0,0.0,0.04690169165881283,0.02833776122307069,0.07448491274101503,자동승인
R73 x B2 x 4등급,394.0,12.0,0.030456852791878174,0.03767414378272233,0.02623568962932925,0.05326524376582983,자동승인
R73 x B2 x 5등급,706.0,21.0,0.029745042492917848,0.03493078436020304,0.025674456620725837,0.04750403128579973,자동승인
R73 x B2 x 6등급,722.0,29.0,0.04016620498614958,0.04222598774278809,0.031682916640206754,0.05515822215012423,자동승인
R73 x B2 x 7등급,482.0,15.0,0.03112033195020747,0.03726988140723571,0.026124638625435584,0.051339991853960994,자동승인
R73 x B2 x 8등급,153.0,6.0,0.0392156862745098,0.0445022339193877,0.02881103223543623,0.06529469248884417,자동승인
R73 x B2 x 9등급,98.0,2.0,0.02040816326530612,0.04058208964051478,0.02581630818560939,0.06180510473660856,자동승인
R73 x B2 x 10등급,35.0,1.0,0.02857142857142857,0.04525677927220376,0.027471295513129712,0.07109112532759089,자동승인
R73 x B2 x 11등급,21.0,1.0,0.047619047619047616,0.04724297021204969,0.028436744415525312,0.07512263342304917,자동승인
R73 x B2 x 13등급,3.0,0.0,0.0,0.04674587208519552,0.028268091127983723,0.07268019049916438,자동승인
R73 x B2 x 14등급,1.0,0.0,0.0,0.04705855350382559,0.028562517835521228,0.074452174423235,자동승인
R73 x B3 x 4등급,125.0,3.0,0.024,0.040355809687101306,0.02601138471123691,0.06087341949024236,자동승인
R73 x B3 x 5등급,263.0,10.0,0.03802281368821293,0.042906430477083514,0.02929120031612744,0.061033755797162706,자동승인
R73 x B3 x 6등급,310.0,8.0,0.025806451612903226,0.03630017680533528,0.024882650031727876,0.05276249052193694,자동승인
R73 x B3 x 7등급,75.0,2.0,0.02666666666666667,0.04308447050306663,0.027071394510574963,0.06623358781777847,자동승인
R73 x B3 x 8등급,31.0,1.0,0.03225806451612903,0.04580701367065001,0.028329084286750912,0.0721438142896413,자동승인
R73 x B3 x 9등급,50.0,1.0,0.02,0.04330605602771222,0.026796433493934353,0.06842977947273739,자동승인
R73 x B3 x 10등급,26.0,0.0,0.0,0.04342749227667855,0.02671732288099031,0.06922637469833282,자동승인
R73 x B3 x 11등급,10.0,0.0,0.0,0.045683465901441074,0.02770707965097224,0.07213938865467884,자동승인
R73 x B3 x 14등급,6.0,0.0,0.0,0.04628456413698635,0.027348339276032873,0.07543384773387642,사람심사
R73 x B3 x 15등급,8.0,0.0,0.0,0.04598205064589494,0.027514332373122646,0.07302175036458985,자동승인
R73 x B4 x 4등급,62.0,1.0,0.016129032258064516,0.04186252082678848,0.02587601817412373,0.06489040332649951,자동승인
R73 x B4 x 5등급,129.0,4.0,0.031007751937984496,0.04231968969003244,0.027507048930398074,0.0628435897388979,자동승인
R73 x B4 x 6등급,82.0,0.0,0.0,0.03702765130958908,0.023763013177211797,0.05919381380505529,자동승인
R73 x B4 x 7등급,65.0,0.0,0.0,0.03876172864364697,0.02472518758957975,0.06165050838234503,자동승인
R73 x B4 x 8등급,16.0,0.0,0.0,0.044810533431986786,0.027512991332237488,0.06930761560026585,자동승인
R73 x B4 x 9등급,20.0,1.0,0.05,0.04739153301145865,0.028585168258758308,0.07451532416458048,자동승인
R73 x B4 x 10등급,8.0,0.0,0.0,0.04598205064589494,0.027864117550192666,0.07280123411187643,자동승인
R73 x B4 x 11등급,4.0,0.0,0.0,0.04659108442928427,0.027898559346109023,0.07467156055249724,사람심사
R73 x B4 x 12등급,1.0,0.0,0.0,0.04705855350382559,0.027812499093762252,0.07527999865904064,사람심사
R73 x B4 x 14등급,5.0,0.0,0.0,0.04643731847407211,0.02755719595715878,0.0749974035395928,사람심사
R73 x B4 x 15등급,10.0,1.0,0.1,0.04893021914819433,0.029486385201841853,0.07603999007347413,자동승인
R73 x B5 x 4등급,50.0,3.0,0.06,0.049053182464493826,0.03049005518402595,0.07485549205474781,자동승인
R73 x B5 x 5등급,265.0,4.0,0.01509433962264151,0.032096816159225314,0.022007208742814973,0.04925894649863924,자동승인
R73 x B5 x 6등급,140.0,3.0,0.02142857142857143,0.03897376141014578,0.025143764057862204,0.05815808378143769,자동승인
R73 x B5 x 7등급,128.0,5.0,0.0390625,0.04476644952498557,0.0294090628765994,0.06634802989772906,자동승인
R73 x B5 x 8등급,23.0,0.0,0.0,0.04383335669047929,0.02665978468155896,0.0689336992318433,자동승인
R73 x B5 x 9등급,15.0,0.0,0.0,0.04495369807553946,0.027087601258271265,0.07188066029193317,자동승인
R73 x B5 x 10등급,23.0,0.0,0.0,0.04383335669047929,0.026713475847942616,0.06926130279357257,자동승인
R73 x B5 x 11등급,5.0,0.0,0.0,0.04643731847407211,0.028037096378541383,0.07334102062213821,자동승인
R73 x B5 x 14등급,9.0,0.0,0.0,0.04583227197929593,0.02734885305376097,0.0729725213517926,자동승인
R73 x B5 x 15등급,8.0,0.0,0.0,0.04598205064589494,0.027904214939364794,0.07285038603420899,자동승인
R73 x B6 x 4등급,110.0,3.0,0.02727272727272727,0.04183947916089179,0.026791081906589426,0.06258883849329526,자동승인
R73 x B6 x 5등급,83.0,3.0,0.03614457831325301,0.044804481621112474,0.02844615024541182,0.0678814946420199,자동승인
R73 x B6 x 6등급,97.0,8.0,0.08247422680412371,0.055874702525680636,0.03630081423344168,0.08203243432187472,자동승인
R73 x B6 x 7등급,106.0,5.0,0.04716981132075472,0.04720422647931646,0.02991573916409436,0.07104101086694764,자동승인
R73 x B6 x 8등급,73.0,1.0,0.0136986301369863,0.040621314009821705,0.02535142840516939,0.06257372202342143,자동승인
R73 x B6 x 9등급,40.0,1.0,0.025,0.04458730028888714,0.02773045958079344,0.06866556203073466,자동승인
R73 x B6 x 10등급,16.0,0.0,0.0,0.044810533431986786,0.027149373005155596,0.070452933664381,자동승인
R73 x B6 x 11등급,2.0,0.0,0.0,0.04690169165881283,0.02822477597996739,0.07581108530113517,사람심사
R73 x B6 x 13등급,3.0,0.0,0.0,0.04674587208519552,0.028036055406979277,0.07410622348498876,자동승인
R73 x B6 x 14등급,7.0,1.0,0.14285714285714285,0.049411499992274927,0.029611216080855807,0.07819521781100465,자동승인
R74 x B1 x 4등급,109.0,5.0,0.045871559633027525,0.04685628377799472,0.03005928437942101,0.06894088625758327,자동승인
R74 x B1 x 5등급,125.0,8.0,0.064,0.05217614065636845,0.03374328183942068,0.07525442564391006,자동승인
R74 x B1 x 6등급,361.0,19.0,0.05263157894736842,0.050182864184588546,0.03500262360978509,0.06840199340341371,자동승인
R74 x B1 x 7등급,174.0,8.0,0.04597701149425287,0.046759549783143756,0.03045977437582752,0.0677526196880124,자동승인
R74 x B1 x 8등급,59.0,2.0,0.03389830508474576,0.04501542716426849,0.027979892215577205,0.06924484411953337,자동승인
R74 x B1 x 9등급,26.0,1.0,0.038461538461538464,0.04651391202976498,0.028362077880383474,0.07302783324672889,자동승인
R74 x B1 x 10등급,15.0,2.0,0.13333333333333333,0.05134347443336694,0.03125934835502438,0.08000814424322832,자동승인
R74 x B1 x 11등급,17.0,0.0,0.0,0.044668277770297936,0.02721923833385848,0.07227082628892409,사람심사
R74 x B1 x 12등급,5.0,0.0,0.0,0.04643731847407211,0.027871441406392406,0.07485949446524967,사람심사
R74 x B10 x 6등급,1.0,0.0,0.0,0.04705855350382559,0.028015059612220904,0.07562345041740456,사람심사
R74 x B10 x 7등급,18.0,2.0,0.1111111111111111,0.0508560363849489,0.030672482383290726,0.07990170410922692,자동승인
R74 x B10 x 8등급,17.0,1.0,0.058823529411764705,0.04784288094490112,0.02872921859767725,0.0761598518146195,자동승인
R74 x B10 x 9등급,15.0,1.0,0.06666666666666667,0.0481485862544532,0.02902256966125109,0.07476965190729998,자동승인
R74 x B10 x 10등급,15.0,1.0,0.06666666666666667,0.0481485862544532,0.029463357753575184,0.07556977900991349,자동승인
R74 x B10 x 11등급,5.0,0.0,0.0,0.04643731847407211,0.0283406368014371,0.07385371614180714,자동승인
R74 x B10 x 12등급,2.0,0.0,0.0,0.04690169165881283,0.028178230384766568,0.07496478095480091,자동승인
R74 x B10 x 13등급,3.0,0.0,0.0,0.04674587208519552,0.028187336079567506,0.07411389810161981,자동승인
R74 x B11 x 4등급,2.0,0.0,0.0,0.04690169165881283,0.02776848558429894,0.07510834065968384,사람심사
R74 x B11 x 7등급,49.0,2.0,0.04081632653061224,0.04631270172231658,0.028803462967553404,0.07114670457376147,자동승인
R74 x B11 x 8등급,3.0,0.0,0.0,0.04674587208519552,0.02745730219008157,0.07557302505194728,사람심사
R74 x B11 x 9등급,2.0,0.0,0.0,0.04690169165881283,0.028187519346804,0.0747711067116501,자동승인
R74 x B11 x 10등급,4.0,1.0,0.25,0.04990234270742998,0.029964901725655267,0.07782853672505818,자동승인
R74 x B11 x 11등급,12.0,0.0,0.0,0.04538873386336726,0.027383989820875563,0.07276509429108996,자동승인
R74 x B11 x 13등급,14.0,1.0,0.07142857142857142,0.0483029086462944,0.029268906981451966,0.07634158012551387,자동승인
R74 x B11 x 14등급,4.0,1.0,0.25,0.04990234270742998,0.029948269780034925,0.07955787897293767,자동승인
R74 x B12 x 4등급,356.0,10.0,0.028089887640449437,0.036805057335846866,0.025591110628092474,0.05260625273673003,자동승인
R74 x B12 x 5등급,208.0,20.0,0.09615384615384616,0.06733301877004715,0.04677547441875955,0.09492971862334487,자동승인
R74 x B12 x 6등급,262.0,12.0,0.04580152671755725,0.04655447767436402,0.031826615674497946,0.06509642535185323,자동승인
R74 x B12 x 7등급,367.0,19.0,0.051771117166212535,0.049730086462622336,0.03476397560405427,0.06776769895296021,자동승인
R74 x B12 x 8등급,142.0,4.0,0.028169014084507043,0.041069335221917844,0.026559311360856278,0.06264016130708303,자동승인
R74 x B12 x 9등급,41.0,0.0,0.0,0.04150592182195826,0.025847511027059403,0.0649988362217929,자동승인
R74 x B12 x 10등급,168.0,7.0,0.041666666666666664,0.04521568132541599,0.029663703505586954,0.06524894199289627,자동승인
R74 x B12 x 11등급,41.0,3.0,0.07317073170731707,0.05035547934408216,0.030457352285645174,0.07882530806832891,자동승인
R74 x B12 x 12등급,62.0,5.0,0.08064516129032258,0.05297363193789959,0.033131529662925895,0.07952461004086986,자동승인
R74 x B12 x 14등급,5.0,1.0,0.2,0.04973764850707542,0.030358309574973583,0.07801196412579771,자동승인
R74 x B13 x 4등급,2.0,0.0,0.0,0.04690169165881283,0.028014706980237003,0.07462376773830968,자동승인
R74 x B13 x 5등급,6.0,1.0,0.16666666666666666,0.04957403782119688,0.0295004983050024,0.07886302038445145,자동승인
R74 x B13 x 6등급,17.0,0.0,0.0,0.044668277770297936,0.027618552198138576,0.06989703744279961,자동승인
R74 x B13 x 7등급,6.0,1.0,0.16666666666666666,0.04957403782119688,0.029837341091248304,0.07852835479347539,자동승인
R74 x B13 x 8등급,10.0,2.0,0.2,0.05217697239494757,0.03123888315258056,0.08164447852814187,자동승인
R74 x B13 x 9등급,15.0,1.0,0.06666666666666667,0.0481485862544532,0.029385763046520002,0.07521679581631113,자동승인
R74 x B13 x 11등급,3.0,0.0,0.0,0.04674587208519552,0.02829688101788439,0.0741174701623384,자동승인
R74 x B13 x 12등급,2.0,1.0,0.5,0.050235024992146174,0.03032099858206658,0.08007478734420928,자동승인
R74 x B14 x 4등급,5.0,0.0,0.0,0.04643731847407211,0.028041480673531734,0.07359497311814339,자동승인
R74 x B14 x 6등급,8.0,0.0,0.0,0.04598205064589494,0.027960227941643486,0.07274309318532281,자동승인
R74 x B14 x 7등급,4.0,0.0,0.0,0.04659108442928427,0.027829503021926782,0.0740584471338508,자동승인
R74 x B14 x 8등급,12.0,3.0,0.25,0.055066153218205974,0.03326072023136126,0.08631054678571966,자동승인
R74 x B14 x 9등급,6.0,0.0,0.0,0.04628456413698635,0.027264495357630023,0.07425757160630067,사람심사
R74 x B2 x 4등급,84.0,8.0,0.09523809523809523,0.05777619763781113,0.03665362502412939,0.08550181593893506,자동승인
R74 x B2 x 5등급,225.0,10.0,0.044444444444444446,0.04602391490945287,0.030642390884663816,0.06501707943816146,자동승인
R74 x B2 x 6등급,259.0,11.0,0.04247104247104247,0.0450098877875114,0.030426187801089476,0.06333349789774918,자동승인
R74 x B2 x 7등급,267.0,17.0,0.06367041198501873,0.0549920486683962,0.038056635355432716,0.07556272539419508,자동승인
R74 x B2 x 8등급,37.0,4.0,0.10810810810810811,0.053941813425802544,0.033214615893192266,0.08228070926520675,자동승인
R74 x B2 x 9등급,23.0,3.0,0.13043478260869565,0.053179151083002654,0.032684316327583486,0.08262160212378966,자동승인
R74 x B2 x 10등급,26.0,0.0,0.0,0.04342749227667855,0.026558389391514208,0.06809110230430217,자동승인
R74 x B2 x 11등급,8.0,0.0,0.0,0.04598205064589494,0.027662984305673117,0.0734533926910595,자동승인
R74 x B3 x 4등급,57.0,3.0,0.05263157894736842,0.048085936613081276,0.029665904336812408,0.07291379656926789,자동승인
R74 x B3 x 5등급,84.0,6.0,0.07142857142857142,0.052540595543570295,0.03310289165998167,0.07928009190116174,자동승인
R74 x B3 x 6등급,103.0,7.0,0.06796116504854369,0.05254490647791484,0.03342456277538627,0.07826640311298014,자동승인
R74 x B3 x 7등급,48.0,1.0,0.020833333333333332,0.04355638005099379,0.027157052699762207,0.06839989767556626,자동승인
R74 x B3 x 8등급,19.0,0.0,0.0,0.04438645898310363,0.026952026763977878,0.07030693398189866,자동승인
R74 x B3 x 9등급,15.0,1.0,0.06666666666666667,0.0481485862544532,0.029160504754840465,0.07570691089767766,자동승인
R74 x B3 x 10등급,2.0,0.0,0.0,0.04690169165881283,0.028025513081831484,0.07572269337244066,사람심사
R74 x B3 x 14등급,3.0,0.0,0.0,0.04674587208519552,0.02781067549357237,0.0750401963455263,사람심사
R74 x B4 x 4등급,34.0,1.0,0.029411764705882353,0.04539309487242124,0.02770864784595096,0.07135494032061876,자동승인
R74 x B4 x 5등급,47.0,4.0,0.0851063829787234,0.052378282601866236,0.03241310820668394,0.08058614458675904,자동승인
R74 x B4 x 6등급,6.0,0.0,0.0,0.04628456413698635,0.02768159768238716,0.07430904680404601,사람심사
R74 x B4 x 7등급,17.0,1.0,0.058823529411764705,0.04784288094490112,0.029169603674969912,0.07431266109210716,자동승인
R74 x B4 x 8등급,3.0,0.0,0.0,0.04674587208519552,0.027803464426141795,0.07540118241554761,사람심사
R74 x B4 x 9등급,1.0,0.0,0.0,0.04705855350382559,0.028096271434570108,0.07510042293692547,자동승인
R74 x B4 x 10등급,2.0,1.0,0.5,0.050235024992146174,0.02983231111624445,0.07869083885733807,자동승인
R74 x B4 x 11등급,11.0,1.0,0.09090909090909091,0.048771868924413764,0.028964929192876885,0.07800266750090763,사람심사
R74 x B5 x 4등급,30.0,2.0,0.06666666666666667,0.04899544968793858,0.029582447688731174,0.07698281392564782,자동승인
R74 x B5 x 5등급,72.0,1.0,0.013888888888888888,0.04073110134498339,0.025643059810986437,0.06362314811405123,자동승인
R74 x B5 x 6등급,42.0,2.0,0.047619047619047616,0.04726619852248192,0.0293858495442503,0.07194019626875434,자동승인
R74 x B5 x 7등급,25.0,3.0,0.12,0.05284986841375806,0.03178219765488435,0.08144932846184252,자동승인
R74 x B5 x 8등급,4.0,0.0,0.0,0.04659108442928427,0.027971570441759682,0.07379470705040632,자동승인
R74 x B5 x 9등급,2.0,0.0,0.0,0.04690169165881283,0.028352873415433532,0.07517885198727368,자동승인
R74 x B5 x 10등급,13.0,0.0,0.0,0.04524278938149148,0.02720916271955951,0.07162032023534311,자동승인
R74 x B5 x 11등급,4.0,0.0,0.0,0.04659108442928427,0.027840153375937923,0.0747927439585861,사람심사
R74 x B6 x 4등급,74.0,1.0,0.013513513513513514,0.04051211692915014,0.02550659375979538,0.0627143568169393,자동승인
R74 x B6 x 5등급,18.0,2.0,0.1111111111111111,0.0508560363849489,0.030263335859105477,0.08067873610595326,자동승인
R74 x B6 x 6등급,24.0,3.0,0.125,0.053013998439887744,0.03235095640863473,0.08204021315749001,자동승인
R74 x B6 x 7등급,53.0,3.0,0.05660377358490566,0.04863392449471183,0.030415509969581176,0.07415582815431498,자동승인
R74 x B6 x 8등급,9.0,1.0,0.1111111111111111,0.04908960096952395,0.02926999868992719,0.07861656363143237,사람심사
R74 x B6 x 9등급,8.0,0.0,0.0,0.04598205064589494,0.027283341337379752,0.07413253373123087,사람심사
R74 x B6 x 10등급,3.0,0.0,0.0,0.04674587208519552,0.02793231249746486,0.07563523198877511,사람심사
R82 x B1 x 4등급,3162.0,164.0,0.05186590765338393,0.051465464594694754,0.04444720344735023,0.05915998848028266,자동승인
R82 x B1 x 5등급,3230.0,209.0,0.06470588235294118,0.06322860189842514,0.05564274676428375,0.0715095906225239,자동승인
R82 x B1 x 6등급,6545.0,382.0,0.05836516424751719,0.057879659140383434,0.05248740788603885,0.06367256119986438,자동승인
R82 x B1 x 7등급,5179.0,280.0,0.05406449121452018,0.053691894741216696,0.047812193115835254,0.05977619228157788,자동승인
R82 x B1 x 8등급,760.0,38.0,0.05,0.04921598062159154,0.03683790265514134,0.06288255537906581,자동승인
R82 x B1 x 9등급,1028.0,67.0,0.0651750972762646,0.06113914592582492,0.048925819861867614,0.07500195192856085,자동승인
R82 x B1 x 10등급,443.0,33.0,0.0744920993227991,0.0635229520885882,0.047021304228998195,0.08448645773163631,자동승인
R82 x B1 x 11등급,494.0,31.0,0.06275303643724696,0.05690720643641901,0.04186346636369597,0.07422932816688387,자동승인
R82 x B1 x 12등급,45.0,0.0,0.0,0.0410218877482328,0.025825575198535938,0.06386090784405449,자동승인
R82 x B1 x 13등급,45.0,3.0,0.06666666666666667,0.049768243433364,0.030718277216793533,0.07675809810144213,자동승인
R82 x B1 x 14등급,55.0,0.0,0.0,0.03985979461088909,0.024721821089796828,0.06334925099988685,자동승인
R82 x B1 x 15등급,5.0,0.0,0.0,0.04643731847407211,0.02824458451671926,0.07315619412841144,자동승인
R82 x B10 x 4등급,6.0,0.0,0.0,0.04628456413698635,0.027346250585079817,0.07477613285351993,사람심사
R82 x B10 x 5등급,80.0,3.0,0.0375,0.045160072745089555,0.028385039404496784,0.06804909745896245,자동승인
R82 x B10 x 6등급,103.0,6.0,0.05825242718446602,0.05005114089187993,0.03167104651686384,0.07418933924064308,자동승인
R82 x B10 x 7등급,527.0,28.0,0.05313092979127135,0.05099455454259861,0.03720564603120532,0.0672763802741673,자동승인
R82 x B10 x 8등급,363.0,30.0,0.08264462809917356,0.06667247730354592,0.04877540509860563,0.08870256677665464,자동승인
R82 x B10 x 9등급,359.0,25.0,0.06963788300835655,0.05946804794161926,0.04203907389788324,0.08061128850708493,자동승인
R82 x B10 x 10등급,350.0,16.0,0.045714285714285714,0.04640510416303063,0.03205807806000578,0.06413293977162231,자동승인
R82 x B10 x 11등급,211.0,12.0,0.05687203791469194,0.05121907170460482,0.034298112487291726,0.07218915004747854,자동승인
R82 x B10 x 12등급,195.0,12.0,0.06153846153846154,0.05288135395059605,0.035665725894373515,0.0751027970615912,자동승인
R82 x B10 x 13등급,136.0,7.0,0.051470588235294115,0.04854955644618399,0.03165956087585886,0.07053567019717641,자동승인
R82 x B10 x 14등급,53.0,2.0,0.03773584905660377,0.04578492164570898,0.028297660301689547,0.07083024038962374,자동승인
R82 x B10 x 15등급,63.0,4.0,0.06349206349206349,0.050056807472697654,0.03115075811960839,0.07567567934347079,자동승인
R82 x B11 x 4등급,12.0,1.0,0.08333333333333333,0.04861454031498017,0.02931718070104259,0.07755849807367567,자동승인
R82 x B11 x 5등급,8.0,0.0,0.0,0.04598205064589494,0.02752985891256126,0.0725125994949264,자동승인
R82 x B11 x 6등급,27.0,1.0,0.037037037037037035,0.04637079230044262,0.02821627794645118,0.07130481057452666,자동승인
R82 x B11 x 7등급,785.0,60.0,0.07643312101910828,0.06839382040410327,0.05387518043935953,0.08524648123132907,자동승인
R82 x B11 x 8등급,146.0,12.0,0.0821917808219178,0.058717359228927596,0.03878447189188927,0.085011147965108,자동승인
R82 x B11 x 9등급,121.0,8.0,0.06611570247933884,0.05267424223781349,0.03457288559586787,0.07677524373790522,자동승인
R82 x B11 x 10등급,147.0,7.0,0.047619047619047616,0.04734945505088506,0.030777926911903654,0.06901860099288737,자동승인
R82 x B11 x 11등급,226.0,13.0,0.05752212389380531,0.051661273850465365,0.03469960749051574,0.07249484103599664,자동승인
R82 x B11 x 12등급,177.0,4.0,0.022598870056497175,0.03804317367925022,0.025038761376375167,0.05653196405326447,자동승인
R82 x B11 x 13등급,218.0,7.0,0.03211009174311927,0.04083431685589894,0.02723331619949886,0.059717943299769274,자동승인
R82 x B11 x 14등급,72.0,6.0,0.08333333333333333,0.054244614858496895,0.034140311042334316,0.08198168388886075,자동승인
R82 x B11 x 15등급,53.0,0.0,0.0,0.04008691594770328,0.02517015664743968,0.06296811253534745,자동승인
R82 x B12 x 4등급,3571.0,182.0,0.05096611593391207,0.05067730873549854,0.04397539603681195,0.05769573054469534,자동승인
R82 x B12 x 5등급,2096.0,160.0,0.07633587786259542,0.07271115601405341,0.06272213618044481,0.08384234474241797,자동승인
R82 x B12 x 6등급,2053.0,105.0,0.05114466634193863,0.05064674925463371,0.04212643080797633,0.059644135856672456,자동승인
R82 x B12 x 7등급,3592.0,171.0,0.047605790645879734,0.047575965937697653,0.04124909293936822,0.0544529923839377,자동승인
R82 x B12 x 8등급,1931.0,48.0,0.024857586742620404,0.027846795647215726,0.022437937600010047,0.03557902946761729,자동승인
R82 x B12 x 9등급,926.0,72.0,0.07775377969762419,0.07031904207323844,0.05621607481910652,0.08721802063409216,자동승인
R82 x B12 x 10등급,1636.0,106.0,0.0647921760391198,0.062084026627530424,0.051905779809136646,0.07346189423198564,자동승인
R82 x B12 x 11등급,1032.0,37.0,0.035852713178294575,0.03839887781777733,0.029196100155175042,0.049826173951012895,자동승인
R82 x B12 x 12등급,505.0,31.0,0.061386138613861385,0.05612765566331738,0.04115862616951592,0.07349507309068994,자동승인
R82 x B12 x 13등급,63.0,2.0,0.031746031746031744,0.0445166412677115,0.02795077482493341,0.0681509300363881,자동승인
R82 x B12 x 14등급,30.0,1.0,0.03333333333333333,0.0459466692001337,0.02839579886922647,0.07180350387279394,자동승인
R82 x B12 x 15등급,205.0,8.0,0.03902439024390244,0.04387774850426213,0.028871276285458228,0.06392142076773626,자동승인
R82 x B13 x 4등급,66.0,4.0,0.06060606060606061,0.04964425136715344,0.030769122753998207,0.07583357126612722,자동승인
R82 x B13 x 5등급,160.0,13.0,0.08125,0.059105911566907976,0.03946048953588119,0.08558995539110313,자동승인
R82 x B13 x 6등급,404.0,26.0,0.06435643564356436,0.05708049501088868,0.040991907765386165,0.07595263621100636,자동승인
R82 x B13 x 7등급,292.0,14.0,0.04794520547945205,0.04757713135193873,0.0328195302028001,0.06588587888565305,자동승인
R82 x B13 x 8등급,234.0,10.0,0.042735042735042736,0.045245314845195214,0.030065544660087578,0.06383120691503291,자동승인
R82 x B13 x 9등급,252.0,9.0,0.03571428571428571,0.041946377268443365,0.02808661898827965,0.06016302087055735,자동승인
R82 x B13 x 10등급,200.0,10.0,0.05,0.048334352404907334,0.03198775362482872,0.06918956229261365,자동승인
R82 x B13 x 11등급,109.0,2.0,0.01834862385321101,0.03948527640698735,0.025492337824747798,0.06056185446266623,자동승인
R82 x B13 x 12등급,18.0,3.0,0.16666666666666666,0.05402059334697422,0.03297721730396749,0.08504384344324305,자동승인
R82 x B13 x 13등급,62.0,7.0,0.11290322580645161,0.05852918749345515,0.03750374955100162,0.0883475948010443,자동승인
R82 x B13 x 14등급,26.0,0.0,0.0,0.04342749227667855,0.026827838610656827,0.0692591521410598,자동승인
R82 x B13 x 15등급,7.0,0.0,0.0,0.046132811467684755,0.027637039878904854,0.07379823007552123,사람심사
R82 x B14 x 4등급,149.0,4.0,0.026845637583892617,0.040426191269896765,0.026406174301004916,0.06057405096411885,자동승인
R82 x B14 x 5등급,28.0,0.0,0.0,0.043161065943692796,0.0265011495671278,0.06793770771956967,자동승인
R82 x B14 x 6등급,76.0,1.0,0.013157894736842105,0.04029547459263062,0.024994610539998945,0.06289437157744703,자동승인
R82 x B14 x 7등급,29.0,5.0,0.1724137931034483,0.058319594794017895,0.03563983075604249,0.09225576892324025,자동승인
R82 x B14 x 8등급,88.0,4.0,0.045454545454545456,0.046814786263326046,0.029883267579694527,0.06956049194485517,자동승인
R82 x B14 x 9등급,80.0,1.0,0.0125,0.039869067454084264,0.025450804832778413,0.061532140166184066,자동승인
R82 x B14 x 10등급,52.0,2.0,0.038461538461538464,0.04591573570755386,0.028237480502827605,0.07110129165037744,자동승인
R82 x B14 x 11등급,44.0,4.0,0.09090909090909091,0.05283774122118085,0.03295037678424805,0.07963131057407843,자동승인
R82 x B14 x 13등급,3.0,0.0,0.0,0.04674587208519552,0.02817351310411844,0.07464186916477343,자동승인
R82 x B14 x 14등급,21.0,0.0,0.0,0.044108173973805176,0.02709569617146042,0.06938870489833843,자동승인
R82 x B14 x 15등급,1.0,0.0,0.0,0.04705855350382559,0.028045679910222755,0.07535589035965612,사람심사
R82 x B2 x 4등급,3187.0,171.0,0.053655475368685285,0.05310488020018475,0.04579334810234106,0.060742291929299246,자동승인
R82 x B2 x 5등급,4411.0,258.0,0.058490138290637046,0.05777670577567294,0.05127225801917097,0.06467963365460498,자동승인
R82 x B2 x 6등급,4556.0,272.0,0.05970149253731343,0.0589350036047886,0.052383571940404425,0.06577140600244684,자동승인
R82 x B2 x 7등급,4493.0,263.0,0.05853549966614734,0.05783145637604756,0.05134930847271807,0.06484865093390801,자동승인
R82 x B2 x 8등급,1046.0,60.0,0.05736137667304015,0.055111984745270716,0.043045930373752456,0.0684136837400576,자동승인
R82 x B2 x 9등급,956.0,55.0,0.05753138075313807,0.05508014951965219,0.04305234873455399,0.06812354871237335,자동승인
R82 x B2 x 10등급,469.0,21.0,0.04477611940298507,0.045724260101230575,0.03238725563929228,0.06136406475008111,자동승인
R82 x B2 x 11등급,222.0,13.0,0.05855855855855856,0.052058668264699716,0.03522922568950643,0.07322365347654387,자동승인
R82 x B2 x 12등급,19.0,0.0,0.0,0.04438645898310363,0.026964394567342023,0.07127153628605183,자동승인
R82 x B2 x 13등급,5.0,0.0,0.0,0.04643731847407211,0.02798496757326078,0.07431528911369986,자동승인
R82 x B2 x 14등급,23.0,1.0,0.043478260869565216,0.04694862148798708,0.028608849579440536,0.07330203393836386,자동승인
R82 x B2 x 15등급,28.0,2.0,0.07142857142857142,0.049296035268846176,0.029973379564307994,0.07741084190768367,자동승인
R82 x B3 x 4등급,691.0,48.0,0.0694645441389291,0.06276087714625263,0.04851060706523238,0.07907894055270104,자동승인
R82 x B3 x 5등급,1692.0,96.0,0.05673758865248227,0.05531181281288636,0.04558588327158478,0.06574669824384512,자동승인
R82 x B3 x 6등급,2022.0,125.0,0.06181998021760633,0.0599441842662258,0.0503842034191001,0.07017980816067947,자동승인
R82 x B3 x 7등급,1264.0,68.0,0.05379746835443038,0.05254193821872205,0.0418662808540992,0.06397616274621412,자동승인
R82 x B3 x 8등급,421.0,25.0,0.05938242280285035,0.05434006606070077,0.039402272747429,0.07136128127900168,자동승인
R82 x B3 x 9등급,442.0,22.0,0.049773755656108594,0.04874392905087007,0.0348120382676385,0.06538643718585402,자동승인
R82 x B3 x 10등급,337.0,18.0,0.05341246290801187,0.05050473621676197,0.03521898227960439,0.06962753029882722,자동승인
R82 x B3 x 11등급,178.0,13.0,0.07303370786516854,0.05687081407068036,0.03797378481583845,0.08091248505679488,자동승인
R82 x B3 x 12등급,92.0,8.0,0.08695652173913043,0.05659104486575347,0.036409199932609146,0.08428388415673595,자동승인
R82 x B3 x 13등급,33.0,5.0,0.15151515151515152,0.057614826276869646,0.03568697098194074,0.08868967376268908,자동승인
R82 x B3 x 14등급,124.0,8.0,0.06451612903225806,0.05229978080010392,0.033698951157442376,0.07594624665066178,자동승인
R82 x B3 x 15등급,57.0,3.0,0.05263157894736842,0.048085936613081276,0.0299306651364801,0.07343306216702582,자동승인
R82 x B4 x 4등급,721.0,34.0,0.047156726768377254,0.047174197740572965,0.03505808124455641,0.06087354978563246,자동승인
R82 x B4 x 5등급,1051.0,55.0,0.05233111322549953,0.0512012657506626,0.03968430488672725,0.06384579457730366,자동승인
R82 x B4 x 6등급,624.0,26.0,0.041666666666666664,0.043460420279440186,0.03184722639623926,0.05801957916314611,자동승인
R82 x B4 x 7등급,746.0,51.0,0.06836461126005362,0.06232807231575081,0.04826567772652854,0.07882390346866432,자동승인
R82 x B4 x 8등급,164.0,11.0,0.06707317073170732,0.054265167743817865,0.0360780318562418,0.07785967012839376,자동승인
R82 x B4 x 9등급,137.0,4.0,0.029197080291970802,0.04154139654630771,0.02653213542761025,0.06334319446713381,자동승인
R82 x B4 x 10등급,136.0,7.0,0.051470588235294115,0.04854955644618399,0.03144054447087796,0.07128102079711103,자동승인
R82 x B4 x 11등급,78.0,2.0,0.02564102564102564,0.04274071142990386,0.026981043253483442,0.06609425573698215,자동승인
R82 x B4 x 12등급,18.0,0.0,0.0,0.04452692246089826,0.027078735134297243,0.07097847958716437,자동승인
R82 x B4 x 14등급,15.0,1.0,0.06666666666666667,0.0481485862544532,0.02894722398466917,0.07585660370813514,자동승인
R82 x B4 x 15등급,1.0,0.0,0.0,0.04705855350382559,0.028554181053576693,0.07514103782093302,자동승인
R82 x B5 x 4등급,563.0,35.0,0.06216696269982238,0.05699245934685697,0.042656846391319794,0.0732717959042166,자동승인
R82 x B5 x 5등급,1390.0,90.0,0.06474820143884892,0.061653144252158676,0.05085463351050961,0.07381231622291574,자동승인
R82 x B5 x 6등급,858.0,57.0,0.06643356643356643,0.061479677766127894,0.04816920968604984,0.0763698726125276,자동승인
R82 x B5 x 7등급,775.0,38.0,0.04903225806451613,0.04852796598102875,0.03657656640614455,0.06179034300779519,자동승인
R82 x B5 x 8등급,166.0,2.0,0.012048192771084338,0.03463471443457727,0.02312380032567713,0.05367455479042213,자동승인
R82 x B5 x 9등급,119.0,1.0,0.008403361344537815,0.03614030574974545,0.023834645108085646,0.05692235438596691,자동승인
R82 x B5 x 10등급,292.0,19.0,0.06506849315068493,0.056051707623125176,0.03937801811656027,0.07698314128112449,자동승인
R82 x B5 x 11등급,35.0,4.0,0.11428571428571428,0.05426578828121277,0.03348424232012082,0.0829897397157576,자동승인
R82 x B5 x 13등급,2.0,1.0,0.5,0.050235024992146174,0.02980507562609559,0.07994472302699107,자동승인
R82 x B5 x 14등급,10.0,0.0,0.0,0.045683465901441074,0.027547719336378798,0.07322106866425346,자동승인
R82 x B5 x 15등급,13.0,2.0,0.15384615384615385,0.05167365754869406,0.03153611035545894,0.08115512792407183,자동승인
R82 x B6 x 4등급,1220.0,70.0,0.05737704918032787,0.05538241600635299,0.04456618935514116,0.06753223392396467,자동승인
R82 x B6 x 5등급,728.0,43.0,0.059065934065934064,0.05562427631349303,0.042648771731621425,0.06985776899919137,자동승인
R82 x B6 x 6등급,976.0,42.0,0.0430327868852459,0.044011387360787954,0.03376482339033777,0.05600552384361014,자동승인
R82 x B6 x 7등급,829.0,47.0,0.05669481302774427,0.05418856033508771,0.041465339205275155,0.06838843150264627,자동승인
R82 x B6 x 8등급,451.0,27.0,0.0598669623059867,0.05483378838136696,0.03953251289766387,0.07306687649336813,자동승인
R82 x B6 x 9등급,209.0,14.0,0.06698564593301436,0.05536589250028373,0.03779611325874416,0.0776547863411592,자동승인
R82 x B6 x 10등급,121.0,7.0,0.05785123966942149,0.05028760739294476,0.03221890128178332,0.07430136708284504,자동승인
R82 x B6 x 11등급,28.0,1.0,0.03571428571428571,0.046228550606269486,0.028171838289198944,0.07211407385585182,자동승인
R82 x B6 x 12등급,1.0,0.0,0.0,0.04705855350382559,0.02785177895281718,0.0754938221138777,사람심사
R82 x B6 x 13등급,6.0,1.0,0.16666666666666666,0.04957403782119688,0.030116294522777146,0.07681385927595587,자동승인
R82 x B6 x 14등급,27.0,0.0,0.0,0.04329386922351954,0.026423362014643098,0.06798124596382006,자동승인
R82 x B6 x 15등급,4.0,0.0,0.0,0.04659108442928427,0.027687848774566124,0.07428261992996378,사람심사
R83 x B1 x 4등급,110.0,1.0,0.00909090909090909,0.03693751837657807,0.024037233658541254,0.05761327490624251,자동승인
R83 x B1 x 5등급,92.0,0.0,0.0,0.03607822435293295,0.0231789148323856,0.05717027539205741,자동승인
R83 x B1 x 6등급,199.0,7.0,0.035175879396984924,0.04239538731920292,0.02785144385700528,0.06201822846458848,자동승인
R83 x B1 x 7등급,179.0,7.0,0.03910614525139665,0.0441729716931737,0.029115276993411904,0.06407448032125773,자동승인
R83 x B1 x 8등급,29.0,2.0,0.06896551724137931,0.04914528286741239,0.029961964437708204,0.07663769509826557,자동승인
R83 x B1 x 9등급,22.0,0.0,0.0,0.043970335930137036,0.026694963649617882,0.06975005705055197,자동승인
R83 x B1 x 10등급,17.0,0.0,0.0,0.044668277770297936,0.027335631009288923,0.07086319711317611,자동승인
R83 x B1 x 11등급,16.0,0.0,0.0,0.044810533431986786,0.026955465969620257,0.07095500028409149,자동승인
R83 x B1 x 12등급,1.0,0.0,0.0,0.04705855350382559,0.028016194120100917,0.07496689258801716,자동승인
R83 x B1 x 13등급,2.0,0.0,0.0,0.04690169165881283,0.027985137369014722,0.07434750333778026,자동승인
R83 x B10 x 6등급,4.0,0.0,0.0,0.04659108442928427,0.028175440308306897,0.07474633741079682,자동승인
R83 x B10 x 7등급,19.0,2.0,0.10526315789473684,0.05069560724808786,0.030777848731390958,0.07911973818759847,자동승인
R83 x B10 x 8등급,14.0,2.0,0.14285714285714285,0.051508036851422606,0.031173488478142653,0.08033509395339132,자동승인
R83 x B10 x 9등급,41.0,1.0,0.024390243902439025,0.0444557743293329,0.02731875368529616,0.06893252700033604,자동승인
R83 x B10 x 10등급,21.0,0.0,0.0,0.044108173973805176,0.027258039411819476,0.06968230971980857,자동승인
R83 x B10 x 11등급,4.0,1.0,0.25,0.04990234270742998,0.030165905755587395,0.07943711694147915,자동승인
R83 x B10 x 12등급,12.0,3.0,0.25,0.055066153218205974,0.03310680478075685,0.08692729925253127,자동승인
R83 x B11 x 4등급,2.0,0.0,0.0,0.04690169165881283,0.02811620906866116,0.07534940881733827,사람심사
R83 x B11 x 5등급,2.0,0.0,0.0,0.04690169165881283,0.02819334988987969,0.07486342427634561,자동승인
R83 x B11 x 6등급,2.0,0.0,0.0,0.04690169165881283,0.02833567532632003,0.07490278622294638,자동승인
R83 x B11 x 7등급,14.0,0.0,0.0,0.04509778044116619,0.027340182597408613,0.07125438409764524,자동승인
R83 x B11 x 8등급,2.0,0.0,0.0,0.04690169165881283,0.02811507186993813,0.075040660829303,사람심사
R83 x B11 x 9등급,5.0,0.0,0.0,0.04643731847407211,0.02796662682255529,0.07374846710136983,자동승인
R83 x B11 x 10등급,1.0,0.0,0.0,0.04705855350382559,0.028073496138935283,0.07527394294945249,사람심사
R83 x B11 x 11등급,11.0,1.0,0.09090909090909091,0.048771868924413764,0.029596946877139818,0.07688082341209757,자동승인
R83 x B11 x 12등급,7.0,0.0,0.0,0.046132811467684755,0.027859680220348303,0.0741745914049168,사람심사
R83 x B11 x 13등급,15.0,1.0,0.06666666666666667,0.0481485862544532,0.028654830071276245,0.07657324703358957,자동승인
R83 x B11 x 14등급,10.0,1.0,0.1,0.04893021914819433,0.029313944944533845,0.07718110468689847,자동승인
R83 x B11 x 15등급,2.0,0.0,0.0,0.04690169165881283,0.028619965318964494,0.07483684139586197,자동승인
R83 x B12 x 4등급,722.0,16.0,0.0221606648199446,0.029480889703572405,0.021844367222077717,0.0411611256212932,자동승인
R83 x B12 x 5등급,480.0,28.0,0.058333333333333334,0.054075202439130915,0.03959223562676213,0.07099629959094887,자동승인
R83 x B12 x 6등급,335.0,12.0,0.03582089552238806,0.04118563585725727,0.028450466064271193,0.05787695485389795,자동승인
R83 x B12 x 7등급,547.0,10.0,0.018281535648994516,0.028485807689519353,0.02104890183477247,0.04173091068893344,자동승인
R83 x B12 x 8등급,331.0,11.0,0.03323262839879154,0.03985772257177083,0.027675318136396936,0.05627266239626508,자동승인
R83 x B12 x 9등급,121.0,6.0,0.049586776859504134,0.04790097254807602,0.030796583710249827,0.0710046681396943,자동승인
R83 x B12 x 10등급,92.0,5.0,0.05434782608695652,0.048898737173445776,0.03079562925871399,0.0732445035038998,자동승인
R83 x B12 x 11등급,165.0,6.0,0.03636363636363636,0.04334882828864763,0.028197720472742317,0.06323247702729694,자동승인
R83 x B12 x 12등급,43.0,1.0,0.023255813953488372,0.04419503664998197,0.027019656203369744,0.06933568726169635,자동승인
R83 x B12 x 13등급,6.0,0.0,0.0,0.04628456413698635,0.027271801349892072,0.07454425822615354,사람심사
R83 x B12 x 15등급,43.0,1.0,0.023255813953488372,0.04419503664998197,0.027384735439569863,0.06937041543558767,자동승인
R83 x B13 x 4등급,7.0,0.0,0.0,0.046132811467684755,0.027896680596561852,0.07349804943093745,자동승인
R83 x B13 x 5등급,14.0,1.0,0.07142857142857142,0.0483029086462944,0.02942105263868885,0.07551136066759992,자동승인
R83 x B13 x 6등급,17.0,0.0,0.0,0.044668277770297936,0.026988003796699467,0.07108243363061593,자동승인
R83 x B13 x 7등급,6.0,0.0,0.0,0.04628456413698635,0.027681567115458043,0.07344938839047079,자동승인
R83 x B13 x 8등급,8.0,1.0,0.125,0.04925002450210409,0.029420736831572262,0.07919072130037856,사람심사
R83 x B13 x 9등급,11.0,0.0,0.0,0.0455356229697212,0.027511035682741176,0.07177409317134548,자동승인
R83 x B13 x 10등급,12.0,0.0,0.0,0.04538873386336726,0.02767951800283248,0.07200410086963907,자동승인
R83 x B13 x 11등급,4.0,0.0,0.0,0.04659108442928427,0.027964161440771414,0.07484527352058651,사람심사
R83 x B14 x 4등급,2.0,0.0,0.0,0.04690169165881283,0.028051789834106,0.07467055055976857,자동승인
R83 x B14 x 6등급,1.0,0.0,0.0,0.04705855350382559,0.02775660650379335,0.07566500187584854,사람심사
R83 x B14 x 7등급,2.0,0.0,0.0,0.04690169165881283,0.028274064667024694,0.07453910603302775,자동승인
R83 x B14 x 8등급,1.0,0.0,0.0,0.04705855350382559,0.027976813476704356,0.07570593336515347,사람심사
R83 x B14 x 9등급,11.0,0.0,0.0,0.0455356229697212,0.027598422239555602,0.07247345312465758,자동승인
R83 x B14 x 14등급,3.0,0.0,0.0,0.04674587208519552,0.02801153488842615,0.07506550554652938,사람심사
R83 x B2 x 4등급,113.0,5.0,0.04424778761061947,0.046400261551444895,0.029516411496587097,0.06919180900922581,자동승인
R83 x B2 x 5등급,99.0,3.0,0.030303030303030304,0.04299875943990895,0.027690939070374357,0.06546273244200383,자동승인
R83 x B2 x 6등급,224.0,13.0,0.05803571428571429,0.05185920976560125,0.03512973793847539,0.07221322526464159,자동승인
R83 x B2 x 7등급,208.0,6.0,0.028846153846153848,0.03966503458032382,0.026039737520851487,0.058824967679497915,자동승인
R83 x B2 x 8등급,51.0,2.0,0.0392156862745098,0.04604729942018296,0.028539090579238317,0.07156883498585649,자동승인
R83 x B2 x 9등급,35.0,1.0,0.02857142857142857,0.04525677927220376,0.027473681847728467,0.06982485037521996,자동승인
R83 x B2 x 10등급,22.0,1.0,0.045454545454545456,0.04709533593013704,0.028702078217296693,0.07416327821937796,자동승인
R83 x B2 x 11등급,10.0,1.0,0.1,0.04893021914819433,0.029670912606638292,0.07723093448572473,자동승인
R83 x B2 x 12등급,4.0,0.0,0.0,0.04659108442928427,0.027889435171749164,0.07375098580902693,자동승인
R83 x B2 x 15등급,8.0,0.0,0.0,0.04598205064589494,0.02797973935008642,0.07240722533250085,자동승인
R83 x B3 x 4등급,17.0,0.0,0.0,0.044668277770297936,0.027716550051439158,0.07052904881989662,자동승인
R83 x B3 x 5등급,56.0,1.0,0.017857142857142856,0.042572055078089976,0.026692005576852394,0.06590093786418368,자동승인
R83 x B3 x 6등급,99.0,1.0,0.010101010101010102,0.03796097606459409,0.024672578178351338,0.058817510184874466,자동승인
R83 x B3 x 7등급,50.0,0.0,0.0,0.04043249280932141,0.025004119710265203,0.06393415864414599,자동승인
R83 x B3 x 8등급,28.0,3.0,0.10714285714285714,0.05236351993142286,0.03194274331400899,0.08197803922328924,자동승인
R83 x B3 x 9등급,15.0,0.0,0.0,0.04495369807553946,0.027004571686300955,0.07162433902568704,자동승인
R83 x B3 x 10등급,22.0,2.0,0.09090909090909091,0.05022033593013704,0.03040614040847439,0.07858701733791833,자동승인
R83 x B4 x 4등급,13.0,1.0,0.07692307692307693,0.04845822346509277,0.02954105167254704,0.07660098891366118,자동승인
R83 x B4 x 5등급,42.0,1.0,0.023809523809523808,0.04432502205189368,0.027011600756632913,0.06982663028988949,자동승인
R83 x B4 x 6등급,8.0,0.0,0.0,0.04598205064589494,0.02796080509270757,0.07326224168261941,자동승인
R83 x B4 x 7등급,31.0,3.0,0.0967741935483871,0.05188604102627311,0.03165722890984235,0.08034607793485765,자동승인
R83 x B4 x 15등급,2.0,0.0,0.0,0.04690169165881283,0.027779401137183118,0.07541230078507499,사람심사
R83 x B5 x 4등급,16.0,0.0,0.0,0.044810533431986786,0.02748339282464922,0.0711542045328342,자동승인
R83 x B5 x 5등급,44.0,1.0,0.022727272727272728,0.04406581139661945,0.027109906519369342,0.06901072007344052,자동승인
R83 x B5 x 6등급,30.0,0.0,0.0,0.042897888712328816,0.02618796576553544,0.06706623757010391,자동승인
R83 x B5 x 7등급,29.0,3.0,0.10344827586206896,0.05220338684294756,0.03194083749581362,0.0802789194027369,자동승인
R83 x B5 x 8등급,6.0,0.0,0.0,0.04628456413698635,0.027502912037669622,0.07358746093191113,자동승인
R83 x B5 x 10등급,20.0,0.0,0.0,0.04424687892340833,0.027127480319096675,0.0695245966941593,자동승인
R83 x B6 x 4등급,25.0,0.0,0.0,0.043561942717163626,0.026477307297427505,0.06881623872322226,자동승인
R83 x B6 x 5등급,46.0,3.0,0.06521739130434782,0.049623568307104224,0.030494487722183845,0.07645932379663195,자동승인
R83 x B6 x 6등급,16.0,1.0,0.0625,0.04799524680778297,0.028656702027964054,0.07601495127973637,자동승인
R83 x B6 x 7등급,27.0,2.0,0.07407407407407407,0.0494477153773657,0.030048826532751004,0.07704694238732486,자동승인
R83 x B6 x 8등급,9.0,0.0,0.0,0.04583227197929593,0.027569476885007473,0.0732804937682828,자동승인
R83 x B6 x 9등급,23.0,0.0,0.0,0.04383335669047929,0.02737453797407826,0.06912531116475187,자동승인
R91 x B1 x 4등급,1235.0,42.0,0.0340080971659919,0.03657567351444478,0.028503251076873654,0.046711941316768785,자동승인
R91 x B1 x 5등급,1057.0,35.0,0.033112582781456956,0.036214396677227936,0.027851170980374353,0.046889683767880413,자동승인
R91 x B1 x 6등급,2130.0,61.0,0.02863849765258216,0.030918660419128437,0.025049374978256298,0.03872640257265591,자동승인
R91 x B1 x 7등급,1523.0,63.0,0.04136572554169402,0.04232317819749799,0.03356286310635357,0.051962648906762166,자동승인
R91 x B1 x 8등급,354.0,6.0,0.01694915254237288,0.03078298695957646,0.02180458173840089,0.04645170582977161,자동승인
R91 x B1 x 9등급,226.0,7.0,0.030973451327433628,0.040210892171076054,0.027056351733367772,0.05876700214649131,자동승인
R91 x B1 x 10등급,101.0,3.0,0.0297029702970297,0.04278322681113748,0.02741498567979219,0.06436342290225229,자동승인
R91 x B1 x 11등급,145.0,7.0,0.04827586206896552,0.04756322234231118,0.03057619544144691,0.06935288539261283,자동승인
R91 x B1 x 12등급,5.0,0.0,0.0,0.04643731847407211,0.027771280649769976,0.07373393457110326,자동승인
R91 x B1 x 13등급,9.0,0.0,0.0,0.04583227197929593,0.027362832636405394,0.0734112363308586,사람심사
R91 x B1 x 14등급,8.0,0.0,0.0,0.04598205064589494,0.02778744764065861,0.07354793100901282,자동승인
R91 x B1 x 15등급,3.0,0.0,0.0,0.04674587208519552,0.02810912586834146,0.07455901066548941,자동승인
R91 x B10 x 5등급,30.0,1.0,0.03333333333333333,0.0459466692001337,0.028258383132644033,0.07125860424681627,자동승인
R91 x B10 x 6등급,36.0,0.0,0.0,0.04212726795701752,0.026027704457813862,0.06623329757641228,자동승인
R91 x B10 x 7등급,178.0,3.0,0.016853932584269662,0.035862410709335824,0.023912891061795803,0.05462151032163082,자동승인
R91 x B10 x 8등급,143.0,4.0,0.027972027972027972,0.04097620747765046,0.026316973795308812,0.061562590761865495,자동승인
R91 x B10 x 9등급,225.0,4.0,0.017777777777777778,0.03455163957484484,0.02335220653594271,0.051704428998550295,자동승인
R91 x B10 x 10등급,123.0,5.0,0.04065040650406504,0.0452981175716006,0.028937239304539855,0.06734016505225439,자동승인
R91 x B10 x 11등급,32.0,1.0,0.03125,0.0456682045383147,0.02773344569677657,0.07106533501231457,자동승인
R91 x B10 x 12등급,72.0,3.0,0.041666666666666664,0.046136506750388794,0.028442989718375417,0.07045544126413528,자동승인
R91 x B10 x 13등급,25.0,1.0,0.04,0.04665791794936177,0.02840345617675576,0.07393847082395946,자동승인
R91 x B10 x 14등급,27.0,0.0,0.0,0.04329386922351954,0.026640575762778226,0.06759053539330293,자동승인
R91 x B10 x 15등급,12.0,0.0,0.0,0.04538873386336726,0.027056569061731504,0.07195716025450398,자동승인
R91 x B11 x 4등급,29.0,0.0,0.0,0.04302907491634205,0.026480078775850898,0.06894668811928557,자동승인
R91 x B11 x 5등급,2.0,0.0,0.0,0.04690169165881283,0.02855081956497744,0.07490304205710926,자동승인
R91 x B11 x 6등급,8.0,1.0,0.125,0.04925002450210409,0.029683838105873887,0.07715992050152432,자동승인
R91 x B11 x 7등급,361.0,11.0,0.030470914127423823,0.03804325872176609,0.026722191151726006,0.05390991089699582,자동승인
R91 x B11 x 8등급,44.0,2.0,0.045454545454545456,0.04698978800480658,0.02873301709973246,0.0733414823873589,자동승인
R91 x B11 x 9등급,30.0,2.0,0.06666666666666667,0.04899544968793858,0.02972261432308777,0.07707417223075747,자동승인
R91 x B11 x 10등급,45.0,1.0,0.022222222222222223,0.043937339643276535,0.027429907538633846,0.0684104959470139,자동승인
R91 x B11 x 11등급,85.0,2.0,0.023529411764705882,0.04195954960220327,0.026352287145659254,0.06411694351479313,자동승인
R91 x B11 x 12등급,38.0,1.0,0.02631578947368421,0.044852700885844796,0.02725647161338525,0.0702251971284459,자동승인
R91 x B11 x 13등급,74.0,2.0,0.02702702702702703,0.0432002889721609,0.027229754344221726,0.06617973730665763,자동승인
R91 x B11 x 14등급,16.0,0.0,0.0,0.044810533431986786,0.027231907370936375,0.07068279912212344,자동승인
R91 x B11 x 15등급,2.0,0.0,0.0,0.04690169165881283,0.027995173125771686,0.075490558821971,사람심사
R91 x B12 x 4등급,3081.0,142.0,0.04608893216488153,0.04618837155893574,0.039560926545695145,0.05356473810736553,자동승인
R91 x B12 x 5등급,1568.0,107.0,0.06823979591836735,0.06488237272113818,0.05416410398737569,0.07633130419765588,자동승인
R91 x B12 x 6등급,1764.0,115.0,0.06519274376417233,0.06259481449934232,0.05257450701011686,0.07361049188560359,자동승인
R91 x B12 x 7등급,2196.0,113.0,0.05145719489981785,0.05095048416104405,0.0425860671223704,0.05988052508489806,자동승인
R91 x B12 x 8등급,1556.0,42.0,0.02699228791773779,0.03024299217780143,0.02396229369337,0.03940455805146665,자동승인
R91 x B12 x 9등급,537.0,46.0,0.0856610800744879,0.07194072754208844,0.055312801303689756,0.09298651073681499,자동승인
R91 x B12 x 10등급,848.0,58.0,0.06839622641509434,0.06288874999794401,0.049458486011383695,0.07837510681289128,자동승인
R91 x B12 x 11등급,778.0,20.0,0.02570694087403599,0.03166404042531957,0.023730958979293174,0.04334771494267921,자동승인
R91 x B12 x 12등급,347.0,14.0,0.040345821325648415,0.043520166663013726,0.03048919399209761,0.06017334254832887,자동승인
R91 x B12 x 13등급,12.0,0.0,0.0,0.04538873386336726,0.027598082191335246,0.07213130783931734,자동승인
R91 x B12 x 14등급,10.0,1.0,0.1,0.04893021914819433,0.029289275707308247,0.07675442209423688,자동승인
R91 x B12 x 15등급,88.0,2.0,0.022727272727272728,0.041633439113066974,0.026594553682998633,0.0636727581188535,자동승인
R91 x B13 x 4등급,21.0,0.0,0.0,0.044108173973805176,0.027387460901968193,0.06959148834864168,자동승인
R91 x B13 x 5등급,24.0,3.0,0.125,0.053013998439887744,0.0323751245180364,0.08212472339805814,자동승인
R91 x B13 x 6등급,78.0,2.0,0.02564102564102564,0.04274071142990386,0.02702010910144003,0.06484407911976633,자동승인
R91 x B13 x 7등급,105.0,4.0,0.0380952380952381,0.04483996897678375,0.028603077511590545,0.06669021380343303,자동승인
R91 x B13 x 8등급,60.0,1.0,0.016666666666666666,0.04209638965822305,0.026360148212792502,0.06557441747239827,자동승인
R91 x B13 x 9등급,68.0,2.0,0.029411764705882353,0.04390849043072091,0.027253488929244642,0.06835752902890685,자동승인
R91 x B13 x 10등급,89.0,2.0,0.02247191011235955,0.04152585916703838,0.02641464356761307,0.06390844875007573,자동승인
R91 x B13 x 11등급,14.0,0.0,0.0,0.04509778044116619,0.027376860060942348,0.07077234568932654,자동승인
R91 x B13 x 12등급,1.0,0.0,0.0,0.04705855350382559,0.028352268327124595,0.07448249525203184,자동승인
R91 x B13 x 13등급,3.0,0.0,0.0,0.04674587208519552,0.02752823004731507,0.07465440009076671,사람심사
R91 x B13 x 14등급,3.0,0.0,0.0,0.04674587208519552,0.027927357740882924,0.0747617086722611,사람심사
R91 x B13 x 15등급,1.0,0.0,0.0,0.04705855350382559,0.028227699739933915,0.0767466068721592,사람심사
R91 x B14 x 4등급,19.0,1.0,0.05263157894736842,0.04754103311559575,0.02875607991029511,0.07456045626654427,자동승인
R91 x B14 x 5등급,11.0,1.0,0.09090909090909091,0.048771868924413764,0.029495224764443398,0.07627234962236121,자동승인
R91 x B14 x 6등급,22.0,2.0,0.09090909090909091,0.05022033593013704,0.030491878642443366,0.0794316327675137,자동승인
R91 x B14 x 7등급,12.0,0.0,0.0,0.04538873386336726,0.027669265760205636,0.07134954650648248,자동승인
R91 x B14 x 8등급,30.0,0.0,0.0,0.042897888712328816,0.026501725530116874,0.06748979614895477,자동승인
R91 x B14 x 9등급,28.0,0.0,0.0,0.043161065943692796,0.026564818487551815,0.06810316098602824,자동승인
R91 x B14 x 10등급,14.0,1.0,0.07142857142857142,0.0483029086462944,0.029456072885769756,0.07554815203235736,자동승인
R91 x B14 x 11등급,14.0,0.0,0.0,0.04509778044116619,0.02720303856852437,0.07212050913939425,자동승인
R91 x B14 x 13등급,6.0,0.0,0.0,0.04628456413698635,0.027715623604616484,0.07334718552514059,자동승인
R91 x B14 x 14등급,12.0,0.0,0.0,0.04538873386336726,0.027194500079014635,0.0715673471879404,자동승인
R91 x B2 x 4등급,1463.0,46.0,0.03144224196855776,0.0341115885846927,0.02675650816463477,0.04344213155845632,자동승인
R91 x B2 x 5등급,1780.0,54.0,0.030337078651685393,0.03275770331936662,0.026236410815020688,0.04099449476994091,자동승인
R91 x B2 x 6등급,1643.0,55.0,0.033475349969567865,0.03558501159074902,0.028369802085223588,0.04459830515894472,자동승인
R91 x B2 x 7등급,1408.0,43.0,0.030539772727272728,0.03345281799392957,0.02637030015321954,0.04268827893378985,자동승인
R91 x B2 x 8등급,390.0,14.0,0.035897435897435895,0.04080015624657537,0.028515780386637435,0.05686884873268071,자동승인
R91 x B2 x 9등급,194.0,8.0,0.041237113402061855,0.044858755076511894,0.029732317405106415,0.06495677840629022,자동승인
R91 x B2 x 10등급,153.0,5.0,0.032679738562091505,0.04228493901916597,0.027306357961659044,0.06179411345986357,자동승인
R91 x B2 x 11등급,85.0,4.0,0.047058823529411764,0.04718148171708578,0.029785398333200125,0.07066063980487658,자동승인
R91 x B2 x 12등급,3.0,0.0,0.0,0.04674587208519552,0.027598886570305008,0.0747356702013125,사람심사
R91 x B2 x 13등급,2.0,0.0,0.0,0.04690169165881283,0.027978923318262572,0.07573056901994067,사람심사
R91 x B2 x 14등급,9.0,0.0,0.0,0.04583227197929593,0.0280468993217241,0.07175382317719177,자동승인
R91 x B3 x 4등급,298.0,5.0,0.016778523489932886,0.03199749580141586,0.02200679218752853,0.04861949935698221,자동승인
R91 x B3 x 5등급,710.0,22.0,0.030985915492957747,0.03578423362861493,0.026557309042936624,0.04851124784145249,자동승인
R91 x B3 x 6등급,769.0,27.0,0.035110533159947985,0.038491572162740254,0.028616086425959062,0.050880844793826256,자동승인
R91 x B3 x 7등급,375.0,15.0,0.04,0.04319540489991657,0.03007917845916448,0.05948291322477801,자동승인
R91 x B3 x 8등급,91.0,0.0,0.0,0.036170970430961055,0.023570281476371163,0.057045329352556295,자동승인
R91 x B3 x 9등급,109.0,5.0,0.045871559633027525,0.04685628377799472,0.030314698579285957,0.06869379182320158,자동승인
R91 x B3 x 10등급,68.0,2.0,0.029411764705882353,0.04390849043072091,0.02777765129364163,0.06650312685743434,자동승인
R91 x B3 x 11등급,35.0,0.0,0.0,0.04225377626920075,0.026110840187793218,0.06607832773276144,자동승인
R91 x B3 x 12등급,13.0,0.0,0.0,0.04524278938149148,0.027273093229524432,0.07148537294740444,자동승인
R91 x B3 x 13등급,10.0,0.0,0.0,0.045683465901441074,0.02751828954696074,0.07277086399570198,자동승인
R91 x B3 x 14등급,10.0,0.0,0.0,0.045683465901441074,0.027669418773265404,0.07236035248972195,자동승인
R91 x B3 x 15등급,11.0,0.0,0.0,0.0455356229697212,0.02743225800382563,0.07358846749559181,사람심사
R91 x B4 x 4등급,287.0,7.0,0.024390243902439025,0.036017961534433936,0.024784619147579304,0.052552619537578144,자동승인
R91 x B4 x 5등급,301.0,10.0,0.03322259136212625,0.040184486640473874,0.027282065311554585,0.057524419286469265,자동승인
R91 x B4 x 6등급,184.0,10.0,0.05434782608695652,0.04993881223577563,0.03275881257442025,0.07168183883487277,자동승인
R91 x B4 x 7등급,266.0,9.0,0.03383458646616541,0.040905155137666405,0.02769486691236636,0.05839293816135918,자동승인
R91 x B4 x 8등급,70.0,2.0,0.02857142857142857,0.043669857330553945,0.027315692543598002,0.06704141318425211,자동승인
R91 x B4 x 9등급,34.0,1.0,0.029411764705882353,0.04539309487242124,0.028104128946197016,0.07110056271615837,자동승인
R91 x B4 x 10등급,23.0,0.0,0.0,0.04383335669047929,0.02669032780377419,0.06991617293021292,자동승인
R91 x B4 x 11등급,24.0,1.0,0.041666666666666664,0.04680281831566414,0.028573408407974954,0.07324760855697561,자동승인
R91 x B4 x 12등급,1.0,0.0,0.0,0.04705855350382559,0.028346775299231602,0.07479047453223656,자동승인
R91 x B4 x 14등급,2.0,0.0,0.0,0.04690169165881283,0.02835822095950446,0.07527193947219592,사람심사
R91 x B4 x 15등급,3.0,0.0,0.0,0.04674587208519552,0.027961956007897734,0.07398086767858081,자동승인
R91 x B5 x 4등급,201.0,6.0,0.029850746268656716,0.040221457911109926,0.027204455562416952,0.05828339018488896,자동승인
R91 x B5 x 5등급,599.0,13.0,0.021702838063439065,0.030178938124463605,0.02218476612598849,0.04295996175655457,자동승인
R91 x B5 x 6등급,232.0,15.0,0.06465517241379311,0.05485001414649784,0.03770407476428393,0.07605859702511564,자동승인
R91 x B5 x 7등급,352.0,8.0,0.022727272727272728,0.03395462691945208,0.02369101083704277,0.049507356396094535,자동승인
R91 x B5 x 8등급,61.0,1.0,0.01639344262295082,0.04197912951989931,0.026335417861659823,0.06461038747671383,자동승인
R91 x B5 x 9등급,62.0,0.0,0.0,0.039084743049010696,0.024781679622078605,0.06115688463390243,자동승인
R91 x B5 x 10등급,150.0,4.0,0.02666666666666667,0.04033595423581217,0.026168721936164825,0.060884493739196785,자동승인
R91 x B5 x 11등급,21.0,1.0,0.047619047619047616,0.04724297021204969,0.02842076870464232,0.07418138361169292,자동승인
R91 x B5 x 13등급,3.0,0.0,0.0,0.04674587208519552,0.02817567215845675,0.0738108381466248,자동승인
R91 x B5 x 15등급,5.0,0.0,0.0,0.04643731847407211,0.028033624854051933,0.07372033276538806,자동승인
R91 x B6 x 4등급,394.0,15.0,0.03807106598984772,0.042009403898329266,0.029372606904783913,0.05785740545733122,자동승인
R91 x B6 x 5등급,190.0,9.0,0.04736842105263158,0.04727563011812265,0.0310669797918919,0.06727811758673827,자동승인
R91 x B6 x 6등급,374.0,16.0,0.0427807486631016,0.04474777901435097,0.03108864726963003,0.06149289883333318,자동승인
R91 x B6 x 7등급,231.0,7.0,0.030303030303030304,0.03983082702768214,0.02681675900653789,0.057921641405157875,자동승인
R91 x B6 x 8등급,145.0,0.0,0.0,0.031761867940505305,0.021303681235672747,0.050994320139998585,자동승인
R91 x B6 x 9등급,80.0,2.0,0.025,0.04251457009958691,0.02690492957621446,0.06493682239159905,자동승인
R91 x B6 x 10등급,19.0,0.0,0.0,0.04438645898310363,0.027109230656420773,0.07029002322214922,자동승인
R91 x B6 x 11등급,3.0,0.0,0.0,0.04674587208519552,0.027942953411411158,0.07459518370516474,자동승인
R91 x B6 x 14등급,6.0,0.0,0.0,0.04628456413698635,0.027711080150160775,0.07359135303261956,자동승인
R93 x B1 x 4등급,2561.0,131.0,0.0511518937914877,0.050741695522085996,0.04318601449800515,0.058740669701041165,자동승인
R93 x B1 x 5등급,2674.0,115.0,0.043006731488406884,0.04342883832356792,0.03652930207240487,0.05067906980458223,자동승인
R93 x B1 x 6등급,4319.0,172.0,0.03982403334105117,0.040301171214564405,0.034900095090100836,0.04614296342653246,자동승인
R93 x B1 x 7등급,3395.0,130.0,0.03829160530191458,0.03901178107166094,0.033123845014043134,0.04557621932755831,자동승인
R93 x B1 x 8등급,473.0,14.0,0.02959830866807611,0.036407921527423934,0.025714806153048535,0.050794059212707396,자동승인
R93 x B1 x 9등급,536.0,27.0,0.05037313432835821,0.04924521282691109,0.03552851743799522,0.06547444596251033,자동승인
R93 x B1 x 10등급,303.0,15.0,0.04950495049504951,0.04837022878143736,0.033303666158272814,0.0663982750804804,자동승인
R93 x B1 x 11등급,300.0,18.0,0.06,0.053629611200073334,0.03714095552912851,0.07393380990054717,자동승인
R93 x B1 x 12등급,31.0,0.0,0.0,0.04276749999283845,0.02608957208337396,0.06754231331351339,자동승인
R93 x B1 x 13등급,36.0,2.0,0.05555555555555555,0.04811529190911333,0.029270653123592165,0.07326757907332351,자동승인
R93 x B1 x 14등급,18.0,1.0,0.05555555555555555,0.04769147942292359,0.029515535216978465,0.07465055447176495,자동승인
R93 x B1 x 15등급,2.0,0.0,0.0,0.04690169165881283,0.027977548314035983,0.07408508015811428,자동승인
R93 x B10 x 4등급,14.0,1.0,0.07142857142857142,0.0483029086462944,0.028859789175619953,0.07623481727043126,자동승인
R93 x B10 x 5등급,100.0,4.0,0.04,0.04540328516995943,0.02887845270812029,0.06820429937964849,자동승인
R93 x B10 x 6등급,156.0,2.0,0.01282051282051282,0.03539759360714505,0.02352931304223269,0.05486516914753694,자동승인
R93 x B10 x 7등급,554.0,34.0,0.061371841155234655,0.05642078344793879,0.041755379028208806,0.07331709933291554,자동승인
R93 x B10 x 8등급,448.0,21.0,0.046875,0.0470114041523376,0.0334014354584552,0.06343890712477893,자동승인
R93 x B10 x 9등급,358.0,11.0,0.030726256983240222,0.03821723703909124,0.02641954724766577,0.05391504366700193,자동승인
R93 x B10 x 10등급,238.0,12.0,0.05042016806722689,0.04863900652545495,0.03255855029459654,0.0683855141164616,자동승인
R93 x B10 x 11등급,148.0,2.0,0.013513513513513514,0.03603252802162299,0.02350687289258177,0.056049864719247215,자동승인
R93 x B10 x 12등급,182.0,8.0,0.04395604395604396,0.045980223953424694,0.029886964189797714,0.06617078388499348,자동승인
R93 x B10 x 13등급,65.0,3.0,0.046153846153846156,0.047026191453564334,0.029336541393316738,0.0712616780421039,자동승인
R93 x B10 x 14등급,55.0,3.0,0.05454545454545454,0.0483583781802942,0.030266739023620644,0.0740250599484266,자동승인
R93 x B10 x 15등급,42.0,2.0,0.047619047619047616,0.04726619852248192,0.029016412490782635,0.07346225020446905,자동승인
R93 x B11 x 4등급,39.0,2.0,0.05128205128205128,0.04768696586837939,0.029295178978678744,0.07359759141612517,자동승인
R93 x B11 x 5등급,15.0,0.0,0.0,0.04495369807553946,0.027725898518216913,0.07120724647372922,자동승인
R93 x B11 x 6등급,23.0,1.0,0.043478260869565216,0.04694862148798708,0.02872552993125431,0.07270910665757763,자동승인
R93 x B11 x 7등급,593.0,41.0,0.06913996627318718,0.06180752805571701,0.0468516404195611,0.07902574558543833,자동승인
R93 x B11 x 8등급,173.0,6.0,0.03468208092485549,0.04261254245784257,0.027906347770456724,0.062412008067427256,자동승인
R93 x B11 x 9등급,136.0,6.0,0.04411764705882353,0.0462454089807462,0.030001946095659975,0.06793261846660209,자동승인
R93 x B11 x 10등급,91.0,5.0,0.054945054945054944,0.04902444086797905,0.03069160935208186,0.07370121812180604,자동승인
R93 x B11 x 11등급,184.0,11.0,0.059782608695652176,0.052013501032456125,0.034969917294800514,0.07368818097971487,자동승인
R93 x B11 x 12등급,79.0,3.0,0.0379746835443038,0.04527986073645584,0.02773176548505155,0.06866803104562427,자동승인
R93 x B11 x 13등급,148.0,7.0,0.0472972972972973,0.04724329035346155,0.030581215073588037,0.06923931153560527,자동승인
R93 x B11 x 14등급,27.0,1.0,0.037037037037037035,0.04637079230044262,0.028332715336725392,0.07318274113519954,자동승인
R93 x B11 x 15등급,20.0,2.0,0.1,0.05053618709950897,0.03098988130960426,0.07864681155119496,자동승인
R93 x B12 x 4등급,6178.0,264.0,0.04273227581741664,0.042938620675979595,0.03800546802729802,0.04807800438803363,자동승인
R93 x B12 x 5등급,3941.0,299.0,0.07586906876427303,0.07385480242926253,0.06605029542632261,0.08229640015031545,자동승인
R93 x B12 x 6등급,3041.0,176.0,0.05787569878329497,0.05692438080192988,0.049166094725286394,0.06502425643638916,자동승인
R93 x B12 x 7등급,4731.0,211.0,0.0445994504333122,0.04475452525306102,0.03919869893164294,0.050597279474674905,자동승인
R93 x B12 x 8등급,3720.0,90.0,0.024193548387096774,0.025901072050185128,0.02194488372995429,0.03145265959852637,자동승인
R93 x B12 x 9등급,1111.0,93.0,0.08370837083708371,0.07599042405794453,0.06310574099566334,0.09192517427712713,자동승인
R93 x B12 x 10등급,2811.0,155.0,0.055140519388118106,0.054380993083835275,0.046543067311861884,0.06265058905480028,자동승인
R93 x B12 x 11등급,1468.0,58.0,0.039509536784741145,0.040810026895608066,0.03227940431735104,0.050490705142202434,자동승인
R93 x B12 x 12등급,709.0,28.0,0.039492242595204514,0.041778061070152785,0.030908286468520466,0.05468894315058843,자동승인
R93 x B12 x 13등급,116.0,6.0,0.05172413793103448,0.04847948670928467,0.03065560280359914,0.07156355768901997,자동승인
R93 x B12 x 14등급,39.0,0.0,0.0,0.04175224776748917,0.02542267820888547,0.06601584955591122,자동승인
R93 x B12 x 15등급,336.0,9.0,0.026785714285714284,0.03638881308776633,0.02522778992482456,0.05251111945221271,자동승인
R93 x B13 x 4등급,56.0,2.0,0.03571428571428571,0.045396913835152125,0.028408070357988268,0.07008709777911694,자동승인
R93 x B13 x 5등급,113.0,4.0,0.035398230088495575,0.043967171527114,0.027683850248065238,0.06631681835398019,자동승인
R93 x B13 x 6등급,275.0,15.0,0.05454545454545454,0.05073386997843604,0.03473045642916528,0.06991822371769844,자동승인
R93 x B13 x 7등급,245.0,17.0,0.06938775510204082,0.05722008747264061,0.039321079917944396,0.0799893346614985,자동승인
R93 x B13 x 8등급,222.0,8.0,0.036036036036036036,0.0424432836493151,0.02819860217384276,0.06177479421353198,자동승인
R93 x B13 x 9등급,203.0,8.0,0.03940886699507389,0.04405290917693384,0.028863618451455963,0.06423486553152123,자동승인
R93 x B13 x 10등급,165.0,6.0,0.03636363636363636,0.04334882828864763,0.02826090483923245,0.06345578336896918,자동승인
R93 x B13 x 11등급,62.0,2.0,0.03225806451612903,0.04464029860456626,0.027833747875046513,0.06809247725472238,자동승인
R93 x B13 x 12등급,9.0,0.0,0.0,0.04583227197929593,0.028191619740787658,0.07151002580444388,자동승인
R93 x B13 x 13등급,32.0,5.0,0.15625,0.057789416659526825,0.035405147965316644,0.08973666993786715,자동승인
R93 x B13 x 14등급,17.0,0.0,0.0,0.044668277770297936,0.027470733567885836,0.06984162030106826,자동승인
R93 x B14 x 4등급,217.0,10.0,0.04608294930875576,0.046738849509988065,0.03116324932566077,0.06638264859126644,자동승인
R93 x B14 x 5등급,29.0,2.0,0.06896551724137931,0.04914528286741239,0.030123236184990326,0.07619305197401427,자동승인
R93 x B14 x 6등급,53.0,2.0,0.03773584905660377,0.04578492164570898,0.02812683571470767,0.07080633805738684,자동승인
R93 x B14 x 7등급,26.0,0.0,0.0,0.04342749227667855,0.026440486151291485,0.06847946552339008,자동승인
R93 x B14 x 8등급,88.0,5.0,0.056818181818181816,0.049405459838455575,0.03116523048047928,0.07448613836258737,자동승인
R93 x B14 x 9등급,56.0,0.0,0.0,0.03974719632102783,0.024648620447253727,0.06354749728627394,자동승인
R93 x B14 x 10등급,29.0,0.0,0.0,0.04302907491634205,0.026090143339217078,0.06815919454753948,자동승인
R93 x B14 x 11등급,35.0,2.0,0.05714285714285714,0.04825978227520676,0.029371865933464546,0.0741024254980007,자동승인
R93 x B14 x 13등급,2.0,0.0,0.0,0.04690169165881283,0.027977512072893347,0.07470134344211873,자동승인
R93 x B14 x 14등급,32.0,1.0,0.03125,0.0456682045383147,0.027875701444534922,0.07173006115671507,자동승인
R93 x B14 x 15등급,5.0,0.0,0.0,0.04643731847407211,0.027958340217924996,0.07481460738181328,사람심사
R93 x B2 x 4등급,2712.0,107.0,0.039454277286135694,0.040222759965994635,0.03364422623774146,0.04754685701035006,자동승인
R93 x B2 x 5등급,3752.0,151.0,0.040245202558635396,0.040758149999418236,0.0349695294370871,0.04717789824183517,자동승인
R93 x B2 x 6등급,3055.0,146.0,0.04779050736497545,0.04773948926264356,0.04091133709829317,0.05513627177310897,자동승인
R93 x B2 x 7등급,2746.0,109.0,0.039694100509832485,0.04043052151696579,0.03374944921592806,0.0478210737465313,자동승인
R93 x B2 x 8등급,786.0,32.0,0.04071246819338423,0.04250046817125817,0.03160866002770526,0.05510736437916268,자동승인
R93 x B2 x 9등급,609.0,19.0,0.031198686371100164,0.0364614195122865,0.02653631235014718,0.04956346401539484,자동승인
R93 x B2 x 10등급,350.0,18.0,0.05142857142857143,0.04949152391611705,0.03480884330642444,0.06765027220212359,자동승인
R93 x B2 x 11등급,180.0,7.0,0.03888888888888889,0.04408055961850178,0.029121965814762098,0.06395244646408517,자동승인
R93 x B2 x 12등급,10.0,0.0,0.0,0.045683465901441074,0.027498787154337383,0.072381714838653,자동승인
R93 x B2 x 13등급,12.0,1.0,0.08333333333333333,0.04861454031498017,0.029365102213014416,0.07720149271937841,자동승인
R93 x B2 x 14등급,20.0,1.0,0.05,0.04739153301145865,0.028134452996204696,0.07470418835201191,자동승인
R93 x B2 x 15등급,8.0,1.0,0.125,0.04925002450210409,0.02951891326479499,0.07782671365245077,자동승인
R93 x B3 x 4등급,742.0,26.0,0.03504043126684636,0.03852933413234986,0.028700496215764613,0.05118341147958574,자동승인
R93 x B3 x 5등급,1711.0,71.0,0.04149620105201637,0.042344702587179615,0.03393869827037331,0.05190513378582282,자동승인
R93 x B3 x 6등급,1854.0,99.0,0.05339805825242718,0.05254205738738097,0.04343105020968004,0.06229042368087346,자동승인
R93 x B3 x 7등급,1095.0,47.0,0.042922374429223746,0.043840996049995584,0.034014543487516924,0.05489364124929029,자동승인
R93 x B3 x 8등급,320.0,13.0,0.040625,0.04380341019036222,0.030095725672670513,0.061123332515226544,자동승인
R93 x B3 x 9등급,367.0,14.0,0.03814713896457766,0.04221128947014113,0.02916209083334232,0.05845856486443459,자동승인
R93 x B3 x 10등급,168.0,5.0,0.02976190476190476,0.04092383583185376,0.02659098711868674,0.06111018930472371,자동승인
R93 x B3 x 11등급,103.0,4.0,0.038834951456310676,0.045063609719810105,0.028353111997824372,0.06851435176390774,자동승인
R93 x B3 x 12등급,25.0,3.0,0.12,0.05284986841375806,0.031833482480004796,0.08378207842500503,자동승인
R93 x B3 x 13등급,11.0,1.0,0.09090909090909091,0.048771868924413764,0.029205591040978477,0.07628527101352191,자동승인
R93 x B3 x 14등급,47.0,4.0,0.0851063829787234,0.052378282601866236,0.032340831977643425,0.08006245513453328,자동승인
R93 x B3 x 15등급,10.0,1.0,0.1,0.04893021914819433,0.029321889278995598,0.07649312917052133,자동승인
R93 x B4 x 4등급,655.0,29.0,0.044274809160305344,0.04519465634590121,0.033304865077963444,0.059328792085403544,자동승인
R93 x B4 x 5등급,879.0,48.0,0.05460750853242321,0.05273620008295994,0.04088774726911629,0.06598576710802254,자동승인
R93 x B4 x 6등급,411.0,19.0,0.046228710462287104,0.04664387517298146,0.03288231736364204,0.06324247861951494,자동승인
R93 x B4 x 7등급,600.0,33.0,0.055,0.05241704621118469,0.03871650561410883,0.06788859282453108,자동승인
R93 x B4 x 8등급,116.0,4.0,0.034482758620689655,0.04364856883488853,0.027980996786971184,0.06536304840550711,자동승인
R93 x B4 x 9등급,119.0,4.0,0.03361344537815126,0.043334550354061994,0.027507945051111593,0.06537505066568675,자동승인
R93 x B4 x 10등급,96.0,4.0,0.041666666666666664,0.04586423222752247,0.028742643436617008,0.06935580130086147,자동승인
R93 x B4 x 11등급,30.0,1.0,0.03333333333333333,0.0459466692001337,0.02804500381927854,0.07271614966655063,자동승인
R93 x B4 x 12등급,3.0,2.0,0.6666666666666666,0.05339039035762077,0.03211120983162273,0.08397130128419897,자동승인
R93 x B4 x 14등급,9.0,0.0,0.0,0.04583227197929593,0.027250039062636535,0.0732385253158306,사람심사
R93 x B4 x 15등급,10.0,0.0,0.0,0.045683465901441074,0.02751069293794466,0.0736914757333549,사람심사
R93 x B5 x 4등급,336.0,13.0,0.03869047619047619,0.04269796135275056,0.029684070907799225,0.059404839021700774,자동승인
R93 x B5 x 5등급,1267.0,58.0,0.04577742699289661,0.04605144249050725,0.03624503926754596,0.05625987865887906,자동승인
R93 x B5 x 6등급,616.0,18.0,0.02922077922077922,0.03508808260136089,0.025028214684538735,0.04847591800317442,자동승인
R93 x B5 x 7등급,591.0,33.0,0.05583756345177665,0.05294770247204033,0.039220116531928924,0.06860192319204335,자동승인
R93 x B5 x 8등급,111.0,8.0,0.07207207207207207,0.05396212102113411,0.03463959563791211,0.07841921760279152,자동승인
R93 x B5 x 9등급,97.0,6.0,0.061855670103092786,0.05081141138644013,0.032366127493385244,0.07614700013166624,자동승인
R93 x B5 x 10등급,218.0,10.0,0.045871559633027525,0.046648270344271034,0.03130780714722991,0.0660503568648636,자동승인
R93 x B5 x 11등급,41.0,4.0,0.0975609756097561,0.05330533185145679,0.03196801084822646,0.08196248482898874,자동승인
R93 x B5 x 12등급,4.0,0.0,0.0,0.04659108442928427,0.02796509891712543,0.07402840731434382,자동승인
R93 x B5 x 13등급,1.0,0.0,0.0,0.04705855350382559,0.02850000278573101,0.07504435841770353,자동승인
R93 x B5 x 14등급,3.0,0.0,0.0,0.04674587208519552,0.028157875064221374,0.07436924485956578,자동승인
R93 x B5 x 15등급,9.0,0.0,0.0,0.04583227197929593,0.027842535907572085,0.07215625097022003,자동승인
R93 x B6 x 4등급,1037.0,51.0,0.04918032786885246,0.04874195318175569,0.037730521101427834,0.0605126854741038,자동승인
R93 x B6 x 5등급,585.0,21.0,0.035897435897435895,0.03971744903470425,0.028925028313488442,0.05327984911738405,자동승인
R93 x B6 x 6등급,703.0,37.0,0.05263157894736842,0.05101948800963422,0.03822250204640829,0.0652404477711762,자동승인
R93 x B6 x 7등급,740.0,29.0,0.03918918918918919,0.04149374518077442,0.030971774301871622,0.054171220931963526,자동승인
R93 x B6 x 8등급,350.0,16.0,0.045714285714285714,0.04640510416303063,0.03186492417574438,0.06348054569105276,자동승인
R93 x B6 x 9등급,164.0,4.0,0.024390243902439025,0.03911365259230271,0.025896832135358372,0.05852553593845975,자동승인
R93 x B6 x 10등급,66.0,2.0,0.030303030303030304,0.044149745872647944,0.027445993653118537,0.06777259372042727,자동승인
R93 x B6 x 11등급,29.0,0.0,0.0,0.04302907491634205,0.0262527298115853,0.06843934253603402,자동승인
R93 x B6 x 12등급,5.0,0.0,0.0,0.04643731847407211,0.027915169668406018,0.07502462370114564,사람심사
R93 x B6 x 13등급,6.0,0.0,0.0,0.04628456413698635,0.027749464002128306,0.07399930529670931,자동승인
R93 x B6 x 14등급,7.0,0.0,0.0,0.046132811467684755,0.027667049979140327,0.07308928651125338,자동승인
R94 x B1 x 4등급,67.0,5.0,0.07462686567164178,0.05224796574696946,0.03267510938229864,0.07873342205917444,자동승인
R94 x B1 x 5등급,48.0,4.0,0.08333333333333333,0.05222690028220767,0.032657458471618675,0.08007851329223337,자동승인
R94 x B1 x 6등급,115.0,2.0,0.017391304347826087,0.038911640430130394,0.02521527210679132,0.05952399568433414,자동승인
R94 x B1 x 7등급,68.0,3.0,0.04411764705882353,0.04664073086787938,0.028624016645769405,0.07134028858612822,자동승인
R94 x B1 x 8등급,13.0,2.0,0.15384615384615385,0.05167365754869406,0.03193559645121955,0.08102205411084021,자동승인
R94 x B1 x 9등급,1.0,0.0,0.0,0.04705855350382559,0.02876487988348946,0.07566822010285437,자동승인
R94 x B1 x 10등급,5.0,0.0,0.0,0.04643731847407211,0.028110171585731786,0.07387303616010524,자동승인
R94 x B1 x 11등급,39.0,6.0,0.15384615384615385,0.0595564020701598,0.03702105657858777,0.09294857939571627,자동승인
R94 x B10 x 4등급,3.0,0.0,0.0,0.04674587208519552,0.027800085855294695,0.07441628384047061,자동승인
R94 x B10 x 5등급,6.0,0.0,0.0,0.04628456413698635,0.027497570079550965,0.07370850425799916,자동승인
R94 x B10 x 7등급,4.0,0.0,0.0,0.04659108442928427,0.028179955871877025,0.07519822213401002,사람심사
R94 x B10 x 13등급,6.0,0.0,0.0,0.04628456413698635,0.02820108470351648,0.07237510471781644,자동승인
R94 x B11 x 4등급,3.0,1.0,0.3333333333333333,0.05006813122140815,0.029963846963420367,0.0786409910653754,자동승인
R94 x B11 x 5등급,3.0,0.0,0.0,0.04674587208519552,0.02825206678203796,0.07367880507436245,자동승인
R94 x B11 x 7등급,21.0,2.0,0.09523809523809523,0.05037776645029421,0.03041007195061952,0.0789780698218343,자동승인
R94 x B11 x 8등급,2.0,0.0,0.0,0.04690169165881283,0.02830573540546965,0.07492213118029178,자동승인
R94 x B11 x 9등급,13.0,1.0,0.07692307692307693,0.04845822346509277,0.029237476670890036,0.07668976790919202,자동승인
R94 x B11 x 11등급,10.0,1.0,0.1,0.04893021914819433,0.029905934928106663,0.07617367903883424,자동승인
R94 x B11 x 13등급,8.0,0.0,0.0,0.04598205064589494,0.027832916485731055,0.07149589770804637,자동승인
R94 x B12 x 4등급,967.0,47.0,0.04860392967942089,0.04827708102580542,0.03685826707330332,0.06074242214621602,자동승인
R94 x B12 x 5등급,239.0,18.0,0.07531380753138076,0.05972161545185075,0.04143979760809802,0.08250493774750012,자동승인
R94 x B12 x 6등급,285.0,17.0,0.05964912280701754,0.05329418095650747,0.0364570999626012,0.07272251372534914,자동승인
R94 x B12 x 7등급,438.0,14.0,0.0319634703196347,0.03813927649136393,0.026879332725434968,0.0531684839027916,자동승인
R94 x B12 x 8등급,393.0,6.0,0.015267175572519083,0.02904559695751643,0.021172743118193966,0.04420301527472084,자동승인
R94 x B12 x 9등급,132.0,11.0,0.08333333333333333,0.05830350580847408,0.03808325709560369,0.08440370755716628,자동승인
R94 x B12 x 10등급,303.0,20.0,0.066006600660066,0.0566896963355139,0.03930776419099008,0.07823365237666821,자동승인
R94 x B12 x 11등급,331.0,19.0,0.05740181268882175,0.0525763235256659,0.03650105909012559,0.07212809768404861,자동승인
R94 x B12 x 12등급,48.0,1.0,0.020833333333333332,0.04355638005099379,0.026934228697623158,0.06770745193524445,자동승인
R94 x B12 x 14등급,27.0,0.0,0.0,0.04329386922351954,0.02650500328756734,0.06784019622744242,자동승인
R94 x B12 x 15등급,6.0,1.0,0.16666666666666666,0.04957403782119688,0.029726702743094306,0.07891217396673651,자동승인
R94 x B13 x 5등급,13.0,0.0,0.0,0.04524278938149148,0.027685626155808284,0.07185822454351182,자동승인
R94 x B13 x 6등급,5.0,0.0,0.0,0.04643731847407211,0.027714870927334746,0.07462228037648044,사람심사
R94 x B13 x 7등급,2.0,0.0,0.0,0.04690169165881283,0.02802656660206716,0.07409289195702444,자동승인
R94 x B13 x 8등급,5.0,1.0,0.2,0.04973764850707542,0.02985966278315318,0.07866996154825469,자동승인
R94 x B13 x 9등급,3.0,0.0,0.0,0.04674587208519552,0.02794382567917652,0.0748079557133348,사람심사
R94 x B13 x 10등급,20.0,0.0,0.0,0.04424687892340833,0.02670304985754832,0.06993451928120524,자동승인
R94 x B14 x 5등급,2.0,0.0,0.0,0.04690169165881283,0.02851356604927917,0.07442036347412914,자동승인
R94 x B14 x 8등급,10.0,0.0,0.0,0.045683465901441074,0.027554911805092966,0.07312193681669348,자동승인
R94 x B14 x 14등급,6.0,0.0,0.0,0.04628456413698635,0.02757244051626332,0.07438639551804442,사람심사
R94 x B2 x 4등급,58.0,2.0,0.034482758620689655,0.045141874993381605,0.028211707173433482,0.070060311929524,자동승인
R94 x B2 x 5등급,94.0,3.0,0.031914893617021274,0.0435472130041935,0.027121700501907507,0.06717669528289232,자동승인
R94 x B2 x 6등급,104.0,6.0,0.057692307692307696,0.04992663556627824,0.031987664054149295,0.07296830962450084,자동승인
R94 x B2 x 7등급,55.0,1.0,0.01818181818181818,0.0426926558006908,0.026766418560864775,0.06615040534448133,자동승인
R94 x B2 x 8등급,32.0,0.0,0.0,0.042637901508011666,0.026359876954626944,0.06616010879459733,자동승인
R94 x B2 x 9등급,8.0,0.0,0.0,0.04598205064589494,0.028127709675497478,0.07169769153208107,자동승인
R94 x B2 x 10등급,9.0,2.0,0.2222222222222222,0.052346929959751966,0.03155726241935996,0.08232749908551035,자동승인
R94 x B3 x 4등급,30.0,0.0,0.0,0.042897888712328816,0.02660810005795651,0.06713907821091125,자동승인
R94 x B3 x 5등급,36.0,2.0,0.05555555555555555,0.04811529190911333,0.02921193888391968,0.07368037742351816,자동승인
R94 x B3 x 6등급,128.0,6.0,0.046875,0.047113867365361155,0.03016231109917088,0.07054731390736527,자동승인
R94 x B3 x 7등급,30.0,0.0,0.0,0.042897888712328816,0.026403647836338955,0.06810912693038,자동승인
R94 x B3 x 8등급,14.0,1.0,0.07142857142857142,0.0483029086462944,0.02891409691574369,0.07702364006678754,자동승인
R94 x B3 x 9등급,8.0,0.0,0.0,0.04598205064589494,0.027195652620468472,0.07385093067029654,사람심사
R94 x B3 x 14등급,2.0,0.0,0.0,0.04690169165881283,0.02779728445399653,0.07566526401355676,사람심사
R94 x B4 x 4등급,30.0,1.0,0.03333333333333333,0.0459466692001337,0.028211127612282845,0.0730768771583148,자동승인
R94 x B4 x 5등급,18.0,1.0,0.05555555555555555,0.04769147942292359,0.029038395043125227,0.07429377146515538,자동승인
R94 x B4 x 6등급,16.0,0.0,0.0,0.044810533431986786,0.027358303705765794,0.07215763591649821,자동승인
R94 x B4 x 7등급,20.0,1.0,0.05,0.04739153301145865,0.02827859637264703,0.07569109265069802,사람심사
R94 x B4 x 8등급,5.0,0.0,0.0,0.04643731847407211,0.02801792930948844,0.07370111300381353,자동승인
R94 x B4 x 10등급,1.0,0.0,0.0,0.04705855350382559,0.02860435130831287,0.0737604094089378,자동승인
R94 x B5 x 4등급,9.0,3.0,0.3333333333333333,0.05560425894997997,0.0339420757576124,0.08756981426899316,자동승인
R94 x B5 x 5등급,26.0,1.0,0.038461538461538464,0.04651391202976498,0.0282716043021703,0.07294601225779188,자동승인
R94 x B5 x 6등급,18.0,0.0,0.0,0.04452692246089826,0.027277510733940937,0.06997706838092889,자동승인
R94 x B5 x 7등급,7.0,0.0,0.0,0.046132811467684755,0.02728642818107774,0.07404253044085914,사람심사
R94 x B6 x 4등급,35.0,1.0,0.02857142857142857,0.04525677927220376,0.02762257447634702,0.07126528250996854,자동승인
R94 x B6 x 5등급,5.0,0.0,0.0,0.04643731847407211,0.02803226791956454,0.07393648190386966,자동승인
R94 x B6 x 6등급,16.0,1.0,0.0625,0.04799524680778297,0.02880283979798725,0.0763503820677117,자동승인
R94 x B6 x 7등급,21.0,4.0,0.19047619047619047,0.056647358926783235,0.03431073825779228,0.08984582438319799,자동승인
R94 x B6 x 9등급,11.0,2.0,0.18181818181818182,0.05200811487910632,0.03184409965819808,0.08156692538024599,자동승인
