상권명,상권유형,업종,20254_전체점포수,20254_개업수,20254_폐업수,20254실제,20261실제,20261예측,오차
4.19민주묘지역 2번,골목상권,분식전문점,3,0,0,0,0.0,4.49,4.49
GS강동자이아파트,골목상권,분식전문점,2,0,0,0,0.0,4.21,4.21
G타워,골목상권,분식전문점,4,0,0,0,0.0,4.71,4.71
KB국민은행 망원동지점,골목상권,분식전문점,6,0,0,0,20.0,5.08,-14.92
KB국민은행 서강지점,골목상권,분식전문점,2,0,0,0,0.0,4.21,4.21
KB국민은행 종암동지점,골목상권,분식전문점,1,0,0,0,0.0,3.76,3.76
KC대학교,골목상권,분식전문점,2,0,0,0,0.0,4.17,4.17
KT구로지사,골목상권,분식전문점,3,0,0,0,0.0,4.46,4.46
KT금천빌딩(금천구시설관리공단),골목상권,분식전문점,2,0,0,0,0.0,4.24,4.24
KT대방빌딩,골목상권,분식전문점,3,0,1,33,0.0,4.23,4.23
KT월곡지사,골목상권,분식전문점,2,0,0,0,0.0,4.17,4.17
NH농협은행 보광동지점,골목상권,분식전문점,2,0,0,0,0.0,4.17,4.17
NH농협은행 상도동지점,골목상권,분식전문점,4,0,0,0,0.0,4.71,4.71
가리봉파출소,골목상권,분식전문점,1,0,0,0,0.0,3.76,3.76
가산동우체국,골목상권,분식전문점,5,1,1,20,0.0,5.55,5.55
가산동주민센터,골목상권,분식전문점,3,0,0,0,0.0,4.46,4.46
가산디지털단지역 1번 출입구,골목상권,분식전문점,3,0,0,0,0.0,4.46,4.46
가산초등학교(세일중학교),골목상권,분식전문점,7,0,0,0,0.0,5.17,5.17
가양역 10번,골목상권,분식전문점,5,0,0,0,25.0,4.9,-20.1
가오리역 1번,골목상권,분식전문점,2,0,0,0,0.0,4.17,4.17
가오리역 2번,골목상권,분식전문점,4,0,0,0,0.0,4.72,4.72
가인초등학교,골목상권,분식전문점,2,0,0,0,0.0,4.21,4.21
가좌역 2번,골목상권,분식전문점,6,0,0,0,0.0,5.04,5.04
간데메공원,골목상권,분식전문점,7,0,0,0,0.0,5.18,5.18
강남구보훈회관,골목상권,분식전문점,1,0,0,0,0.0,3.76,3.76
강동구립 천호도서관,골목상권,분식전문점,6,0,1,17,0.0,4.91,4.91
강동구립성내도서관,골목상권,분식전문점,6,0,0,0,0.0,5.03,5.03
강동구청(강동구청역 2번),골목상권,분식전문점,2,0,0,0,0.0,4.17,4.17
강동성심병원,골목상권,분식전문점,2,0,0,0,50.0,4.21,-45.79
강동역 4번(강풀만화거리),골목상권,분식전문점,7,0,0,0,17.0,5.19,-11.81
강북구청,골목상권,분식전문점,1,0,0,0,0.0,3.83,3.83
강북문화예술회관,골목상권,분식전문점,1,0,0,0,0.0,3.83,3.83
강북중학교,골목상권,분식전문점,3,0,0,0,0.0,4.49,4.49
강서고등학교,골목상권,분식전문점,4,0,0,0,0.0,4.69,4.69
강서구다솔마을,골목상권,분식전문점,3,0,0,0,0.0,4.46,4.46
강서구청옆,골목상권,분식전문점,1,0,0,0,0.0,3.83,3.83
강일동주민센터,골목상권,분식전문점,7,0,0,0,0.0,5.22,5.22
개미어린이공원,골목상권,분식전문점,1,0,0,0,0.0,3.76,3.76
개봉1동주민센터,골목상권,분식전문점,8,0,0,0,0.0,5.29,5.29
개봉3동주민센터,골목상권,분식전문점,2,0,0,0,0.0,4.17,4.17
개봉역,골목상권,분식전문점,11,1,0,0,0.0,5.95,5.95
개봉중학교,골목상권,분식전문점,2,0,0,0,0.0,4.21,4.21
개봉초등학교,골목상권,분식전문점,2,0,0,0,0.0,4.17,4.17
개웅초등학교(개웅중학교),골목상권,분식전문점,5,0,0,0,0.0,4.88,4.88
개포고등학교,골목상권,분식전문점,3,0,0,0,0.0,4.49,4.49
개포지구대옆,골목상권,분식전문점,2,0,0,0,0.0,4.17,4.17
개화산역 1번,골목상권,분식전문점,3,0,1,33,0.0,4.23,4.23
거여역 1번(거여공원),골목상권,분식전문점,5,0,0,0,0.0,4.88,4.88
거여초등학교,골목상권,분식전문점,1,0,0,0,0.0,3.76,3.76
건대입구역 1번,골목상권,분식전문점,3,0,0,0,0.0,4.46,4.46
건대입구역 6번,골목상권,분식전문점,4,0,0,0,0.0,4.69,4.69
경기대학교,골목상권,분식전문점,1,0,0,0,0.0,3.76,3.76
경동고등학교,골목상권,분식전문점,4,0,0,0,0.0,4.69,4.69
경리단길남측,골목상권,분식전문점,4,0,0,0,0.0,4.69,4.69
경리단길북측,골목상권,분식전문점,6,0,1,17,0.0,4.93,4.93
경복고등학교,골목상권,분식전문점,1,1,0,0,0.0,7.81,7.81
경성고등학교,골목상권,분식전문점,4,0,2,50,33.0,4.35,-28.65
경수초등학교,골목상권,분식전문점,8,0,0,0,0.0,5.3,5.3
경신고등학교,골목상권,분식전문점,4,0,0,0,25.0,4.69,-20.31
경의선책거리,골목상권,분식전문점,9,0,0,0,0.0,5.42,5.42
경의중앙 신촌역,골목상권,분식전문점,3,0,1,33,0.0,4.29,4.29
경찰병원역 3번,골목상권,분식전문점,2,0,1,50,50.0,3.85,-46.15
경춘선숲길 우측,골목상권,분식전문점,8,0,0,0,0.0,5.3,5.3
경향신문사,골목상권,분식전문점,4,0,0,0,0.0,4.74,4.74
경희대삼거리,골목상권,분식전문점,9,0,0,0,0.0,5.39,5.39
경희대후문,골목상권,분식전문점,2,0,0,0,0.0,4.21,4.21
계상초등학교,골목상권,분식전문점,4,0,0,0,0.0,4.69,4.69
고대앞사거리,골목상권,분식전문점,2,0,0,0,0.0,4.17,4.17
고덕동성당,골목상권,분식전문점,2,0,0,0,0.0,4.21,4.21
고덕중학교(고덕2동주민센터),골목상권,분식전문점,2,0,0,0,50.0,4.21,-45.79
고려대역 4번,골목상권,분식전문점,1,1,0,0,0.0,7.81,7.81
고려대역 6번,골목상권,분식전문점,5,0,0,0,0.0,4.88,4.88
고산초등학교,골목상권,분식전문점,1,0,0,0,0.0,3.76,3.76
고척동성당,골목상권,분식전문점,1,0,1,100,0.0,3.04,3.04
고척초등학교,골목상권,분식전문점,4,0,1,25,0.0,4.54,4.54
곰달래도서관,골목상권,분식전문점,3,0,0,0,0.0,4.49,4.49
공군호텔,골목상권,분식전문점,5,0,0,0,0.0,4.9,4.9
공덕동주민센터,골목상권,분식전문점,1,0,0,0,0.0,3.76,3.76
공덕래미안3차아파트,골목상권,분식전문점,1,0,0,0,0.0,3.83,3.83
공릉동 국수거리,골목상권,분식전문점,9,0,0,0,0.0,5.41,5.41
공릉역 2번,골목상권,분식전문점,6,0,0,0,0.0,5.03,5.03
공항고등학교,골목상권,분식전문점,2,0,0,0,0.0,4.17,4.17
공항시장역 1번,골목상권,분식전문점,4,0,0,0,0.0,4.71,4.71
공항시장역 3번,골목상권,분식전문점,1,0,0,0,0.0,3.76,3.76
관악구 중앙길,골목상권,분식전문점,9,0,0,0,0.0,5.42,5.42
관악구신사동주민센터,골목상권,분식전문점,9,1,1,11,10.0,5.77,-4.23
관악우성아파트,골목상권,분식전문점,3,0,0,0,0.0,4.49,4.49
관악해태어린이공원,골목상권,분식전문점,7,0,0,0,0.0,5.18,5.18
광나루역 1번,골목상권,분식전문점,6,0,0,0,0.0,5.04,5.04
광산사거리,골목상권,분식전문점,1,0,1,100,0.0,3.04,3.04
광운대역 1번,골목상권,분식전문점,8,0,0,0,0.0,5.32,5.32
광운대학교 남단,골목상권,분식전문점,6,0,0,0,0.0,5.04,5.04
광진경찰서,골목상권,분식전문점,1,0,0,0,0.0,3.76,3.76
광진구청,골목상권,분식전문점,2,0,0,0,0.0,4.17,4.17
광진정말공원,골목상권,분식전문점,3,0,0,0,100.0,4.49,-95.51
광진정보도서관,골목상권,분식전문점,3,0,0,0,0.0,4.51,4.51
광진초등학교,골목상권,분식전문점,3,1,0,0,50.0,5.8,-44.2
광흥창역 1번,골목상권,분식전문점,3,0,0,0,0.0,4.49,4.49
구남초등학교,골목상권,분식전문점,1,0,0,0,0.0,3.76,3.76
구로119안전센터,골목상권,분식전문점,2,0,0,0,0.0,4.17,4.17
구로4동주민센터,골목상권,분식전문점,6,0,1,17,20.0,4.93,-15.07
구로구민회관,골목상권,분식전문점,1,0,0,0,0.0,3.76,3.76
구로나눔길,골목상권,분식전문점,1,0,0,0,0.0,3.76,3.76
구로디지털단지역 4번,골목상권,분식전문점,3,0,0,0,0.0,4.49,4.49
구로보건소,골목상권,분식전문점,8,0,0,0,0.0,5.3,5.3
구로창업지원센터,골목상권,분식전문점,1,0,0,0,0.0,3.76,3.76
구로초등학교,골목상권,분식전문점,2,0,0,0,0.0,4.21,4.21
구립대학경로당(관악산샘말공원),골목상권,분식전문점,25,2,2,8,4.0,6.64,2.64
구반포역,골목상권,분식전문점,3,0,0,0,0.0,4.46,4.46
구산보건지소,골목상권,분식전문점,5,1,0,0,25.0,5.7,-19.3
구산역 1번,골목상권,분식전문점,9,0,2,22,0.0,5.26,5.26
구산역 2번,골목상권,분식전문점,2,0,0,0,0.0,4.17,4.17
구산역 4번,골목상권,분식전문점,9,0,0,0,0.0,5.4,5.4
구암초등학교,골목상권,분식전문점,3,0,0,0,50.0,4.46,-45.54
구의1동주민센터,골목상권,분식전문점,16,1,2,13,0.0,6.09,6.09
구의역 4번,골목상권,분식전문점,8,0,0,0,0.0,5.3,5.3
국립4.19민주묘지,골목상권,분식전문점,1,0,0,0,0.0,3.76,3.76
국립국악고등학교,골목상권,분식전문점,1,0,0,0,0.0,3.76,3.76
국립재활원,골목상권,분식전문점,3,0,0,0,0.0,4.46,4.46
국립정신건강센터,골목상권,분식전문점,3,1,0,0,0.0,5.82,5.82
국민은행방학지점,골목상권,분식전문점,2,0,0,0,50.0,4.17,-45.83
국제신학대학원대학교(남서울중학교),골목상권,분식전문점,2,0,0,0,50.0,4.17,-45.83
군자역 4번,골목상권,분식전문점,5,0,0,0,0.0,4.89,4.89
군자역 5번,골목상권,분식전문점,3,0,1,33,0.0,4.23,4.23
굽은다리역 1번(십자성마을),골목상권,분식전문점,3,1,0,0,0.0,5.8,5.8
굽은다리역 2번,골목상권,분식전문점,1,0,0,0,0.0,3.76,3.76
굽은다리역 3번,골목상권,분식전문점,6,0,0,0,0.0,5.07,5.07
굽은다리역 4번,골목상권,분식전문점,5,0,1,20,25.0,4.74,-20.26
그라운드 고척,골목상권,분식전문점,13,0,0,0,0.0,5.77,5.77
금동어린이공원,골목상권,분식전문점,4,0,0,0,33.0,4.71,-28.29
금북초등학교,골목상권,분식전문점,2,0,0,0,100.0,4.17,-95.83
금산초등학교(금천고등학교),골목상권,분식전문점,2,0,0,0,0.0,4.21,4.21
금천구립가산도서관,골목상권,분식전문점,5,2,0,0,25.0,6.51,-18.49
금천구청역 1번 출입구,골목상권,분식전문점,6,1,0,0,0.0,5.73,5.73
금천금빛공원(은행나무사거리서측),골목상권,분식전문점,2,0,0,0,0.0,4.17,4.17
금천세무서,골목상권,분식전문점,1,0,0,0,0.0,3.76,3.76
금천어울림복지센터,골목상권,분식전문점,1,0,0,0,0.0,3.76,3.76
금천철쭉어린이공원(금하마을),골목상권,분식전문점,4,0,0,0,0.0,4.71,4.71
금천해태공원,골목상권,분식전문점,1,1,1,100,0.0,7.09,7.09
금호사거리,골목상권,분식전문점,4,0,0,0,0.0,4.71,4.71
금호삼성래미안아파트,골목상권,분식전문점,3,0,0,0,0.0,4.51,4.51
길동주민센터(강동도서관),골목상권,분식전문점,9,0,1,11,0.0,5.32,5.32
길음역 7번,골목상권,분식전문점,2,0,0,0,0.0,4.17,4.17
길음역 8번,골목상권,분식전문점,9,0,0,0,13.0,5.41,-7.59
까치산역 1번,골목상권,분식전문점,3,0,0,0,0.0,4.46,4.46
까치산역 3번,골목상권,분식전문점,6,0,1,17,0.0,4.91,4.91
까치산역 4번,골목상권,분식전문점,10,1,0,0,0.0,5.9,5.9
낙성대역 1번(관악구민 종합체육센터),골목상권,분식전문점,5,0,0,0,0.0,4.89,4.89
낙성대역 5번(관악중학교),골목상권,분식전문점,1,0,0,0,0.0,3.76,3.76
난곡중학교,골목상권,분식전문점,3,0,0,0,50.0,4.46,-45.54
난곡초등학교(난곡동벽화마을),골목상권,분식전문점,2,0,0,0,0.0,4.24,4.24
난우초등학교,골목상권,분식전문점,4,0,1,25,0.0,4.51,4.51
난향초등학교,골목상권,분식전문점,4,0,0,0,0.0,4.69,4.69
남가좌동현대아파트,골목상권,분식전문점,1,0,0,0,0.0,3.76,3.76
남가좌파출소,골목상권,분식전문점,8,1,1,13,14.0,5.72,-8.28
남강고등학교(남강중학교),골목상권,분식전문점,10,1,1,10,0.0,5.86,5.86
남구로역 2번,골목상권,분식전문점,7,0,1,14,14.0,5.09,-8.91
남구로역 3번,골목상권,분식전문점,7,0,0,0,14.0,5.18,-8.82
남부초등학교,골목상권,분식전문점,4,1,0,0,0.0,5.74,5.74
남성역 1번,골목상권,분식전문점,12,0,1,8,0.0,5.61,5.61
남영역 1번,골목상권,분식전문점,11,0,0,0,10.0,5.59,-4.41
남천초등학교,골목상권,분식전문점,8,0,2,25,0.0,5.12,5.12
남태령역(서울전자고등학교),골목상권,분식전문점,3,0,0,0,0.0,4.49,4.49
내를건너서숲으로도서관,골목상권,분식전문점,4,0,0,0,33.0,4.71,-28.29
내방역 4번,골목상권,분식전문점,1,0,0,0,0.0,3.76,3.76
내방역 5번,골목상권,분식전문점,1,0,0,0,0.0,3.76,3.76
내방역 8번,골목상권,분식전문점,1,0,0,0,0.0,3.76,3.76
노량진역 6번,골목상권,분식전문점,5,0,0,0,0.0,4.88,4.88
노량진초등학교,골목상권,분식전문점,1,0,0,0,0.0,3.76,3.76
노원역 9번,골목상권,분식전문점,3,0,0,0,33.0,4.49,-28.51
노원초등학교,골목상권,분식전문점,2,0,0,0,0.0,4.17,4.17
녹번동근린공원,골목상권,분식전문점,1,0,0,0,0.0,3.76,3.76
논현2동주민센터,골목상권,분식전문점,7,0,0,0,0.0,5.18,5.18
논현초등학교,골목상권,분식전문점,3,1,0,0,0.0,5.82,5.82
누원고등학교,골목상권,분식전문점,4,0,0,0,0.0,4.69,4.69
능동우편취급국,골목상권,분식전문점,1,0,0,0,0.0,3.76,3.76
달마을공원,골목상권,분식전문점,5,0,0,0,25.0,4.89,-20.11
답십리 장령당공원,골목상권,분식전문점,1,0,0,0,0.0,3.76,3.76
답십리공원,골목상권,분식전문점,3,0,0,0,0.0,4.49,4.49
답십리사거리,골목상권,분식전문점,2,0,0,0,0.0,4.21,4.21
답십리역 6번,골목상권,분식전문점,1,0,0,0,0.0,3.76,3.76
답십리초등학교,골목상권,분식전문점,14,1,0,0,0.0,6.1,6.1
당고개역 2번,골목상권,분식전문점,4,0,0,0,0.0,4.69,4.69
당고개역 5번,골목상권,분식전문점,5,0,0,0,25.0,4.88,-20.12
당곡중학교,골목상권,분식전문점,9,0,0,0,0.0,5.42,5.42
당산반도유보라팰리스아파트,골목상권,분식전문점,6,0,0,0,0.0,5.04,5.04
대동초등학교,골목상권,분식전문점,1,1,0,0,0.0,7.81,7.81
대림1동주민센터,골목상권,분식전문점,6,0,0,0,0.0,5.07,5.07
대림갑을명가아파트,골목상권,분식전문점,1,0,0,0,0.0,3.83,3.83
대림성모병원,골목상권,분식전문점,3,0,0,0,0.0,4.49,4.49
대림역 11번,골목상권,분식전문점,1,0,0,0,0.0,3.76,3.76
대림역 2번,골목상권,분식전문점,5,0,0,0,0.0,4.9,4.9
대림역 5번,골목상권,분식전문점,1,0,0,0,0.0,3.76,3.76
대방역 3번,골목상권,분식전문점,4,0,0,0,0.0,4.71,4.71
대방역 6번,골목상권,분식전문점,5,0,0,0,25.0,4.88,-20.12
대왕초등학교(세곡동사거리서남측),골목상권,분식전문점,1,0,0,0,0.0,3.76,3.76
대원고등학교,골목상권,분식전문점,3,0,0,0,0.0,4.46,4.46
대진고등학교,골목상권,분식전문점,4,0,0,0,0.0,4.72,4.72
대청초등학교,골목상권,분식전문점,14,0,0,0,0.0,5.82,5.82
대치2동주민센터,골목상권,분식전문점,5,0,0,0,0.0,4.88,4.88
대치동아우편취급국,골목상권,분식전문점,1,0,0,0,0.0,3.76,3.76
대흥동주민센터,골목상권,분식전문점,1,0,0,0,0.0,3.76,3.76
대흥역 2번,골목상권,분식전문점,19,0,0,0,6.0,6.11,0.11
대흥역 3번,골목상권,분식전문점,6,1,1,17,0.0,5.6,5.6
더케이호텔(양재리본타워2단지아파트),골목상권,분식전문점,1,0,0,0,0.0,3.76,3.76
덕성여대시반거리,골목상권,분식전문점,4,0,0,0,0.0,4.71,4.71
덕의초등학교,골목상권,분식전문점,8,1,2,25,60.0,5.63,-54.37
도곡초등학교,골목상권,분식전문점,4,0,1,25,0.0,4.51,4.51
도림동주민센터,골목상권,분식전문점,1,0,0,0,0.0,3.83,3.83
도봉구 정병원,골목상권,분식전문점,3,0,0,0,0.0,4.49,4.49
도봉구보건소,골목상권,분식전문점,8,1,0,0,0.0,5.82,5.82
도봉산역 1번,골목상권,분식전문점,1,0,0,0,0.0,3.76,3.76
도봉산입구,골목상권,분식전문점,7,0,1,14,0.0,5.11,5.11
도봉세무서,골목상권,분식전문점,2,0,2,100,0.0,3.49,3.49
도봉역 2번,골목상권,분식전문점,3,0,0,0,0.0,4.49,4.49
도봉역 3번,골목상권,분식전문점,1,0,0,0,0.0,3.76,3.76
도신초등학교,골목상권,분식전문점,2,0,0,0,0.0,4.17,4.17
독산119안전센터,골목상권,분식전문점,2,0,1,50,0.0,3.81,3.81
독산2동주민센터,골목상권,분식전문점,6,0,1,17,0.0,4.92,4.92
독산동성당,골목상권,분식전문점,9,0,0,0,13.0,5.41,-7.59
독산동정훈단지,골목상권,분식전문점,7,0,0,0,0.0,5.18,5.18
독산역 1번 출입구,골목상권,분식전문점,2,0,0,0,0.0,4.17,4.17
돈의문센트레빌아파트입구,골목상권,분식전문점,2,0,0,0,0.0,4.21,4.21
돌곶이역 1번,골목상권,분식전문점,1,0,0,0,0.0,3.76,3.76
돌곶이역 5번,골목상권,분식전문점,6,0,0,0,0.0,5.04,5.04
돌곶이역 8번,골목상권,분식전문점,3,1,0,0,0.0,5.82,5.82
동교초등학교,골목상권,분식전문점,8,0,0,0,0.0,5.3,5.3
동구여중,골목상권,분식전문점,2,1,0,0,0.0,6.19,6.19
동대문경찰서,골목상권,분식전문점,1,0,0,0,0.0,3.83,3.83
동대문구청,골목상권,분식전문점,5,0,1,20,0.0,4.76,4.76
동대문역 1번,골목상권,분식전문점,4,0,1,25,0.0,4.51,4.51
동대문역사문화공원역 5번,골목상권,분식전문점,4,0,0,0,0.0,4.69,4.69
동대부고,골목상권,분식전문점,5,0,0,0,25.0,4.89,-20.11
동대부여고,골목상권,분식전문점,3,0,0,0,0.0,4.46,4.46
동묘앞역 2번,골목상권,분식전문점,5,0,0,0,0.0,4.88,4.88
동묘앞역 3번,골목상권,분식전문점,1,1,0,0,0.0,7.81,7.81
동의보감타워,골목상권,분식전문점,2,0,0,0,0.0,4.17,4.17
동일여자고등학교,골목상권,분식전문점,2,0,0,0,0.0,4.21,4.21
동작구자원봉사센터,골목상권,분식전문점,2,0,0,0,0.0,4.21,4.21
두산초등학교,골목상권,분식전문점,1,0,0,0,0.0,3.76,3.76
둔촌2동주민센터,골목상권,분식전문점,5,0,0,0,0.0,4.9,4.9
둔촌고등학교(둔촌중학교),골목상권,분식전문점,3,0,1,33,0.0,4.23,4.23
둔촌동역 1번(한산중학교),골목상권,분식전문점,10,0,0,0,0.0,5.5,5.5
둔촌동역 4번,골목상권,분식전문점,2,0,0,0,0.0,4.17,4.17
등촌1동주민센터,골목상권,분식전문점,13,1,0,0,8.0,6.08,-1.92
등촌3동주민센터,골목상권,분식전문점,11,1,3,27,0.0,5.77,5.77
등촌역 4번,골목상권,분식전문점,1,0,0,0,0.0,3.76,3.76
등촌역 7번,골목상권,분식전문점,1,0,0,0,0.0,3.76,3.76
뚝섬역교차로,골목상권,분식전문점,2,0,0,0,0.0,4.17,4.17
뜸부기어린이공원,골목상권,분식전문점,1,0,0,0,0.0,3.83,3.83
러스크서울병원,골목상권,분식전문점,2,0,0,0,0.0,4.17,4.17
리움미술관,골목상권,분식전문점,4,0,0,0,0.0,4.71,4.71
마장역 2번,골목상권,분식전문점,4,0,0,0,33.0,4.71,-28.29
마장역 3번,골목상권,분식전문점,1,0,0,0,0.0,3.76,3.76
마장지하차도,골목상권,분식전문점,1,0,0,0,0.0,3.76,3.76
마천역(마천초등학교),골목상권,분식전문점,16,0,0,0,6.0,5.94,-0.06
마포FM,골목상권,분식전문점,2,1,0,0,0.0,6.19,6.19
마포경찰서,골목상권,분식전문점,2,0,0,0,0.0,4.21,4.21
마포구청역 1번,골목상권,분식전문점,6,1,0,0,0.0,5.74,5.74
마포구청역 4번,골목상권,분식전문점,2,0,0,0,0.0,4.21,4.21
마포구청역 7번,골목상권,분식전문점,4,0,0,0,0.0,4.69,4.69
마포역 4번,골목상권,분식전문점,3,0,1,33,0.0,4.23,4.23
만리재,골목상권,분식전문점,5,0,0,0,0.0,4.88,4.88
말미고개,골목상권,분식전문점,2,0,0,0,0.0,4.17,4.17
망리단길,골목상권,분식전문점,19,0,0,0,12.0,6.11,-5.89
망우3동주민센터,골목상권,분식전문점,1,0,0,0,0.0,3.76,3.76
망우본동주민센터,골목상권,분식전문점,8,0,0,0,14.0,5.31,-8.69
망우역 1번,골목상권,분식전문점,8,0,0,0,0.0,5.29,5.29
망우역 2번,골목상권,분식전문점,7,0,0,0,0.0,5.18,5.18
망원역 1번,골목상권,분식전문점,2,0,0,0,0.0,4.17,4.17
먹골역 1번,골목상권,분식전문점,7,0,0,0,0.0,5.19,5.19
먹골역 5번,골목상권,분식전문점,7,1,0,0,40.0,5.73,-34.27
먹골파출소,골목상권,분식전문점,1,0,0,0,0.0,3.76,3.76
메가박스 상봉,골목상권,분식전문점,5,0,0,0,0.0,4.89,4.89
메디힐병원,골목상권,분식전문점,3,0,0,0,0.0,4.46,4.46
면동초등학교,골목상권,분식전문점,2,0,0,0,0.0,4.17,4.17
면목2동체육관,골목상권,분식전문점,6,1,0,0,0.0,5.74,5.74
면목5동주민센터,골목상권,분식전문점,4,0,0,0,0.0,4.69,4.69
면목동우체국,골목상권,분식전문점,5,1,0,0,0.0,5.7,5.7
면목역 1번,골목상권,분식전문점,1,0,0,0,0.0,3.76,3.76
면목역 2번,골목상권,분식전문점,10,0,0,0,0.0,5.5,5.5
면목역 3번,골목상권,분식전문점,4,0,1,25,0.0,4.53,4.53
명일역 1번,골목상권,분식전문점,2,0,1,50,0.0,3.81,3.81
명지대학교,골목상권,분식전문점,15,2,1,7,6.0,6.36,0.36
명지대학교교회,골목상권,분식전문점,17,2,2,12,6.0,6.41,0.41
모래내우체국,골목상권,분식전문점,5,0,1,20,0.0,4.74,4.74
목동로데오거리,골목상권,분식전문점,2,0,0,0,0.0,4.17,4.17
목동보건지소,골목상권,분식전문점,12,1,0,0,20.0,6.0,-14.0
목동센트럴아이파크앞,골목상권,분식전문점,1,0,0,0,0.0,3.76,3.76
목동역 5번,골목상권,분식전문점,1,0,0,0,0.0,3.83,3.83
묘곡초등학교(고덕아이파크아파트),골목상권,분식전문점,7,0,0,0,0.0,5.2,5.2
무너미어린이공원,골목상권,분식전문점,6,0,0,0,0.0,5.04,5.04
문래동사거리,골목상권,분식전문점,1,0,0,0,0.0,3.76,3.76
문래소공원,골목상권,분식전문점,3,0,0,0,0.0,4.46,4.46
문래예술촌(문래창작촌),골목상권,분식전문점,11,1,0,0,0.0,5.95,5.95
문래중학교,골목상권,분식전문점,4,0,0,0,0.0,4.69,4.69
문성초등학교,골목상권,분식전문점,6,0,1,17,20.0,4.91,-15.09
문정역 1번,골목상권,분식전문점,3,0,0,0,0.0,4.51,4.51
문정역 2번,골목상권,분식전문점,5,0,0,0,25.0,4.89,-20.11
문정초등학교,골목상권,분식전문점,6,0,0,0,0.0,5.03,5.03
문현중학교(장지역 1번),골목상권,분식전문점,6,0,0,0,0.0,5.07,5.07
미근동,골목상권,분식전문점,3,0,0,0,0.0,4.46,4.46
미림여고,골목상권,분식전문점,1,0,0,0,0.0,3.83,3.83
미성동주민센터,골목상권,분식전문점,3,0,0,0,0.0,4.53,4.53
미성초등학교,골목상권,분식전문점,1,0,0,0,0.0,3.83,3.83
미아사거리역 3번,골목상권,분식전문점,1,0,0,0,100.0,3.83,-96.17
미아역 5번,골목상권,분식전문점,4,0,0,0,0.0,4.69,4.69
미아역 8번,골목상권,분식전문점,7,0,0,0,0.0,5.18,5.18
미아초등학교,골목상권,분식전문점,1,0,0,0,0.0,3.76,3.76
바우뫼공원,골목상권,분식전문점,1,0,0,0,0.0,3.76,3.76
발산역 5번,골목상권,분식전문점,2,0,0,0,0.0,4.21,4.21
방배노인종합복지관(이수중학교),골목상권,분식전문점,2,0,0,0,0.0,4.17,4.17
방배동사이길,골목상권,분식전문점,3,0,0,0,0.0,4.46,4.46
방배아이파크아파트,골목상권,분식전문점,5,0,0,0,25.0,4.89,-20.11
방배초등학교,골목상권,분식전문점,6,0,0,0,0.0,5.04,5.04
방이동고분군(방산고등학교),골목상권,분식전문점,2,0,1,50,0.0,3.85,3.85
방이역 1번,골목상권,분식전문점,3,0,0,0,50.0,4.49,-45.51
방이역 2번,골목상권,분식전문점,1,0,0,0,0.0,3.76,3.76
방이역 4번,골목상권,분식전문점,5,0,0,0,0.0,4.89,4.89
방학1동주민센터,골목상권,분식전문점,4,0,1,25,33.0,4.51,-28.49
방학역 1번,골목상권,분식전문점,14,1,2,14,8.0,6.0,-2.0
방학역 2번,골목상권,분식전문점,9,1,0,0,0.0,5.87,5.87
방학중학교,골목상권,분식전문점,3,0,0,0,0.0,4.46,4.46
방학초등학교,골목상권,분식전문점,3,0,0,0,0.0,4.49,4.49
방현초등학교(방배119안전센터),골목상권,분식전문점,1,0,0,0,0.0,3.83,3.83
방화역 1번,골목상권,분식전문점,6,0,1,17,20.0,4.94,-15.06
방화역 2번,골목상권,분식전문점,3,0,0,0,0.0,4.46,4.46
방화초등학교,골목상권,분식전문점,2,0,0,0,0.0,4.17,4.17
배문고등학교,골목상권,분식전문점,5,0,0,0,0.0,4.88,4.88
배화여자대학교(박노수미술관),골목상권,분식전문점,3,0,1,33,0.0,4.23,4.23
백련산해모로아파트,골목상권,분식전문점,2,0,0,0,0.0,4.17,4.17
백산초등학교,골목상권,분식전문점,3,0,0,0,0.0,4.46,4.46
번동주공2단지,골목상권,분식전문점,2,0,0,0,0.0,4.21,4.21
벌말어린이공원,골목상권,분식전문점,3,0,0,0,0.0,4.51,4.51
법제교육센터(버들어린이공원),골목상권,분식전문점,2,0,0,0,0.0,4.21,4.21
보라매동주민센터(당곡고등학교),골목상권,분식전문점,1,0,0,0,0.0,3.76,3.76
보라매역 2번,골목상권,분식전문점,3,0,0,0,0.0,4.46,4.46
보라매역 6번,골목상권,분식전문점,4,0,1,25,20.0,4.54,-15.46
보문역 4번,골목상권,분식전문점,1,0,0,0,0.0,3.76,3.76
보문역 5번,골목상권,분식전문점,3,1,0,0,0.0,5.82,5.82
보문역 8번,골목상권,분식전문점,4,0,0,0,0.0,4.71,4.71
보인중학교,골목상권,분식전문점,1,0,0,0,0.0,3.76,3.76
본마을노인복지센터(서초구립내곡도서관),골목상권,분식전문점,1,0,0,0,0.0,3.76,3.76
봉원사,골목상권,분식전문점,1,0,0,0,0.0,3.76,3.76
봉은사역 4번,골목상권,분식전문점,1,0,0,0,0.0,3.76,3.76
봉천역 1번(관악초등학교),골목상권,분식전문점,6,0,0,0,0.0,5.08,5.08
봉천역 4번(봉천110안전센터),골목상권,분식전문점,1,0,0,0,0.0,3.76,3.76
봉천역 6번,골목상권,분식전문점,2,0,0,0,0.0,4.17,4.17
북가좌2동주민센터,골목상권,분식전문점,10,0,0,0,0.0,5.5,5.5
북가좌초등학교,골목상권,분식전문점,3,0,0,0,0.0,4.49,4.49
북한산보국문역 1번,골목상권,분식전문점,3,0,0,0,0.0,4.46,4.46
북한산보국문역 2번,골목상권,분식전문점,1,0,0,0,0.0,3.76,3.76
북한산우이역 2번,골목상권,분식전문점,6,0,0,0,0.0,5.04,5.04
불광역 7번,골목상권,분식전문점,8,0,0,0,0.0,5.3,5.3
불광역 8번,골목상권,분식전문점,3,0,0,0,0.0,4.46,4.46
불광중학교,골목상권,분식전문점,2,0,0,0,0.0,4.17,4.17
사가정역 1번,골목상권,분식전문점,2,0,0,0,0.0,4.21,4.21
사가정역 4번,골목상권,분식전문점,10,0,0,0,0.0,5.51,5.51
사근동살곶이상점가,골목상권,분식전문점,6,0,0,0,0.0,5.04,5.04
사당역 10번,골목상권,분식전문점,7,0,0,0,0.0,5.18,5.18
사당역 4번,골목상권,분식전문점,14,0,0,0,8.0,5.81,-2.19
사당종합체육관,골목상권,분식전문점,1,0,0,0,0.0,3.83,3.83
사직공원(한국사회과학도서관),골목상권,분식전문점,1,0,0,0,0.0,3.76,3.76
삼각산119안전센터,골목상권,분식전문점,1,0,0,0,0.0,3.76,3.76
삼각지역 3번,골목상권,분식전문점,1,0,0,0,0.0,3.76,3.76
삼광초등학교,골목상권,분식전문점,3,1,0,0,0.0,5.8,5.8
삼선동주민센터,골목상권,분식전문점,4,0,0,0,0.0,4.71,4.71
삼선중학교,골목상권,분식전문점,7,0,0,0,0.0,5.18,5.18
삼성산자연공원(서울금천초등학교),골목상권,분식전문점,1,0,0,0,0.0,3.76,3.76
삼성전자서울R&D(서울우면초등학교),골목상권,분식전문점,1,0,0,0,0.0,3.76,3.76
삼성중앙역 7번,골목상권,분식전문점,2,0,0,0,0.0,4.17,4.17
삼양사거리역 2번,골목상권,분식전문점,1,0,0,0,0.0,3.83,3.83
삼양입구사거리,골목상권,분식전문점,2,0,0,0,0.0,4.17,4.17
삼육보건대학교,골목상권,분식전문점,11,0,1,9,20.0,5.53,-14.47
삼전역 1번,골목상권,분식전문점,9,1,0,0,0.0,5.86,5.86
삼전역 3번,골목상권,분식전문점,8,1,0,0,13.0,5.81,-7.19
삼전역 4번,골목상권,분식전문점,11,1,1,9,30.0,5.88,-24.12
상계2동주민센터,골목상권,분식전문점,3,0,1,33,0.0,4.23,4.23
상계3동4동주민센터,골목상권,분식전문점,1,0,0,0,0.0,3.76,3.76
상계5동주민센터,골목상권,분식전문점,3,0,1,33,50.0,4.23,-45.77
상계역,골목상권,분식전문점,12,0,0,0,0.0,5.67,5.67
상계제일중학교,골목상권,분식전문점,1,0,0,0,0.0,3.83,3.83
상계초등학교,골목상권,분식전문점,8,1,1,13,0.0,5.74,5.74
상도4동주민센터,골목상권,분식전문점,1,0,0,0,0.0,3.76,3.76
상도역 1번,골목상권,분식전문점,5,3,2,40,25.0,7.04,-17.96
상도역 2번,골목상권,분식전문점,4,0,0,0,0.0,4.71,4.71
상도역 5번,골목상권,분식전문점,10,1,1,10,0.0,5.84,5.84
상도초등학교,골목상권,분식전문점,2,0,0,0,0.0,4.21,4.21
상봉역 3번,골목상권,분식전문점,8,0,0,0,0.0,5.3,5.3
상봉역 4번,골목상권,분식전문점,6,0,0,0,20.0,5.03,-14.97
상봉역 7번,골목상권,분식전문점,1,0,0,0,0.0,3.76,3.76
상수역 4번,골목상권,분식전문점,3,0,0,0,0.0,4.46,4.46
상신초등학교입구,골목상권,분식전문점,3,0,0,0,0.0,4.46,4.46
상왕십리역 3번,골목상권,분식전문점,6,0,1,17,0.0,4.92,4.92
상왕십리역 6번,골목상권,분식전문점,3,0,0,0,0.0,4.46,4.46
상월곡역 1번,골목상권,분식전문점,9,0,1,11,0.0,5.32,5.32
상월곡역 3번,골목상권,분식전문점,2,0,0,0,0.0,4.21,4.21
상일여고(상일초등학교),골목상권,분식전문점,15,0,0,0,0.0,5.9,5.9
새남터성지,골목상권,분식전문점,3,0,0,0,0.0,4.46,4.46
새절역 2번,골목상권,분식전문점,1,0,0,0,0.0,3.76,3.76
새절역 3번,골목상권,분식전문점,7,1,0,0,14.0,5.75,-8.25
새터산,골목상권,분식전문점,1,0,0,0,0.0,3.76,3.76
샘말어린이공원,골목상권,분식전문점,3,0,0,0,0.0,4.46,4.46
샤로수길,골목상권,분식전문점,15,2,1,7,15.0,6.36,-8.64
서강대역 1번,골목상권,분식전문점,11,1,0,0,0.0,5.95,5.95
서강대학교,골목상권,분식전문점,3,0,0,0,0.0,4.53,4.53
서경대학교,골목상권,분식전문점,2,0,0,0,0.0,4.17,4.17
서대문구보건소별관,골목상권,분식전문점,3,0,0,0,0.0,4.46,4.46
서대문구청,골목상권,분식전문점,2,0,0,0,0.0,4.17,4.17
서대문소방서,골목상권,분식전문점,1,0,0,0,0.0,3.76,3.76
서대문우체국,골목상권,분식전문점,3,0,0,0,0.0,4.46,4.46
서문여고,골목상권,분식전문점,1,0,0,0,0.0,3.76,3.76
서빙고역 1번,골목상권,분식전문점,2,0,0,0,0.0,4.17,4.17
서서울호수공원,골목상권,분식전문점,3,0,0,0,0.0,4.46,4.46
서연중학교,골목상권,분식전문점,6,1,0,0,0.0,5.72,5.72
서울공연예술고등학교,골목상권,분식전문점,4,0,0,0,67.0,4.69,-62.31
서울과학기술대,골목상권,분식전문점,8,0,0,0,0.0,5.3,5.3
서울국제고등학교,골목상권,분식전문점,13,1,1,8,18.0,6.0,-12.0
서울금융고등학교,골목상권,분식전문점,1,0,0,0,0.0,3.83,3.83
서울대병원,골목상권,분식전문점,2,0,0,0,0.0,4.21,4.21
서울대입구역 8번,골목상권,분식전문점,8,1,0,0,0.0,5.82,5.82
서울독일학교,골목상권,분식전문점,1,0,0,0,0.0,3.76,3.76
서울북부고용노동지청,골목상권,분식전문점,1,0,0,0,0.0,3.76,3.76
서울산업정보학교(서울삼성초등학교),골목상권,분식전문점,1,0,0,0,0.0,3.76,3.76
서울서부지방법원,골목상권,분식전문점,5,0,0,0,0.0,4.93,4.93
서울숲역 1번,골목상권,분식전문점,4,0,0,0,0.0,4.69,4.69
서울숲카페거리,골목상권,분식전문점,4,0,0,0,0.0,4.69,4.69
서울시립대,골목상권,분식전문점,10,1,0,0,11.0,5.9,-5.1
서울여자간호대학교,골목상권,분식전문점,7,0,0,0,14.0,5.17,-8.83
서울역 12번,골목상권,분식전문점,6,0,1,17,17.0,4.92,-12.08
서울역 15번,골목상권,분식전문점,6,0,0,0,0.0,5.03,5.03
서울지방병무청,골목상권,분식전문점,2,0,0,0,0.0,4.21,4.21
서울축산농협 독산역지점(독산파출소),골목상권,분식전문점,2,0,0,0,0.0,4.17,4.17
서울프랑스학교,골목상권,분식전문점,1,0,0,0,0.0,3.76,3.76
서원동주민센터(신관중학교),골목상권,분식전문점,2,0,0,0,0.0,4.17,4.17
서일대학교,골목상권,분식전문점,10,1,0,0,22.0,5.9,-16.1
서초동성당,골목상권,분식전문점,3,0,0,0,0.0,4.46,4.46
서초중학교,골목상권,분식전문점,4,0,0,0,0.0,4.69,4.69
석계역 1번,골목상권,분식전문점,6,0,0,0,0.0,5.04,5.04
석계역 2번,골목상권,분식전문점,8,0,0,0,0.0,5.3,5.3
석계역 7번,골목상권,분식전문점,4,0,0,0,0.0,4.72,4.72
석관고등학교,골목상권,분식전문점,2,0,0,0,0.0,4.21,4.21
석관중앙교회,골목상권,분식전문점,4,0,1,25,0.0,4.51,4.51
석수역 1번 출입구,골목상권,분식전문점,4,0,0,0,0.0,4.72,4.72
석촌고분역 1번,골목상권,분식전문점,11,0,0,0,10.0,5.6,-4.4
석촌고분역 3번,골목상권,분식전문점,7,0,0,0,0.0,5.19,5.19
석촌고분역 4번,골목상권,분식전문점,2,0,0,0,0.0,4.17,4.17
석촌역 3번,골목상권,분식전문점,4,0,0,0,0.0,4.69,4.69
석촌역 6번,골목상권,분식전문점,3,0,1,33,0.0,4.23,4.23
석촌역 7번,골목상권,분식전문점,6,1,0,0,0.0,5.74,5.74
선유도역 1번,골목상권,분식전문점,12,1,0,0,20.0,6.0,-14.0
선유도역 6번,골목상권,분식전문점,2,0,0,0,0.0,4.17,4.17
선일여고,골목상권,분식전문점,5,0,0,0,67.0,4.9,-62.1
선정중학교,골목상권,분식전문점,2,0,0,0,0.0,4.21,4.21
성곡미술관,골목상권,분식전문점,2,0,0,0,0.0,4.17,4.17
성균관대학교,골목상권,분식전문점,2,0,1,50,0.0,3.81,3.81
성남고등학교,골목상권,분식전문점,4,0,0,0,0.0,4.69,4.69
성내중학교,골목상권,분식전문점,3,0,0,0,33.0,4.46,-28.54
성내천어린이공원(하니사랑길),골목상권,분식전문점,1,0,0,0,0.0,3.76,3.76
성동구보건소,골목상권,분식전문점,1,0,0,0,0.0,3.83,3.83
성동세무서,골목상권,분식전문점,1,0,0,0,0.0,3.76,3.76
성미산체육관,골목상권,분식전문점,4,0,0,0,0.0,4.69,4.69
성산중학교,골목상권,분식전문점,3,0,0,0,0.0,4.46,4.46
성서초등학교,골목상권,분식전문점,2,0,0,0,0.0,4.17,4.17
성수119안전센터,골목상권,분식전문점,3,1,1,33,0.0,5.56,5.56
성수1가1동주민센터,골목상권,분식전문점,2,0,0,0,0.0,4.17,4.17
성수2가3동주민센터,골목상권,분식전문점,2,2,0,0,100.0,8.22,-91.78
성수동카페거리,골목상권,분식전문점,14,0,0,0,0.0,5.82,5.82
성수초등학교,골목상권,분식전문점,5,0,0,0,0.0,4.88,4.88
성신여대운정그린캠퍼스,골목상권,분식전문점,5,0,0,0,0.0,4.89,4.89
성신여대입구역 1번,골목상권,분식전문점,6,0,0,0,0.0,5.04,5.04
성신여대입구역 4번,골목상권,분식전문점,4,0,0,0,0.0,4.69,4.69
성신여대입구역 7번,골목상권,분식전문점,3,0,0,0,0.0,4.49,4.49
성심여자고등학교,골목상권,분식전문점,4,0,0,0,0.0,4.72,4.72
성원어린이공원,골목상권,분식전문점,1,0,0,0,0.0,3.83,3.83
성원중학교,골목상권,분식전문점,10,0,0,0,0.0,5.49,5.49
성자초등학교,골목상권,분식전문점,5,0,0,0,25.0,4.9,-20.1
세검정,골목상권,분식전문점,3,0,0,0,0.0,4.46,4.46
세검정초등학교,골목상권,분식전문점,3,0,0,0,0.0,4.46,4.46
세곡초등학교,골목상권,분식전문점,10,0,0,0,0.0,5.51,5.51
세종대왕기념관교차로,골목상권,분식전문점,2,0,0,0,0.0,4.17,4.17
솔밭공원역 1번,골목상권,분식전문점,3,0,0,0,0.0,4.49,4.49
솔밭공원역 2번,골목상권,분식전문점,1,0,0,0,0.0,3.76,3.76
송정역 2번,골목상권,분식전문점,1,0,1,100,0.0,3.04,3.04
송정역 3번,골목상권,분식전문점,7,0,0,0,17.0,5.2,-11.8
송정체육공원,골목상권,분식전문점,5,0,0,0,0.0,4.88,4.88
송중동주민센터,골목상권,분식전문점,2,0,0,0,0.0,4.17,4.17
송중초등학교,골목상권,분식전문점,3,0,0,0,0.0,4.46,4.46
송천동주민센터,골목상권,분식전문점,1,0,0,0,0.0,3.76,3.76
송천초등학교,골목상권,분식전문점,3,0,0,0,0.0,4.46,4.46
송파나루역 1번(송리단길),골목상권,분식전문점,13,0,0,0,18.0,5.75,-12.25
송파나루역 2번,골목상권,분식전문점,4,0,0,0,0.0,4.72,4.72
송파역 2번,골목상권,분식전문점,2,0,0,0,0.0,4.17,4.17
송파책박물관,골목상권,분식전문점,1,0,0,0,0.0,3.76,3.76
수궁동주민센터,골목상권,분식전문점,6,0,0,0,0.0,5.04,5.04
수락산디자인거리,골목상권,분식전문점,10,1,0,0,0.0,5.92,5.92
수락산역 4번,골목상권,분식전문점,13,0,0,0,0.0,5.76,5.76
수색역 1번,골목상권,분식전문점,2,1,0,0,0.0,6.19,6.19
수송초등학교,골목상권,분식전문점,8,0,0,0,0.0,5.3,5.3
수유1동주민센터,골목상권,분식전문점,9,0,0,0,14.0,5.41,-8.59
수유동우체국,골목상권,분식전문점,1,1,0,0,0.0,7.81,7.81
수유북부시장옆,골목상권,분식전문점,2,0,1,50,0.0,3.81,3.81
수유역 2번,골목상권,분식전문점,8,0,1,13,11.0,5.22,-5.78
수유초등학교,골목상권,분식전문점,4,0,0,0,0.0,4.69,4.69
숙대입구,골목상권,분식전문점,43,1,2,5,5.0,6.97,1.97
숙대입구역 1번,골목상권,분식전문점,1,0,0,0,0.0,3.76,3.76
숭곡초등학교,골목상권,분식전문점,8,0,0,0,0.0,5.3,5.3
숭실대입구역 1번,골목상권,분식전문점,7,0,0,0,0.0,5.19,5.19
숭실대입구역 4번,골목상권,분식전문점,10,0,0,0,0.0,5.5,5.5
시립대앞사거리,골목상권,분식전문점,2,0,0,0,0.0,4.17,4.17
시립서북병원,골목상권,분식전문점,9,0,0,0,0.0,5.41,5.41
시흥4동주민센터(서울신흥초등학교),골목상권,분식전문점,5,0,0,0,25.0,4.88,-20.12
시흥동 은행나무사거리,골목상권,분식전문점,8,0,0,0,14.0,5.32,-8.68
시흥초등학교(시흥1동우체국),골목상권,분식전문점,6,0,1,17,20.0,4.92,-15.08
신곡초등학교,골목상권,분식전문점,3,0,0,0,33.0,4.46,-28.54
신금호역 4번,골목상권,분식전문점,3,0,0,0,0.0,4.46,4.46
신길2동우편취급국,골목상권,분식전문점,1,0,0,0,0.0,3.76,3.76
신길3동주민센터,골목상권,분식전문점,6,0,0,0,20.0,5.03,-14.97
신길대성유니드아파트,골목상권,분식전문점,1,0,0,0,0.0,3.76,3.76
신길동홍어거리,골목상권,분식전문점,2,0,0,0,0.0,4.24,4.24
신길새마을금고신길4동지점,골목상권,분식전문점,1,0,0,0,0.0,3.83,3.83
신길역 3번,골목상권,분식전문점,4,0,0,0,33.0,4.69,-28.31
신내1동주민센터,골목상권,분식전문점,13,1,0,0,0.0,6.08,6.08
신당역 3번,골목상권,분식전문점,4,0,0,0,0.0,4.69,4.69
신대방삼거리역 1번,골목상권,분식전문점,3,1,0,0,0.0,5.8,5.8
신대방삼거리역 3번,골목상권,분식전문점,1,0,0,0,0.0,3.76,3.76
신대방역 1번,골목상권,분식전문점,3,0,0,0,0.0,4.49,4.49
신대방역 2번,골목상권,분식전문점,8,0,0,0,0.0,5.3,5.3
신대방역 4번,골목상권,분식전문점,5,0,0,0,0.0,4.88,4.88
신림역 1번,골목상권,분식전문점,1,0,0,0,0.0,3.76,3.76
"신림역 5번(신림동주민센터, 신림동별빛거리)",골목상권,분식전문점,6,0,0,0,0.0,5.05,5.05
신림역 8번,골목상권,분식전문점,8,0,0,0,0.0,5.3,5.3
신림우방아파트,골목상권,분식전문점,1,0,0,0,0.0,3.76,3.76
신림주공2단지(광신고등학교),골목상권,분식전문점,1,0,0,0,0.0,3.76,3.76
신림현대아파트,골목상권,분식전문점,4,0,0,0,100.0,4.69,-95.31
신묵초등학교,골목상권,분식전문점,6,0,0,0,0.0,5.04,5.04
신방화역 2번,골목상권,분식전문점,8,0,2,25,0.0,5.12,5.12
신방화역 8번,골목상권,분식전문점,3,1,0,0,0.0,5.82,5.82
신사1동주민센터,골목상권,분식전문점,2,0,0,0,0.0,4.17,4.17
신사은행나무공원,골목상권,분식전문점,4,0,0,0,0.0,4.69,4.69
신서초등학교,골목상권,분식전문점,2,0,0,0,0.0,4.21,4.21
신설동역 12번,골목상권,분식전문점,4,0,0,0,0.0,4.69,4.69
신설동역 9번,골목상권,분식전문점,2,0,0,0,0.0,4.17,4.17
신성초등학교,골목상권,분식전문점,3,0,1,33,0.0,4.27,4.27
신수동주민센터,골목상권,분식전문점,6,0,0,0,20.0,5.03,-14.97
신원동주민센터,골목상권,분식전문점,6,0,0,0,0.0,5.05,5.05
신월1동우편취급국,골목상권,분식전문점,2,0,1,50,0.0,3.81,3.81
신월1동주민센터,골목상권,분식전문점,3,0,0,0,0.0,4.49,4.49
신월1파출소,골목상권,분식전문점,4,0,0,0,0.0,4.71,4.71
신월2동주민센터,골목상권,분식전문점,2,0,0,0,0.0,4.17,4.17
신월3동주민센터,골목상권,분식전문점,4,0,0,0,25.0,4.72,-20.28
신월4동주민센터,골목상권,분식전문점,3,0,0,0,0.0,4.51,4.51
신월7동주민센터,골목상권,분식전문점,1,0,0,0,0.0,3.76,3.76
신월문화체육센터,골목상권,분식전문점,10,0,0,0,0.0,5.5,5.5
신월중학교,골목상권,분식전문점,2,0,1,50,0.0,3.81,3.81
신자초등학교,골목상권,분식전문점,1,0,1,100,0.0,3.04,3.04
신정2동주민센터,골목상권,분식전문점,6,0,1,17,0.0,4.92,4.92
신정롯데캐슬아파트,골목상권,분식전문점,6,2,0,0,0.0,6.37,6.37
신정역 5번,골목상권,분식전문점,10,0,1,10,0.0,5.43,5.43
신중초등학교,골목상권,분식전문점,2,0,0,0,0.0,4.17,4.17
신진과학기술고등학교,골목상권,분식전문점,1,0,0,0,0.0,3.83,3.83
신창초등학교,골목상권,분식전문점,9,1,3,33,0.0,5.62,5.62
신촌역 6번,골목상권,분식전문점,1,0,0,0,0.0,3.83,3.83
신풍역 1번,골목상권,분식전문점,10,0,0,0,0.0,5.5,5.5
신풍역 3번,골목상권,분식전문점,1,0,0,0,0.0,3.76,3.76
신한은행 방학동지점,골목상권,분식전문점,1,0,0,0,0.0,3.76,3.76
신한은행 신월동지점,골목상권,분식전문점,7,0,0,0,17.0,5.2,-11.8
싸리고개근린공원,골목상권,분식전문점,26,0,0,0,0.0,6.4,6.4
쌍문2동우체국,골목상권,분식전문점,7,1,0,0,17.0,5.73,-11.27
쌍문역1번(쌍리단길),골목상권,분식전문점,7,0,0,0,0.0,5.19,5.19
쌍문초등학교,골목상권,분식전문점,4,0,0,0,33.0,4.69,-28.31
아래방죽마을공원(율현초등학교),골목상권,분식전문점,2,0,0,0,0.0,4.17,4.17
아차산역 1번,골목상권,분식전문점,4,0,0,0,0.0,4.69,4.69
아현역 1번,골목상권,분식전문점,3,1,0,0,50.0,5.8,-44.2
아현역 2번,골목상권,분식전문점,6,0,0,0,0.0,5.04,5.04
안암역 2번,골목상권,분식전문점,6,1,0,0,0.0,5.74,5.74
안암역 3번,골목상권,분식전문점,19,0,0,0,5.0,6.12,1.12
암사동성당(효정하나플러스아파트),골목상권,분식전문점,4,0,0,0,0.0,4.69,4.69
암사역 1번,골목상권,분식전문점,4,0,0,0,0.0,4.69,4.69
암사역 2번(서울강동초등학교),골목상권,분식전문점,10,0,0,0,11.0,5.5,-5.5
암사역 3번(천호동자전거거리),골목상권,분식전문점,6,0,1,17,0.0,4.96,4.96
애오개역 3번,골목상권,분식전문점,2,0,0,0,0.0,4.17,4.17
약수역 7번,골목상권,분식전문점,2,0,0,0,0.0,4.17,4.17
양목초등학교,골목상권,분식전문점,2,0,0,0,0.0,4.17,4.17
양재역 8번(양재동우체국),골목상권,분식전문점,4,0,0,0,0.0,4.69,4.69
양지어린이공원,골목상권,분식전문점,7,0,0,0,0.0,5.19,5.19
양천향교역 2번,골목상권,분식전문점,1,0,0,0,0.0,3.76,3.76
양천향교역 5번,골목상권,분식전문점,2,0,0,0,0.0,4.21,4.21
양천향교역 7번,골목상권,분식전문점,9,0,1,11,0.0,5.35,5.35
양평역 2번,골목상권,분식전문점,9,1,0,0,0.0,5.85,5.85
양화초등학교,골목상권,분식전문점,1,0,0,0,0.0,3.76,3.76
어린이대공원역 3번,골목상권,분식전문점,5,0,0,0,0.0,4.89,4.89
어린이대공원역 4번,골목상권,분식전문점,5,0,0,0,0.0,4.88,4.88
언북초등학교,골목상권,분식전문점,1,0,0,0,0.0,3.76,3.76
언주역 3번,골목상권,분식전문점,5,0,0,0,0.0,4.88,4.88
역삼역 4번,골목상권,분식전문점,3,0,0,0,0.0,4.49,4.49
역삼역 8번,골목상권,분식전문점,1,1,1,100,0.0,7.09,7.09
역삼월드메르디앙아파트,골목상권,분식전문점,1,0,0,0,0.0,3.76,3.76
역촌노인복지관,골목상권,분식전문점,8,0,0,0,0.0,5.3,5.3
역촌역 2번,골목상권,분식전문점,1,0,0,0,0.0,3.76,3.76
역촌역 3번,골목상권,분식전문점,3,0,0,0,0.0,4.46,4.46
연가초등학교,골목상권,분식전문점,1,0,0,0,0.0,3.76,3.76
연신내역 2번,골목상권,분식전문점,2,0,0,0,0.0,4.17,4.17
연신내역 3번,골목상권,분식전문점,3,0,0,0,0.0,4.46,4.46
연신내역 4번,골목상권,분식전문점,6,0,0,0,20.0,5.05,-14.95
연신내역 5번,골목상권,분식전문점,2,0,0,0,0.0,4.17,4.17
연신내역 7번,골목상권,분식전문점,6,2,0,0,0.0,6.39,6.39
연신내우체국,골목상권,분식전문점,3,0,0,0,50.0,4.46,-45.54
연신초등학교,골목상권,분식전문점,1,0,0,0,0.0,3.76,3.76
연천초등학교,골목상권,분식전문점,2,0,0,0,0.0,4.17,4.17
연트럴파크(연남동주민센터),골목상권,분식전문점,8,0,0,0,0.0,5.29,5.29
연희대우아파트앞,골목상권,분식전문점,6,0,0,0,0.0,5.05,5.05
연희세브란스병원,골목상권,분식전문점,2,0,0,0,0.0,4.17,4.17
연희어린이공원,골목상권,분식전문점,1,0,0,0,0.0,3.76,3.76
연희임광아파트,골목상권,분식전문점,3,0,0,0,0.0,4.49,4.49
연희초등학교,골목상권,분식전문점,4,0,0,0,0.0,4.69,4.69
연희파출소,골목상권,분식전문점,1,0,0,0,0.0,3.76,3.76
염곡동 구룡사(포이동성당),골목상권,분식전문점,3,0,0,0,0.0,4.46,4.46
염창역 2번,골목상권,분식전문점,1,0,0,0,0.0,3.76,3.76
영동초등학교,골목상권,분식전문점,2,0,0,0,0.0,4.17,4.17
영등포구청역 2번,골목상권,분식전문점,1,0,0,0,0.0,3.76,3.76
영등포구청역 6번,골목상권,분식전문점,3,0,0,0,0.0,4.46,4.46
영등포시장역 1번,골목상권,분식전문점,1,0,0,0,0.0,3.76,3.76
영등포시장역 3번,골목상권,분식전문점,1,0,0,0,0.0,3.83,3.83
영등포역 2번,골목상권,분식전문점,5,0,0,0,0.0,4.9,4.9
영등포푸르지오아파트,골목상권,분식전문점,5,1,0,0,0.0,5.7,5.7
영락고등학교,골목상권,분식전문점,5,0,0,0,0.0,4.89,4.89
영서중학교,골목상권,분식전문점,3,0,0,0,0.0,4.49,4.49
영신여고,골목상권,분식전문점,6,0,0,0,17.0,5.04,-11.96
영신초등학교,골목상권,분식전문점,5,0,0,0,0.0,4.89,4.89
영천시장입구,골목상권,분식전문점,2,0,0,0,0.0,4.17,4.17
오금공원(오주중학교),골목상권,분식전문점,3,0,0,0,50.0,4.46,-45.54
오금역 4번,골목상권,분식전문점,2,0,0,0,0.0,4.17,4.17
오동나무공원(송파레미니스1단지),골목상권,분식전문점,1,0,0,0,0.0,3.76,3.76
오류2동버들시장,골목상권,분식전문점,17,0,1,6,0.0,5.95,5.95
오류고등학교,골목상권,분식전문점,1,0,0,0,0.0,3.83,3.83
오류동역 3번,골목상권,분식전문점,2,0,0,0,0.0,4.17,4.17
오류지구대,골목상권,분식전문점,5,0,0,0,0.0,4.89,4.89
오산고등학교,골목상권,분식전문점,3,0,1,33,0.0,4.23,4.23
옥수역 6번,골목상권,분식전문점,10,0,0,0,0.0,5.52,5.52
온수역 1번,골목상권,분식전문점,2,0,0,0,0.0,4.17,4.17
온수역 5번(온수산업단지),골목상권,분식전문점,1,1,1,100,0.0,7.09,7.09
왕십리역 9번,골목상권,분식전문점,2,0,0,0,0.0,4.17,4.17
외대앞역 1번,골목상권,분식전문점,16,0,0,0,0.0,5.96,5.96
외대앞역 2번,골목상권,분식전문점,1,0,0,0,0.0,3.76,3.76
용강동주민센터,골목상권,분식전문점,3,0,0,0,0.0,4.49,4.49
용두동신동아아파트,골목상권,분식전문점,1,0,1,100,0.0,3.04,3.04
용두사거리,골목상권,분식전문점,2,0,0,0,0.0,4.21,4.21
용마문화복지센터,골목상권,분식전문점,2,0,0,0,0.0,4.17,4.17
용마초등학교,골목상권,분식전문점,5,0,1,20,25.0,4.74,-20.26
용산구청,골목상권,분식전문점,3,0,0,0,0.0,4.46,4.46
우리은행응암동지점,골목상권,분식전문점,2,0,0,0,50.0,4.21,-45.79
우리은행체육관,골목상권,분식전문점,1,0,0,0,0.0,3.76,3.76
우면주공아파트,골목상권,분식전문점,7,1,0,0,0.0,5.76,5.76
우사단길,골목상권,분식전문점,3,0,2,67,0.0,3.98,3.98
우이천 계성교,골목상권,분식전문점,2,0,0,0,0.0,4.21,4.21
우장산역 1번,골목상권,분식전문점,9,0,0,0,0.0,5.41,5.41
우장산역 4번,골목상권,분식전문점,13,0,0,0,0.0,5.74,5.74
우장산힐스테이트,골목상권,분식전문점,3,0,1,33,0.0,4.23,4.23
원신초등학교(구세군관악영문교회),골목상권,분식전문점,2,0,0,0,0.0,4.17,4.17
월계역 3번,골목상권,분식전문점,3,0,0,0,0.0,4.49,4.49
윗방죽마을공원,골목상권,분식전문점,2,0,0,0,0.0,4.21,4.21
은곡마을(은곡마을공원),골목상권,분식전문점,2,0,1,50,0.0,3.85,3.85
은광여고,골목상권,분식전문점,1,0,0,0,0.0,3.76,3.76
은천초등학교(은천교앞),골목상권,분식전문점,6,0,0,0,0.0,5.04,5.04
은평구청,골목상권,분식전문점,6,0,0,0,0.0,5.05,5.05
은평요양병원,골목상권,분식전문점,5,0,0,0,0.0,4.88,4.88
응봉산,골목상권,분식전문점,3,0,0,0,0.0,4.46,4.46
응암1동주민센터,골목상권,분식전문점,5,0,0,0,0.0,4.88,4.88
응암3동주민센터,골목상권,분식전문점,1,0,0,0,0.0,3.76,3.76
응암동우체국,골목상권,분식전문점,5,0,1,20,0.0,4.74,4.74
응암역 2번,골목상권,분식전문점,7,0,1,14,0.0,5.09,5.09
응암역 3번,골목상권,분식전문점,9,1,0,0,0.0,5.85,5.85
응암정보도서관,골목상권,분식전문점,4,0,0,0,0.0,4.71,4.71
의릉,골목상권,분식전문점,1,0,0,0,0.0,3.83,3.83
이대역 5번,골목상권,분식전문점,5,0,0,0,25.0,4.88,-20.12
이북5도청사,골목상권,분식전문점,2,0,0,0,0.0,4.17,4.17
이수역 10번,골목상권,분식전문점,1,1,1,100,0.0,7.16,7.16
이수역 5번,골목상권,분식전문점,1,0,0,0,0.0,3.76,3.76
이수역 9번,골목상권,분식전문점,4,0,0,0,33.0,4.69,-28.31
이촌동점보아파트,골목상권,분식전문점,3,0,0,0,50.0,4.49,-45.51
이태원엔틱가구거리,골목상권,분식전문점,4,0,0,0,0.0,4.69,4.69
이화달팽이길,골목상권,분식전문점,2,0,0,0,0.0,4.17,4.17
인수동 우편취급국,골목상권,분식전문점,3,0,0,0,33.0,4.49,-28.51
인헌고등학교(인헌중학교),골목상권,분식전문점,8,0,0,0,0.0,5.3,5.3
자양4동주민센터,골목상권,분식전문점,7,0,0,0,0.0,5.18,5.18
자양동우체국,골목상권,분식전문점,5,1,2,40,67.0,5.4,-61.6
자양한강도서관,골목상권,분식전문점,2,0,0,0,0.0,4.17,4.17
자하문터널,골목상권,분식전문점,1,0,0,0,0.0,3.76,3.76
잠실나루역,골목상권,분식전문점,5,0,0,0,0.0,4.88,4.88
잠원역,골목상권,분식전문점,4,1,0,0,0.0,5.7,5.7
장곡초등학교,골목상권,분식전문점,6,0,0,0,0.0,5.03,5.03
장로회신학대학교,골목상권,분식전문점,3,0,0,0,0.0,4.53,4.53
장스여성병원,골목상권,분식전문점,4,0,0,0,0.0,4.69,4.69
장승배기역 4번,골목상권,분식전문점,4,0,0,0,0.0,4.69,4.69
장안1동주민센터,골목상권,분식전문점,13,0,1,8,0.0,5.69,5.69
장안근린공원,골목상권,분식전문점,9,0,1,11,13.0,5.31,-7.69
장안제일시장,골목상권,분식전문점,3,0,0,0,0.0,4.49,4.49
장안중학교,골목상권,분식전문점,3,0,0,0,0.0,4.46,4.46
장안현대홈타운1차아파트,골목상권,분식전문점,1,0,2,100,0.0,3.04,3.04
장위1동주민센터,골목상권,분식전문점,1,0,0,0,0.0,3.76,3.76
장지동주민센터(한림연예예술고교),골목상권,분식전문점,5,0,0,0,0.0,4.88,4.88
장충단 고개,골목상권,분식전문점,2,0,0,0,0.0,4.17,4.17
장충동주민센터,골목상권,분식전문점,1,0,0,0,0.0,3.76,3.76
장충초등학교,골목상권,분식전문점,5,0,0,0,0.0,4.89,4.89
장평중학교,골목상권,분식전문점,8,0,1,13,0.0,5.21,5.21
장훈고등학교,골목상권,분식전문점,3,0,1,33,0.0,4.27,4.27
전곡마을마당공원,골목상권,분식전문점,5,0,0,0,0.0,4.89,4.89
전농1동주민센터(전농시장),골목상권,분식전문점,1,0,0,0,0.0,3.76,3.76
전농중학교,골목상권,분식전문점,9,1,1,11,0.0,5.78,5.78
절두산순교성지,골목상권,분식전문점,1,0,0,0,0.0,3.76,3.76
정독도서관,골목상권,분식전문점,2,0,0,0,0.0,4.17,4.17
정릉3동주민센터,골목상권,분식전문점,1,0,0,0,0.0,3.76,3.76
정릉북한산국립공원입구,골목상권,분식전문점,1,0,0,0,0.0,3.76,3.76
정릉역 1번,골목상권,분식전문점,5,0,0,0,0.0,4.88,4.88
정릉역 2번,골목상권,분식전문점,1,0,0,0,0.0,3.76,3.76
정릉우체국,골목상권,분식전문점,5,0,0,0,0.0,4.88,4.88
제기동역 1번,골목상권,분식전문점,1,0,0,0,0.0,3.83,3.83
제기동역 6번,골목상권,분식전문점,5,0,0,0,0.0,4.88,4.88
조원동주민센터,골목상권,분식전문점,1,0,0,0,0.0,3.76,3.76
종암경찰서,골목상권,분식전문점,8,0,0,0,0.0,5.3,5.3
종암동주민센터,골목상권,분식전문점,7,0,0,0,0.0,5.17,5.17
종암아이파크2차,골목상권,분식전문점,6,1,2,33,20.0,5.5,-14.5
종암중학교,골목상권,분식전문점,1,1,0,0,0.0,7.81,7.81
중계초등학교,골목상권,분식전문점,1,0,1,100,0.0,3.04,3.04
중곡1동 마을마당,골목상권,분식전문점,3,0,0,0,0.0,4.46,4.46
중곡3동주민센터,골목상권,분식전문점,2,0,3,100,0.0,3.49,3.49
중곡역 3번,골목상권,분식전문점,3,0,0,0,0.0,4.51,4.51
중곡초등학교,골목상권,분식전문점,6,0,0,0,0.0,5.04,5.04
중구회현체육센터(정화예술대남산캠퍼스),골목상권,분식전문점,1,0,0,0,0.0,3.76,3.76
중랑노인종합복지관,골목상권,분식전문점,13,0,0,0,8.0,5.74,-2.26
중랑역 1번,골목상권,분식전문점,3,0,0,0,0.0,4.49,4.49
중랑역 4번,골목상권,분식전문점,2,0,1,50,0.0,3.85,3.85
중앙고등학교,골목상권,분식전문점,2,0,0,0,0.0,4.17,4.17
중앙대학교,골목상권,분식전문점,13,0,0,0,0.0,5.75,5.75
중화역 1번,골목상권,분식전문점,5,1,0,0,0.0,5.68,5.68
중화역 4번,골목상권,분식전문점,5,0,0,0,0.0,4.92,4.92
증산역 1번,골목상권,분식전문점,2,0,0,0,0.0,4.17,4.17
증산역 3번,골목상권,분식전문점,4,0,0,0,0.0,4.71,4.71
증산역 4번,골목상권,분식전문점,3,0,0,0,0.0,4.46,4.46
지향초등학교,골목상권,분식전문점,2,0,0,0,0.0,4.21,4.21
창2동주민센터,골목상권,분식전문점,2,0,0,0,0.0,4.21,4.21
창동역 2번,골목상권,분식전문점,5,1,0,0,0.0,5.7,5.7
창신1동주민센터,골목상권,분식전문점,4,0,0,0,0.0,4.69,4.69
창신역 4번,골목상권,분식전문점,2,0,0,0,0.0,4.17,4.17
천일초등학교,골목상권,분식전문점,1,0,0,0,0.0,3.76,3.76
천호1동주민센터,골목상권,분식전문점,4,0,0,0,0.0,4.72,4.72
천호공원(해공체육문화센터),골목상권,분식전문점,6,0,0,0,0.0,5.04,5.04
천호역 1번(천호문구완구거리),골목상권,분식전문점,2,0,0,0,0.0,4.17,4.17
천호역 6번,골목상권,분식전문점,3,0,0,0,0.0,4.46,4.46
천호지구대(천호동자전거거리),골목상권,분식전문점,1,1,0,0,0.0,7.81,7.81
천호초등학교,골목상권,분식전문점,1,0,0,0,100.0,3.76,-96.24
천호태영아파트,골목상권,분식전문점,1,0,0,0,0.0,3.76,3.76
청계산원터골,골목상권,분식전문점,3,0,0,0,0.0,4.46,4.46
청구역 1번,골목상권,분식전문점,2,0,0,0,0.0,4.17,4.17
청구역 3번,골목상권,분식전문점,1,0,0,0,0.0,3.76,3.76
청담역 3번,골목상권,분식전문점,1,0,0,0,0.0,3.76,3.76
청담초등학교,골목상권,분식전문점,1,0,0,0,0.0,3.76,3.76
청량초등학교,골목상권,분식전문점,2,0,1,50,0.0,3.81,3.81
청룡동주민센터,골목상권,분식전문점,3,0,0,0,0.0,4.46,4.46
촬영소사거리,골목상권,분식전문점,3,0,0,0,0.0,4.46,4.46
충무초등학교,골목상권,분식전문점,7,1,0,0,17.0,5.74,-11.26
충정로역 6번,골목상권,분식전문점,2,0,0,0,0.0,4.17,4.17
충정로현대아파트,골목상권,분식전문점,3,1,0,0,100.0,5.8,-94.2
큰굴다리,골목상권,분식전문점,1,0,0,0,0.0,3.83,3.83
태릉시장 특화거리,골목상권,분식전문점,2,0,0,0,0.0,4.17,4.17
태릉입구역 4번,골목상권,분식전문점,5,1,0,0,0.0,5.68,5.68
텃골근린공원,골목상권,분식전문점,2,0,0,0,0.0,4.21,4.21
투구봉어린이공원,골목상권,분식전문점,1,0,0,0,0.0,3.76,3.76
평창동서측,골목상권,분식전문점,6,0,0,0,0.0,5.07,5.07
포이초등학교(개포목련어린이공원),골목상권,분식전문점,2,0,0,0,0.0,4.17,4.17
푸른동산공원,골목상권,분식전문점,3,0,0,0,0.0,4.49,4.49
푸른들청소년도서관,골목상권,분식전문점,7,0,0,0,13.0,5.2,-7.8
하나은행 망우동지점,골목상권,분식전문점,1,0,0,0,0.0,3.76,3.76
학동근린공원,골목상권,분식전문점,1,0,0,0,0.0,3.76,3.76
한강로동땡땡거리(은행나무길),골목상권,분식전문점,4,0,0,0,0.0,4.71,4.71
한강미주맨션아파트,골목상권,분식전문점,2,0,0,0,0.0,4.21,4.21
한강진역 3번,골목상권,분식전문점,2,0,0,0,0.0,4.21,4.21
한국SGI본부,골목상권,분식전문점,3,0,0,0,50.0,4.46,-45.54
한국의류시험연구원,골목상권,분식전문점,2,0,0,0,0.0,4.17,4.17
한국폴리텍대학서울정수캠퍼스,골목상권,분식전문점,3,0,0,0,0.0,4.49,4.49
한남IC,골목상권,분식전문점,1,0,0,0,0.0,3.76,3.76
한림대학교한강성심병원,골목상권,분식전문점,1,0,0,0,0.0,3.83,3.83
한성대입구역 3번,골목상권,분식전문점,14,1,0,0,8.0,6.1,-1.9
한성대입구역 5번,골목상권,분식전문점,3,0,0,0,50.0,4.49,-45.51
한성백제역 3번,골목상권,분식전문점,3,0,0,0,0.0,4.46,4.46
한양공고앞 교차로,골목상권,분식전문점,1,0,0,0,0.0,3.76,3.76
한양대역 4번,골목상권,분식전문점,3,0,0,0,0.0,4.46,4.46
한영중고,골목상권,분식전문점,6,0,0,0,20.0,5.05,-14.95
한울중학교,골목상권,분식전문점,6,0,0,0,0.0,5.03,5.03
한일병원,골목상권,분식전문점,2,0,0,0,0.0,4.21,4.21
한전아트센터,골목상권,분식전문점,2,1,0,0,0.0,6.19,6.19
합정역 8번,골목상권,분식전문점,7,0,1,14,17.0,5.07,-11.93
해방촌 남동측,골목상권,분식전문점,7,0,1,14,17.0,5.08,-11.92
해방촌예술마을,골목상권,분식전문점,2,0,0,0,0.0,4.17,4.17
해오름공원,골목상권,분식전문점,7,0,0,0,0.0,5.17,5.17
행당역 2번,골목상권,분식전문점,3,0,0,0,50.0,4.51,-45.49
혜원여고,골목상권,분식전문점,4,0,0,0,0.0,4.69,4.69
혜화동주민센터,골목상권,분식전문점,1,0,0,0,0.0,3.76,3.76
혜화역 1번,골목상권,분식전문점,3,0,0,0,0.0,4.46,4.46
호림박물관(성보고등학교),골목상권,분식전문점,2,0,0,0,100.0,4.24,-95.76
홍대땡땡거리,골목상권,분식전문점,4,0,0,0,33.0,4.71,-28.29
홍대부속여중고앞,골목상권,분식전문점,8,1,0,0,0.0,5.85,5.85
홍대부중,골목상권,분식전문점,1,0,0,0,0.0,3.76,3.76
홍대입구역 3번,골목상권,분식전문점,12,2,0,0,0.0,6.35,6.35
홍릉근린공원,골목상권,분식전문점,1,0,0,0,0.0,3.76,3.76
홍릉시장,골목상권,분식전문점,3,0,1,33,0.0,4.23,4.23
홍연시장,골목상권,분식전문점,1,0,0,0,0.0,3.76,3.76
홍은종합사회복지관,골목상권,분식전문점,4,0,1,25,0.0,4.53,4.53
홍익대,골목상권,분식전문점,1,0,0,0,0.0,3.76,3.76
홍제3동주민센터,골목상권,분식전문점,5,0,0,0,0.0,4.88,4.88
홍제역 2번,골목상권,분식전문점,3,0,0,0,0.0,4.46,4.46
홍제역 3번,골목상권,분식전문점,3,0,0,0,50.0,4.46,-45.54
홍제역 4번,골목상권,분식전문점,1,0,0,0,0.0,3.83,3.83
화계역 2번,골목상권,분식전문점,1,0,0,0,0.0,3.76,3.76
화계중학교,골목상권,분식전문점,1,0,0,0,0.0,3.76,3.76
화곡2동주민센터,골목상권,분식전문점,15,0,0,0,7.0,5.87,-1.13
화곡4동주민센터,골목상권,분식전문점,10,0,1,10,0.0,5.42,5.42
화곡보람2차아파트,골목상권,분식전문점,1,0,0,0,0.0,3.76,3.76
화곡역 2번,골목상권,분식전문점,3,2,0,0,0.0,7.17,7.17
화곡역 4번,골목상권,분식전문점,14,0,0,0,0.0,5.81,5.81
화곡역 5번,골목상권,분식전문점,10,0,1,10,0.0,5.43,5.43
화곡초등학교,골목상권,분식전문점,3,0,1,33,0.0,4.25,4.25
화랑대역 7번,골목상권,분식전문점,6,0,0,0,0.0,5.05,5.05
화랑대철도공원,골목상권,분식전문점,5,0,0,0,0.0,4.9,4.9
화양사거리,골목상권,분식전문점,8,1,0,0,14.0,5.84,-8.16
화원어린이공원,골목상권,분식전문점,4,0,0,0,0.0,4.72,4.72
화원중학교,골목상권,분식전문점,4,0,0,0,0.0,4.69,4.69
황학동벼룩시장,골목상권,분식전문점,1,0,0,0,0.0,3.76,3.76
황학코아루아파트,골목상권,분식전문점,3,0,0,0,0.0,4.53,4.53
회기역 2번,골목상권,분식전문점,1,0,0,0,0.0,3.76,3.76
효문고등학교,골목상권,분식전문점,1,0,0,0,0.0,3.76,3.76
효창공원앞역 2번,골목상권,분식전문점,6,1,0,0,0.0,5.73,5.73
효창공원앞역 5번,골목상권,분식전문점,3,0,0,0,0.0,4.46,4.46
효창공원앞역 6번,골목상권,분식전문점,1,0,1,100,0.0,3.04,3.04
효창동주민센터,골목상권,분식전문점,2,1,1,50,0.0,5.87,5.87
후암동주민센터,골목상권,분식전문점,8,0,0,0,0.0,5.31,5.31
흑리단길,골목상권,분식전문점,7,0,1,14,0.0,5.09,5.09
4.19민주묘지역 2번,골목상권,양식음식점,2,0,0,0,0.0,4.07,4.07
G타워,골목상권,양식음식점,3,0,0,0,0.0,4.35,4.35
KB국민은행 망원동지점,골목상권,양식음식점,1,0,0,0,0.0,3.69,3.69
KB국민은행 서강지점,골목상권,양식음식점,1,0,0,0,0.0,3.63,3.63
KB국민은행 중화동지점,골목상권,양식음식점,1,0,0,0,0.0,3.69,3.69
KTNG 북부지사,골목상권,양식음식점,1,0,0,0,0.0,3.63,3.63
KT금천빌딩(금천구시설관리공단),골목상권,양식음식점,1,0,0,0,0.0,3.63,3.63
KT대방빌딩,골목상권,양식음식점,1,0,0,0,0.0,3.63,3.63
NH농협은행 보광동지점,골목상권,양식음식점,1,0,0,0,0.0,3.63,3.63
가리봉파출소,골목상권,양식음식점,1,0,0,0,0.0,3.63,3.63
가산동우체국,골목상권,양식음식점,4,0,0,0,33.0,4.56,-28.44
가산디지털단지역 1번 출입구,골목상권,양식음식점,1,0,0,0,0.0,3.63,3.63
가산초등학교(세일중학교),골목상권,양식음식점,3,0,0,0,50.0,4.33,-45.67
가인초등학교,골목상권,양식음식점,2,0,0,0,0.0,4.04,4.04
가좌역 2번,골목상권,양식음식점,1,0,0,0,0.0,3.63,3.63
간데메공원,골목상권,양식음식점,1,1,1,100,0.0,6.95,6.95
갈현건영아파트,골목상권,양식음식점,4,0,0,0,0.0,4.56,4.56
강남구청역 2번,골목상권,양식음식점,2,0,0,0,0.0,4.04,4.04
강남구청역 4번,골목상권,양식음식점,2,0,0,0,0.0,4.04,4.04
강동구립 천호도서관,골목상권,양식음식점,3,0,0,0,0.0,4.33,4.33
강동구립성내도서관,골목상권,양식음식점,2,0,0,0,0.0,4.04,4.04
강동구청(강동구청역 2번),골목상권,양식음식점,2,0,0,0,0.0,4.04,4.04
강동역 4번(강풀만화거리),골목상권,양식음식점,7,0,0,0,0.0,5.04,5.04
강북구청,골목상권,양식음식점,4,0,0,0,0.0,4.56,4.56
강북중학교,골목상권,양식음식점,2,0,0,0,50.0,4.04,-45.96
강서고등학교,골목상권,양식음식점,1,0,0,0,0.0,3.63,3.63
강서구청옆,골목상권,양식음식점,1,0,0,0,0.0,3.63,3.63
강서새말어린이공원,골목상권,양식음식점,1,0,0,0,0.0,3.63,3.63
강일동주민센터,골목상권,양식음식점,4,0,0,0,33.0,4.57,-28.43
개봉역,골목상권,양식음식점,2,0,0,0,0.0,4.07,4.07
개봉중학교,골목상권,양식음식점,1,0,0,0,0.0,3.63,3.63
개포고등학교,골목상권,양식음식점,3,0,0,0,0.0,4.33,4.33
거여역 1번(거여공원),골목상권,양식음식점,1,0,0,0,0.0,3.63,3.63
건대입구역 1번,골목상권,양식음식점,3,0,0,0,0.0,4.33,4.33
건대입구역 6번,골목상권,양식음식점,3,0,0,0,100.0,4.33,-95.67
경동고등학교,골목상권,양식음식점,1,0,0,0,0.0,3.63,3.63
경리단길남측,골목상권,양식음식점,32,2,1,3,3.0,6.69,3.69
경리단길북측,골목상권,양식음식점,41,1,0,0,0.0,6.8,6.8
경문고등학교(동작동성당),골목상권,양식음식점,1,1,0,0,0.0,7.67,7.67
경성고등학교,골목상권,양식음식점,11,2,1,9,0.0,6.12,6.12
경수초등학교,골목상권,양식음식점,33,1,2,6,3.0,6.58,3.58
경신고등학교,골목상권,양식음식점,2,0,0,0,0.0,4.04,4.04
경의선책거리,골목상권,양식음식점,17,0,0,0,0.0,5.86,5.86
경의중앙 신촌역,골목상권,양식음식점,3,0,1,33,0.0,4.14,4.14
경찰병원역 3번,골목상권,양식음식점,1,0,0,0,0.0,3.63,3.63
경춘선숲길 우측,골목상권,양식음식점,8,0,0,0,14.0,5.16,-8.84
경향신문사,골목상권,양식음식점,2,0,0,0,0.0,4.04,4.04
경희대삼거리,골목상권,양식음식점,7,0,0,0,0.0,5.03,5.03
경희대후문,골목상권,양식음식점,5,0,0,0,0.0,4.74,4.74
고대앞사거리,골목상권,양식음식점,3,0,0,0,0.0,4.33,4.33
고덕동성당,골목상권,양식음식점,1,0,0,0,0.0,3.63,3.63
고덕중학교(고덕2동주민센터),골목상권,양식음식점,2,0,0,0,100.0,4.04,-95.96
고려대역 4번,골목상권,양식음식점,1,0,0,0,0.0,3.63,3.63
고려대역 6번,골목상권,양식음식점,4,0,0,0,0.0,4.56,4.56
고척동성당,골목상권,양식음식점,2,1,0,0,0.0,6.06,6.06
고척중학교,골목상권,양식음식점,1,0,0,0,0.0,3.63,3.63
고척초등학교,골목상권,양식음식점,1,0,0,0,0.0,3.69,3.69
곰달래도서관,골목상권,양식음식점,1,0,0,0,0.0,3.63,3.63
공군호텔,골목상권,양식음식점,2,0,0,0,0.0,4.07,4.07
공덕동주민센터,골목상권,양식음식점,2,0,0,0,0.0,4.04,4.04
공덕래미안3차아파트,골목상권,양식음식점,2,0,0,0,0.0,4.04,4.04
공릉동 국수거리,골목상권,양식음식점,8,3,1,13,0.0,6.6,6.6
공릉역 2번,골목상권,양식음식점,9,0,0,0,13.0,5.26,-7.74
공항시장역 1번,골목상권,양식음식점,1,0,0,0,0.0,3.63,3.63
공항시장역 3번,골목상권,양식음식점,1,0,0,0,0.0,3.63,3.63
관성묘,골목상권,양식음식점,1,0,0,0,0.0,3.63,3.63
관악구 중앙길,골목상권,양식음식점,6,1,0,0,75.0,5.6,-69.4
관악구신사동주민센터,골목상권,양식음식점,2,0,1,50,0.0,3.68,3.68
관악동부센트레빌아파트(은천로35라길),골목상권,양식음식점,1,0,0,0,0.0,3.63,3.63
광나루역 1번,골목상권,양식음식점,1,0,0,0,0.0,3.63,3.63
광산사거리,골목상권,양식음식점,4,1,0,0,0.0,5.57,5.57
광운대역 1번,골목상권,양식음식점,5,0,0,0,0.0,4.74,4.74
광운대학교 남단,골목상권,양식음식점,1,0,1,100,0.0,2.91,2.91
광진구청,골목상권,양식음식점,3,0,0,0,0.0,4.33,4.33
광진정말공원,골목상권,양식음식점,2,0,1,50,100.0,3.71,-96.29
광진정보도서관,골목상권,양식음식점,6,0,0,0,0.0,4.91,4.91
구로4동주민센터,골목상권,양식음식점,1,0,0,0,0.0,3.63,3.63
구로나눔길,골목상권,양식음식점,1,0,0,0,0.0,3.63,3.63
구로디지털단지역 4번,골목상권,양식음식점,2,0,0,0,0.0,4.07,4.07
구로보건소,골목상권,양식음식점,1,0,0,0,0.0,3.63,3.63
구로창업지원센터,골목상권,양식음식점,2,1,0,0,0.0,6.06,6.06
구립대학경로당(관악산샘말공원),골목상권,양식음식점,6,1,0,0,20.0,5.61,-14.39
구반포역,골목상권,양식음식점,2,0,0,0,0.0,4.04,4.04
구산보건지소,골목상권,양식음식점,5,2,0,0,0.0,6.36,6.36
구산역 1번,골목상권,양식음식점,4,0,0,0,0.0,4.57,4.57
구산역 2번,골목상권,양식음식점,1,1,0,0,0.0,7.67,7.67
구암초등학교,골목상권,양식음식점,2,0,0,0,0.0,4.04,4.04
구의1동주민센터,골목상권,양식음식점,2,0,0,0,0.0,4.04,4.04
구의역 4번,골목상권,양식음식점,6,0,0,0,0.0,4.9,4.9
국기원,골목상권,양식음식점,2,0,0,0,0.0,4.04,4.04
국립4.19민주묘지,골목상권,양식음식점,1,0,0,0,0.0,3.63,3.63
국립국악고등학교,골목상권,양식음식점,1,0,0,0,0.0,3.63,3.63
국립정신건강센터,골목상권,양식음식점,1,0,0,0,0.0,3.63,3.63
국민은행방학지점,골목상권,양식음식점,1,0,0,0,0.0,3.63,3.63
국악고교사거리,골목상권,양식음식점,1,0,0,0,0.0,3.63,3.63
군자역 4번,골목상권,양식음식점,4,0,0,0,0.0,4.56,4.56
군자역 5번,골목상권,양식음식점,3,1,0,0,0.0,5.67,5.67
굽은다리역 1번(십자성마을),골목상권,양식음식점,4,0,0,0,0.0,4.57,4.57
굽은다리역 3번,골목상권,양식음식점,3,0,0,0,0.0,4.33,4.33
굽은다리역 4번,골목상권,양식음식점,2,0,0,0,0.0,4.04,4.04
금동어린이공원,골목상권,양식음식점,4,0,0,0,0.0,4.56,4.56
금산초등학교(금천고등학교),골목상권,양식음식점,2,0,0,0,0.0,4.07,4.07
금천구청역 1번 출입구,골목상권,양식음식점,2,0,0,0,0.0,4.04,4.04
금천어울림복지센터,골목상권,양식음식점,1,0,0,0,0.0,3.69,3.69
금천파출소,골목상권,양식음식점,1,0,0,0,0.0,3.63,3.63
금천해태공원,골목상권,양식음식점,2,0,0,0,0.0,4.04,4.04
금호사거리,골목상권,양식음식점,1,0,0,0,0.0,3.63,3.63
금호삼성래미안아파트,골목상권,양식음식점,6,0,0,0,0.0,4.9,4.9
길동주민센터(강동도서관),골목상권,양식음식점,5,0,0,0,0.0,4.76,4.76
길상사,골목상권,양식음식점,2,0,0,0,0.0,4.04,4.04
길음역 7번,골목상권,양식음식점,2,0,0,0,0.0,4.04,4.04
까치산역 1번,골목상권,양식음식점,1,0,0,0,0.0,3.63,3.63
까치산역 3번,골목상권,양식음식점,2,0,0,0,0.0,4.04,4.04
낙성대역 1번(관악구민 종합체육센터),골목상권,양식음식점,2,1,0,0,0.0,6.06,6.06
낙성대역 5번(관악중학교),골목상권,양식음식점,1,0,0,0,0.0,3.63,3.63
난곡중학교,골목상권,양식음식점,2,0,0,0,0.0,4.04,4.04
난곡초등학교(난곡동벽화마을),골목상권,양식음식점,1,0,0,0,0.0,3.63,3.63
난우초등학교,골목상권,양식음식점,2,0,0,0,0.0,4.07,4.07
남가좌동현대아파트,골목상권,양식음식점,1,0,0,0,0.0,3.63,3.63
남구로역 2번,골목상권,양식음식점,3,1,1,33,0.0,5.43,5.43
남부터미널역 1번,골목상권,양식음식점,4,0,0,0,33.0,4.56,-28.44
남산케이블카,골목상권,양식음식점,9,0,0,0,13.0,5.26,-7.74
남영역 1번,골목상권,양식음식점,9,0,0,0,0.0,5.26,5.26
남정초등학교,골목상권,양식음식점,1,0,0,0,0.0,3.63,3.63
내를건너서숲으로도서관,골목상권,양식음식점,1,0,0,0,0.0,3.63,3.63
내방역 4번,골목상권,양식음식점,2,0,0,0,0.0,4.04,4.04
내방역 5번,골목상권,양식음식점,1,0,0,0,0.0,3.63,3.63
내방역 8번,골목상권,양식음식점,2,0,0,0,0.0,4.04,4.04
노량진역 6번,골목상권,양식음식점,2,0,6,100,0.0,3.32,3.32
논현2동주민센터,골목상권,양식음식점,12,0,0,0,0.0,5.53,5.53
논현로18길,골목상권,양식음식점,1,0,0,0,0.0,3.63,3.63
논현목련공원,골목상권,양식음식점,1,0,0,0,0.0,3.63,3.63
논현초등학교,골목상권,양식음식점,6,0,0,0,20.0,4.92,-15.08
능동우편취급국,골목상권,양식음식점,2,0,0,0,0.0,4.04,4.04
답십리 장령당공원,골목상권,양식음식점,1,0,0,0,0.0,3.63,3.63
답십리공원,골목상권,양식음식점,1,0,0,0,0.0,3.63,3.63
답십리초등학교,골목상권,양식음식점,2,0,1,50,0.0,3.68,3.68
당곡중학교,골목상권,양식음식점,6,0,0,0,100.0,4.91,-95.09
당산역 8번,골목상권,양식음식점,1,1,0,0,0.0,7.67,7.67
대림썬프라자,골목상권,양식음식점,1,0,0,0,0.0,3.63,3.63
대신고등학교,골목상권,양식음식점,1,0,0,0,0.0,3.63,3.63
대왕초등학교(세곡동사거리서남측),골목상권,양식음식점,4,1,0,0,0.0,5.57,5.57
대진고등학교,골목상권,양식음식점,3,0,0,0,0.0,4.35,4.35
대청초등학교,골목상권,양식음식점,6,0,0,0,0.0,4.9,4.9
대치2동주민센터,골목상권,양식음식점,1,0,0,0,0.0,3.63,3.63
대치동아우편취급국,골목상권,양식음식점,5,0,0,0,0.0,4.74,4.74
대흥역 2번,골목상권,양식음식점,5,1,0,0,0.0,5.56,5.56
대흥역 3번,골목상권,양식음식점,17,0,0,0,6.0,5.86,-0.14
더케이호텔(양재리본타워2단지아파트),골목상권,양식음식점,1,0,0,0,0.0,3.63,3.63
덕성여대시반거리,골목상권,양식음식점,6,0,0,0,0.0,4.91,4.91
도곡2동주민센터(대치중학교),골목상권,양식음식점,3,0,0,0,0.0,4.33,4.33
도곡초등학교,골목상권,양식음식점,4,0,0,0,0.0,4.56,4.56
도림초등학교,골목상권,양식음식점,1,0,0,0,0.0,3.63,3.63
도봉구 정병원,골목상권,양식음식점,1,0,0,0,0.0,3.63,3.63
도봉구보건소,골목상권,양식음식점,2,0,0,0,0.0,4.04,4.04
도봉산역 1번,골목상권,양식음식점,1,0,0,0,0.0,3.63,3.63
도봉산입구,골목상권,양식음식점,1,0,0,0,0.0,3.63,3.63
도봉세무서,골목상권,양식음식점,1,0,0,0,0.0,3.63,3.63
도봉역 2번,골목상권,양식음식점,3,0,0,0,0.0,4.33,4.33
도봉우체국,골목상권,양식음식점,1,0,0,0,0.0,3.63,3.63
도산공원북측,골목상권,양식음식점,7,0,0,0,0.0,5.03,5.03
독산119안전센터,골목상권,양식음식점,3,0,0,0,0.0,4.33,4.33
독산동성당,골목상권,양식음식점,1,0,0,0,0.0,3.63,3.63
돈의문센트레빌아파트입구,골목상권,양식음식점,1,0,0,0,0.0,3.63,3.63
돌곶이역 8번,골목상권,양식음식점,6,0,0,0,0.0,4.9,4.9
동교초등학교,골목상권,양식음식점,6,0,0,0,0.0,4.9,4.9
동대문구청,골목상권,양식음식점,2,0,1,50,0.0,3.68,3.68
동대문역 1번,골목상권,양식음식점,3,0,0,0,0.0,4.33,4.33
동대문역 3번,골목상권,양식음식점,7,0,0,0,17.0,5.03,-11.97
동대문역사문화공원역 5번,골목상권,양식음식점,3,0,0,0,0.0,4.33,4.33
동대부고,골목상권,양식음식점,1,0,0,0,0.0,3.63,3.63
동묘앞역 2번,골목상권,양식음식점,2,0,0,0,0.0,4.04,4.04
동묘앞역 3번,골목상권,양식음식점,1,1,0,0,0.0,7.67,7.67
동의초등학교,골목상권,양식음식점,1,0,0,0,0.0,3.63,3.63
동일여자고등학교,골목상권,양식음식점,2,0,0,0,0.0,4.04,4.04
동작구자원봉사센터,골목상권,양식음식점,1,0,0,0,0.0,3.63,3.63
둔촌2동주민센터,골목상권,양식음식점,3,0,0,0,0.0,4.33,4.33
둔촌동역 1번(한산중학교),골목상권,양식음식점,7,0,0,0,0.0,5.03,5.03
둔촌동역 3번(성내3동주민센터),골목상권,양식음식점,4,0,0,0,0.0,4.56,4.56
둔촌동역 4번,골목상권,양식음식점,2,0,0,0,0.0,4.04,4.04
등촌1동주민센터,골목상권,양식음식점,6,0,0,0,0.0,4.9,4.9
등촌3동주민센터,골목상권,양식음식점,3,0,1,33,50.0,4.09,-45.91
뚝섬역교차로,골목상권,양식음식점,4,0,1,25,0.0,4.38,4.38
뚝섬유원지역 1번,골목상권,양식음식점,1,0,0,0,0.0,3.63,3.63
뜸부기어린이공원,골목상권,양식음식점,2,0,0,0,0.0,4.04,4.04
리움미술관,골목상권,양식음식점,8,0,0,0,0.0,5.15,5.15
마장역 3번,골목상권,양식음식점,1,0,0,0,0.0,3.63,3.63
마천역(마천초등학교),골목상권,양식음식점,4,0,0,0,0.0,4.56,4.56
마포FM,골목상권,양식음식점,2,1,1,50,0.0,5.7,5.7
마포경찰서,골목상권,양식음식점,3,0,0,0,0.0,4.33,4.33
마포구청역 1번,골목상권,양식음식점,2,0,1,50,0.0,3.71,3.71
마포구청역 4번,골목상권,양식음식점,1,0,0,0,0.0,3.63,3.63
마포구청역 7번,골목상권,양식음식점,2,0,0,0,0.0,4.04,4.04
마포역 4번,골목상권,양식음식점,5,0,0,0,0.0,4.74,4.74
만리재,골목상권,양식음식점,1,0,0,0,0.0,3.63,3.63
말미고개,골목상권,양식음식점,3,0,0,0,0.0,4.33,4.33
망리단길,골목상권,양식음식점,53,4,2,4,0.0,7.27,7.27
망우본동주민센터,골목상권,양식음식점,3,0,0,0,0.0,4.35,4.35
망우역 1번,골목상권,양식음식점,1,0,0,0,0.0,3.63,3.63
망우역 2번,골목상권,양식음식점,2,1,0,0,0.0,6.1,6.1
망원역 1번,골목상권,양식음식점,13,2,1,8,18.0,6.15,-11.85
매봉역 1번,골목상권,양식음식점,2,0,0,0,0.0,4.04,4.04
메가박스 상봉,골목상권,양식음식점,2,0,1,50,0.0,3.68,3.68
면동초등학교,골목상권,양식음식점,1,1,0,0,0.0,7.67,7.67
면목2동체육관,골목상권,양식음식점,2,0,0,0,0.0,4.04,4.04
면목5동주민센터,골목상권,양식음식점,2,0,0,0,0.0,4.04,4.04
면목동우체국,골목상권,양식음식점,2,0,0,0,0.0,4.04,4.04
면목역 2번,골목상권,양식음식점,1,0,0,0,0.0,3.63,3.63
면목역 3번,골목상권,양식음식점,2,1,1,50,100.0,5.7,-94.3
명지대학교,골목상권,양식음식점,7,0,1,14,17.0,4.93,-12.07
명지대학교교회,골목상권,양식음식점,9,0,0,0,0.0,5.28,5.28
모래내우체국,골목상권,양식음식점,3,0,0,0,0.0,4.35,4.35
목4동주민센터,골목상권,양식음식점,2,0,0,0,0.0,4.07,4.07
목동보건지소,골목상권,양식음식점,1,0,1,100,0.0,2.91,2.91
목동센트럴아이파크앞,골목상권,양식음식점,1,0,0,0,0.0,3.63,3.63
목동역 5번,골목상권,양식음식점,3,0,0,0,0.0,4.35,4.35
무너미어린이공원,골목상권,양식음식점,1,0,0,0,0.0,3.63,3.63
문래소공원,골목상권,양식음식점,2,0,0,0,0.0,4.04,4.04
문래예술촌(문래창작촌),골목상권,양식음식점,29,5,0,0,12.0,7.06,-4.94
문래중학교,골목상권,양식음식점,2,0,0,0,0.0,4.04,4.04
문정역 1번,골목상권,양식음식점,3,0,0,0,0.0,4.33,4.33
문정역 2번,골목상권,양식음식점,4,0,0,0,33.0,4.56,-28.44
문정초등학교,골목상권,양식음식점,1,0,0,0,0.0,3.63,3.63
미근동,골목상권,양식음식점,2,0,0,0,0.0,4.04,4.04
미성초등학교,골목상권,양식음식점,2,0,0,0,0.0,4.07,4.07
미아초등학교,골목상권,양식음식점,4,2,0,0,0.0,6.58,6.58
바우뫼공원,골목상권,양식음식점,3,0,0,0,0.0,4.35,4.35
반포4동주민센터(몽마르뜨공원),골목상권,양식음식점,4,0,1,25,0.0,4.38,4.38
발바닥공원,골목상권,양식음식점,1,0,0,0,0.0,3.63,3.63
발산역 5번,골목상권,양식음식점,3,1,0,0,0.0,5.67,5.67
방배노인종합복지관(이수중학교),골목상권,양식음식점,2,0,0,0,0.0,4.04,4.04
방배동사이길,골목상권,양식음식점,1,0,0,0,0.0,3.63,3.63
방배아이파크아파트,골목상권,양식음식점,1,1,0,0,0.0,7.67,7.67
방배역 3번,골목상권,양식음식점,1,0,0,0,0.0,3.63,3.63
방배초등학교,골목상권,양식음식점,3,0,0,0,0.0,4.33,4.33
방이동고분군(방산고등학교),골목상권,양식음식점,3,0,0,0,0.0,4.35,4.35
방이역 1번,골목상권,양식음식점,4,0,0,0,0.0,4.57,4.57
방이역 2번,골목상권,양식음식점,1,0,0,0,0.0,3.63,3.63
방이역 4번,골목상권,양식음식점,15,0,0,0,7.0,5.74,-1.26
방학1동주민센터,골목상권,양식음식점,1,0,0,0,0.0,3.63,3.63
방학역 2번,골목상권,양식음식점,2,0,0,0,0.0,4.04,4.04
방학중학교,골목상권,양식음식점,2,0,0,0,0.0,4.11,4.11
방화역 1번,골목상권,양식음식점,1,0,0,0,0.0,3.69,3.69
배문고등학교,골목상권,양식음식점,1,0,0,0,0.0,3.63,3.63
배화여자대학교(박노수미술관),골목상권,양식음식점,20,0,1,5,5.0,5.98,0.98
버티고개,골목상권,양식음식점,1,0,0,0,0.0,3.63,3.63
법제교육센터(버들어린이공원),골목상권,양식음식점,1,0,0,0,0.0,3.63,3.63
보라매동주민센터(당곡고등학교),골목상권,양식음식점,2,0,0,0,0.0,4.04,4.04
보라매역 2번,골목상권,양식음식점,3,0,0,0,33.0,4.33,-28.67
보문역 4번,골목상권,양식음식점,3,0,0,0,0.0,4.33,4.33
보문역 5번,골목상권,양식음식점,3,1,0,0,0.0,5.69,5.69
보인중학교,골목상권,양식음식점,2,0,0,0,0.0,4.11,4.11
봉원사,골목상권,양식음식점,1,0,0,0,0.0,3.63,3.63
봉은사역 4번,골목상권,양식음식점,1,0,0,0,0.0,3.63,3.63
봉천역 1번(관악초등학교),골목상권,양식음식점,1,0,0,0,0.0,3.63,3.63
봉천역 4번(봉천110안전센터),골목상권,양식음식점,1,0,0,0,0.0,3.63,3.63
부암동주민센터,골목상권,양식음식점,2,1,0,0,0.0,6.06,6.06
북가좌2동주민센터,골목상권,양식음식점,4,0,0,0,0.0,4.56,4.56
북가좌초등학교,골목상권,양식음식점,2,0,0,0,100.0,4.07,-95.93
북한산보국문역 1번,골목상권,양식음식점,1,0,0,0,0.0,3.63,3.63
북한산우이역 2번,골목상권,양식음식점,1,0,0,0,0.0,3.63,3.63
불광역 3번,골목상권,양식음식점,1,0,0,0,0.0,3.63,3.63
불광역 7번,골목상권,양식음식점,1,0,0,0,0.0,3.63,3.63
불광역 8번,골목상권,양식음식점,1,0,0,0,0.0,3.63,3.63
사가정역 1번,골목상권,양식음식점,2,1,0,0,0.0,6.06,6.06
사가정역 4번,골목상권,양식음식점,1,0,0,0,0.0,3.63,3.63
사근동살곶이상점가,골목상권,양식음식점,2,0,0,0,0.0,4.07,4.07
사당역 10번,골목상권,양식음식점,9,0,0,0,0.0,5.26,5.26
사당역 4번,골목상권,양식음식점,1,1,0,0,0.0,7.67,7.67
사당종합체육관,골목상권,양식음식점,1,0,0,0,0.0,3.63,3.63
삼각지역 14번,골목상권,양식음식점,3,1,0,0,0.0,5.67,5.67
삼각지역 3번,골목상권,양식음식점,6,1,0,0,0.0,5.59,5.59
삼광초등학교,골목상권,양식음식점,2,0,0,0,0.0,4.04,4.04
삼선동주민센터,골목상권,양식음식점,6,0,0,0,17.0,4.9,-12.1
삼성중앙역 5번,골목상권,양식음식점,6,0,0,0,0.0,4.9,4.9
삼육보건대학교,골목상권,양식음식점,3,0,0,0,50.0,4.33,-45.67
삼전역 1번,골목상권,양식음식점,6,1,0,0,0.0,5.59,5.59
삼전역 4번,골목상권,양식음식점,5,1,0,0,0.0,5.55,5.55
상계5동주민센터,골목상권,양식음식점,5,1,0,0,25.0,5.56,-19.44
상계역,골목상권,양식음식점,7,1,0,0,17.0,5.62,-11.38
상계초등학교,골목상권,양식음식점,3,0,0,0,50.0,4.35,-45.65
상도역 1번,골목상권,양식음식점,1,0,0,0,0.0,3.63,3.63
상도역 2번,골목상권,양식음식점,1,0,0,0,0.0,3.63,3.63
상도역 5번,골목상권,양식음식점,11,0,0,0,0.0,5.45,5.45
상도초등학교,골목상권,양식음식점,1,0,0,0,0.0,3.69,3.69
상봉역 3번,골목상권,양식음식점,4,0,0,0,0.0,4.56,4.56
상봉역 4번,골목상권,양식음식점,4,0,0,0,0.0,4.56,4.56
상봉역 7번,골목상권,양식음식점,1,0,0,0,0.0,3.63,3.63
상수역 3번,골목상권,양식음식점,2,0,0,0,0.0,4.04,4.04
상수역 4번,골목상권,양식음식점,6,0,0,0,0.0,4.9,4.9
상왕십리역 3번,골목상권,양식음식점,1,0,0,0,0.0,3.63,3.63
상왕십리역 6번,골목상권,양식음식점,2,1,0,0,100.0,6.13,-93.87
상월곡역 1번,골목상권,양식음식점,2,0,0,0,0.0,4.04,4.04
상일여고(상일초등학교),골목상권,양식음식점,6,1,0,0,0.0,5.6,5.6
새절역 3번,골목상권,양식음식점,3,0,0,0,0.0,4.35,4.35
새터산,골목상권,양식음식점,1,1,0,0,0.0,7.67,7.67
샤로수길,골목상권,양식음식점,42,2,3,7,10.0,6.9,-3.1
서강대역 1번,골목상권,양식음식점,13,0,0,0,27.0,5.6,-21.4
서대문우체국,골목상권,양식음식점,2,0,0,0,0.0,4.04,4.04
서래초등학교,골목상권,양식음식점,2,0,0,0,0.0,4.04,4.04
서연중학교,골목상권,양식음식점,2,0,0,0,0.0,4.04,4.04
서울과학기술대,골목상권,양식음식점,2,0,0,0,0.0,4.04,4.04
서울국제고등학교,골목상권,양식음식점,4,1,0,0,0.0,5.57,5.57
서울대병원,골목상권,양식음식점,1,0,0,0,0.0,3.63,3.63
서울대입구역 8번,골목상권,양식음식점,6,0,0,0,0.0,4.91,4.91
서울독일학교,골목상권,양식음식점,12,0,1,8,0.0,5.47,5.47
서울북부고용노동지청,골목상권,양식음식점,1,0,0,0,0.0,3.69,3.69
서울서부지방법원,골목상권,양식음식점,7,0,0,0,0.0,5.04,5.04
서울숲역 1번,골목상권,양식음식점,4,0,0,0,0.0,4.56,4.56
서울숲카페거리,골목상권,양식음식점,19,0,0,0,0.0,5.96,5.96
서울시립대,골목상권,양식음식점,3,0,0,0,0.0,4.33,4.33
서울여자간호대학교,골목상권,양식음식점,1,0,1,100,0.0,2.91,2.91
서울역 12번,골목상권,양식음식점,3,0,0,0,50.0,4.33,-45.67
서울역 15번,골목상권,양식음식점,7,0,0,0,0.0,5.03,5.03
서울지방병무청,골목상권,양식음식점,2,0,0,0,0.0,4.04,4.04
서울프랑스학교,골목상권,양식음식점,4,1,0,0,0.0,5.57,5.57
서일대학교,골목상권,양식음식점,3,1,0,0,0.0,5.67,5.67
서초동성당,골목상권,양식음식점,1,0,0,0,0.0,3.63,3.63
서초소방서,골목상권,양식음식점,1,0,0,0,0.0,3.63,3.63
서초우방유쉘아파트,골목상권,양식음식점,2,0,0,0,0.0,4.04,4.04
서초중학교,골목상권,양식음식점,1,0,0,0,0.0,3.63,3.63
석계역 1번,골목상권,양식음식점,2,0,0,0,0.0,4.04,4.04
석계역 2번,골목상권,양식음식점,2,0,0,0,0.0,4.04,4.04
석계역 7번,골목상권,양식음식점,4,0,0,0,0.0,4.56,4.56
석촌고분역 1번,골목상권,양식음식점,2,0,0,0,100.0,4.07,-95.93
석촌고분역 3번,골목상권,양식음식점,2,0,0,0,0.0,4.04,4.04
석촌고분역 4번,골목상권,양식음식점,2,0,0,0,0.0,4.04,4.04
석촌역 3번,골목상권,양식음식점,4,1,0,0,0.0,5.57,5.57
석촌역 6번,골목상권,양식음식점,5,0,1,20,0.0,4.61,4.61
석촌역 7번,골목상권,양식음식점,10,0,0,0,0.0,5.36,5.36
석촌중학교(방이육교),골목상권,양식음식점,2,0,0,0,100.0,4.04,-95.96
선유도역 1번,골목상권,양식음식점,14,1,0,0,0.0,5.96,5.96
선유도역 6번,골목상권,양식음식점,1,0,0,0,0.0,3.69,3.69
선정릉역 4번,골목상권,양식음식점,1,0,0,0,0.0,3.63,3.63
선정중학교,골목상권,양식음식점,1,0,0,0,0.0,3.63,3.63
성곡미술관,골목상권,양식음식점,10,0,0,0,0.0,5.36,5.36
성균관대학교,골목상권,양식음식점,11,1,2,18,9.0,5.69,-3.31
성내천어린이공원(하니사랑길),골목상권,양식음식점,4,0,0,0,0.0,4.56,4.56
성동세무서,골목상권,양식음식점,1,1,0,0,0.0,7.67,7.67
성미산체육관,골목상권,양식음식점,1,0,0,0,0.0,3.63,3.63
성북초등학교앞,골목상권,양식음식점,4,0,0,0,33.0,4.56,-28.44
성산중학교,골목상권,양식음식점,14,0,1,7,0.0,5.62,5.62
성서초등학교,골목상권,양식음식점,4,0,0,0,0.0,4.56,4.56
성수119안전센터,골목상권,양식음식점,4,0,1,25,0.0,4.38,4.38
성수1가1동주민센터,골목상권,양식음식점,3,0,0,0,0.0,4.33,4.33
성수2가3동주민센터,골목상권,양식음식점,9,0,0,0,13.0,5.26,-7.74
성수동카페거리,골목상권,양식음식점,33,0,2,6,7.0,6.46,-0.54
성수초등학교,골목상권,양식음식점,8,1,0,0,0.0,5.69,5.69
성신여대운정그린캠퍼스,골목상권,양식음식점,5,0,0,0,0.0,4.74,4.74
성신여대입구역 1번,골목상권,양식음식점,1,0,0,0,0.0,3.63,3.63
성신여대입구역 4번,골목상권,양식음식점,1,0,0,0,0.0,3.63,3.63
성신여대입구역 7번,골목상권,양식음식점,1,0,0,0,0.0,3.69,3.69
성심여자고등학교,골목상권,양식음식점,1,0,1,100,0.0,2.91,2.91
성원중학교,골목상권,양식음식점,12,1,0,0,0.0,5.85,5.85
성자초등학교,골목상권,양식음식점,2,0,0,0,0.0,4.04,4.04
세종대학교,골목상권,양식음식점,4,0,0,0,0.0,4.56,4.56
송정역 3번,골목상권,양식음식점,2,0,0,0,0.0,4.04,4.04
송정체육공원,골목상권,양식음식점,4,0,0,0,0.0,4.56,4.56
송중동주민센터,골목상권,양식음식점,1,0,0,0,0.0,3.63,3.63
송파나루역 1번(송리단길),골목상권,양식음식점,54,2,1,2,2.0,7.14,5.14
송파나루역 2번,골목상권,양식음식점,4,0,0,0,0.0,4.56,4.56
수궁동주민센터,골목상권,양식음식점,1,0,0,0,0.0,3.63,3.63
수락산디자인거리,골목상권,양식음식점,2,0,0,0,0.0,4.07,4.07
수락산역 4번,골목상권,양식음식점,4,0,0,0,0.0,4.57,4.57
수송초등학교,골목상권,양식음식점,2,0,0,0,0.0,4.04,4.04
수유1동주민센터,골목상권,양식음식점,1,0,0,0,0.0,3.63,3.63
수유초등학교,골목상권,양식음식점,7,2,0,0,100.0,6.23,-93.77
숙대입구,골목상권,양식음식점,26,1,0,0,4.0,6.44,2.44
숙대입구역 1번,골목상권,양식음식점,4,0,0,0,0.0,4.56,4.56
숭곡초등학교,골목상권,양식음식점,5,0,0,0,20.0,4.74,-15.26
숭실대입구역 1번,골목상권,양식음식점,2,0,0,0,0.0,4.04,4.04
숭실대입구역 4번,골목상권,양식음식점,13,0,0,0,0.0,5.62,5.62
시립서북병원,골목상권,양식음식점,3,0,1,33,25.0,4.14,-20.86
시흥초등학교(시흥1동우체국),골목상권,양식음식점,2,0,0,0,0.0,4.04,4.04
신광명마을,골목상권,양식음식점,1,0,0,0,0.0,3.63,3.63
신구중학교,골목상권,양식음식점,3,0,2,67,0.0,3.85,3.85
신금호역 4번,골목상권,양식음식점,2,0,0,0,0.0,4.07,4.07
신길2동우편취급국,골목상권,양식음식점,1,0,0,0,0.0,3.63,3.63
신길새마을금고신길4동지점,골목상권,양식음식점,1,0,0,0,0.0,3.63,3.63
신내1동주민센터,골목상권,양식음식점,5,0,0,0,20.0,4.76,-15.24
신내역 2번,골목상권,양식음식점,3,0,0,0,0.0,4.38,4.38
신당역 3번,골목상권,양식음식점,2,0,0,0,0.0,4.07,4.07
신대림초등학교,골목상권,양식음식점,1,0,0,0,0.0,3.63,3.63
신대방삼거리역 1번,골목상권,양식음식점,1,0,0,0,0.0,3.63,3.63
신대방삼거리역 3번,골목상권,양식음식점,1,0,0,0,0.0,3.63,3.63
신대방역 1번,골목상권,양식음식점,1,0,0,0,0.0,3.63,3.63
신대방역 2번,골목상권,양식음식점,3,0,0,0,0.0,4.33,4.33
신대방역 4번,골목상권,양식음식점,3,1,0,0,0.0,5.67,5.67
신림역 1번,골목상권,양식음식점,1,0,0,0,0.0,3.63,3.63
"신림역 5번(신림동주민센터, 신림동별빛거리)",골목상권,양식음식점,3,0,0,0,0.0,4.33,4.33
신묵초등학교,골목상권,양식음식점,1,0,0,0,0.0,3.69,3.69
신방화역 2번,골목상권,양식음식점,1,0,0,0,0.0,3.63,3.63
신사1동주민센터,골목상권,양식음식점,1,0,0,0,0.0,3.63,3.63
신사은행나무공원,골목상권,양식음식점,3,0,0,0,0.0,4.33,4.33
신설동역 12번,골목상권,양식음식점,1,0,0,0,0.0,3.63,3.63
신성초등학교,골목상권,양식음식점,1,0,0,0,0.0,3.63,3.63
신원동주민센터,골목상권,양식음식점,5,1,0,0,25.0,5.56,-19.44
신월3동주민센터,골목상권,양식음식점,1,0,0,0,0.0,3.63,3.63
신월7동주민센터,골목상권,양식음식점,1,0,0,0,0.0,3.63,3.63
신월문화체육센터,골목상권,양식음식점,2,0,0,0,0.0,4.04,4.04
신정2동주민센터,골목상권,양식음식점,6,0,0,0,17.0,4.9,-12.1
신정롯데캐슬아파트,골목상권,양식음식점,5,0,0,0,0.0,4.74,4.74
신정역 5번,골목상권,양식음식점,3,0,0,0,0.0,4.33,4.33
신중초등학교,골목상권,양식음식점,3,0,0,0,0.0,4.33,4.33
신창초등학교,골목상권,양식음식점,1,0,0,0,0.0,3.63,3.63
신풍역 1번,골목상권,양식음식점,2,0,0,0,0.0,4.04,4.04
신한은행 방학동지점,골목상권,양식음식점,1,0,0,0,0.0,3.63,3.63
신한은행 신월동지점,골목상권,양식음식점,2,0,0,0,0.0,4.04,4.04
쌍문2동우체국,골목상권,양식음식점,2,0,0,0,100.0,4.07,-95.93
쌍문역1번(쌍리단길),골목상권,양식음식점,2,0,0,0,0.0,4.04,4.04
아차산역 5번,골목상권,양식음식점,3,0,0,0,0.0,4.33,4.33
아카데미하우스,골목상권,양식음식점,2,0,0,0,0.0,4.04,4.04
아현역 2번,골목상권,양식음식점,1,0,0,0,0.0,3.63,3.63
아현역 4번,골목상권,양식음식점,1,0,0,0,0.0,3.63,3.63
안암역 2번,골목상권,양식음식점,10,0,0,0,0.0,5.37,5.37
안암역 3번,골목상권,양식음식점,8,0,0,0,50.0,5.16,-44.84
암사역 1번,골목상권,양식음식점,1,0,0,0,0.0,3.63,3.63
암사역 2번(서울강동초등학교),골목상권,양식음식점,3,0,1,33,0.0,4.09,4.09
암사역 3번(천호동자전거거리),골목상권,양식음식점,4,0,0,0,0.0,4.57,4.57
양목초등학교,골목상권,양식음식점,3,0,0,0,0.0,4.35,4.35
양재근린공원(양재2동주민센터),골목상권,양식음식점,1,0,0,0,0.0,3.63,3.63
양재역 8번(양재동우체국),골목상권,양식음식점,8,0,0,0,0.0,5.15,5.15
양지어린이공원,골목상권,양식음식점,2,0,0,0,0.0,4.04,4.04
양천향교역 2번,골목상권,양식음식점,1,1,0,0,0.0,7.67,7.67
양천향교역 5번,골목상권,양식음식점,2,1,0,0,100.0,6.06,-93.94
양천향교역 7번,골목상권,양식음식점,4,2,3,75,0.0,6.04,6.04
양화대교북단,골목상권,양식음식점,4,0,0,0,0.0,4.56,4.56
어린이대공원역 3번,골목상권,양식음식점,5,0,0,0,25.0,4.74,-20.26
어린이대공원역 4번,골목상권,양식음식점,2,0,0,0,0.0,4.04,4.04
언남고등학교,골목상권,양식음식점,1,0,0,0,0.0,3.63,3.63
언북중학교,골목상권,양식음식점,4,0,0,0,0.0,4.56,4.56
언북초등학교,골목상권,양식음식점,4,1,0,0,33.0,5.57,-27.43
언주역 3번,골목상권,양식음식점,6,0,0,0,20.0,4.92,-15.08
언주역 6번,골목상권,양식음식점,3,0,0,0,50.0,4.35,-45.65
언주역 8번,골목상권,양식음식점,1,0,0,0,0.0,3.63,3.63
언주중학교,골목상권,양식음식점,1,0,0,0,0.0,3.63,3.63
역삼역 4번,골목상권,양식음식점,1,0,0,0,0.0,3.69,3.69
역삼역 8번,골목상권,양식음식점,1,0,0,0,0.0,3.63,3.63
역삼월드메르디앙아파트,골목상권,양식음식점,6,0,0,0,20.0,4.9,-15.1
역촌노인복지관,골목상권,양식음식점,1,0,0,0,0.0,3.63,3.63
역촌역 2번,골목상권,양식음식점,1,0,0,0,0.0,3.63,3.63
역촌역 3번,골목상권,양식음식점,2,0,0,0,0.0,4.04,4.04
연가초등학교,골목상권,양식음식점,1,0,0,0,0.0,3.63,3.63
연산군묘,골목상권,양식음식점,1,0,0,0,0.0,3.63,3.63
연신내역 2번,골목상권,양식음식점,1,0,0,0,0.0,3.63,3.63
연신내역 3번,골목상권,양식음식점,2,0,0,0,50.0,4.04,-45.96
연신내역 4번,골목상권,양식음식점,5,0,2,40,0.0,4.45,4.45
연신내역 5번,골목상권,양식음식점,1,0,0,0,0.0,3.63,3.63
연신내역 7번,골목상권,양식음식점,6,0,0,0,0.0,4.92,4.92
연신초등학교,골목상권,양식음식점,2,0,0,0,0.0,4.04,4.04
연트럴파크(연남동주민센터),골목상권,양식음식점,13,1,1,8,8.0,5.87,-2.13
연희대우아파트앞,골목상권,양식음식점,6,0,0,0,0.0,4.9,4.9
연희세브란스병원,골목상권,양식음식점,3,0,0,0,0.0,4.33,4.33
연희지하차도,골목상권,양식음식점,1,0,0,0,0.0,3.63,3.63
연희초등학교,골목상권,양식음식점,3,0,0,0,0.0,4.33,4.33
연희파출소,골목상권,양식음식점,3,0,0,0,0.0,4.33,4.33
열정도,골목상권,양식음식점,1,0,0,0,0.0,3.63,3.63
염곡동 구룡사(포이동성당),골목상권,양식음식점,3,0,0,0,0.0,4.35,4.35
염리초등학교,골목상권,양식음식점,1,0,0,0,0.0,3.63,3.63
염창역 2번,골목상권,양식음식점,1,0,0,0,0.0,3.63,3.63
영동초등학교,골목상권,양식음식점,2,0,0,0,0.0,4.07,4.07
영등포구청역 2번,골목상권,양식음식점,5,0,0,0,0.0,4.74,4.74
영등포구청역 6번,골목상권,양식음식점,4,1,0,0,0.0,5.57,5.57
영등포시장역 1번,골목상권,양식음식점,1,0,0,0,0.0,3.69,3.69
영등포시장역 4번,골목상권,양식음식점,1,0,0,0,0.0,3.63,3.63
영등포역 2번,골목상권,양식음식점,2,1,0,0,0.0,6.06,6.06
영등포푸르지오아파트,골목상권,양식음식점,1,0,0,0,0.0,3.63,3.63
영락고등학교,골목상권,양식음식점,1,0,0,0,0.0,3.63,3.63
영신여고,골목상권,양식음식점,3,0,0,0,0.0,4.33,4.33
영신초등학교,골목상권,양식음식점,4,0,0,0,0.0,4.57,4.57
오거리공원,골목상권,양식음식점,3,0,0,0,0.0,4.33,4.33
오금공원(오주중학교),골목상권,양식음식점,1,0,0,0,0.0,3.63,3.63
오류2동버들시장,골목상권,양식음식점,2,0,1,50,50.0,3.71,-46.29
오류지구대,골목상권,양식음식점,1,0,0,0,0.0,3.63,3.63
오산고등학교,골목상권,양식음식점,1,0,0,0,0.0,3.63,3.63
옥수역 6번,골목상권,양식음식점,2,0,0,0,0.0,4.04,4.04
옥정중학교,골목상권,양식음식점,1,0,0,0,0.0,3.63,3.63
왕십리역 9번,골목상권,양식음식점,2,1,0,0,0.0,6.1,6.1
외대앞역 1번,골목상권,양식음식점,15,0,0,0,0.0,5.74,5.74
용강동주민센터,골목상권,양식음식점,1,0,0,0,0.0,3.63,3.63
용두동신동아아파트,골목상권,양식음식점,2,0,0,0,0.0,4.07,4.07
용마초등학교,골목상권,양식음식점,3,0,0,0,0.0,4.35,4.35
용산구청,골목상권,양식음식점,22,0,0,0,0.0,6.11,6.11
우리은행체육관,골목상권,양식음식점,1,0,0,0,0.0,3.63,3.63
우면주공아파트,골목상권,양식음식점,2,0,0,0,0.0,4.04,4.04
우사단길,골목상권,양식음식점,19,0,0,0,11.0,5.96,-5.04
우장산역 1번,골목상권,양식음식점,1,0,0,0,0.0,3.63,3.63
우장산역 4번,골목상권,양식음식점,1,0,0,0,0.0,3.69,3.69
우장산힐스테이트,골목상권,양식음식점,1,0,0,0,0.0,3.63,3.63
월계역 3번,골목상권,양식음식점,1,0,0,0,0.0,3.63,3.63
윗방죽마을공원,골목상권,양식음식점,1,0,0,0,0.0,3.63,3.63
유엔빌리지길,골목상권,양식음식점,3,0,1,33,0.0,4.09,4.09
은곡마을(은곡마을공원),골목상권,양식음식점,3,1,0,0,0.0,5.69,5.69
은광여고,골목상권,양식음식점,1,0,0,0,0.0,3.63,3.63
은천초등학교(은천교앞),골목상권,양식음식점,1,0,0,0,0.0,3.63,3.63
은평구청,골목상권,양식음식점,4,0,0,0,25.0,4.57,-20.43
은평세무서,골목상권,양식음식점,1,0,0,0,0.0,3.63,3.63
응봉산,골목상권,양식음식점,3,0,0,0,0.0,4.33,4.33
응암3동주민센터,골목상권,양식음식점,1,0,0,0,0.0,3.63,3.63
응암역 3번,골목상권,양식음식점,2,0,1,50,0.0,3.71,3.71
응암정보도서관,골목상권,양식음식점,3,0,1,33,0.0,4.09,4.09
이대역 5번,골목상권,양식음식점,1,0,0,0,0.0,3.63,3.63
이수역 10번,골목상권,양식음식점,1,0,0,0,0.0,3.63,3.63
이수역 5번,골목상권,양식음식점,3,0,0,0,0.0,4.33,4.33
이수역 9번,골목상권,양식음식점,1,1,1,100,0.0,6.95,6.95
이태원엔틱가구거리,골목상권,양식음식점,6,0,0,0,0.0,4.9,4.9
이태원역 북측,골목상권,양식음식점,4,0,0,0,25.0,4.56,-20.44
이화달팽이길,골목상권,양식음식점,1,0,0,0,0.0,3.63,3.63
인수동 우편취급국,골목상권,양식음식점,1,0,0,0,0.0,3.63,3.63
인헌고등학교(인헌중학교),골목상권,양식음식점,1,0,0,0,0.0,3.63,3.63
자동차부품상가,골목상권,양식음식점,1,0,0,0,0.0,3.63,3.63
자양4동주민센터,골목상권,양식음식점,3,0,0,0,0.0,4.33,4.33
자양동우체국,골목상권,양식음식점,1,0,0,0,0.0,3.63,3.63
자양한강도서관,골목상권,양식음식점,5,0,0,0,0.0,4.74,4.74
자하문터널,골목상권,양식음식점,7,0,0,0,0.0,5.03,5.03
잠원역,골목상권,양식음식점,1,1,0,0,0.0,7.67,7.67
장곡초등학교,골목상권,양식음식점,3,0,0,0,0.0,4.33,4.33
장로회신학대학교,골목상권,양식음식점,2,0,0,0,0.0,4.07,4.07
장승배기역 4번,골목상권,양식음식점,1,0,0,0,0.0,3.63,3.63
장안1동주민센터,골목상권,양식음식점,9,0,2,22,0.0,5.1,5.1
장안근린공원,골목상권,양식음식점,2,0,0,0,0.0,4.04,4.04
장안제일시장,골목상권,양식음식점,1,0,0,0,0.0,3.63,3.63
장지동주민센터(한림연예예술고교),골목상권,양식음식점,1,0,0,0,0.0,3.63,3.63
장충단 고개,골목상권,양식음식점,4,0,0,0,0.0,4.56,4.56
장충동주민센터,골목상권,양식음식점,2,0,1,50,0.0,3.68,3.68
장충초등학교,골목상권,양식음식점,2,0,0,0,0.0,4.04,4.04
장평중학교,골목상권,양식음식점,4,1,0,0,0.0,5.57,5.57
전곡마을마당공원,골목상권,양식음식점,1,0,0,0,0.0,3.69,3.69
전농119안전센터,골목상권,양식음식점,1,0,0,0,0.0,3.63,3.63
전농중학교,골목상권,양식음식점,1,0,0,0,0.0,3.63,3.63
절두산순교성지,골목상권,양식음식점,3,0,0,0,0.0,4.33,4.33
정릉역 1번,골목상권,양식음식점,1,0,0,0,0.0,3.63,3.63
제기동역 6번,골목상권,양식음식점,4,0,0,0,0.0,4.57,4.57
종암경찰서,골목상권,양식음식점,2,0,0,0,0.0,4.04,4.04
종암동주민센터,골목상권,양식음식점,2,0,0,0,0.0,4.04,4.04
종암아이파크2차,골목상권,양식음식점,2,0,0,0,0.0,4.07,4.07
중곡1동 마을마당,골목상권,양식음식점,9,2,0,0,0.0,6.16,6.16
중곡3동주민센터,골목상권,양식음식점,3,0,0,0,0.0,4.33,4.33
중곡어린이공원,골목상권,양식음식점,1,0,0,0,0.0,3.63,3.63
중곡역 3번,골목상권,양식음식점,2,0,0,0,0.0,4.04,4.04
중곡초등학교,골목상권,양식음식점,2,0,0,0,0.0,4.07,4.07
중랑노인종합복지관,골목상권,양식음식점,1,0,0,0,0.0,3.63,3.63
중랑역 1번,골목상권,양식음식점,1,0,0,0,0.0,3.63,3.63
중앙고등학교,골목상권,양식음식점,3,0,0,0,0.0,4.33,4.33
중앙대학교,골목상권,양식음식점,5,0,0,0,0.0,4.76,4.76
증산역 1번,골목상권,양식음식점,4,1,0,0,0.0,5.57,5.57
증산역 3번,골목상권,양식음식점,3,0,0,0,0.0,4.33,4.33
증산역 4번,골목상권,양식음식점,1,0,0,0,0.0,3.63,3.63
창덕궁,골목상권,양식음식점,16,0,1,6,0.0,5.76,5.76
창동역 2번,골목상권,양식음식점,3,0,0,0,0.0,4.33,4.33
창동중학교,골목상권,양식음식점,1,0,0,0,0.0,3.63,3.63
창신역 1번,골목상권,양식음식점,1,0,0,0,0.0,3.63,3.63
천일초등학교,골목상권,양식음식점,1,0,0,0,0.0,3.63,3.63
천호1동주민센터,골목상권,양식음식점,2,0,0,0,100.0,4.04,-95.96
천호공원(해공체육문화센터),골목상권,양식음식점,1,0,0,0,0.0,3.63,3.63
천호역 6번,골목상권,양식음식점,1,0,0,0,0.0,3.63,3.63
천호지구대(천호동자전거거리),골목상권,양식음식점,2,0,1,50,0.0,3.71,3.71
천호태영아파트,골목상권,양식음식점,3,0,0,0,0.0,4.38,4.38
청계산원터골,골목상권,양식음식점,1,0,0,0,0.0,3.63,3.63
청계산입구역 2번(내곡동주민센터),골목상권,양식음식점,1,0,0,0,0.0,3.63,3.63
청구역 1번,골목상권,양식음식점,3,0,0,0,50.0,4.33,-45.67
청구역 3번,골목상권,양식음식점,6,0,0,0,0.0,4.9,4.9
청담근린공원,골목상권,양식음식점,1,0,0,0,0.0,3.63,3.63
청담역 3번,골목상권,양식음식점,1,0,0,0,0.0,3.63,3.63
청담초등학교,골목상권,양식음식점,2,0,0,0,50.0,4.04,-45.96
청량초등학교,골목상권,양식음식점,2,0,0,0,0.0,4.04,4.04
청룡동주민센터,골목상권,양식음식점,3,0,0,0,0.0,4.35,4.35
청와대사랑채,골목상권,양식음식점,3,0,0,0,0.0,4.33,4.33
촬영소사거리,골목상권,양식음식점,2,0,0,0,0.0,4.07,4.07
충무초등학교,골목상권,양식음식점,4,2,0,0,0.0,6.61,6.61
충정로역 3번,골목상권,양식음식점,4,0,0,0,0.0,4.56,4.56
충정로현대아파트,골목상권,양식음식점,2,0,0,0,0.0,4.04,4.04
태릉입구역 4번,골목상권,양식음식점,1,0,0,0,0.0,3.63,3.63
텃골근린공원,골목상권,양식음식점,2,0,0,0,0.0,4.04,4.04
평창동동측,골목상권,양식음식점,1,0,0,0,0.0,3.63,3.63
평창동서측,골목상권,양식음식점,2,1,0,0,0.0,6.06,6.06
포이초등학교(개포목련어린이공원),골목상권,양식음식점,2,0,0,0,0.0,4.04,4.04
푸른들청소년도서관,골목상권,양식음식점,4,1,0,0,0.0,5.6,5.6
하나고등학교,골목상권,양식음식점,3,0,0,0,0.0,4.33,4.33
학동근린공원,골목상권,양식음식점,1,0,0,0,0.0,3.63,3.63
학동초등학교,골목상권,양식음식점,3,1,0,0,0.0,5.67,5.67
한강로동땡땡거리(은행나무길),골목상권,양식음식점,33,3,0,0,13.0,6.87,-6.13
한강미주맨션아파트,골목상권,양식음식점,4,1,0,0,0.0,5.57,5.57
한강진역 3번,골목상권,양식음식점,31,1,1,3,10.0,6.54,-3.46
한겨레신문사,골목상권,양식음식점,1,0,0,0,0.0,3.63,3.63
한국SGI본부,골목상권,양식음식점,3,0,0,0,0.0,4.33,4.33
한남IC,골목상권,양식음식점,4,0,0,0,0.0,4.56,4.56
한남힐사이드아파트,골목상권,양식음식점,3,0,0,0,0.0,4.33,4.33
한성대입구역 3번,골목상권,양식음식점,1,0,0,0,0.0,3.63,3.63
한성대입구역 5번,골목상권,양식음식점,3,0,0,0,0.0,4.33,4.33
한성백제역 3번,골목상권,양식음식점,10,0,0,0,0.0,5.38,5.38
한양대역 4번,골목상권,양식음식점,5,0,0,0,0.0,4.74,4.74
한영중고,골목상권,양식음식점,2,0,0,0,100.0,4.04,-95.96
합정역 8번,골목상권,양식음식점,17,0,2,12,0.0,5.77,5.77
해방촌 남동측,골목상권,양식음식점,47,0,1,2,2.0,6.84,4.84
해방촌예술마을,골목상권,양식음식점,13,0,1,8,0.0,5.54,5.54
행당역 2번,골목상권,양식음식점,4,0,0,0,0.0,4.57,4.57
혜화동주민센터,골목상권,양식음식점,1,0,0,0,0.0,3.63,3.63
혜화역 1번,골목상권,양식음식점,1,0,0,0,0.0,3.63,3.63
홍대땡땡거리,골목상권,양식음식점,18,1,0,0,5.0,6.15,1.15
홍대부중,골목상권,양식음식점,4,0,0,0,0.0,4.56,4.56
홍대입구역 3번,골목상권,양식음식점,25,2,0,0,4.0,6.56,2.56
홍릉시장,골목상권,양식음식점,1,0,0,0,0.0,3.63,3.63
홍연시장,골목상권,양식음식점,2,0,0,0,0.0,4.04,4.04
홍은종합사회복지관,골목상권,양식음식점,1,0,0,0,0.0,3.63,3.63
홍익대,골목상권,양식음식점,1,0,0,0,0.0,3.63,3.63
홍익지구대,골목상권,양식음식점,2,1,0,0,0.0,6.06,6.06
홍제3동주민센터,골목상권,양식음식점,2,0,0,0,0.0,4.04,4.04
홍제역 2번,골목상권,양식음식점,1,0,0,0,0.0,3.63,3.63
홍제역 3번,골목상권,양식음식점,1,0,0,0,0.0,3.63,3.63
홍제역 4번,골목상권,양식음식점,3,0,0,0,0.0,4.33,4.33
화곡2동주민센터,골목상권,양식음식점,2,1,0,0,0.0,6.06,6.06
화곡4동주민센터,골목상권,양식음식점,2,0,0,0,0.0,4.04,4.04
화곡역 2번,골목상권,양식음식점,2,1,0,0,100.0,6.06,-93.94
화곡역 4번,골목상권,양식음식점,4,0,0,0,0.0,4.56,4.56
화곡역 5번,골목상권,양식음식점,4,0,0,0,0.0,4.56,4.56
화곡초등학교,골목상권,양식음식점,3,0,0,0,0.0,4.33,4.33
화랑대철도공원,골목상권,양식음식점,4,0,0,0,0.0,4.56,4.56
화양사거리,골목상권,양식음식점,11,1,0,0,22.0,5.81,-16.19
회기역 1번,골목상권,양식음식점,3,0,0,0,0.0,4.33,4.33
회기역 2번,골목상권,양식음식점,1,0,0,0,0.0,3.63,3.63
효문고등학교,골목상권,양식음식점,1,0,0,0,0.0,3.63,3.63
효창공원앞역 2번,골목상권,양식음식점,3,0,0,0,0.0,4.33,4.33
효창공원앞역 5번,골목상권,양식음식점,5,0,0,0,0.0,4.74,4.74
효창공원앞역 6번,골목상권,양식음식점,3,0,0,0,0.0,4.33,4.33
효창동주민센터,골목상권,양식음식점,3,1,0,0,0.0,5.67,5.67
후암동주민센터,골목상권,양식음식점,15,0,1,7,0.0,5.69,5.69
흑리단길,골목상권,양식음식점,5,0,0,0,0.0,4.74,4.74
4.19민주묘지역 2번,골목상권,일식음식점,2,1,0,0,0.0,6.14,6.14
G타워,골목상권,일식음식점,5,0,0,0,0.0,4.88,4.88
KB국민은행 망원동지점,골목상권,일식음식점,2,0,0,0,0.0,4.12,4.12
KB국민은행 서강지점,골목상권,일식음식점,1,0,0,0,0.0,3.71,3.71
NH농협은행 보광동지점,골목상권,일식음식점,1,0,0,0,0.0,3.71,3.71
가리봉파출소,골목상권,일식음식점,1,0,0,0,0.0,3.71,3.71
가산동우체국,골목상권,일식음식점,1,0,0,0,0.0,3.71,3.71
가산동주민센터,골목상권,일식음식점,2,0,0,0,0.0,4.12,4.12
가산디지털단지역 1번 출입구,골목상권,일식음식점,2,0,0,0,0.0,4.12,4.12
가오리역 1번,골목상권,일식음식점,1,0,0,0,0.0,3.71,3.71
가인초등학교,골목상권,일식음식점,1,0,0,0,0.0,3.71,3.71
가좌역 2번,골목상권,일식음식점,2,0,0,0,0.0,4.12,4.12
간데메공원,골목상권,일식음식점,1,0,0,0,0.0,3.71,3.71
갈현건영아파트,골목상권,일식음식점,1,0,0,0,0.0,3.71,3.71
강남구청역 4번,골목상권,일식음식점,1,0,0,0,0.0,3.71,3.71
강남세브란스병원미래의학연구센터,골목상권,일식음식점,2,0,0,0,0.0,4.12,4.12
강동구립 천호도서관,골목상권,일식음식점,1,0,0,0,0.0,3.78,3.78
강동구립성내도서관,골목상권,일식음식점,1,0,0,0,0.0,3.71,3.71
강동구청(강동구청역 2번),골목상권,일식음식점,3,0,0,0,0.0,4.41,4.41
강동역 4번(강풀만화거리),골목상권,일식음식점,15,0,0,0,6.0,5.83,-0.17
강북구청,골목상권,일식음식점,3,0,0,0,0.0,4.41,4.41
강서고등학교,골목상권,일식음식점,3,0,0,0,0.0,4.41,4.41
강서구청옆,골목상권,일식음식점,1,0,0,0,0.0,3.71,3.71
개봉1동주민센터,골목상권,일식음식점,3,0,0,0,0.0,4.41,4.41
개봉역,골목상권,일식음식점,2,0,0,0,0.0,4.12,4.12
개봉중학교,골목상권,일식음식점,1,0,0,0,0.0,3.71,3.71
개봉초등학교,골목상권,일식음식점,1,0,0,0,0.0,3.71,3.71
개포고등학교,골목상권,일식음식점,2,0,0,0,0.0,4.12,4.12
거여역 1번(거여공원),골목상권,일식음식점,3,0,0,0,0.0,4.41,4.41
건대입구역 1번,골목상권,일식음식점,1,0,0,0,0.0,3.71,3.71
건대입구역 6번,골목상권,일식음식점,4,0,0,0,0.0,4.64,4.64
경동고등학교,골목상권,일식음식점,2,1,0,0,50.0,6.18,-43.82
경리단길남측,골목상권,일식음식점,1,0,1,100,0.0,2.99,2.99
경리단길북측,골목상권,일식음식점,5,0,0,0,25.0,4.82,-20.18
경문고등학교(동작동성당),골목상권,일식음식점,1,0,0,0,0.0,3.71,3.71
경복고등학교,골목상권,일식음식점,1,0,0,0,0.0,3.71,3.71
경성고등학교,골목상권,일식음식점,3,0,0,0,0.0,4.41,4.41
경수초등학교,골목상권,일식음식점,10,0,0,0,0.0,5.44,5.44
경의선책거리,골목상권,일식음식점,16,0,0,0,0.0,5.88,5.88
경의중앙 신촌역,골목상권,일식음식점,5,0,0,0,0.0,4.84,4.84
경찰병원역 4번(건너말공원),골목상권,일식음식점,1,0,0,0,0.0,3.71,3.71
경춘선숲길 우측,골목상권,일식음식점,7,0,0,0,0.0,5.12,5.12
경향신문사,골목상권,일식음식점,3,0,0,0,50.0,4.46,-45.54
경희대삼거리,골목상권,일식음식점,5,0,0,0,0.0,4.85,4.85
고대앞사거리,골목상권,일식음식점,1,0,0,0,0.0,3.71,3.71
고덕동성당,골목상권,일식음식점,4,0,0,0,0.0,4.65,4.65
고려대역 4번,골목상권,일식음식점,1,0,0,0,0.0,3.71,3.71
고려대역 6번,골목상권,일식음식점,4,0,0,0,0.0,4.67,4.67
고척동성당,골목상권,일식음식점,1,0,0,0,0.0,3.71,3.71
고척초등학교,골목상권,일식음식점,1,0,0,0,0.0,3.71,3.71
곰달래도서관,골목상권,일식음식점,1,0,0,0,0.0,3.71,3.71
공군호텔,골목상권,일식음식점,3,0,0,0,0.0,4.41,4.41
공덕동주민센터,골목상권,일식음식점,1,0,1,100,0.0,2.99,2.99
공덕래미안3차아파트,골목상권,일식음식점,1,0,0,0,0.0,3.71,3.71
공릉동 국수거리,골목상권,일식음식점,1,0,0,0,0.0,3.78,3.78
공릉역 2번,골목상권,일식음식점,3,0,0,0,0.0,4.41,4.41
관악구 중앙길,골목상권,일식음식점,8,1,0,0,0.0,5.76,5.76
관악구신사동주민센터,골목상권,일식음식점,4,0,0,0,0.0,4.65,4.65
관악우성아파트,골목상권,일식음식점,2,0,0,0,0.0,4.12,4.12
광나루역 1번,골목상권,일식음식점,1,0,0,0,0.0,3.71,3.71
광산사거리,골목상권,일식음식점,1,0,0,0,0.0,3.71,3.71
광운대역 1번,골목상권,일식음식점,3,0,0,0,50.0,4.41,-45.59
광운대학교 남단,골목상권,일식음식점,2,1,0,0,0.0,6.18,6.18
광진구청,골목상권,일식음식점,1,0,0,0,0.0,3.71,3.71
광진정보도서관,골목상권,일식음식점,3,0,0,0,0.0,4.41,4.41
광흥창역 6번,골목상권,일식음식점,1,0,0,0,0.0,3.71,3.71
구남초등학교,골목상권,일식음식점,2,0,0,0,0.0,4.12,4.12
구로구민회관,골목상권,일식음식점,1,0,0,0,0.0,3.71,3.71
구로나눔길,골목상권,일식음식점,5,0,0,0,0.0,4.82,4.82
구로디지털단지역 4번,골목상권,일식음식점,1,0,0,0,0.0,3.71,3.71
구로보건소,골목상권,일식음식점,1,0,0,0,0.0,3.71,3.71
구로세무서,골목상권,일식음식점,1,0,0,0,0.0,3.71,3.71
구로창업지원센터,골목상권,일식음식점,1,0,0,0,0.0,3.71,3.71
구립대학경로당(관악산샘말공원),골목상권,일식음식점,6,0,0,0,0.0,4.98,4.98
구반포역,골목상권,일식음식점,1,0,0,0,0.0,3.71,3.71
구산역 1번,골목상권,일식음식점,3,0,0,0,0.0,4.41,4.41
구산역 2번,골목상권,일식음식점,1,0,1,100,0.0,2.99,2.99
구산역 4번,골목상권,일식음식점,1,0,0,0,0.0,3.71,3.71
구의1동주민센터,골목상권,일식음식점,7,0,0,0,17.0,5.11,-11.89
구의역 4번,골목상권,일식음식점,1,0,0,0,0.0,3.71,3.71
국립국악고등학교,골목상권,일식음식점,1,0,0,0,0.0,3.71,3.71
국립정신건강센터,골목상권,일식음식점,3,0,0,0,0.0,4.46,4.46
국민대학교앞,골목상권,일식음식점,2,0,0,0,0.0,4.15,4.15
국악고교사거리,골목상권,일식음식점,1,0,0,0,0.0,3.71,3.71
국제신학대학원대학교(남서울중학교),골목상권,일식음식점,1,0,0,0,0.0,3.71,3.71
굽은다리역 1번(십자성마을),골목상권,일식음식점,1,0,0,0,0.0,3.71,3.71
굽은다리역 2번,골목상권,일식음식점,2,0,0,0,0.0,4.12,4.12
굽은다리역 3번,골목상권,일식음식점,1,0,1,100,0.0,2.99,2.99
굽은다리역 4번,골목상권,일식음식점,6,1,0,0,0.0,5.67,5.67
그라운드 고척,골목상권,일식음식점,5,0,0,0,0.0,4.85,4.85
금동어린이공원,골목상권,일식음식점,1,0,0,0,0.0,3.71,3.71
금천구립가산도서관,골목상권,일식음식점,1,0,0,0,0.0,3.71,3.71
금천구청역 1번 출입구,골목상권,일식음식점,2,0,0,0,0.0,4.12,4.12
금천금빛공원(은행나무사거리서측),골목상권,일식음식점,1,1,0,0,0.0,7.75,7.75
길동주민센터(강동도서관),골목상권,일식음식점,7,1,0,0,17.0,5.68,-11.32
길음역 7번,골목상권,일식음식점,1,0,0,0,0.0,3.71,3.71
길음역 8번,골목상권,일식음식점,3,0,0,0,50.0,4.41,-45.59
까치산역 1번,골목상권,일식음식점,3,0,0,0,0.0,4.43,4.43
까치산역 3번,골목상권,일식음식점,6,0,1,17,0.0,4.87,4.87
까치산역 4번,골목상권,일식음식점,3,0,0,0,0.0,4.41,4.41
낙성대역 1번(관악구민 종합체육센터),골목상권,일식음식점,3,0,0,0,0.0,4.41,4.41
난우중학교,골목상권,일식음식점,1,0,0,0,0.0,3.71,3.71
난우초등학교,골목상권,일식음식점,1,0,0,0,0.0,3.71,3.71
남가좌파출소,골목상권,일식음식점,1,0,0,0,0.0,3.71,3.71
남강고등학교(남강중학교),골목상권,일식음식점,2,0,0,0,0.0,4.12,4.12
남구로역 2번,골목상권,일식음식점,3,0,0,0,0.0,4.41,4.41
남구로역 5번,골목상권,일식음식점,2,0,0,0,0.0,4.15,4.15
남성역 1번,골목상권,일식음식점,1,0,0,0,0.0,3.71,3.71
남영역 1번,골목상권,일식음식점,1,0,0,0,0.0,3.71,3.71
내방역 4번,골목상권,일식음식점,1,0,0,0,0.0,3.71,3.71
노량진역 6번,골목상권,일식음식점,2,0,0,0,0.0,4.12,4.12
노원 을지대학교병원,골목상권,일식음식점,1,0,0,0,0.0,3.71,3.71
노원역 9번,골목상권,일식음식점,1,0,0,0,0.0,3.71,3.71
노원초등학교,골목상권,일식음식점,2,0,0,0,0.0,4.12,4.12
논현2동주민센터,골목상권,일식음식점,9,0,0,0,0.0,5.35,5.35
논현초등학교,골목상권,일식음식점,1,0,1,100,0.0,2.99,2.99
누원고등학교,골목상권,일식음식점,2,0,0,0,0.0,4.12,4.12
능동우편취급국,골목상권,일식음식점,1,0,0,0,0.0,3.71,3.71
답십리사거리,골목상권,일식음식점,1,0,0,0,0.0,3.71,3.71
답십리역 6번,골목상권,일식음식점,2,0,0,0,0.0,4.12,4.12
답십리초등학교,골목상권,일식음식점,1,0,0,0,0.0,3.78,3.78
당곡중학교,골목상권,일식음식점,2,0,0,0,0.0,4.15,4.15
당산역 8번,골목상권,일식음식점,1,0,0,0,0.0,3.71,3.71
대림1동주민센터,골목상권,일식음식점,1,0,0,0,0.0,3.71,3.71
대림역 5번,골목상권,일식음식점,1,0,0,0,0.0,3.71,3.71
대림한신아파트,골목상권,일식음식점,1,0,0,0,0.0,3.71,3.71
대원고등학교,골목상권,일식음식점,1,0,0,0,0.0,3.71,3.71
대진고등학교,골목상권,일식음식점,1,0,0,0,0.0,3.71,3.71
대청초등학교,골목상권,일식음식점,9,1,0,0,50.0,5.81,-44.19
대치2동주민센터,골목상권,일식음식점,1,0,0,0,0.0,3.71,3.71
대치동아우편취급국,골목상권,일식음식점,2,0,0,0,0.0,4.15,4.15
대흥역 2번,골목상권,일식음식점,4,0,0,0,0.0,4.64,4.64
대흥역 3번,골목상권,일식음식점,7,0,0,0,0.0,5.12,5.12
더케이호텔(양재리본타워2단지아파트),골목상권,일식음식점,1,0,0,0,0.0,3.71,3.71
덕성여대시반거리,골목상권,일식음식점,5,0,0,0,0.0,4.82,4.82
덕수교,골목상권,일식음식점,1,0,0,0,0.0,3.71,3.71
덕의초등학교,골목상권,일식음식점,2,0,1,50,0.0,3.76,3.76
도곡초등학교,골목상권,일식음식점,3,0,0,0,0.0,4.43,4.43
도봉구 정병원,골목상권,일식음식점,2,0,0,0,0.0,4.12,4.12
도봉구민회관,골목상권,일식음식점,1,0,0,0,0.0,3.71,3.71
도봉구보건소,골목상권,일식음식점,3,0,0,0,0.0,4.41,4.41
도봉산입구,골목상권,일식음식점,1,0,0,0,0.0,3.71,3.71
도봉역 2번,골목상권,일식음식점,4,0,0,0,0.0,4.64,4.64
도봉우체국,골목상권,일식음식점,1,0,0,0,0.0,3.71,3.71
도산공원북측,골목상권,일식음식점,3,0,0,0,0.0,4.41,4.41
독산119안전센터,골목상권,일식음식점,1,0,0,0,0.0,3.71,3.71
독산2동주민센터,골목상권,일식음식점,1,0,0,0,0.0,3.71,3.71
독산동성당,골목상권,일식음식점,4,0,0,0,0.0,4.64,4.64
독산역 1번 출입구,골목상권,일식음식점,1,0,0,0,0.0,3.71,3.71
돌곶이역 8번,골목상권,일식음식점,2,0,0,0,0.0,4.15,4.15
동교초등학교,골목상권,일식음식점,6,0,0,0,0.0,4.98,4.98
동대문구청,골목상권,일식음식점,3,0,0,0,0.0,4.41,4.41
동대문역사문화공원역 5번,골목상권,일식음식점,5,0,0,0,0.0,4.82,4.82
동대부고,골목상권,일식음식점,1,0,0,0,0.0,3.71,3.71
동대부여고,골목상권,일식음식점,2,0,0,0,0.0,4.12,4.12
동묘앞역 2번,골목상권,일식음식점,1,1,0,0,0.0,7.75,7.75
동일여자고등학교,골목상권,일식음식점,1,0,0,0,0.0,3.71,3.71
둔촌2동주민센터,골목상권,일식음식점,2,0,0,0,0.0,4.12,4.12
둔촌동역 3번(성내3동주민센터),골목상권,일식음식점,1,0,0,0,0.0,3.71,3.71
둔촌동역 4번,골목상권,일식음식점,2,0,0,0,0.0,4.12,4.12
등촌1동주민센터,골목상권,일식음식점,5,0,0,0,0.0,4.85,4.85
등촌3동주민센터,골목상권,일식음식점,3,0,1,33,50.0,4.2,-45.8
등촌역 7번,골목상권,일식음식점,1,0,0,0,0.0,3.71,3.71
떡전교사거리,골목상권,일식음식점,1,0,0,0,0.0,3.71,3.71
뚝섬역교차로,골목상권,일식음식점,4,0,0,0,0.0,4.64,4.64
리움미술관,골목상권,일식음식점,3,0,0,0,0.0,4.41,4.41
마장역 3번,골목상권,일식음식점,1,0,0,0,0.0,3.71,3.71
마천1치안센터,골목상권,일식음식점,1,0,0,0,0.0,3.71,3.71
마포FM,골목상권,일식음식점,1,0,0,0,0.0,3.71,3.71
마포구청역 1번,골목상권,일식음식점,5,0,0,0,0.0,4.85,4.85
마포구청역 4번,골목상권,일식음식점,1,0,0,0,0.0,3.71,3.71
마포구청역 7번,골목상권,일식음식점,1,0,0,0,0.0,3.71,3.71
마포역 4번,골목상권,일식음식점,1,0,0,0,0.0,3.71,3.71
만리재,골목상권,일식음식점,1,1,0,0,0.0,7.75,7.75
망리단길,골목상권,일식음식점,25,1,1,4,14.0,6.45,-7.55
망우본동주민센터,골목상권,일식음식점,4,0,0,0,0.0,4.64,4.64
망우역 1번,골목상권,일식음식점,2,0,0,0,0.0,4.12,4.12
망우역 2번,골목상권,일식음식점,1,0,0,0,0.0,3.71,3.71
망원나들목체육관,골목상권,일식음식점,1,0,0,0,0.0,3.71,3.71
망원역 1번,골목상권,일식음식점,2,0,0,0,0.0,4.12,4.12
먹골역 5번,골목상권,일식음식점,3,0,0,0,0.0,4.43,4.43
메가박스 상봉,골목상권,일식음식점,3,0,0,0,0.0,4.41,4.41
면동초등학교,골목상권,일식음식점,1,0,0,0,0.0,3.71,3.71
면목2동체육관,골목상권,일식음식점,2,0,0,0,0.0,4.12,4.12
면목동우체국,골목상권,일식음식점,1,0,0,0,0.0,3.78,3.78
면목역 2번,골목상권,일식음식점,2,0,0,0,0.0,4.12,4.12
면목역 3번,골목상권,일식음식점,1,0,0,0,0.0,3.71,3.71
명지대학교,골목상권,일식음식점,10,0,0,0,0.0,5.44,5.44
명지대학교교회,골목상권,일식음식점,9,0,1,11,13.0,5.27,-7.73
모래내우체국,골목상권,일식음식점,7,0,0,0,40.0,5.12,-34.88
목4동주민센터,골목상권,일식음식점,1,0,0,0,0.0,3.71,3.71
목동로데오거리,골목상권,일식음식점,2,0,0,0,0.0,4.15,4.15
목동보건지소,골목상권,일식음식점,2,0,0,0,0.0,4.15,4.15
목동역 5번,골목상권,일식음식점,1,0,0,0,0.0,3.71,3.71
묘곡초등학교(고덕아이파크아파트),골목상권,일식음식점,1,0,0,0,0.0,3.71,3.71
문래예술촌(문래창작촌),골목상권,일식음식점,24,0,2,8,0.0,6.21,6.21
문래중학교,골목상권,일식음식점,3,0,0,0,0.0,4.41,4.41
문정동성당,골목상권,일식음식점,1,0,0,0,0.0,3.78,3.78
문정역 1번,골목상권,일식음식점,1,0,0,0,0.0,3.71,3.71
문정역 2번,골목상권,일식음식점,1,0,0,0,0.0,3.71,3.71
문정초등학교,골목상권,일식음식점,3,0,0,0,0.0,4.41,4.41
문현중학교(장지역 1번),골목상권,일식음식점,1,0,0,0,0.0,3.71,3.71
미근동,골목상권,일식음식점,4,0,0,0,0.0,4.64,4.64
미성초등학교,골목상권,일식음식점,1,0,1,100,0.0,2.99,2.99
미아사거리역 3번,골목상권,일식음식점,2,0,0,0,0.0,4.12,4.12
미아초등학교,골목상권,일식음식점,1,0,0,0,0.0,3.71,3.71
바우뫼공원,골목상권,일식음식점,1,0,0,0,0.0,3.71,3.71
반포4동주민센터(몽마르뜨공원),골목상권,일식음식점,2,0,0,0,0.0,4.12,4.12
발바닥공원,골목상권,일식음식점,1,0,0,0,0.0,3.71,3.71
발산역 5번,골목상권,일식음식점,2,0,0,0,0.0,4.12,4.12
방배동사이길,골목상권,일식음식점,3,0,0,0,0.0,4.43,4.43
방배아이파크아파트,골목상권,일식음식점,3,0,0,0,0.0,4.41,4.41
방배역 3번,골목상권,일식음식점,1,0,0,0,0.0,3.71,3.71
방배초등학교,골목상권,일식음식점,1,0,0,0,0.0,3.71,3.71
방이역 1번,골목상권,일식음식점,3,0,0,0,0.0,4.41,4.41
방이역 4번,골목상권,일식음식점,8,0,0,0,0.0,5.26,5.26
방학1동주민센터,골목상권,일식음식점,1,0,1,100,0.0,2.99,2.99
방학역 2번,골목상권,일식음식점,4,0,0,0,0.0,4.64,4.64
방학중학교,골목상권,일식음식점,1,0,0,0,0.0,3.78,3.78
방화역 1번,골목상권,일식음식점,1,0,0,0,0.0,3.71,3.71
방화역 2번,골목상권,일식음식점,1,0,0,0,0.0,3.71,3.71
방화역 3번,골목상권,일식음식점,1,0,0,0,0.0,3.71,3.71
배화여자대학교(박노수미술관),골목상권,일식음식점,10,1,0,0,0.0,5.84,5.84
백련산해모로아파트,골목상권,일식음식점,1,0,0,0,0.0,3.71,3.71
벌말어린이공원,골목상권,일식음식점,1,0,0,0,0.0,3.71,3.71
법제교육센터(버들어린이공원),골목상권,일식음식점,1,0,0,0,0.0,3.71,3.71
보라매동주민센터(당곡고등학교),골목상권,일식음식점,1,1,0,0,0.0,7.75,7.75
보라매역 2번,골목상권,일식음식점,1,0,0,0,0.0,3.71,3.71
보라매역 4번,골목상권,일식음식점,3,0,0,0,0.0,4.41,4.41
보라매역 6번,골목상권,일식음식점,1,0,0,0,0.0,3.71,3.71
보문역 5번,골목상권,일식음식점,1,0,0,0,0.0,3.71,3.71
보문역 8번,골목상권,일식음식점,1,0,0,0,0.0,3.71,3.71
보인중학교,골목상권,일식음식점,1,0,0,0,0.0,3.71,3.71
봉은사역 4번,골목상권,일식음식점,1,0,0,0,0.0,3.71,3.71
봉천역 1번(관악초등학교),골목상권,일식음식점,1,0,0,0,0.0,3.71,3.71
북가좌2동주민센터,골목상권,일식음식점,3,0,0,0,0.0,4.43,4.43
북가좌초등학교,골목상권,일식음식점,2,0,0,0,0.0,4.12,4.12
북한산보국문역 2번,골목상권,일식음식점,1,0,0,0,0.0,3.71,3.71
불광역 7번,골목상권,일식음식점,2,0,0,0,0.0,4.12,4.12
사가정역 1번,골목상권,일식음식점,4,0,0,0,0.0,4.64,4.64
사근동살곶이상점가,골목상권,일식음식점,3,0,0,0,0.0,4.41,4.41
사당역 10번,골목상권,일식음식점,6,0,0,0,0.0,4.99,4.99
사당역 4번,골목상권,일식음식점,5,0,0,0,0.0,4.84,4.84
사직공원(한국사회과학도서관),골목상권,일식음식점,1,0,0,0,0.0,3.71,3.71
삼각산119안전센터,골목상권,일식음식점,1,0,0,0,0.0,3.71,3.71
삼각지역 14번,골목상권,일식음식점,1,0,0,0,0.0,3.71,3.71
삼각지역 3번,골목상권,일식음식점,4,0,0,0,0.0,4.64,4.64
삼광초등학교,골목상권,일식음식점,2,0,1,50,100.0,3.76,-96.24
삼선동주민센터,골목상권,일식음식점,4,0,0,0,33.0,4.65,-28.35
삼선중학교,골목상권,일식음식점,3,0,0,0,0.0,4.41,4.41
삼성중앙역 5번,골목상권,일식음식점,1,0,0,0,0.0,3.71,3.71
삼양사거리역 1번,골목상권,일식음식점,1,0,0,0,0.0,3.71,3.71
삼양입구사거리,골목상권,일식음식점,2,0,0,0,0.0,4.12,4.12
삼육보건대학교,골목상권,일식음식점,3,0,0,0,0.0,4.41,4.41
삼전역 1번,골목상권,일식음식점,9,0,0,0,0.0,5.34,5.34
삼전역 3번,골목상권,일식음식점,2,0,0,0,0.0,4.12,4.12
삼전역 4번,골목상권,일식음식점,2,0,0,0,0.0,4.15,4.15
상계2동주민센터,골목상권,일식음식점,2,0,0,0,0.0,4.12,4.12
상계5동주민센터,골목상권,일식음식점,2,0,1,50,0.0,3.76,3.76
상계역,골목상권,일식음식점,2,0,1,50,0.0,3.76,3.76
상계초등학교,골목상권,일식음식점,5,0,0,0,25.0,4.84,-20.16
상도1동주민센터앞,골목상권,일식음식점,1,0,0,0,0.0,3.71,3.71
상도역 2번,골목상권,일식음식점,6,1,0,0,50.0,5.67,-44.33
상도역 5번,골목상권,일식음식점,3,0,0,0,0.0,4.43,4.43
상도초등학교,골목상권,일식음식점,1,0,0,0,0.0,3.71,3.71
상봉역 3번,골목상권,일식음식점,6,0,0,0,20.0,4.99,-15.01
상봉역 4번,골목상권,일식음식점,2,0,0,0,0.0,4.12,4.12
상봉역 7번,골목상권,일식음식점,1,0,0,0,0.0,3.71,3.71
상수역 3번,골목상권,일식음식점,1,0,0,0,0.0,3.71,3.71
상수역 4번,골목상권,일식음식점,5,0,0,0,0.0,4.82,4.82
상왕십리역 3번,골목상권,일식음식점,1,0,1,100,0.0,2.99,2.99
상월곡역 1번,골목상권,일식음식점,5,0,0,0,0.0,4.84,4.84
상월곡역 2번,골목상권,일식음식점,1,0,0,0,0.0,3.71,3.71
상일여고(상일초등학교),골목상권,일식음식점,9,0,2,22,0.0,5.18,5.18
새남터성지,골목상권,일식음식점,2,0,0,0,100.0,4.12,-95.88
새절역 2번,골목상권,일식음식점,3,0,0,0,0.0,4.41,4.41
새절역 3번,골목상권,일식음식점,1,0,0,0,0.0,3.71,3.71
샤로수길,골목상권,일식음식점,30,0,2,7,3.0,6.45,3.45
서강대역 1번,골목상권,일식음식점,4,0,0,0,0.0,4.65,4.65
서대문소방서,골목상권,일식음식점,1,0,0,0,0.0,3.71,3.71
서대문우체국,골목상권,일식음식점,2,0,0,0,0.0,4.15,4.15
서래초등학교,골목상권,일식음식점,2,0,0,0,0.0,4.12,4.12
서문여고,골목상권,일식음식점,1,0,0,0,0.0,3.71,3.71
서빙고동주민센터,골목상권,일식음식점,1,0,0,0,0.0,3.71,3.71
서울교통공사,골목상권,일식음식점,1,0,0,0,0.0,3.71,3.71
서울국제고등학교,골목상권,일식음식점,2,0,0,0,0.0,4.12,4.12
서울대입구역 8번,골목상권,일식음식점,1,0,0,0,0.0,3.71,3.71
서울독일학교,골목상권,일식음식점,3,0,0,0,0.0,4.41,4.41
서울북부고용노동지청,골목상권,일식음식점,1,0,0,0,0.0,3.71,3.71
서울서부지방법원,골목상권,일식음식점,7,0,0,0,14.0,5.12,-8.88
서울숲역 1번,골목상권,일식음식점,4,0,0,0,0.0,4.64,4.64
서울숲카페거리,골목상권,일식음식점,2,0,0,0,0.0,4.12,4.12
서울여자간호대학교,골목상권,일식음식점,1,0,0,0,0.0,3.71,3.71
서울역 12번,골목상권,일식음식점,8,0,0,0,14.0,5.23,-8.77
서울역 15번,골목상권,일식음식점,1,0,0,0,0.0,3.71,3.71
서울프랑스학교,골목상권,일식음식점,2,0,0,0,0.0,4.12,4.12
서일대학교,골목상권,일식음식점,1,1,0,0,0.0,7.75,7.75
서초우방유쉘아파트,골목상권,일식음식점,1,0,0,0,0.0,3.71,3.71
서초중학교,골목상권,일식음식점,1,0,0,0,0.0,3.71,3.71
석계역 1번,골목상권,일식음식점,2,0,0,0,0.0,4.15,4.15
석계역 2번,골목상권,일식음식점,2,0,0,0,0.0,4.12,4.12
석계역 7번,골목상권,일식음식점,3,0,0,0,0.0,4.41,4.41
석관중앙교회,골목상권,일식음식점,1,0,0,0,0.0,3.71,3.71
석수역 1번 출입구,골목상권,일식음식점,2,0,0,0,0.0,4.15,4.15
석촌고분역 1번,골목상권,일식음식점,5,0,1,20,0.0,4.68,4.68
석촌고분역 3번,골목상권,일식음식점,1,0,0,0,0.0,3.71,3.71
석촌고분역 4번,골목상권,일식음식점,2,0,0,0,0.0,4.12,4.12
석촌역 3번,골목상권,일식음식점,9,0,0,0,0.0,5.34,5.34
석촌역 6번,골목상권,일식음식점,2,0,0,0,0.0,4.12,4.12
석촌역 7번,골목상권,일식음식점,8,0,0,0,0.0,5.23,5.23
석촌중학교(방이육교),골목상권,일식음식점,1,0,0,0,0.0,3.71,3.71
선유도역 1번,골목상권,일식음식점,5,0,1,20,0.0,4.68,4.68
선유도역 6번,골목상권,일식음식점,2,0,0,0,0.0,4.12,4.12
선일여고,골목상권,일식음식점,2,0,0,0,0.0,4.12,4.12
선정릉역 4번,골목상권,일식음식점,3,0,0,0,0.0,4.41,4.41
성곡미술관,골목상권,일식음식점,8,0,0,0,0.0,5.23,5.23
성균관대학교,골목상권,일식음식점,3,0,0,0,50.0,4.41,-45.59
성남고등학교,골목상권,일식음식점,1,0,0,0,0.0,3.71,3.71
성내중학교,골목상권,일식음식점,1,0,0,0,0.0,3.78,3.78
성내천어린이공원(하니사랑길),골목상권,일식음식점,2,0,0,0,0.0,4.12,4.12
성동구보건소,골목상권,일식음식점,1,0,0,0,0.0,3.71,3.71
성동세무서,골목상권,일식음식점,1,0,0,0,0.0,3.71,3.71
성동초등학교,골목상권,일식음식점,2,0,0,0,0.0,4.12,4.12
성미산체육관,골목상권,일식음식점,4,0,0,0,0.0,4.65,4.65
성산중학교,골목상권,일식음식점,10,0,0,0,0.0,5.44,5.44
성서초등학교,골목상권,일식음식점,2,0,0,0,0.0,4.12,4.12
성수119안전센터,골목상권,일식음식점,3,0,0,0,0.0,4.41,4.41
성수1가1동주민센터,골목상권,일식음식점,3,0,0,0,0.0,4.41,4.41
성수동카페거리,골목상권,일식음식점,20,0,1,5,0.0,6.06,6.06
성수초등학교,골목상권,일식음식점,5,0,0,0,0.0,4.84,4.84
성신여대운정그린캠퍼스,골목상권,일식음식점,2,0,0,0,0.0,4.15,4.15
성신여대입구역 1번,골목상권,일식음식점,4,0,0,0,0.0,4.64,4.64
성심여자고등학교,골목상권,일식음식점,4,0,0,0,0.0,4.64,4.64
성원어린이공원,골목상권,일식음식점,3,0,0,0,0.0,4.41,4.41
성원중학교,골목상권,일식음식점,2,0,0,0,0.0,4.12,4.12
성자초등학교,골목상권,일식음식점,5,0,0,0,0.0,4.82,4.82
세검정,골목상권,일식음식점,1,0,0,0,0.0,3.71,3.71
세검정초등학교,골목상권,일식음식점,1,0,0,0,0.0,3.71,3.71
세곡초등학교,골목상권,일식음식점,1,0,0,0,0.0,3.71,3.71
세종대학교,골목상권,일식음식점,1,0,0,0,0.0,3.71,3.71
솔밭공원역 1번,골목상권,일식음식점,1,0,0,0,0.0,3.71,3.71
송정역 3번,골목상권,일식음식점,2,0,0,0,100.0,4.12,-95.88
송중동주민센터,골목상권,일식음식점,1,0,0,0,0.0,3.71,3.71
송중초등학교,골목상권,일식음식점,3,0,0,0,0.0,4.41,4.41
송파나루역 1번(송리단길),골목상권,일식음식점,27,0,0,0,8.0,6.4,-1.6
송파나루역 2번,골목상권,일식음식점,4,0,2,50,0.0,4.31,4.31
송파역 2번,골목상권,일식음식점,1,0,0,0,0.0,3.71,3.71
수락산디자인거리,골목상권,일식음식점,4,0,0,0,0.0,4.65,4.65
수송초등학교,골목상권,일식음식점,3,0,1,33,0.0,4.2,4.2
수유1동주민센터,골목상권,일식음식점,1,0,0,0,0.0,3.71,3.71
수유역 2번,골목상권,일식음식점,1,0,0,0,0.0,3.71,3.71
수유초등학교,골목상권,일식음식점,3,0,0,0,50.0,4.41,-45.59
숙대입구,골목상권,일식음식점,13,1,2,15,8.0,5.92,-2.08
숭곡초등학교,골목상권,일식음식점,2,1,2,100,0.0,5.46,5.46
숭실대입구역 4번,골목상권,일식음식점,6,0,1,17,0.0,4.88,4.88
시립서북병원,골목상권,일식음식점,1,0,1,100,0.0,2.99,2.99
시흥동 은행나무사거리,골목상권,일식음식점,1,0,0,0,0.0,3.78,3.78
신구중학교,골목상권,일식음식점,4,0,0,0,0.0,4.64,4.64
신길3동주민센터,골목상권,일식음식점,3,0,0,0,0.0,4.41,4.41
신길6동주민센터,골목상권,일식음식점,1,0,0,0,0.0,3.71,3.71
신길동홍어거리,골목상권,일식음식점,1,0,0,0,0.0,3.71,3.71
신길역 1번,골목상권,일식음식점,1,0,0,0,0.0,3.71,3.71
신내1동주민센터,골목상권,일식음식점,1,0,0,0,0.0,3.71,3.71
신당역 3번,골목상권,일식음식점,3,0,0,0,0.0,4.41,4.41
신대방삼거리역 3번,골목상권,일식음식점,1,0,0,0,0.0,3.71,3.71
신대방역 1번,골목상권,일식음식점,1,0,0,0,0.0,3.71,3.71
신대방역 2번,골목상권,일식음식점,4,0,0,0,0.0,4.64,4.64
"신림역 5번(신림동주민센터, 신림동별빛거리)",골목상권,일식음식점,4,0,0,0,0.0,4.64,4.64
신림역 8번,골목상권,일식음식점,1,0,0,0,0.0,3.71,3.71
신림우방아파트,골목상권,일식음식점,1,0,0,0,0.0,3.71,3.71
신방화역 2번,골목상권,일식음식점,4,0,0,0,33.0,4.67,-28.33
신서초등학교,골목상권,일식음식점,3,0,0,0,0.0,4.41,4.41
신설동역 9번,골목상권,일식음식점,1,0,0,0,0.0,3.71,3.71
신성초등학교,골목상권,일식음식점,1,0,0,0,0.0,3.71,3.71
신수동주민센터,골목상권,일식음식점,2,0,0,0,100.0,4.12,-95.88
신원동주민센터,골목상권,일식음식점,2,0,0,0,0.0,4.12,4.12
신월2동주민센터,골목상권,일식음식점,2,0,0,0,100.0,4.12,-95.88
신월4동주민센터,골목상권,일식음식점,1,0,0,0,0.0,3.71,3.71
신월시영아파트중문,골목상권,일식음식점,1,0,0,0,0.0,3.71,3.71
신자초등학교,골목상권,일식음식점,1,0,0,0,0.0,3.71,3.71
신정2동주민센터,골목상권,일식음식점,1,0,0,0,0.0,3.71,3.71
신정롯데캐슬아파트,골목상권,일식음식점,3,0,0,0,50.0,4.41,-45.59
신정역 1번,골목상권,일식음식점,1,0,0,0,0.0,3.71,3.71
신진과학기술고등학교,골목상권,일식음식점,3,0,1,33,0.0,4.2,4.2
신창초등학교,골목상권,일식음식점,4,0,0,0,0.0,4.64,4.64
신풍역 1번,골목상권,일식음식점,2,0,0,0,0.0,4.12,4.12
쌍문2동우체국,골목상권,일식음식점,1,0,0,0,0.0,3.71,3.71
쌍문초등학교,골목상권,일식음식점,1,0,0,0,0.0,3.71,3.71
아래방죽마을공원(율현초등학교),골목상권,일식음식점,2,0,0,0,0.0,4.12,4.12
아현역 1번,골목상권,일식음식점,1,0,0,0,0.0,3.71,3.71
안암역 2번,골목상권,일식음식점,8,0,0,0,14.0,5.24,-8.76
안암역 3번,골목상권,일식음식점,8,0,1,13,0.0,5.15,5.15
암사역 1번,골목상권,일식음식점,5,0,0,0,0.0,4.82,4.82
암사역 2번(서울강동초등학교),골목상권,일식음식점,1,0,0,0,0.0,3.71,3.71
암사역 3번(천호동자전거거리),골목상권,일식음식점,3,0,1,33,0.0,4.17,4.17
약수역 7번,골목상권,일식음식점,2,0,0,0,0.0,4.12,4.12
양재역 8번(양재동우체국),골목상권,일식음식점,12,0,0,0,71.0,5.64,-65.36
양천향교역 2번,골목상권,일식음식점,3,0,0,0,0.0,4.41,4.41
양천향교역 5번,골목상권,일식음식점,2,0,0,0,0.0,4.12,4.12
양천향교역 7번,골목상권,일식음식점,6,0,0,0,0.0,4.99,4.99
양평역 2번,골목상권,일식음식점,1,0,0,0,0.0,3.71,3.71
양화대교북단,골목상권,일식음식점,1,0,0,0,0.0,3.71,3.71
어린이대공원역 3번,골목상권,일식음식점,2,0,0,0,0.0,4.12,4.12
언북중학교,골목상권,일식음식점,2,0,0,0,0.0,4.12,4.12
언북초등학교,골목상권,일식음식점,2,0,0,0,0.0,4.12,4.12
언주역 3번,골목상권,일식음식점,3,0,0,0,0.0,4.41,4.41
역촌노인복지관,골목상권,일식음식점,1,0,0,0,0.0,3.71,3.71
역촌역 2번,골목상권,일식음식점,2,0,0,0,0.0,4.12,4.12
연신내역 4번,골목상권,일식음식점,4,1,0,0,0.0,5.67,5.67
연신내역 5번,골목상권,일식음식점,3,0,0,0,0.0,4.41,4.41
연신내역 7번,골목상권,일식음식점,4,0,0,0,33.0,4.64,-28.36
연신내우체국,골목상권,일식음식점,2,0,0,0,0.0,4.12,4.12
연트럴파크(연남동주민센터),골목상권,일식음식점,9,0,1,11,0.0,5.26,5.26
연희대우아파트앞,골목상권,일식음식점,1,0,0,0,0.0,3.71,3.71
연희세브란스병원,골목상권,일식음식점,2,0,0,0,0.0,4.12,4.12
연희초등학교,골목상권,일식음식점,1,0,0,0,0.0,3.71,3.71
연희파출소,골목상권,일식음식점,5,0,0,0,0.0,4.82,4.82
열정도,골목상권,일식음식점,1,0,0,0,0.0,3.71,3.71
염곡동 구룡사(포이동성당),골목상권,일식음식점,4,0,0,0,0.0,4.64,4.64
영동대교남단,골목상권,일식음식점,3,0,0,0,0.0,4.41,4.41
영등포구청역 2번,골목상권,일식음식점,6,0,0,0,0.0,5.01,5.01
영등포구청역 6번,골목상권,일식음식점,3,0,0,0,0.0,4.41,4.41
영등포시장역 1번,골목상권,일식음식점,2,0,0,0,0.0,4.12,4.12
영락고등학교,골목상권,일식음식점,4,0,0,0,0.0,4.64,4.64
영신여고,골목상권,일식음식점,1,0,0,0,0.0,3.71,3.71
영신초등학교,골목상권,일식음식점,3,0,0,0,0.0,4.41,4.41
영천시장입구,골목상권,일식음식점,1,0,0,0,0.0,3.71,3.71
예일여고,골목상권,일식음식점,1,0,0,0,0.0,3.71,3.71
오거리공원,골목상권,일식음식점,1,0,0,0,0.0,3.71,3.71
오류2동버들시장,골목상권,일식음식점,3,0,0,0,0.0,4.41,4.41
오류동역 3번,골목상권,일식음식점,3,0,0,0,0.0,4.41,4.41
오류동역 4번,골목상권,일식음식점,1,0,0,0,0.0,3.71,3.71
오산고등학교,골목상권,일식음식점,1,0,0,0,0.0,3.71,3.71
옥수동우편취급국,골목상권,일식음식점,1,0,0,0,0.0,3.71,3.71
옥수역 6번,골목상권,일식음식점,2,0,0,0,0.0,4.12,4.12
옥수터널,골목상권,일식음식점,1,0,0,0,0.0,3.71,3.71
왕십리역 9번,골목상권,일식음식점,1,0,0,0,0.0,3.78,3.78
외대앞역 1번,골목상권,일식음식점,8,0,0,0,0.0,5.25,5.25
외대앞역 2번,골목상권,일식음식점,2,0,0,0,0.0,4.12,4.12
용두동신동아아파트,골목상권,일식음식점,1,0,0,0,0.0,3.71,3.71
용두사거리,골목상권,일식음식점,1,0,0,0,0.0,3.71,3.71
용마문화복지센터,골목상권,일식음식점,4,0,0,0,0.0,4.64,4.64
용마초등학교,골목상권,일식음식점,1,0,0,0,0.0,3.71,3.71
용산구청,골목상권,일식음식점,1,0,0,0,0.0,3.71,3.71
우리은행체육관,골목상권,일식음식점,1,0,0,0,0.0,3.71,3.71
우면주공아파트,골목상권,일식음식점,2,0,0,0,0.0,4.12,4.12
우사단길,골목상권,일식음식점,2,0,1,50,0.0,3.83,3.83
우이천 계성교,골목상권,일식음식점,2,0,0,0,0.0,4.12,4.12
우장산역 1번,골목상권,일식음식점,1,0,0,0,0.0,3.78,3.78
우장산역 4번,골목상권,일식음식점,4,0,0,0,0.0,4.64,4.64
월계역 3번,골목상권,일식음식점,1,0,0,0,0.0,3.71,3.71
월곡역 4번,골목상권,일식음식점,1,0,0,0,0.0,3.71,3.71
월드순복음교회,골목상권,일식음식점,1,0,0,0,0.0,3.71,3.71
윗방죽마을공원,골목상권,일식음식점,5,0,0,0,0.0,4.86,4.86
유엔빌리지길,골목상권,일식음식점,1,0,0,0,0.0,3.71,3.71
은광여고,골목상권,일식음식점,1,0,0,0,0.0,3.71,3.71
은천초등학교(은천교앞),골목상권,일식음식점,1,0,0,0,0.0,3.71,3.71
은평구청,골목상권,일식음식점,3,0,0,0,0.0,4.43,4.43
은평세무서,골목상권,일식음식점,6,0,0,0,0.0,4.99,4.99
은평요양병원,골목상권,일식음식점,1,0,0,0,0.0,3.71,3.71
응암3동주민센터,골목상권,일식음식점,3,0,0,0,0.0,4.43,4.43
응암동우체국,골목상권,일식음식점,2,0,0,0,0.0,4.12,4.12
응암역 2번,골목상권,일식음식점,2,0,0,0,0.0,4.12,4.12
응암역 3번,골목상권,일식음식점,3,0,0,0,0.0,4.41,4.41
응암정보도서관,골목상권,일식음식점,6,1,0,0,50.0,5.67,-44.33
이북5도청사,골목상권,일식음식점,1,0,0,0,0.0,3.71,3.71
이수역 10번,골목상권,일식음식점,2,0,0,0,0.0,4.15,4.15
이수역 5번,골목상권,일식음식점,1,0,0,0,0.0,3.71,3.71
이수역 9번,골목상권,일식음식점,4,0,0,0,0.0,4.65,4.65
이촌동점보아파트,골목상권,일식음식점,1,0,0,0,0.0,3.71,3.71
이화달팽이길,골목상권,일식음식점,3,0,0,0,0.0,4.41,4.41
자양4동주민센터,골목상권,일식음식점,3,0,0,0,0.0,4.41,4.41
자양한강도서관,골목상권,일식음식점,3,0,0,0,0.0,4.41,4.41
자하문터널,골목상권,일식음식점,1,0,0,0,0.0,3.71,3.71
잠실나루역,골목상권,일식음식점,1,0,0,0,0.0,3.78,3.78
잠원역,골목상권,일식음식점,1,0,0,0,0.0,3.78,3.78
장안1동주민센터,골목상권,일식음식점,4,0,2,50,0.0,4.28,4.28
장안근린공원,골목상권,일식음식점,1,0,0,0,0.0,3.71,3.71
장안제일시장,골목상권,일식음식점,3,0,0,0,0.0,4.41,4.41
장안초등학교,골목상권,일식음식점,2,0,0,0,100.0,4.12,-95.88
장충단 고개,골목상권,일식음식점,1,0,0,0,0.0,3.78,3.78
장충초등학교,골목상권,일식음식점,2,0,1,50,0.0,3.76,3.76
장평중학교,골목상권,일식음식점,5,0,0,0,0.0,4.82,4.82
전농1동주민센터(전농시장),골목상권,일식음식점,1,0,0,0,0.0,3.71,3.71
전농중학교,골목상권,일식음식점,1,0,0,0,0.0,3.71,3.71
정릉역 1번,골목상권,일식음식점,2,0,0,0,0.0,4.12,4.12
정릉역 2번,골목상권,일식음식점,1,0,0,0,0.0,3.71,3.71
정릉우체국,골목상권,일식음식점,1,0,0,0,0.0,3.71,3.71
제기동역 6번,골목상권,일식음식점,2,0,0,0,0.0,4.19,4.19
종암경찰서,골목상권,일식음식점,1,0,0,0,0.0,3.71,3.71
종암아이파크2차,골목상권,일식음식점,3,0,0,0,0.0,4.43,4.43
종암중학교,골목상권,일식음식점,3,0,0,0,0.0,4.41,4.41
중계초등학교,골목상권,일식음식점,1,0,0,0,0.0,3.71,3.71
중곡1동 마을마당,골목상권,일식음식점,3,0,0,0,0.0,4.41,4.41
중곡1동주민센터,골목상권,일식음식점,1,0,0,0,0.0,3.71,3.71
중곡역 3번,골목상권,일식음식점,3,0,0,0,0.0,4.41,4.41
중구회현체육센터(정화예술대남산캠퍼스),골목상권,일식음식점,1,0,0,0,0.0,3.71,3.71
중랑역 4번,골목상권,일식음식점,4,0,0,0,0.0,4.67,4.67
중앙고등학교,골목상권,일식음식점,1,0,0,0,0.0,3.78,3.78
중앙대학교,골목상권,일식음식점,8,0,0,0,0.0,5.26,5.26
중화역 1번,골목상권,일식음식점,1,0,0,0,0.0,3.71,3.71
증산역 3번,골목상권,일식음식점,2,0,0,0,0.0,4.15,4.15
창덕궁,골목상권,일식음식점,2,0,0,0,0.0,4.12,4.12
천동초등학교,골목상권,일식음식점,2,0,0,0,0.0,4.12,4.12
천호1동주민센터,골목상권,일식음식점,1,0,0,0,0.0,3.71,3.71
천호공원(해공체육문화센터),골목상권,일식음식점,1,0,0,0,0.0,3.71,3.71
천호역 1번(천호문구완구거리),골목상권,일식음식점,2,0,0,0,0.0,4.12,4.12
천호역 6번,골목상권,일식음식점,2,0,0,0,0.0,4.12,4.12
천호초등학교,골목상권,일식음식점,1,0,0,0,0.0,3.71,3.71
천호태영아파트,골목상권,일식음식점,1,0,0,0,0.0,3.71,3.71
청계산입구역 2번(내곡동주민센터),골목상권,일식음식점,1,0,0,0,0.0,3.71,3.71
청구역 3번,골목상권,일식음식점,3,0,0,0,0.0,4.41,4.41
청담근린공원,골목상권,일식음식점,1,0,0,0,0.0,3.71,3.71
청담역 12번,골목상권,일식음식점,1,0,0,0,0.0,3.71,3.71
청담초등학교,골목상권,일식음식점,3,0,0,0,0.0,4.41,4.41
체부동홍종문가옥,골목상권,일식음식점,2,0,0,0,0.0,4.12,4.12
충무초등학교,골목상권,일식음식점,1,0,0,0,0.0,3.71,3.71
충정로역 3번,골목상권,일식음식점,1,0,0,0,0.0,3.71,3.71
충정로현대아파트,골목상권,일식음식점,1,0,0,0,0.0,3.71,3.71
태릉시장 특화거리,골목상권,일식음식점,1,0,0,0,0.0,3.78,3.78
태릉입구역 4번,골목상권,일식음식점,1,0,0,0,0.0,3.71,3.71
평창동서측,골목상권,일식음식점,2,0,0,0,50.0,4.12,-45.88
포이초등학교(개포목련어린이공원),골목상권,일식음식점,2,0,0,0,0.0,4.12,4.12
푸른동산공원,골목상권,일식음식점,2,0,0,0,0.0,4.15,4.15
푸른들청소년도서관,골목상권,일식음식점,1,0,1,100,0.0,2.99,2.99
한강로동땡땡거리(은행나무길),골목상권,일식음식점,6,0,0,0,0.0,4.98,4.98
한강진역 3번,골목상권,일식음식점,7,0,0,0,0.0,5.11,5.11
한겨레신문사,골목상권,일식음식점,1,0,0,0,0.0,3.71,3.71
한국SGI본부,골목상권,일식음식점,3,0,1,33,0.0,4.17,4.17
한국의류시험연구원,골목상권,일식음식점,2,0,0,0,0.0,4.15,4.15
한남IC,골목상권,일식음식점,5,0,1,20,0.0,4.68,4.68
한성대입구역 3번,골목상권,일식음식점,5,0,0,0,0.0,4.84,4.84
한성대입구역 5번,골목상권,일식음식점,2,0,0,0,0.0,4.12,4.12
한성백제역 3번,골목상권,일식음식점,2,0,0,0,0.0,4.12,4.12
한양대역 4번,골목상권,일식음식점,1,0,0,0,0.0,3.71,3.71
한영중고,골목상권,일식음식점,2,0,0,0,0.0,4.12,4.12
한울중학교,골목상권,일식음식점,3,0,0,0,0.0,4.41,4.41
한전아트센터,골목상권,일식음식점,1,0,0,0,0.0,3.71,3.71
합정역 8번,골목상권,일식음식점,18,0,0,0,0.0,6.0,6.0
해방촌 남동측,골목상권,일식음식점,3,0,0,0,0.0,4.41,4.41
해방촌예술마을,골목상권,일식음식점,1,0,0,0,0.0,3.71,3.71
해오름공원,골목상권,일식음식점,1,0,0,0,0.0,3.71,3.71
행당역 2번,골목상권,일식음식점,2,0,0,0,0.0,4.12,4.12
홍대땡땡거리,골목상권,일식음식점,8,0,0,0,0.0,5.24,5.24
홍대부중,골목상권,일식음식점,1,0,0,0,0.0,3.71,3.71
홍대입구역 3번,골목상권,일식음식점,14,0,0,0,8.0,5.76,-2.24
홍은중학교,골목상권,일식음식점,1,0,0,0,0.0,3.71,3.71
홍익지구대,골목상권,일식음식점,2,0,0,0,0.0,4.12,4.12
홍제3동주민센터,골목상권,일식음식점,6,0,0,0,0.0,4.98,4.98
홍제역 2번,골목상권,일식음식점,4,1,0,0,33.0,5.65,-27.35
홍제역 3번,골목상권,일식음식점,1,0,0,0,0.0,3.71,3.71
홍제역 4번,골목상권,일식음식점,3,0,0,0,0.0,4.41,4.41
홍파초등학교,골목상권,일식음식점,1,0,0,0,0.0,3.71,3.71
화곡2동주민센터,골목상권,일식음식점,2,0,0,0,0.0,4.12,4.12
화곡4동주민센터,골목상권,일식음식점,2,0,0,0,0.0,4.15,4.15
화곡역 4번,골목상권,일식음식점,2,0,1,50,0.0,3.76,3.76
화곡역 5번,골목상권,일식음식점,3,0,0,0,0.0,4.41,4.41
화곡초등학교,골목상권,일식음식점,2,0,1,50,0.0,3.76,3.76
화랑대철도공원,골목상권,일식음식점,1,0,0,0,0.0,3.71,3.71
화양사거리,골목상권,일식음식점,8,0,0,0,14.0,5.23,-8.77
화원중학교,골목상권,일식음식점,2,0,0,0,0.0,4.12,4.12
황학코아루아파트,골목상권,일식음식점,1,0,0,0,0.0,3.71,3.71
회기역 1번,골목상권,일식음식점,1,0,0,0,0.0,3.78,3.78
효창공원앞역 5번,골목상권,일식음식점,2,0,0,0,0.0,4.12,4.12
효창공원앞역 6번,골목상권,일식음식점,2,0,0,0,0.0,4.15,4.15
후암동주민센터,골목상권,일식음식점,3,0,0,0,0.0,4.41,4.41
흑리단길,골목상권,일식음식점,2,0,0,0,0.0,4.12,4.12
4.19민주묘지역 2번,골목상권,제과점,2,0,0,0,0.0,3.84,3.84
GS강동자이아파트,골목상권,제과점,2,0,0,0,0.0,3.84,3.84
G타워,골목상권,제과점,2,0,0,0,0.0,3.84,3.84
KB국민은행 망원동지점,골목상권,제과점,3,0,0,0,0.0,4.1,4.1
KB국민은행 서강지점,골목상권,제과점,1,0,0,0,0.0,3.4,3.4
KT구로지사,골목상권,제과점,2,0,0,0,0.0,3.81,3.81
KT금천빌딩(금천구시설관리공단),골목상권,제과점,1,0,0,0,0.0,3.4,3.4
KT월곡지사,골목상권,제과점,3,1,0,0,50.0,5.44,-44.56
NH농협은행 상도동지점,골목상권,제과점,1,0,0,0,0.0,3.4,3.4
가리봉파출소,골목상권,제과점,1,0,0,0,0.0,3.4,3.4
가산동우체국,골목상권,제과점,1,0,0,0,0.0,3.4,3.4
가산초등학교(세일중학교),골목상권,제과점,1,0,0,0,0.0,3.4,3.4
가양역 10번,골목상권,제과점,4,0,0,0,0.0,4.33,4.33
가오리역 1번,골목상권,제과점,2,0,0,0,0.0,3.84,3.84
가인초등학교,골목상권,제과점,1,0,0,0,0.0,3.47,3.47
가좌역 2번,골목상권,제과점,2,0,0,0,0.0,3.81,3.81
간데메공원,골목상권,제과점,2,1,1,50,50.0,5.47,-44.53
갈현건영아파트,골목상권,제과점,2,0,0,0,0.0,3.81,3.81
강남구보훈회관,골목상권,제과점,1,1,1,100,0.0,6.72,6.72
강남구청역 2번,골목상권,제과점,2,1,0,0,0.0,5.83,5.83
강남구청역 4번,골목상권,제과점,1,0,0,0,0.0,3.4,3.4
강동구립성내도서관,골목상권,제과점,8,0,0,0,0.0,4.93,4.93
강동성심병원,골목상권,제과점,1,0,0,0,0.0,3.47,3.47
강동역 4번(강풀만화거리),골목상권,제과점,9,0,2,22,29.0,4.87,-24.13
강북문화예술회관,골목상권,제과점,1,0,0,0,0.0,3.4,3.4
강북중학교,골목상권,제과점,1,0,0,0,0.0,3.4,3.4
강서고등학교,골목상권,제과점,1,0,0,0,0.0,3.4,3.4
강서구청가양동별관,골목상권,제과점,1,0,0,0,0.0,3.47,3.47
강일동주민센터,골목상권,제과점,3,1,1,33,0.0,5.22,5.22
개봉1동주민센터,골목상권,제과점,3,2,1,33,0.0,6.57,6.57
개봉3동주민센터,골목상권,제과점,1,0,0,0,0.0,3.4,3.4
개봉역,골목상권,제과점,6,1,0,0,0.0,5.4,5.4
개봉중학교,골목상권,제과점,1,0,0,0,0.0,3.47,3.47
개포고등학교,골목상권,제과점,4,1,0,0,0.0,5.37,5.37
개포지구대옆,골목상권,제과점,1,0,0,0,0.0,3.4,3.4
개화산역 1번,골목상권,제과점,1,0,0,0,0.0,3.4,3.4
거여역 1번(거여공원),골목상권,제과점,2,0,0,0,0.0,3.81,3.81
건대입구역 1번,골목상권,제과점,3,0,0,0,0.0,4.1,4.1
건대입구역 6번,골목상권,제과점,3,0,0,0,0.0,4.1,4.1
경기대학교,골목상권,제과점,1,0,0,0,0.0,3.4,3.4
경동고등학교,골목상권,제과점,3,0,0,0,0.0,4.1,4.1
경리단길남측,골목상권,제과점,8,0,1,13,0.0,4.84,4.84
경리단길북측,골목상권,제과점,7,0,1,14,40.0,4.72,-35.28
경문고등학교(동작동성당),골목상권,제과점,2,0,0,0,0.0,3.81,3.81
경성고등학교,골목상권,제과점,18,0,0,0,6.0,5.69,-0.31
경수초등학교,골목상권,제과점,14,0,3,21,17.0,5.29,-11.71
경신고등학교,골목상권,제과점,2,0,0,0,0.0,3.81,3.81
경의선책거리,골목상권,제과점,15,0,1,7,0.0,5.47,5.47
경찰병원역 3번,골목상권,제과점,2,1,0,0,0.0,5.83,5.83
경찰병원역 4번(건너말공원),골목상권,제과점,1,0,0,0,0.0,3.4,3.4
경춘선숲길 우측,골목상권,제과점,5,0,1,20,0.0,4.38,4.38
경향신문사,골목상권,제과점,2,1,0,0,0.0,5.87,5.87
경희대삼거리,골목상권,제과점,7,0,0,0,0.0,4.8,4.8
경희대후문,골목상권,제과점,4,0,0,0,0.0,4.34,4.34
계남근린공원,골목상권,제과점,3,0,0,0,0.0,4.1,4.1
계상초등학교,골목상권,제과점,3,0,0,0,0.0,4.1,4.1
고대앞사거리,골목상권,제과점,1,0,0,0,0.0,3.4,3.4
고덕중학교(고덕2동주민센터),골목상권,제과점,2,0,0,0,0.0,3.81,3.81
고려대역 4번,골목상권,제과점,2,0,0,0,0.0,3.84,3.84
고려대역 6번,골목상권,제과점,1,0,0,0,0.0,3.4,3.4
고척중학교,골목상권,제과점,2,0,0,0,0.0,3.81,3.81
곰달래도서관,골목상권,제과점,1,0,0,0,0.0,3.47,3.47
공군호텔,골목상권,제과점,4,0,0,0,0.0,4.34,4.34
공덕동주민센터,골목상권,제과점,2,0,0,0,0.0,3.81,3.81
공덕래미안3차아파트,골목상권,제과점,1,0,0,0,0.0,3.4,3.4
공릉동 국수거리,골목상권,제과점,8,1,0,0,25.0,5.45,-19.55
공릉역 2번,골목상권,제과점,3,0,0,0,0.0,4.1,4.1
공항고등학교,골목상권,제과점,2,0,0,0,0.0,3.81,3.81
공항시장역 1번,골목상권,제과점,2,0,0,0,0.0,3.81,3.81
공항시장역 3번,골목상권,제과점,1,0,0,0,0.0,3.4,3.4
관악구 중앙길,골목상권,제과점,4,1,0,0,0.0,5.36,5.36
관악구신사동주민센터,골목상권,제과점,4,0,0,0,0.0,4.34,4.34
관악우성아파트,골목상권,제과점,2,0,0,0,0.0,3.81,3.81
관악해태어린이공원,골목상권,제과점,1,0,0,0,0.0,3.4,3.4
광나루역 1번,골목상권,제과점,3,1,0,0,0.0,5.48,5.48
광운대역 1번,골목상권,제과점,2,0,0,0,0.0,3.88,3.88
광진경찰서,골목상권,제과점,1,0,0,0,0.0,3.4,3.4
광진구청,골목상권,제과점,1,0,0,0,0.0,3.4,3.4
광진정말공원,골목상권,제과점,2,0,0,0,0.0,3.81,3.81
광진초등학교,골목상권,제과점,2,0,0,0,0.0,3.81,3.81
광흥창역 1번,골목상권,제과점,3,0,0,0,0.0,4.15,4.15
광흥창역 6번,골목상권,제과점,1,0,0,0,0.0,3.4,3.4
구로4동주민센터,골목상권,제과점,4,0,0,0,0.0,4.38,4.38
구로나눔길,골목상권,제과점,1,0,0,0,0.0,3.4,3.4
구로보건소,골목상권,제과점,5,0,0,0,0.0,4.53,4.53
구로창업지원센터,골목상권,제과점,1,0,0,0,0.0,3.4,3.4
구립대학경로당(관악산샘말공원),골목상권,제과점,4,0,0,0,0.0,4.34,4.34
구산보건지소,골목상권,제과점,6,0,0,0,0.0,4.67,4.67
구산역 1번,골목상권,제과점,7,0,0,0,0.0,4.8,4.8
구산역 2번,골목상권,제과점,2,0,0,0,0.0,3.81,3.81
구산역 4번,골목상권,제과점,2,0,0,0,0.0,3.81,3.81
구산초등학교,골목상권,제과점,1,0,0,0,0.0,3.4,3.4
구의1동주민센터,골목상권,제과점,6,0,0,0,0.0,4.68,4.68
구의역 4번,골목상권,제과점,3,0,0,0,0.0,4.1,4.1
국기원,골목상권,제과점,1,0,0,0,0.0,3.4,3.4
국립국악고등학교,골목상권,제과점,2,0,0,0,0.0,3.81,3.81
국민대학교앞,골목상권,제과점,1,0,0,0,0.0,3.47,3.47
국민은행방학지점,골목상권,제과점,2,0,0,0,0.0,3.81,3.81
국제신학대학원대학교(남서울중학교),골목상권,제과점,1,0,0,0,0.0,3.4,3.4
군자역 4번,골목상권,제과점,4,0,0,0,0.0,4.34,4.34
군자역 5번,골목상권,제과점,2,0,0,0,0.0,3.81,3.81
굽은다리역 1번(십자성마을),골목상권,제과점,2,0,0,0,0.0,3.84,3.84
굽은다리역 3번,골목상권,제과점,3,0,0,0,0.0,4.1,4.1
굽은다리역 4번,골목상권,제과점,4,0,0,0,33.0,4.34,-28.66
그라운드 고척,골목상권,제과점,1,0,0,0,0.0,3.47,3.47
금동어린이공원,골목상권,제과점,2,0,0,0,100.0,3.81,-96.19
금북초등학교,골목상권,제과점,2,0,0,0,0.0,3.81,3.81
금산초등학교(금천고등학교),골목상권,제과점,2,0,0,0,0.0,3.81,3.81
금천구립가산도서관,골목상권,제과점,1,0,0,0,0.0,3.4,3.4
금천구청역 1번 출입구,골목상권,제과점,8,1,0,0,0.0,5.48,5.48
금천금빛공원(은행나무사거리서측),골목상권,제과점,1,0,0,0,0.0,3.4,3.4
금천어울림복지센터,골목상권,제과점,1,0,0,0,0.0,3.4,3.4
금천철쭉어린이공원(금하마을),골목상권,제과점,2,0,0,0,0.0,3.81,3.81
금천해태공원,골목상권,제과점,3,0,0,0,0.0,4.1,4.1
금호삼성래미안아파트,골목상권,제과점,1,1,0,0,0.0,7.44,7.44
길동주민센터(강동도서관),골목상권,제과점,4,1,0,0,0.0,5.34,5.34
길상사,골목상권,제과점,1,0,0,0,0.0,3.4,3.4
길음역 7번,골목상권,제과점,5,1,0,0,0.0,5.34,5.34
길음역 8번,골목상권,제과점,5,0,0,0,0.0,4.53,4.53
까치산역 1번,골목상권,제과점,7,0,0,0,0.0,4.8,4.8
까치산역 3번,골목상권,제과점,5,0,0,0,0.0,4.51,4.51
까치산역 4번,골목상권,제과점,2,0,0,0,0.0,3.81,3.81
낙성대역 1번(관악구민 종합체육센터),골목상권,제과점,1,0,0,0,0.0,3.4,3.4
난곡초등학교(난곡동벽화마을),골목상권,제과점,1,0,1,100,0.0,2.68,2.68
난우중학교,골목상권,제과점,2,0,0,0,0.0,3.84,3.84
난우초등학교,골목상권,제과점,3,0,0,0,0.0,4.1,4.1
난향초등학교,골목상권,제과점,2,0,1,50,0.0,3.45,3.45
남가좌파출소,골목상권,제과점,4,0,0,0,0.0,4.34,4.34
남강고등학교(남강중학교),골목상권,제과점,5,0,0,0,0.0,4.53,4.53
남구로역 2번,골목상권,제과점,3,0,0,0,0.0,4.1,4.1
남구로역 3번,골목상권,제과점,1,0,0,0,0.0,3.4,3.4
남구로역 5번,골목상권,제과점,3,1,0,0,0.0,5.44,5.44
남부초등학교,골목상권,제과점,1,0,0,0,0.0,3.4,3.4
남산골공원옆,골목상권,제과점,2,0,0,0,0.0,3.81,3.81
남산케이블카,골목상권,제과점,1,0,0,0,0.0,3.4,3.4
남성역 1번,골목상권,제과점,3,0,0,0,0.0,4.1,4.1
남영역 1번,골목상권,제과점,3,1,0,0,0.0,5.44,5.44
남천초등학교,골목상권,제과점,3,0,0,0,0.0,4.15,4.15
내방역 1번,골목상권,제과점,1,0,0,0,0.0,3.4,3.4
내방역 5번,골목상권,제과점,2,0,0,0,0.0,3.81,3.81
내방역 8번,골목상권,제과점,7,0,0,0,0.0,4.81,4.81
노량진초등학교,골목상권,제과점,1,0,0,0,0.0,3.4,3.4
노원 을지대학교병원,골목상권,제과점,2,0,0,0,0.0,3.84,3.84
노원역 9번,골목상권,제과점,2,0,0,0,0.0,3.81,3.81
노원초등학교,골목상권,제과점,2,1,0,0,0.0,5.87,5.87
녹번동근린공원,골목상권,제과점,3,0,0,0,0.0,4.1,4.1
논현2동주민센터,골목상권,제과점,6,1,0,0,0.0,5.36,5.36
논현로18길,골목상권,제과점,1,0,0,0,0.0,3.4,3.4
논현초등학교,골목상권,제과점,2,0,0,0,0.0,3.84,3.84
누원고등학교,골목상권,제과점,2,0,0,0,0.0,3.88,3.88
능동우편취급국,골목상권,제과점,1,0,0,0,0.0,3.4,3.4
달마을공원,골목상권,제과점,3,0,0,0,0.0,4.1,4.1
답십리공원,골목상권,제과점,2,0,0,0,0.0,3.84,3.84
답십리사거리,골목상권,제과점,7,0,0,0,17.0,4.8,-12.2
답십리초등학교,골목상권,제과점,4,0,0,0,0.0,4.36,4.36
당곡중학교,골목상권,제과점,6,0,0,0,0.0,4.68,4.68
당산반도유보라팰리스아파트,골목상권,제과점,5,0,0,0,0.0,4.51,4.51
당산역 8번,골목상권,제과점,2,0,0,0,100.0,3.81,-96.19
대광초등학교,골목상권,제과점,2,1,0,0,0.0,5.83,5.83
대림1동주민센터,골목상권,제과점,1,0,0,0,0.0,3.4,3.4
대림갑을명가아파트,골목상권,제과점,1,0,0,0,0.0,3.4,3.4
대림성모병원,골목상권,제과점,2,0,0,0,0.0,3.84,3.84
대림역 2번,골목상권,제과점,2,0,0,0,100.0,3.84,-96.16
대림역 5번,골목상권,제과점,2,1,0,0,0.0,5.83,5.83
대림한신아파트,골목상권,제과점,2,1,0,0,0.0,5.83,5.83
대방역 3번,골목상권,제과점,1,0,0,0,0.0,3.4,3.4
대원고등학교,골목상권,제과점,1,0,0,0,0.0,3.4,3.4
대진고등학교,골목상권,제과점,1,0,0,0,0.0,3.4,3.4
대청초등학교,골목상권,제과점,9,0,0,0,0.0,5.04,5.04
대치2동주민센터,골목상권,제과점,1,0,0,0,0.0,3.4,3.4
대치동아우편취급국,골목상권,제과점,1,0,0,0,0.0,3.4,3.4
대흥역 2번,골목상권,제과점,13,0,0,0,0.0,5.39,5.39
대흥역 3번,골목상권,제과점,4,0,3,75,33.0,3.8,-29.2
더케이호텔(양재리본타워2단지아파트),골목상권,제과점,2,0,0,0,0.0,3.81,3.81
덕성여대시반거리,골목상권,제과점,2,0,0,0,0.0,3.81,3.81
덕의초등학교,골목상권,제과점,2,0,0,0,0.0,3.84,3.84
도곡2동주민센터(대치중학교),골목상권,제과점,1,0,0,0,0.0,3.4,3.4
도곡초등학교,골목상권,제과점,5,0,0,0,0.0,4.51,4.51
도림2동유수지내체육시설,골목상권,제과점,3,0,0,0,0.0,4.15,4.15
도림동주민센터,골목상권,제과점,2,0,0,0,0.0,3.81,3.81
도봉구 정병원,골목상권,제과점,4,0,0,0,0.0,4.33,4.33
도봉구민회관,골목상권,제과점,1,0,0,0,0.0,3.47,3.47
도봉구보건소,골목상권,제과점,7,0,0,0,40.0,4.83,-35.17
도봉산역 1번,골목상권,제과점,1,0,0,0,0.0,3.4,3.4
도봉산입구,골목상권,제과점,3,0,1,33,0.0,3.91,3.91
도봉세무서,골목상권,제과점,2,0,0,0,0.0,3.81,3.81
도봉역 2번,골목상권,제과점,3,0,0,0,0.0,4.12,4.12
도산공원북측,골목상권,제과점,1,0,0,0,0.0,3.4,3.4
독립문역 1번,골목상권,제과점,4,0,0,0,0.0,4.38,4.38
독산119안전센터,골목상권,제과점,2,0,0,0,0.0,3.84,3.84
독산2동주민센터,골목상권,제과점,5,0,0,0,25.0,4.53,-20.47
독산동성당,골목상권,제과점,1,0,0,0,0.0,3.4,3.4
독산동정훈단지,골목상권,제과점,1,0,0,0,0.0,3.4,3.4
독산역 1번 출입구,골목상권,제과점,2,0,0,0,0.0,3.88,3.88
돌곶이역 1번,골목상권,제과점,1,0,0,0,0.0,3.4,3.4
돌곶이역 5번,골목상권,제과점,1,0,0,0,0.0,3.4,3.4
돌곶이역 8번,골목상권,제과점,2,0,0,0,0.0,3.84,3.84
동교초등학교,골목상권,제과점,10,1,0,0,0.0,5.53,5.53
동구여중,골목상권,제과점,4,0,0,0,0.0,4.33,4.33
동대문구청,골목상권,제과점,4,0,0,0,0.0,4.34,4.34
동대문역 1번,골목상권,제과점,2,0,0,0,0.0,3.81,3.81
동대문역사문화공원역 5번,골목상권,제과점,2,0,0,0,0.0,3.81,3.81
동대부고,골목상권,제과점,3,0,0,0,0.0,4.12,4.12
동대부여고,골목상권,제과점,4,1,1,25,0.0,5.16,5.16
동묘앞역 2번,골목상권,제과점,2,0,0,0,0.0,3.88,3.88
동일여자고등학교,골목상권,제과점,2,1,0,0,0.0,5.83,5.83
동작구자원봉사센터,골목상권,제과점,1,0,0,0,0.0,3.4,3.4
둔촌2동주민센터,골목상권,제과점,1,0,0,0,0.0,3.4,3.4
둔촌고등학교(둔촌중학교),골목상권,제과점,2,0,0,0,0.0,3.84,3.84
둔촌동역 1번(한산중학교),골목상권,제과점,3,1,0,0,0.0,5.44,5.44
둔촌동역 3번(성내3동주민센터),골목상권,제과점,4,0,0,0,0.0,4.33,4.33
둔촌동역 4번,골목상권,제과점,4,0,0,0,0.0,4.33,4.33
등촌1동주민센터,골목상권,제과점,7,1,0,0,0.0,5.37,5.37
등촌3동주민센터,골목상권,제과점,14,1,0,0,15.0,5.75,-9.25
등촌역 1번,골목상권,제과점,2,0,0,0,0.0,3.81,3.81
등촌역 4번,골목상권,제과점,1,0,0,0,0.0,3.4,3.4
등촌역 7번,골목상권,제과점,1,0,0,0,0.0,3.4,3.4
떡전교사거리,골목상권,제과점,1,0,0,0,0.0,3.4,3.4
뚝섬역교차로,골목상권,제과점,5,1,0,0,0.0,5.32,5.32
러스크서울병원,골목상권,제과점,5,0,1,20,25.0,4.37,-20.63
리움미술관,골목상권,제과점,1,0,0,0,0.0,3.47,3.47
마장역 2번,골목상권,제과점,1,0,0,0,0.0,3.47,3.47
마장역 3번,골목상권,제과점,1,0,0,0,0.0,3.4,3.4
마천1치안센터,골목상권,제과점,1,0,0,0,0.0,3.4,3.4
마천역(마천초등학교),골목상권,제과점,3,0,0,0,0.0,4.1,4.1
마포FM,골목상권,제과점,2,0,0,0,0.0,3.81,3.81
마포경찰서,골목상권,제과점,2,0,0,0,0.0,3.84,3.84
마포구청역 1번,골목상권,제과점,4,0,0,0,0.0,4.34,4.34
마포구청역 7번,골목상권,제과점,2,0,0,0,0.0,3.84,3.84
만리재,골목상권,제과점,2,0,0,0,0.0,3.84,3.84
말미고개,골목상권,제과점,1,0,0,0,0.0,3.4,3.4
망리단길,골목상권,제과점,47,1,2,4,2.0,6.68,4.68
망우3동주민센터,골목상권,제과점,1,0,0,0,0.0,3.4,3.4
망우본동주민센터,골목상권,제과점,6,1,0,0,0.0,5.37,5.37
망우역 1번,골목상권,제과점,1,0,0,0,0.0,3.4,3.4
망우역 2번,골목상권,제과점,1,0,0,0,0.0,3.4,3.4
망원역 1번,골목상권,제과점,6,0,1,17,0.0,4.55,4.55
매봉역 1번,골목상권,제과점,1,0,0,0,0.0,3.47,3.47
먹골역 1번,골목상권,제과점,4,1,0,0,0.0,5.37,5.37
먹골역 5번,골목상권,제과점,3,0,0,0,0.0,4.1,4.1
먹골파출소,골목상권,제과점,1,0,0,0,0.0,3.4,3.4
메디힐병원,골목상권,제과점,2,0,0,0,0.0,3.84,3.84
면동초등학교,골목상권,제과점,1,0,0,0,0.0,3.4,3.4
면목2동체육관,골목상권,제과점,1,0,0,0,0.0,3.4,3.4
면목동우체국,골목상권,제과점,2,0,0,0,0.0,3.81,3.81
면목역 1번,골목상권,제과점,3,0,0,0,0.0,4.12,4.12
면목역 2번,골목상권,제과점,4,0,0,0,0.0,4.33,4.33
면목역 3번,골목상권,제과점,2,0,0,0,0.0,3.84,3.84
명지대학교,골목상권,제과점,12,0,1,8,0.0,5.26,5.26
명지대학교교회,골목상권,제과점,4,0,0,0,0.0,4.34,4.34
모래내우체국,골목상권,제과점,4,0,0,0,0.0,4.34,4.34
목동로데오거리,골목상권,제과점,3,0,0,0,0.0,4.1,4.1
목동문화체육센터,골목상권,제과점,1,0,0,0,0.0,3.4,3.4
목동보건지소,골목상권,제과점,4,0,0,0,0.0,4.34,4.34
목동센트럴아이파크앞,골목상권,제과점,2,0,0,0,0.0,3.88,3.88
목동역 5번,골목상권,제과점,1,0,0,0,0.0,3.4,3.4
묘곡초등학교(고덕아이파크아파트),골목상권,제과점,4,0,0,0,0.0,4.33,4.33
문래동사거리,골목상권,제과점,2,0,0,0,0.0,3.81,3.81
문래예술촌(문래창작촌),골목상권,제과점,11,3,0,0,0.0,6.32,6.32
문래중학교,골목상권,제과점,1,0,0,0,0.0,3.4,3.4
문성초등학교,골목상권,제과점,2,0,1,50,0.0,3.45,3.45
문정동성당,골목상권,제과점,1,0,0,0,0.0,3.4,3.4
문정역 1번,골목상권,제과점,4,0,0,0,0.0,4.36,4.36
문정역 2번,골목상권,제과점,2,0,0,0,0.0,3.81,3.81
문정초등학교,골목상권,제과점,4,0,0,0,0.0,4.33,4.33
문현중학교(장지역 1번),골목상권,제과점,2,0,0,0,0.0,3.84,3.84
미근동,골목상권,제과점,3,0,0,0,0.0,4.12,4.12
미림여고,골목상권,제과점,1,0,0,0,0.0,3.4,3.4
미성동주민센터,골목상권,제과점,2,0,0,0,0.0,3.84,3.84
미성초등학교,골목상권,제과점,2,0,0,0,0.0,3.84,3.84
미아역 5번,골목상권,제과점,2,0,0,0,0.0,3.81,3.81
미아역 8번,골목상권,제과점,1,0,0,0,0.0,3.47,3.47
바우뫼공원,골목상권,제과점,2,0,0,0,0.0,3.81,3.81
반포4동주민센터(몽마르뜨공원),골목상권,제과점,1,0,0,0,0.0,3.4,3.4
발산역 5번,골목상권,제과점,2,0,0,0,0.0,3.84,3.84
방배노인종합복지관(이수중학교),골목상권,제과점,3,0,0,0,0.0,4.1,4.1
방배동사이길,골목상권,제과점,5,0,0,0,25.0,4.51,-20.49
방배아이파크아파트,골목상권,제과점,1,0,0,0,100.0,3.4,-96.6
방배역 3번,골목상권,제과점,3,0,0,0,0.0,4.1,4.1
방배초등학교,골목상권,제과점,2,0,0,0,0.0,3.81,3.81
방이동고분군(방산고등학교),골목상권,제과점,2,0,0,0,0.0,3.81,3.81
방이역 1번,골목상권,제과점,6,0,0,0,20.0,4.68,-15.32
방이역 2번,골목상권,제과점,4,0,1,25,0.0,4.16,4.16
방이역 4번,골목상권,제과점,10,1,0,0,25.0,5.55,-19.45
방학1동주민센터,골목상권,제과점,4,0,0,0,0.0,4.33,4.33
방학역 1번,골목상권,제과점,5,0,0,0,20.0,4.51,-15.49
방학역 2번,골목상권,제과점,3,0,0,0,0.0,4.1,4.1
방학중학교,골목상권,제과점,2,0,0,0,0.0,3.84,3.84
방학초등학교,골목상권,제과점,2,0,0,0,0.0,3.84,3.84
방화역 1번,골목상권,제과점,3,0,0,0,0.0,4.17,4.17
방화역 3번,골목상권,제과점,3,0,0,0,0.0,4.15,4.15
방화초등학교,골목상권,제과점,2,0,0,0,0.0,3.81,3.81
배문고등학교,골목상권,제과점,1,0,0,0,0.0,3.4,3.4
배화여자대학교(박노수미술관),골목상권,제과점,9,0,0,0,13.0,5.03,-7.97
백산초등학교,골목상권,제과점,3,0,0,0,0.0,4.12,4.12
번동주공2단지,골목상권,제과점,1,0,0,0,0.0,3.47,3.47
법제교육센터(버들어린이공원),골목상권,제과점,3,1,0,0,33.0,5.48,-27.52
보라매동주민센터(당곡고등학교),골목상권,제과점,3,0,0,0,0.0,4.1,4.1
보라매역 2번,골목상권,제과점,5,0,0,0,0.0,4.53,4.53
보라매역 4번,골목상권,제과점,1,0,0,0,0.0,3.4,3.4
보라매역 6번,골목상권,제과점,5,1,0,0,0.0,5.34,5.34
보문역 4번,골목상권,제과점,5,0,0,0,0.0,4.51,4.51
보문역 8번,골목상권,제과점,3,0,1,33,0.0,3.89,3.89
봉은사역 4번,골목상권,제과점,1,0,0,0,0.0,3.4,3.4
봉천역 1번(관악초등학교),골목상권,제과점,2,0,0,0,0.0,3.81,3.81
봉천역 4번(봉천110안전센터),골목상권,제과점,2,0,0,0,100.0,3.81,-96.19
봉천역 6번,골목상권,제과점,1,0,0,0,0.0,3.4,3.4
부암동주민센터,골목상권,제과점,1,0,0,0,0.0,3.4,3.4
북가좌2동주민센터,골목상권,제과점,3,0,1,33,0.0,3.89,3.89
북가좌초등학교,골목상권,제과점,2,0,0,0,0.0,3.81,3.81
북정마을,골목상권,제과점,1,0,0,0,0.0,3.4,3.4
북한산보국문역 1번,골목상권,제과점,1,0,0,0,0.0,3.4,3.4
북한산보국문역 2번,골목상권,제과점,2,0,0,0,100.0,3.81,-96.19
북한산우이역 2번,골목상권,제과점,1,0,0,0,0.0,3.4,3.4
불광역 3번,골목상권,제과점,4,0,0,0,0.0,4.33,4.33
불광역 7번,골목상권,제과점,4,0,0,0,0.0,4.36,4.36
불광중학교,골목상권,제과점,1,0,0,0,0.0,3.47,3.47
사가정역 1번,골목상권,제과점,3,0,0,0,0.0,4.1,4.1
사가정역 4번,골목상권,제과점,3,0,0,0,0.0,4.12,4.12
사근동살곶이상점가,골목상권,제과점,3,1,0,0,0.0,5.46,5.46
사당역 10번,골목상권,제과점,7,1,0,0,0.0,5.37,5.37
사당역 4번,골목상권,제과점,2,0,0,0,0.0,3.84,3.84
사당종합체육관,골목상권,제과점,1,0,0,0,0.0,3.47,3.47
사직공원(한국사회과학도서관),골목상권,제과점,4,0,0,0,33.0,4.34,-28.66
삼각지역 3번,골목상권,제과점,2,1,0,0,0.0,5.83,5.83
삼광초등학교,골목상권,제과점,1,0,0,0,0.0,3.4,3.4
삼선동주민센터,골목상권,제과점,4,0,0,0,0.0,4.33,4.33
삼성산자연공원(서울금천초등학교),골목상권,제과점,1,0,1,100,0.0,2.68,2.68
삼성중앙역 5번,골목상권,제과점,1,0,0,0,0.0,3.4,3.4
삼성중앙역 7번,골목상권,제과점,2,0,0,0,0.0,3.81,3.81
삼양사거리역 1번,골목상권,제과점,2,0,0,0,0.0,3.81,3.81
삼양사거리역 2번,골목상권,제과점,1,0,0,0,0.0,3.4,3.4
삼양입구사거리,골목상권,제과점,1,0,0,0,0.0,3.4,3.4
삼육보건대학교,골목상권,제과점,2,0,0,0,0.0,3.84,3.84
삼전역 1번,골목상권,제과점,7,0,1,14,0.0,4.72,4.72
삼전역 3번,골목상권,제과점,3,0,0,0,0.0,4.17,4.17
삼전역 4번,골목상권,제과점,3,2,1,33,0.0,6.57,6.57
상계2동주민센터,골목상권,제과점,3,0,0,0,0.0,4.1,4.1
상계5동주민센터,골목상권,제과점,8,0,0,0,0.0,4.92,4.92
상계역,골목상권,제과점,5,0,0,0,0.0,4.55,4.55
상계초등학교,골목상권,제과점,4,0,1,25,0.0,4.15,4.15
상도1동주민센터앞,골목상권,제과점,1,0,0,0,0.0,3.4,3.4
상도역 2번,골목상권,제과점,4,1,0,0,0.0,5.36,5.36
상도역 5번,골목상권,제과점,7,0,1,14,0.0,4.71,4.71
상봉역 3번,골목상권,제과점,3,0,0,0,0.0,4.1,4.1
상봉역 7번,골목상권,제과점,3,0,0,0,0.0,4.1,4.1
상수역 4번,골목상권,제과점,1,0,0,0,0.0,3.4,3.4
상왕십리역 3번,골목상권,제과점,5,0,0,0,25.0,4.51,-20.49
상왕십리역 6번,골목상권,제과점,2,0,0,0,0.0,3.81,3.81
상월곡역 1번,골목상권,제과점,7,0,0,0,0.0,4.81,4.81
상월곡역 3번,골목상권,제과점,2,0,0,0,0.0,3.88,3.88
상일여고(상일초등학교),골목상권,제과점,12,1,1,8,0.0,5.57,5.57
새남터성지,골목상권,제과점,2,0,0,0,0.0,3.81,3.81
새절역 2번,골목상권,제과점,1,0,0,0,0.0,3.4,3.4
새절역 3번,골목상권,제과점,3,0,0,0,0.0,4.12,4.12
새터산,골목상권,제과점,2,0,0,0,0.0,3.81,3.81
샘말어린이공원,골목상권,제과점,2,0,0,0,0.0,3.81,3.81
샤로수길,골목상권,제과점,13,0,1,8,8.0,5.32,-2.68
서강대역 1번,골목상권,제과점,8,0,0,0,0.0,4.93,4.93
서강대학교,골목상권,제과점,1,0,0,0,0.0,3.4,3.4
서대문소방서,골목상권,제과점,4,0,0,0,0.0,4.34,4.34
서대문우체국,골목상권,제과점,2,0,0,0,0.0,3.81,3.81
서래초등학교,골목상권,제과점,1,0,0,0,0.0,3.4,3.4
서문여고,골목상권,제과점,1,0,1,100,0.0,2.68,2.68
서서울호수공원,골목상권,제과점,1,0,0,0,0.0,3.4,3.4
서연중학교,골목상권,제과점,6,0,0,0,0.0,4.67,4.67
서울국제고등학교,골목상권,제과점,2,0,0,0,0.0,3.84,3.84
서울대입구역 8번,골목상권,제과점,4,0,1,25,33.0,4.15,-28.85
서울북부고용노동지청,골목상권,제과점,1,0,0,0,0.0,3.4,3.4
서울서부지방법원,골목상권,제과점,4,0,0,0,0.0,4.34,4.34
서울숲역 1번,골목상권,제과점,1,0,0,0,0.0,3.4,3.4
서울숲카페거리,골목상권,제과점,13,0,0,0,18.0,5.37,-12.63
서울시립대,골목상권,제과점,2,0,0,0,0.0,3.81,3.81
서울여자간호대학교,골목상권,제과점,2,0,0,0,0.0,3.81,3.81
서울역 12번,골목상권,제과점,4,0,0,0,0.0,4.33,4.33
서울역 15번,골목상권,제과점,4,0,0,0,0.0,4.33,4.33
서울지방병무청,골목상권,제과점,1,0,0,0,0.0,3.4,3.4
서울축산농협 독산역지점(독산파출소),골목상권,제과점,2,0,0,0,0.0,3.81,3.81
서울프랑스학교,골목상권,제과점,1,0,0,0,0.0,3.4,3.4
서원동주민센터(신관중학교),골목상권,제과점,1,0,0,0,0.0,3.4,3.4
서일대학교,골목상권,제과점,5,0,0,0,0.0,4.53,4.53
서초동성당,골목상권,제과점,6,0,0,0,0.0,4.68,4.68
서초중학교,골목상권,제과점,3,0,0,0,0.0,4.1,4.1
석계역 1번,골목상권,제과점,3,0,0,0,0.0,4.12,4.12
석계역 2번,골목상권,제과점,1,0,0,0,0.0,3.4,3.4
석계역 7번,골목상권,제과점,3,0,0,0,0.0,4.12,4.12
석수역 1번 출입구,골목상권,제과점,1,0,0,0,0.0,3.47,3.47
석촌고분역 1번,골목상권,제과점,5,0,0,0,0.0,4.54,4.54
석촌고분역 3번,골목상권,제과점,1,0,0,0,0.0,3.4,3.4
석촌고분역 4번,골목상권,제과점,2,0,0,0,0.0,3.84,3.84
석촌역 3번,골목상권,제과점,11,1,1,9,0.0,5.52,5.52
석촌역 6번,골목상권,제과점,6,0,0,0,0.0,4.67,4.67
석촌역 7번,골목상권,제과점,10,0,0,0,0.0,5.13,5.13
석촌중학교(방이육교),골목상권,제과점,1,0,0,0,0.0,3.47,3.47
선유도역 1번,골목상권,제과점,10,0,0,0,11.0,5.14,-5.86
선유도역 6번,골목상권,제과점,3,0,0,0,0.0,4.1,4.1
선일여고,골목상권,제과점,7,0,0,0,0.0,4.83,4.83
선정릉역 4번,골목상권,제과점,1,0,0,0,0.0,3.4,3.4
선정중학교,골목상권,제과점,1,0,0,0,0.0,3.4,3.4
성곡미술관,골목상권,제과점,3,0,0,0,0.0,4.1,4.1
성균관대학교,골목상권,제과점,2,0,0,0,0.0,3.81,3.81
성남고등학교,골목상권,제과점,1,0,0,0,0.0,3.4,3.4
성내중학교,골목상권,제과점,2,0,0,0,0.0,3.81,3.81
성내천어린이공원(하니사랑길),골목상권,제과점,5,1,0,0,25.0,5.34,-19.66
성동초등학교,골목상권,제과점,3,1,0,0,0.0,5.44,5.44
성미산체육관,골목상권,제과점,2,0,0,0,0.0,3.84,3.84
성북초등학교앞,골목상권,제과점,3,0,0,0,0.0,4.1,4.1
성산중학교,골목상권,제과점,5,0,0,0,0.0,4.51,4.51
성서초등학교,골목상권,제과점,3,0,0,0,0.0,4.1,4.1
성수119안전센터,골목상권,제과점,5,1,0,0,0.0,5.32,5.32
성수1가1동주민센터,골목상권,제과점,1,0,0,0,0.0,3.4,3.4
성수2가3동주민센터,골목상권,제과점,5,1,0,0,0.0,5.34,5.34
성수동카페거리,골목상권,제과점,14,1,1,7,0.0,5.68,5.68
성수초등학교,골목상권,제과점,8,0,0,0,14.0,4.94,-9.06
성신여대입구역 1번,골목상권,제과점,4,0,0,0,0.0,4.34,4.34
성신여대입구역 4번,골목상권,제과점,3,0,0,0,0.0,4.12,4.12
성신여대입구역 7번,골목상권,제과점,3,0,0,0,0.0,4.1,4.1
성심여자고등학교,골목상권,제과점,3,0,0,0,0.0,4.1,4.1
성원어린이공원,골목상권,제과점,3,0,0,0,0.0,4.1,4.1
성원중학교,골목상권,제과점,13,0,1,8,17.0,5.32,-11.68
성자초등학교,골목상권,제과점,2,0,1,50,0.0,3.45,3.45
세검정,골목상권,제과점,1,0,0,0,0.0,3.4,3.4
세검정초등학교,골목상권,제과점,3,0,1,33,0.0,3.89,3.89
세곡초등학교,골목상권,제과점,5,0,0,0,0.0,4.51,4.51
세명컴퓨터고등학교,골목상권,제과점,1,0,0,0,0.0,3.4,3.4
솔밭공원역 1번,골목상권,제과점,2,0,0,0,0.0,3.84,3.84
솔밭공원역 2번,골목상권,제과점,1,0,0,0,0.0,3.47,3.47
송정역 3번,골목상권,제과점,1,0,0,0,0.0,3.4,3.4
송정역 4번,골목상권,제과점,1,0,0,0,0.0,3.47,3.47
송정체육공원,골목상권,제과점,4,0,0,0,0.0,4.33,4.33
송중동주민센터,골목상권,제과점,4,0,0,0,0.0,4.36,4.36
송파나루역 1번(송리단길),골목상권,제과점,24,1,1,4,4.0,6.1,2.1
송파나루역 2번,골목상권,제과점,3,0,0,0,0.0,4.1,4.1
송파역 2번,골목상권,제과점,1,0,0,0,0.0,3.4,3.4
수궁동주민센터,골목상권,제과점,2,1,1,50,0.0,5.51,5.51
수락산디자인거리,골목상권,제과점,8,0,0,0,0.0,4.95,4.95
수락산역 4번,골목상권,제과점,6,0,0,0,0.0,4.69,4.69
수송초등학교,골목상권,제과점,1,0,0,0,0.0,3.4,3.4
수유1동주민센터,골목상권,제과점,3,0,0,0,0.0,4.12,4.12
수유북부시장옆,골목상권,제과점,3,0,0,0,33.0,4.1,-28.9
수유시장옆,골목상권,제과점,2,0,0,0,0.0,3.81,3.81
수유역 2번,골목상권,제과점,1,0,0,0,0.0,3.4,3.4
숙대입구,골목상권,제과점,9,1,0,0,29.0,5.48,-23.52
숙대입구역 1번,골목상권,제과점,4,0,0,0,0.0,4.34,4.34
숭곡초등학교,골목상권,제과점,2,0,1,50,0.0,3.48,3.48
숭실대입구역 1번,골목상권,제과점,7,0,0,0,0.0,4.82,4.82
숭실대입구역 4번,골목상권,제과점,1,0,0,0,0.0,3.4,3.4
시립서북병원,골목상권,제과점,4,0,0,0,0.0,4.34,4.34
시흥4동주민센터(서울신흥초등학교),골목상권,제과점,2,0,0,0,100.0,3.81,-96.19
시흥동 은행나무사거리,골목상권,제과점,2,0,0,0,0.0,3.81,3.81
신곡초등학교,골목상권,제과점,3,0,0,0,0.0,4.1,4.1
신광명마을,골목상권,제과점,1,0,0,0,0.0,3.4,3.4
신금호역 4번,골목상권,제과점,1,0,0,0,0.0,3.4,3.4
신길3동주민센터,골목상권,제과점,1,0,0,0,0.0,3.4,3.4
신길새마을금고신길4동지점,골목상권,제과점,1,0,0,0,0.0,3.4,3.4
신길역 3번,골목상권,제과점,1,0,0,0,0.0,3.4,3.4
신내1동주민센터,골목상권,제과점,6,0,0,0,0.0,4.7,4.7
신내역 2번,골목상권,제과점,1,0,0,0,0.0,3.4,3.4
신당역 3번,골목상권,제과점,1,0,1,100,0.0,2.68,2.68
신대방삼거리역 1번,골목상권,제과점,3,0,0,0,0.0,4.1,4.1
신대방역 1번,골목상권,제과점,4,1,0,0,0.0,5.37,5.37
신대방역 2번,골목상권,제과점,4,1,0,0,0.0,5.36,5.36
신대방역 4번,골목상권,제과점,6,0,0,0,0.0,4.68,4.68
신림역 1번,골목상권,제과점,3,1,0,0,0.0,5.46,5.46
"신림역 5번(신림동주민센터, 신림동별빛거리)",골목상권,제과점,5,1,1,20,0.0,5.18,5.18
신림역 8번,골목상권,제과점,1,0,1,100,0.0,2.68,2.68
신림우방아파트,골목상권,제과점,4,1,0,0,100.0,5.34,-94.66
신림초등학교,골목상권,제과점,1,0,0,0,0.0,3.4,3.4
신림현대아파트,골목상권,제과점,1,0,0,0,0.0,3.47,3.47
신묵초등학교,골목상권,제과점,2,0,1,50,0.0,3.45,3.45
신방화역 2번,골목상권,제과점,5,1,0,0,0.0,5.32,5.32
신사1동주민센터,골목상권,제과점,3,0,0,0,0.0,4.1,4.1
신사은행나무공원,골목상권,제과점,3,0,0,0,0.0,4.1,4.1
신서초등학교,골목상권,제과점,3,0,0,0,0.0,4.1,4.1
신원동주민센터,골목상권,제과점,5,0,0,0,0.0,4.53,4.53
신월1동우편취급국,골목상권,제과점,3,0,0,0,0.0,4.15,4.15
신월1동주민센터,골목상권,제과점,1,0,0,0,0.0,3.4,3.4
신월1파출소,골목상권,제과점,1,0,0,0,0.0,3.4,3.4
신월2동주민센터,골목상권,제과점,3,1,0,0,0.0,5.44,5.44
신월3동주민센터,골목상권,제과점,3,0,0,0,0.0,4.12,4.12
신월4동주민센터,골목상권,제과점,1,0,0,0,0.0,3.47,3.47
신월문화체육센터,골목상권,제과점,4,1,0,0,0.0,5.37,5.37
신월시영아파트중문,골목상권,제과점,1,0,0,0,0.0,3.4,3.4
신자초등학교,골목상권,제과점,1,0,1,100,0.0,2.68,2.68
신정2동주민센터,골목상권,제과점,6,0,0,0,0.0,4.67,4.67
신정네거리역 2번,골목상권,제과점,1,0,0,0,0.0,3.4,3.4
신정네거리역 4번,골목상권,제과점,2,0,0,0,0.0,3.81,3.81
신정롯데캐슬아파트,골목상권,제과점,10,1,0,0,11.0,5.55,-5.45
신정역 1번,골목상권,제과점,1,0,0,0,0.0,3.4,3.4
신정역 5번,골목상권,제과점,3,0,0,0,0.0,4.1,4.1
신중초등학교,골목상권,제과점,1,0,0,0,0.0,3.4,3.4
신진과학기술고등학교,골목상권,제과점,5,0,0,0,0.0,4.54,4.54
신창초등학교,골목상권,제과점,6,0,0,0,20.0,4.7,-15.3
신촌역 6번,골목상권,제과점,1,0,0,0,0.0,3.4,3.4
신풍역 1번,골목상권,제과점,2,0,1,50,0.0,3.45,3.45
신한은행 신월동지점,골목상권,제과점,1,0,0,0,0.0,3.47,3.47
싸리고개근린공원,골목상권,제과점,1,0,0,0,0.0,3.4,3.4
쌍문역1번(쌍리단길),골목상권,제과점,5,0,0,0,0.0,4.51,4.51
쌍문초등학교,골목상권,제과점,3,0,0,0,0.0,4.12,4.12
아차산역 1번,골목상권,제과점,6,0,0,0,0.0,4.67,4.67
아차산역 5번,골목상권,제과점,1,0,0,0,0.0,3.4,3.4
아카데미하우스,골목상권,제과점,1,0,0,0,0.0,3.4,3.4
아현역 1번,골목상권,제과점,3,0,0,0,50.0,4.1,-45.9
아현역 2번,골목상권,제과점,3,0,0,0,0.0,4.12,4.12
안암역 2번,골목상권,제과점,2,0,0,0,0.0,3.81,3.81
안암역 3번,골목상권,제과점,1,0,1,100,0.0,2.68,2.68
암사역 1번,골목상권,제과점,7,1,1,14,0.0,5.27,5.27
암사역 2번(서울강동초등학교),골목상권,제과점,4,0,0,0,0.0,4.34,4.34
암사역 3번(천호동자전거거리),골목상권,제과점,5,1,0,0,0.0,5.32,5.32
약수역 7번,골목상권,제과점,1,0,0,0,0.0,3.4,3.4
양목초등학교,골목상권,제과점,1,0,0,0,0.0,3.4,3.4
양재근린공원(양재2동주민센터),골목상권,제과점,1,0,0,0,0.0,3.4,3.4
양재역 8번(양재동우체국),골목상권,제과점,4,0,0,0,33.0,4.33,-28.67
양지어린이공원,골목상권,제과점,1,0,0,0,0.0,3.4,3.4
양천향교역 2번,골목상권,제과점,3,1,0,0,0.0,5.44,5.44
양천향교역 5번,골목상권,제과점,2,0,0,0,0.0,3.84,3.84
양천향교역 7번,골목상권,제과점,8,2,0,0,0.0,5.96,5.96
양평역 2번,골목상권,제과점,5,0,0,0,0.0,4.53,4.53
양화대교북단,골목상권,제과점,2,0,0,0,0.0,3.81,3.81
양화초등학교,골목상권,제과점,3,0,0,0,0.0,4.1,4.1
어린이대공원역 4번,골목상권,제과점,3,1,1,33,0.0,5.2,5.2
언남고등학교,골목상권,제과점,3,0,1,33,0.0,3.89,3.89
언북중학교,골목상권,제과점,2,1,0,0,0.0,5.83,5.83
언북초등학교,골목상권,제과점,1,0,0,0,0.0,3.4,3.4
언주역 3번,골목상권,제과점,1,0,0,0,0.0,3.4,3.4
언주역 6번,골목상권,제과점,1,0,0,0,0.0,3.4,3.4
언주역 8번,골목상권,제과점,1,0,1,100,0.0,2.68,2.68
역삼역 8번,골목상권,제과점,2,0,0,0,0.0,3.81,3.81
역삼월드메르디앙아파트,골목상권,제과점,1,0,0,0,0.0,3.4,3.4
역촌노인복지관,골목상권,제과점,3,0,0,0,0.0,4.15,4.15
역촌역 2번,골목상권,제과점,1,0,0,0,0.0,3.47,3.47
역촌역 3번,골목상권,제과점,2,0,0,0,0.0,3.81,3.81
연가초등학교,골목상권,제과점,1,1,1,100,0.0,6.72,6.72
연신내역 2번,골목상권,제과점,1,0,0,0,0.0,3.4,3.4
연신내역 4번,골목상권,제과점,4,0,0,0,25.0,4.34,-20.66
연신내역 7번,골목상권,제과점,5,0,1,20,0.0,4.37,4.37
연신내우체국,골목상권,제과점,2,0,0,0,0.0,3.81,3.81
연신초등학교,골목상권,제과점,1,0,0,0,0.0,3.4,3.4
연천초등학교,골목상권,제과점,1,0,0,0,0.0,3.47,3.47
연트럴파크(연남동주민센터),골목상권,제과점,18,0,1,6,0.0,5.64,5.64
연희대우아파트앞,골목상권,제과점,5,0,0,0,0.0,4.51,4.51
연희세브란스병원,골목상권,제과점,4,0,0,0,0.0,4.34,4.34
연희어린이공원,골목상권,제과점,1,0,0,0,0.0,3.4,3.4
연희초등학교,골목상권,제과점,1,0,0,0,0.0,3.4,3.4
연희파출소,골목상권,제과점,2,0,0,0,0.0,3.81,3.81
염곡동 구룡사(포이동성당),골목상권,제과점,5,0,1,20,25.0,4.37,-20.63
염창무학아파트,골목상권,제과점,1,0,0,0,0.0,3.47,3.47
염창역 2번,골목상권,제과점,1,0,0,0,0.0,3.4,3.4
영동초등학교,골목상권,제과점,1,0,0,0,0.0,3.4,3.4
영등포구청역 2번,골목상권,제과점,3,0,0,0,0.0,4.12,4.12
영등포구청역 6번,골목상권,제과점,2,1,0,0,0.0,5.83,5.83
영등포시장역 1번,골목상권,제과점,2,0,0,0,0.0,3.84,3.84
영등포시장역 3번,골목상권,제과점,2,0,0,0,0.0,3.81,3.81
영등포역 2번,골목상권,제과점,3,0,0,0,0.0,4.12,4.12
영등포푸르지오아파트,골목상권,제과점,4,0,0,0,0.0,4.34,4.34
영락고등학교,골목상권,제과점,1,0,0,0,0.0,3.4,3.4
영신여고,골목상권,제과점,3,1,0,0,0.0,5.46,5.46
영신초등학교,골목상권,제과점,4,1,0,0,0.0,5.36,5.36
예일여고,골목상권,제과점,2,0,0,0,0.0,3.81,3.81
오거리공원,골목상권,제과점,3,0,0,0,0.0,4.1,4.1
오금역 4번,골목상권,제과점,2,0,0,0,0.0,3.81,3.81
오동나무공원(송파레미니스1단지),골목상권,제과점,6,0,0,0,0.0,4.69,4.69
오류2동버들시장,골목상권,제과점,6,0,0,0,0.0,4.68,4.68
오류동역 1번,골목상권,제과점,1,0,0,0,0.0,3.4,3.4
오류동역 3번,골목상권,제과점,3,1,0,0,0.0,5.44,5.44
오류지구대,골목상권,제과점,1,0,0,0,100.0,3.4,-96.6
오산중학교,골목상권,제과점,3,0,0,0,0.0,4.1,4.1
옥수역 6번,골목상권,제과점,5,0,1,20,0.0,4.42,4.42
온수역 1번,골목상권,제과점,1,0,0,0,0.0,3.47,3.47
온수역 5번(온수산업단지),골목상권,제과점,1,0,0,0,0.0,3.47,3.47
왕십리역 9번,골목상권,제과점,2,1,1,50,0.0,5.51,5.51
외대앞역 1번,골목상권,제과점,3,0,0,0,0.0,4.1,4.1
외대앞역 2번,골목상권,제과점,3,0,0,0,50.0,4.12,-45.88
용강동주민센터,골목상권,제과점,2,0,0,0,0.0,3.81,3.81
용두동신동아아파트,골목상권,제과점,1,0,0,0,0.0,3.47,3.47
용두희망어린이공원,골목상권,제과점,2,0,0,0,0.0,3.81,3.81
용마초등학교,골목상권,제과점,3,0,0,0,0.0,4.12,4.12
용산구청,골목상권,제과점,5,0,0,0,25.0,4.51,-20.49
우리은행응암동지점,골목상권,제과점,3,0,0,0,0.0,4.1,4.1
우면주공아파트,골목상권,제과점,2,0,2,100,0.0,3.12,3.12
우사단길,골목상권,제과점,2,0,0,0,0.0,3.81,3.81
우이천 계성교,골목상권,제과점,2,0,0,0,0.0,3.84,3.84
우장산롯데캐슬아파트앞,골목상권,제과점,1,0,0,0,0.0,3.4,3.4
우장산역 1번,골목상권,제과점,3,0,0,0,0.0,4.12,4.12
우장산역 4번,골목상권,제과점,6,2,1,17,0.0,5.92,5.92
월계역 3번,골목상권,제과점,2,0,0,0,0.0,3.81,3.81
윗방죽마을공원,골목상권,제과점,2,1,1,50,0.0,5.54,5.54
은곡마을(은곡마을공원),골목상권,제과점,3,0,0,0,50.0,4.17,-45.83
은천초등학교(은천교앞),골목상권,제과점,4,0,0,0,0.0,4.36,4.36
은평구청,골목상권,제과점,2,0,0,0,0.0,3.84,3.84
은평요양병원,골목상권,제과점,2,0,0,0,0.0,3.81,3.81
응봉산,골목상권,제과점,1,0,0,0,0.0,3.47,3.47
응암1동주민센터,골목상권,제과점,1,0,0,0,0.0,3.4,3.4
응암동우체국,골목상권,제과점,3,0,1,33,0.0,3.89,3.89
응암역 2번,골목상권,제과점,5,0,0,0,0.0,4.51,4.51
응암역 3번,골목상권,제과점,8,0,0,0,14.0,4.95,-9.05
응암정보도서관,골목상권,제과점,4,0,0,0,0.0,4.36,4.36
이대역 5번,골목상권,제과점,2,0,0,0,0.0,3.81,3.81
이수역 10번,골목상권,제과점,2,0,0,0,0.0,3.81,3.81
이수역 9번,골목상권,제과점,1,0,0,0,0.0,3.4,3.4
이촌동점보아파트,골목상권,제과점,2,0,0,0,0.0,3.81,3.81
이태원엔틱가구거리,골목상권,제과점,1,0,0,0,0.0,3.4,3.4
이태원역 북측,골목상권,제과점,1,0,0,0,0.0,3.4,3.4
이화달팽이길,골목상권,제과점,5,1,0,0,0.0,5.32,5.32
인수중학교,골목상권,제과점,1,0,0,0,0.0,3.4,3.4
인헌고등학교(인헌중학교),골목상권,제과점,2,0,0,0,0.0,3.81,3.81
자양4동주민센터,골목상권,제과점,1,0,0,0,0.0,3.4,3.4
자양동우체국,골목상권,제과점,3,0,0,0,0.0,4.12,4.12
자양한강도서관,골목상권,제과점,1,0,0,0,0.0,3.47,3.47
자하문터널,골목상권,제과점,5,0,0,0,0.0,4.51,4.51
잠실나루역,골목상권,제과점,2,0,0,0,0.0,3.84,3.84
잠원역,골목상권,제과점,2,1,0,0,0.0,5.87,5.87
장곡초등학교,골목상권,제과점,3,0,0,0,0.0,4.1,4.1
장로회신학대학교,골목상권,제과점,1,0,0,0,0.0,3.4,3.4
장스여성병원,골목상권,제과점,3,0,0,0,0.0,4.15,4.15
장승배기역 4번,골목상권,제과점,3,0,0,0,0.0,4.1,4.1
장안1동주민센터,골목상권,제과점,6,1,0,0,0.0,5.37,5.37
장안근린공원,골목상권,제과점,2,0,0,0,0.0,3.81,3.81
장안제일시장,골목상권,제과점,2,0,0,0,0.0,3.81,3.81
장안중학교,골목상권,제과점,1,0,1,100,0.0,2.68,2.68
장안초등학교,골목상권,제과점,4,0,0,0,0.0,4.33,4.33
장위1동주민센터,골목상권,제과점,2,1,1,50,0.0,5.51,5.51
장지동주민센터(한림연예예술고교),골목상권,제과점,6,0,0,0,0.0,4.68,4.68
장충단 고개,골목상권,제과점,3,0,0,0,0.0,4.1,4.1
장충동주민센터,골목상권,제과점,1,1,0,0,0.0,7.44,7.44
장충초등학교,골목상권,제과점,1,0,0,0,0.0,3.4,3.4
장평중학교,골목상권,제과점,4,0,0,0,0.0,4.34,4.34
장훈고등학교,골목상권,제과점,1,0,0,0,0.0,3.4,3.4
전농1동주민센터(전농시장),골목상권,제과점,1,0,0,0,0.0,3.4,3.4
전농중학교,골목상권,제과점,1,0,0,0,0.0,3.47,3.47
절두산순교성지,골목상권,제과점,1,0,0,0,0.0,3.4,3.4
정릉북한산국립공원입구,골목상권,제과점,1,0,0,0,0.0,3.47,3.47
정릉역 1번,골목상권,제과점,2,0,0,0,0.0,3.81,3.81
정릉우체국,골목상권,제과점,2,0,0,0,0.0,3.81,3.81
제기동역 1번,골목상권,제과점,1,0,0,0,0.0,3.4,3.4
제기동역 6번,골목상권,제과점,1,0,0,0,0.0,3.47,3.47
종암경찰서,골목상권,제과점,4,0,0,0,33.0,4.34,-28.66
종암동주민센터,골목상권,제과점,5,0,0,0,0.0,4.54,4.54
종암아이파크2차,골목상권,제과점,8,0,0,0,0.0,4.94,4.94
종암중학교,골목상권,제과점,2,0,0,0,0.0,3.88,3.88
중계초등학교,골목상권,제과점,2,0,0,0,0.0,3.88,3.88
중곡1동 마을마당,골목상권,제과점,2,0,0,0,0.0,3.81,3.81
중곡1동주민센터,골목상권,제과점,2,0,0,0,0.0,3.81,3.81
중곡3동주민센터,골목상권,제과점,2,0,0,0,0.0,3.81,3.81
중곡역 3번,골목상권,제과점,6,0,0,0,20.0,4.68,-15.32
중곡초등학교,골목상권,제과점,2,0,0,0,0.0,3.84,3.84
중랑노인종합복지관,골목상권,제과점,4,0,0,0,33.0,4.34,-28.66
중랑역 4번,골목상권,제과점,2,0,0,0,0.0,3.84,3.84
중암중학교,골목상권,제과점,1,0,0,0,0.0,3.4,3.4
중앙대학교,골목상권,제과점,1,0,0,0,0.0,3.4,3.4
중앙보훈병원,골목상권,제과점,2,0,0,0,0.0,3.81,3.81
중화역 1번,골목상권,제과점,3,0,0,0,0.0,4.1,4.1
중화역 4번,골목상권,제과점,2,0,0,0,0.0,3.81,3.81
증산역 1번,골목상권,제과점,1,0,0,0,0.0,3.4,3.4
증산역 3번,골목상권,제과점,3,0,1,33,0.0,3.89,3.89
증산역 4번,골목상권,제과점,2,0,0,0,0.0,3.81,3.81
지향초등학교,골목상권,제과점,1,0,0,0,0.0,3.4,3.4
창2동주민센터,골목상권,제과점,6,0,0,0,0.0,4.68,4.68
창덕궁,골목상권,제과점,3,0,0,0,0.0,4.1,4.1
창동역 2번,골목상권,제과점,5,0,0,0,0.0,4.51,4.51
창신역 1번,골목상권,제과점,1,0,0,0,0.0,3.47,3.47
천동초등학교,골목상권,제과점,1,0,0,0,0.0,3.4,3.4
천일초등학교,골목상권,제과점,1,0,0,0,0.0,3.4,3.4
천호공원(해공체육문화센터),골목상권,제과점,1,0,0,0,0.0,3.4,3.4
천호역 1번(천호문구완구거리),골목상권,제과점,2,0,0,0,0.0,3.81,3.81
천호역 6번,골목상권,제과점,2,0,0,0,0.0,3.81,3.81
천호지구대(천호동자전거거리),골목상권,제과점,4,0,0,0,0.0,4.33,4.33
천호태영아파트,골목상권,제과점,3,0,0,0,0.0,4.1,4.1
청계산원터골,골목상권,제과점,1,0,0,0,0.0,3.4,3.4
청계산입구역 2번(내곡동주민센터),골목상권,제과점,1,0,0,0,0.0,3.4,3.4
청구역 1번,골목상권,제과점,5,0,0,0,0.0,4.54,4.54
청룡동주민센터,골목상권,제과점,2,0,0,0,0.0,3.81,3.81
체부동홍종문가옥,골목상권,제과점,1,0,0,0,0.0,3.4,3.4
충무초등학교,골목상권,제과점,3,1,0,0,0.0,5.44,5.44
충정로역 3번,골목상권,제과점,3,0,0,0,0.0,4.15,4.15
충정로역 6번,골목상권,제과점,1,0,0,0,0.0,3.4,3.4
충정로역 7번,골목상권,제과점,1,0,0,0,0.0,3.4,3.4
충정로현대아파트,골목상권,제과점,1,0,0,0,0.0,3.47,3.47
태릉시장 특화거리,골목상권,제과점,1,0,0,0,0.0,3.4,3.4
태릉입구역 4번,골목상권,제과점,2,0,1,50,0.0,3.45,3.45
텃골근린공원,골목상권,제과점,4,1,0,0,25.0,5.34,-19.66
평창동서측,골목상권,제과점,4,0,0,0,0.0,4.34,4.34
포이초등학교(개포목련어린이공원),골목상권,제과점,5,1,0,0,25.0,5.32,-19.68
푸른동산공원,골목상권,제과점,2,0,0,0,0.0,3.81,3.81
푸른들청소년도서관,골목상권,제과점,4,1,0,0,33.0,5.34,-27.66
하나은행 망우동지점,골목상권,제과점,1,0,0,0,0.0,3.4,3.4
학동근린공원,골목상권,제과점,1,0,0,0,0.0,3.47,3.47
학동초등학교,골목상권,제과점,1,0,0,0,0.0,3.4,3.4
한강로동땡땡거리(은행나무길),골목상권,제과점,3,0,1,33,0.0,3.86,3.86
한강미주맨션아파트,골목상권,제과점,3,0,0,0,0.0,4.12,4.12
한강진역 3번,골목상권,제과점,12,1,0,0,8.0,5.62,-2.38
한국의류시험연구원,골목상권,제과점,1,1,1,100,0.0,6.72,6.72
한남IC,골목상권,제과점,1,0,0,0,0.0,3.4,3.4
한림대학교한강성심병원,골목상권,제과점,1,0,0,0,0.0,3.47,3.47
한성대입구역 3번,골목상권,제과점,3,0,0,0,0.0,4.1,4.1
한성대입구역 5번,골목상권,제과점,4,0,0,0,0.0,4.33,4.33
한성백제역 3번,골목상권,제과점,6,0,0,0,0.0,4.67,4.67
한양공고앞 교차로,골목상권,제과점,1,0,0,0,0.0,3.4,3.4
한양대역 4번,골목상권,제과점,1,0,0,0,0.0,3.4,3.4
한영중고,골목상권,제과점,9,1,0,0,0.0,5.48,5.48
한울중학교,골목상권,제과점,2,0,0,0,0.0,3.81,3.81
한일병원,골목상권,제과점,1,0,0,0,0.0,3.4,3.4
합정역 8번,골목상권,제과점,12,0,0,0,0.0,5.3,5.3
해방촌 남동측,골목상권,제과점,11,2,0,0,10.0,5.94,-4.06
해방촌예술마을,골목상권,제과점,1,0,0,0,0.0,3.47,3.47
해오름공원,골목상권,제과점,3,0,1,33,0.0,3.89,3.89
행당역 2번,골목상권,제과점,2,0,0,0,0.0,3.84,3.84
혜화역 1번,골목상권,제과점,2,0,0,0,0.0,3.81,3.81
호림박물관(성보고등학교),골목상권,제과점,2,1,0,0,0.0,5.83,5.83
홍남교남측,골목상권,제과점,1,0,0,0,0.0,3.4,3.4
홍대땡땡거리,골목상권,제과점,7,0,1,14,0.0,4.73,4.73
홍대부속여중고앞,골목상권,제과점,5,0,1,20,0.0,4.37,4.37
홍대부중,골목상권,제과점,5,0,0,0,0.0,4.53,4.53
홍대입구역 3번,골목상권,제과점,4,0,1,25,0.0,4.15,4.15
홍릉시장,골목상권,제과점,1,0,1,100,0.0,2.68,2.68
홍연시장,골목상권,제과점,3,0,0,0,0.0,4.1,4.1
홍은종합사회복지관,골목상권,제과점,2,0,0,0,0.0,3.84,3.84
홍익대,골목상권,제과점,1,0,0,0,0.0,3.4,3.4
홍익지구대,골목상권,제과점,2,0,0,0,0.0,3.81,3.81
홍제3동주민센터,골목상권,제과점,5,0,0,0,0.0,4.53,4.53
홍제역 2번,골목상권,제과점,1,0,0,0,0.0,3.47,3.47
홍제역 4번,골목상권,제과점,3,0,0,0,0.0,4.1,4.1
홍지문,골목상권,제과점,1,0,0,0,0.0,3.4,3.4
화곡2동주민센터,골목상권,제과점,1,0,0,0,0.0,3.47,3.47
화곡4동주민센터,골목상권,제과점,1,0,0,0,0.0,3.4,3.4
화곡역 2번,골목상권,제과점,1,0,0,0,0.0,3.4,3.4
화곡역 4번,골목상권,제과점,5,0,0,0,0.0,4.54,4.54
화곡역 5번,골목상권,제과점,4,0,0,0,0.0,4.33,4.33
화랑대철도공원,골목상권,제과점,3,0,0,0,0.0,4.15,4.15
화양사거리,골목상권,제과점,2,0,0,0,0.0,3.84,3.84
화원어린이공원,골목상권,제과점,2,0,0,0,0.0,3.81,3.81
화원중학교,골목상권,제과점,2,0,0,0,0.0,3.81,3.81
회현역 1번,골목상권,제과점,1,0,0,0,0.0,3.4,3.4
효창공원앞역 2번,골목상권,제과점,7,0,1,14,0.0,4.7,4.7
효창공원앞역 5번,골목상권,제과점,4,0,0,0,0.0,4.34,4.34
효창공원앞역 6번,골목상권,제과점,2,1,0,0,0.0,5.83,5.83
효창동주민센터,골목상권,제과점,1,0,0,0,0.0,3.47,3.47
후암동주민센터,골목상권,제과점,5,1,0,0,0.0,5.32,5.32
흑리단길,골목상권,제과점,4,0,0,0,0.0,4.34,4.34
4.19민주묘지역 2번,골목상권,중식음식점,3,0,1,33,0.0,4.14,4.14
GS강동자이아파트,골목상권,중식음식점,3,0,0,0,0.0,4.38,4.38
G타워,골목상권,중식음식점,5,0,0,0,0.0,4.83,4.83
KB국민은행 망원동지점,골목상권,중식음식점,2,0,0,0,0.0,4.09,4.09
KB국민은행 종암동지점,골목상권,중식음식점,1,0,0,0,0.0,3.68,3.68
KTNG 북부지사,골목상권,중식음식점,3,0,0,0,0.0,4.38,4.38
KT구로지사,골목상권,중식음식점,3,0,1,33,0.0,4.14,4.14
KT금천빌딩(금천구시설관리공단),골목상권,중식음식점,1,0,0,0,0.0,3.68,3.68
KT월곡지사,골목상권,중식음식점,1,0,0,0,0.0,3.68,3.68
NH농협은행 보광동지점,골목상권,중식음식점,1,0,0,0,0.0,3.68,3.68
NH농협은행 상도동지점,골목상권,중식음식점,1,0,0,0,0.0,3.68,3.68
가산동우체국,골목상권,중식음식점,3,0,0,0,0.0,4.38,4.38
가산동주민센터,골목상권,중식음식점,3,0,0,0,0.0,4.38,4.38
가산디지털단지역 1번 출입구,골목상권,중식음식점,5,0,0,0,0.0,4.79,4.79
가산초등학교(세일중학교),골목상권,중식음식점,10,1,0,0,0.0,5.81,5.81
가양역 10번,골목상권,중식음식점,1,0,0,0,0.0,3.68,3.68
가오리역 1번,골목상권,중식음식점,1,0,0,0,0.0,3.68,3.68
가오리역 2번,골목상권,중식음식점,1,0,0,0,0.0,3.68,3.68
가인초등학교,골목상권,중식음식점,2,0,1,50,100.0,3.76,-96.24
가좌역 2번,골목상권,중식음식점,3,0,0,0,0.0,4.38,4.38
간데메공원,골목상권,중식음식점,2,0,0,0,0.0,4.09,4.09
갈현건영아파트,골목상권,중식음식점,1,0,0,0,0.0,3.68,3.68
강동구립 천호도서관,골목상권,중식음식점,4,1,0,0,33.0,5.65,-27.35
강동구립성내도서관,골목상권,중식음식점,1,0,0,0,0.0,3.68,3.68
강동구청(강동구청역 2번),골목상권,중식음식점,1,0,0,0,0.0,3.74,3.74
강동역 4번(강풀만화거리),골목상권,중식음식점,5,0,1,20,0.0,4.65,4.65
강북구청,골목상권,중식음식점,2,0,0,0,0.0,4.09,4.09
강북문화예술회관,골목상권,중식음식점,1,0,0,0,0.0,3.68,3.68
강북중학교,골목상권,중식음식점,3,1,0,0,0.0,5.71,5.71
강서고등학교,골목상권,중식음식점,2,0,0,0,0.0,4.09,4.09
강서구다솔마을,골목상권,중식음식점,3,0,0,0,0.0,4.38,4.38
강서구청옆,골목상권,중식음식점,3,1,0,0,50.0,5.71,-44.29
강일동주민센터,골목상권,중식음식점,1,0,0,0,0.0,3.68,3.68
개봉1동주민센터,골목상권,중식음식점,3,0,0,0,0.0,4.38,4.38
개봉3동주민센터,골목상권,중식음식점,1,0,0,0,0.0,3.68,3.68
개봉역,골목상권,중식음식점,4,0,0,0,0.0,4.62,4.62
개봉중학교,골목상권,중식음식점,1,1,0,0,0.0,7.72,7.72
개봉초등학교,골목상권,중식음식점,1,0,0,0,0.0,3.68,3.68
개웅초등학교(개웅중학교),골목상권,중식음식점,1,0,0,0,0.0,3.68,3.68
개포고등학교,골목상권,중식음식점,1,0,0,0,0.0,3.68,3.68
개포지구대옆,골목상권,중식음식점,1,0,0,0,0.0,3.68,3.68
개화산역 1번,골목상권,중식음식점,2,0,0,0,50.0,4.09,-45.91
거여역 1번(거여공원),골목상권,중식음식점,1,0,0,0,0.0,3.74,3.74
건대입구역 6번,골목상권,중식음식점,59,1,2,3,5.0,7.19,2.19
경리단길남측,골목상권,중식음식점,2,0,0,0,0.0,4.09,4.09
경리단길북측,골목상권,중식음식점,2,0,0,0,0.0,4.09,4.09
경문고등학교(동작동성당),골목상권,중식음식점,1,0,0,0,0.0,3.68,3.68
경성고등학교,골목상권,중식음식점,3,0,0,0,0.0,4.38,4.38
경수초등학교,골목상권,중식음식점,5,0,0,0,0.0,4.79,4.79
경의선책거리,골목상권,중식음식점,2,0,0,0,0.0,4.12,4.12
경춘선숲길 우측,골목상권,중식음식점,5,0,0,0,0.0,4.8,4.8
경향신문사,골목상권,중식음식점,1,0,0,0,0.0,3.68,3.68
경희대삼거리,골목상권,중식음식점,10,0,0,0,0.0,5.41,5.41
경희대후문,골목상권,중식음식점,4,0,0,0,0.0,4.61,4.61
계상초등학교,골목상권,중식음식점,1,0,0,0,0.0,3.68,3.68
고대앞사거리,골목상권,중식음식점,1,0,0,0,0.0,3.68,3.68
고덕동성당,골목상권,중식음식점,2,0,0,0,0.0,4.12,4.12
고덕중학교(고덕2동주민센터),골목상권,중식음식점,1,0,0,0,0.0,3.68,3.68
고려대역 4번,골목상권,중식음식점,2,1,1,50,0.0,5.75,5.75
고려대역 6번,골목상권,중식음식점,10,0,0,0,11.0,5.41,-5.59
고척동성당,골목상권,중식음식점,3,0,0,0,0.0,4.38,4.38
고척초등학교,골목상권,중식음식점,1,0,0,0,0.0,3.68,3.68
곰달래도서관,골목상권,중식음식점,2,0,0,0,0.0,4.09,4.09
공군호텔,골목상권,중식음식점,4,0,0,0,0.0,4.61,4.61
공덕래미안3차아파트,골목상권,중식음식점,1,0,0,0,0.0,3.68,3.68
공릉동 국수거리,골목상권,중식음식점,3,0,0,0,0.0,4.38,4.38
공릉역 2번,골목상권,중식음식점,2,0,0,0,33.0,4.16,-28.84
공항고등학교,골목상권,중식음식점,1,0,0,0,0.0,3.68,3.68
공항시장역 1번,골목상권,중식음식점,2,0,0,0,0.0,4.09,4.09
관악구 중앙길,골목상권,중식음식점,5,2,1,20,25.0,6.28,-18.72
관악구신사동주민센터,골목상권,중식음식점,9,0,0,0,10.0,5.33,-4.67
관악우성아파트,골목상권,중식음식점,1,0,0,0,0.0,3.68,3.68
광나루역 1번,골목상권,중식음식점,1,0,0,0,0.0,3.68,3.68
광운대역 1번,골목상권,중식음식점,3,0,0,0,0.0,4.38,4.38
광운대학교 남단,골목상권,중식음식점,3,0,0,0,0.0,4.38,4.38
광진경찰서,골목상권,중식음식점,3,0,0,0,0.0,4.38,4.38
광진구청,골목상권,중식음식점,4,0,0,0,0.0,4.62,4.62
광진정말공원,골목상권,중식음식점,2,0,0,0,0.0,4.09,4.09
광진정보도서관,골목상권,중식음식점,2,0,0,0,0.0,4.09,4.09
구남초등학교,골목상권,중식음식점,1,0,0,0,0.0,3.68,3.68
구로119안전센터,골목상권,중식음식점,3,0,0,0,0.0,4.38,4.38
구로4동주민센터,골목상권,중식음식점,25,0,1,4,0.0,6.25,6.25
구로구민회관,골목상권,중식음식점,1,0,0,0,0.0,3.68,3.68
구로나눔길,골목상권,중식음식점,3,0,0,0,50.0,4.38,-45.62
구로디지털단지역 4번,골목상권,중식음식점,52,0,1,2,2.0,6.99,4.99
구로보건소,골목상권,중식음식점,11,1,0,0,0.0,5.87,5.87
구로초등학교,골목상권,중식음식점,19,0,3,16,5.0,5.9,0.9
구립대학경로당(관악산샘말공원),골목상권,중식음식점,17,0,0,0,0.0,5.92,5.92
구산보건지소,골목상권,중식음식점,4,0,1,25,0.0,4.43,4.43
구산역 1번,골목상권,중식음식점,3,0,0,0,33.0,4.38,-28.62
구산역 4번,골목상권,중식음식점,4,0,0,0,0.0,4.61,4.61
구의1동주민센터,골목상권,중식음식점,3,0,0,0,0.0,4.43,4.43
구의역 4번,골목상권,중식음식점,6,0,0,0,0.0,4.96,4.96
국립국악고등학교,골목상권,중식음식점,1,0,0,0,0.0,3.68,3.68
국립정신건강센터,골목상권,중식음식점,3,0,0,0,0.0,4.38,4.38
국민대학교앞,골목상권,중식음식점,3,1,1,33,0.0,5.48,5.48
국민은행방학지점,골목상권,중식음식점,2,0,1,50,0.0,3.73,3.73
국악고교사거리,골목상권,중식음식점,1,0,0,0,0.0,3.68,3.68
군자역 4번,골목상권,중식음식점,1,1,0,0,0.0,7.72,7.72
굽은다리역 3번,골목상권,중식음식점,4,0,0,0,0.0,4.62,4.62
굽은다리역 4번,골목상권,중식음식점,5,1,1,20,20.0,5.46,-14.54
그라운드 고척,골목상권,중식음식점,8,1,1,13,0.0,5.65,5.65
금동어린이공원,골목상권,중식음식점,1,0,0,0,0.0,3.68,3.68
금산초등학교(금천고등학교),골목상권,중식음식점,2,0,0,0,0.0,4.09,4.09
금천구청역 1번 출입구,골목상권,중식음식점,5,0,0,0,0.0,4.79,4.79
금천금빛공원(은행나무사거리서측),골목상권,중식음식점,1,0,0,0,0.0,3.68,3.68
금천세무서,골목상권,중식음식점,2,1,0,0,0.0,6.11,6.11
금호사거리,골목상권,중식음식점,1,0,0,0,0.0,3.68,3.68
금호삼성래미안아파트,골목상권,중식음식점,1,0,0,0,0.0,3.68,3.68
길동주민센터(강동도서관),골목상권,중식음식점,5,1,1,20,20.0,5.46,-14.54
길음역 7번,골목상권,중식음식점,1,0,0,0,0.0,3.68,3.68
까치산역 1번,골목상권,중식음식점,2,0,0,0,0.0,4.09,4.09
까치산역 3번,골목상권,중식음식점,5,0,1,20,0.0,4.65,4.65
까치산역 4번,골목상권,중식음식점,5,0,0,0,0.0,4.79,4.79
낙성대역 1번(관악구민 종합체육센터),골목상권,중식음식점,1,0,0,0,0.0,3.68,3.68
난곡중학교,골목상권,중식음식점,4,1,2,50,0.0,5.26,5.26
난우초등학교,골목상권,중식음식점,2,0,0,0,0.0,4.09,4.09
남가좌파출소,골목상권,중식음식점,4,0,1,25,0.0,4.43,4.43
남강고등학교(남강중학교),골목상권,중식음식점,3,1,1,33,0.0,5.5,5.5
남구로역 2번,골목상권,중식음식점,13,0,0,0,8.0,5.65,-2.35
남구로역 3번,골목상권,중식음식점,39,0,1,3,3.0,6.7,3.7
남구로역 5번,골목상권,중식음식점,12,2,2,17,0.0,6.14,6.14
남부터미널역 1번,골목상권,중식음식점,1,0,0,0,0.0,3.68,3.68
남산케이블카,골목상권,중식음식점,1,0,0,0,0.0,3.68,3.68
남성역 1번,골목상권,중식음식점,8,0,0,0,0.0,5.22,5.22
남영역 1번,골목상권,중식음식점,4,0,0,0,0.0,4.61,4.61
남정초등학교,골목상권,중식음식점,1,0,0,0,0.0,3.68,3.68
남천초등학교,골목상권,중식음식점,4,0,0,0,0.0,4.61,4.61
내를건너서숲으로도서관,골목상권,중식음식점,2,0,0,0,0.0,4.09,4.09
내방역 4번,골목상권,중식음식점,1,0,0,0,0.0,3.68,3.68
노량진역 6번,골목상권,중식음식점,4,0,0,0,0.0,4.61,4.61
노량진초등학교,골목상권,중식음식점,1,0,0,0,0.0,3.68,3.68
노원초등학교,골목상권,중식음식점,4,0,0,0,0.0,4.61,4.61
논현2동주민센터,골목상권,중식음식점,6,0,0,0,33.0,4.97,-28.03
논현로18길,골목상권,중식음식점,1,0,0,0,0.0,3.68,3.68
누원고등학교,골목상권,중식음식점,1,0,0,0,0.0,3.68,3.68
능동우편취급국,골목상권,중식음식점,2,0,0,0,0.0,4.09,4.09
달마을공원,골목상권,중식음식점,2,0,0,0,0.0,4.09,4.09
답십리사거리,골목상권,중식음식점,1,1,0,0,0.0,7.79,7.79
답십리역 6번,골목상권,중식음식점,1,0,0,0,0.0,3.68,3.68
답십리초등학교,골목상권,중식음식점,1,0,0,0,0.0,3.68,3.68
당고개역 2번,골목상권,중식음식점,1,0,0,0,0.0,3.68,3.68
당곡중학교,골목상권,중식음식점,5,0,0,0,0.0,4.8,4.8
당산반도유보라팰리스아파트,골목상권,중식음식점,2,0,0,0,0.0,4.09,4.09
대광초등학교,골목상권,중식음식점,1,0,0,0,0.0,3.68,3.68
대동초등학교,골목상권,중식음식점,16,0,0,0,13.0,5.85,-7.15
대림1동주민센터,골목상권,중식음식점,2,0,0,0,0.0,4.09,4.09
대림성모병원,골목상권,중식음식점,5,0,0,0,0.0,4.79,4.79
대림썬프라자,골목상권,중식음식점,1,0,0,0,0.0,3.68,3.68
대림역 11번,골목상권,중식음식점,4,1,2,50,0.0,5.26,5.26
대림역 2번,골목상권,중식음식점,25,2,0,0,0.0,6.6,6.6
대림역 5번,골목상권,중식음식점,20,1,1,5,11.0,6.23,-4.77
대림차이나타운(대림역 12번),골목상권,중식음식점,25,0,0,0,8.0,6.28,-1.72
대림한신아파트,골목상권,중식음식점,3,1,0,0,0.0,5.71,5.71
대방역 6번,골목상권,중식음식점,1,0,0,0,0.0,3.68,3.68
대왕초등학교(세곡동사거리서남측),골목상권,중식음식점,2,0,0,0,0.0,4.09,4.09
대원고등학교,골목상권,중식음식점,2,0,0,0,50.0,4.09,-45.91
대진고등학교,골목상권,중식음식점,2,0,0,0,0.0,4.09,4.09
대청초등학교,골목상권,중식음식점,3,0,1,33,0.0,4.16,4.16
대흥동주민센터,골목상권,중식음식점,1,1,1,100,0.0,7.0,7.0
대흥역 2번,골목상권,중식음식점,5,0,0,0,0.0,4.8,4.8
대흥역 3번,골목상권,중식음식점,2,0,0,0,0.0,4.09,4.09
더케이호텔(양재리본타워2단지아파트),골목상권,중식음식점,1,0,0,0,0.0,3.68,3.68
덕성여대시반거리,골목상권,중식음식점,3,0,0,0,0.0,4.38,4.38
도곡초등학교,골목상권,중식음식점,1,0,0,0,0.0,3.68,3.68
도림초등학교,골목상권,중식음식점,1,0,0,0,0.0,3.68,3.68
도봉구 정병원,골목상권,중식음식점,2,0,0,0,0.0,4.09,4.09
도봉구보건소,골목상권,중식음식점,1,0,0,0,0.0,3.68,3.68
도봉산역 1번,골목상권,중식음식점,2,0,0,0,0.0,4.09,4.09
도봉산입구,골목상권,중식음식점,3,0,0,0,0.0,4.38,4.38
도봉역 2번,골목상권,중식음식점,2,0,0,0,0.0,4.09,4.09
도봉역 3번,골목상권,중식음식점,1,0,0,0,0.0,3.68,3.68
도신초등학교,골목상권,중식음식점,1,0,0,0,0.0,3.68,3.68
독산119안전센터,골목상권,중식음식점,8,1,0,0,14.0,5.73,-8.27
독산2동주민센터,골목상권,중식음식점,2,0,0,0,0.0,4.09,4.09
독산동성당,골목상권,중식음식점,6,0,0,0,0.0,4.96,4.96
독산동정훈단지,골목상권,중식음식점,2,0,0,0,0.0,4.12,4.12
돈의문센트레빌아파트입구,골목상권,중식음식점,2,0,0,0,0.0,4.09,4.09
돌곶이역 1번,골목상권,중식음식점,2,0,0,0,0.0,4.09,4.09
돌곶이역 3번,골목상권,중식음식점,1,0,0,0,0.0,3.68,3.68
돌곶이역 5번,골목상권,중식음식점,2,0,0,0,0.0,4.16,4.16
돌곶이역 8번,골목상권,중식음식점,1,0,0,0,0.0,3.68,3.68
동교초등학교,골목상권,중식음식점,1,0,1,100,0.0,2.96,2.96
동구여중,골목상권,중식음식점,1,0,0,0,0.0,3.68,3.68
동대문경찰서,골목상권,중식음식점,3,0,0,0,33.0,4.4,-28.6
동대문구청,골목상권,중식음식점,1,0,0,0,0.0,3.68,3.68
동대문역사문화공원역 5번,골목상권,중식음식점,1,0,0,0,0.0,3.68,3.68
동대문중앙새마을금고본점,골목상권,중식음식점,1,0,0,0,0.0,3.68,3.68
동대부여고,골목상권,중식음식점,4,0,0,0,0.0,4.61,4.61
동묘앞역 2번,골목상권,중식음식점,1,0,0,0,0.0,3.68,3.68
동의보감타워,골목상권,중식음식점,2,0,0,0,0.0,4.09,4.09
동일여자고등학교,골목상권,중식음식점,1,0,2,100,0.0,2.96,2.96
동작구자원봉사센터,골목상권,중식음식점,1,0,0,0,0.0,3.68,3.68
두산초등학교,골목상권,중식음식점,1,0,0,0,0.0,3.68,3.68
둔촌2동주민센터,골목상권,중식음식점,1,0,0,0,0.0,3.68,3.68
둔촌동역 1번(한산중학교),골목상권,중식음식점,3,0,0,0,0.0,4.4,4.4
둔촌동역 3번(성내3동주민센터),골목상권,중식음식점,3,0,0,0,0.0,4.38,4.38
둔촌동역 4번,골목상권,중식음식점,1,0,0,0,0.0,3.68,3.68
등촌1동주민센터,골목상권,중식음식점,8,0,0,0,14.0,5.24,-8.76
등촌3동주민센터,골목상권,중식음식점,4,1,2,50,0.0,5.26,5.26
등촌역 7번,골목상권,중식음식점,2,0,0,0,0.0,4.09,4.09
뜸부기어린이공원,골목상권,중식음식점,2,0,0,0,100.0,4.09,-95.91
러스크서울병원,골목상권,중식음식점,2,0,0,0,0.0,4.09,4.09
리움미술관,골목상권,중식음식점,1,0,0,0,0.0,3.68,3.68
마천역(마천초등학교),골목상권,중식음식점,5,1,1,20,0.0,5.47,5.47
마포FM,골목상권,중식음식점,2,0,0,0,0.0,4.09,4.09
마포구청역 1번,골목상권,중식음식점,5,1,1,20,0.0,5.46,5.46
마포구청역 4번,골목상권,중식음식점,2,0,0,0,0.0,4.09,4.09
마포구청역 7번,골목상권,중식음식점,5,1,0,0,20.0,5.6,-14.4
마포역 4번,골목상권,중식음식점,1,0,0,0,0.0,3.68,3.68
말미고개,골목상권,중식음식점,3,0,0,0,0.0,4.38,4.38
망리단길,골목상권,중식음식점,7,0,0,0,14.0,5.08,-8.92
망우본동주민센터,골목상권,중식음식점,3,0,0,0,0.0,4.38,4.38
망우역 1번,골목상권,중식음식점,3,0,0,0,67.0,4.38,-62.62
망우역 2번,골목상권,중식음식점,1,0,0,0,0.0,3.68,3.68
망원역 1번,골목상권,중식음식점,1,0,0,0,0.0,3.68,3.68
먹골역 1번,골목상권,중식음식점,2,0,0,0,0.0,4.09,4.09
먹골역 5번,골목상권,중식음식점,2,0,0,0,0.0,4.09,4.09
먹골파출소,골목상권,중식음식점,1,0,0,0,0.0,3.74,3.74
메가박스 상봉,골목상권,중식음식점,1,0,0,0,0.0,3.68,3.68
메디힐병원,골목상권,중식음식점,2,0,0,0,0.0,4.09,4.09
면목2동체육관,골목상권,중식음식점,2,0,0,0,0.0,4.09,4.09
면목5동주민센터,골목상권,중식음식점,1,0,0,0,0.0,3.68,3.68
면목동우체국,골목상권,중식음식점,2,0,0,0,0.0,4.09,4.09
면목역 2번,골목상권,중식음식점,2,0,0,0,0.0,4.09,4.09
면목역 3번,골목상권,중식음식점,1,0,0,0,100.0,3.68,-96.32
명지대학교,골목상권,중식음식점,8,0,0,0,0.0,5.21,5.21
명지대학교교회,골목상권,중식음식점,9,0,0,0,0.0,5.33,5.33
모래내우체국,골목상권,중식음식점,2,0,0,0,100.0,4.12,-95.88
목동보건지소,골목상권,중식음식점,1,0,0,0,0.0,3.68,3.68
목동센트럴아이파크앞,골목상권,중식음식점,4,0,0,0,0.0,4.62,4.62
묘곡초등학교(고덕아이파크아파트),골목상권,중식음식점,3,1,0,0,0.0,5.71,5.71
문래동사거리,골목상권,중식음식점,1,0,0,0,0.0,3.68,3.68
문래예술촌(문래창작촌),골목상권,중식음식점,13,0,2,15,8.0,5.55,-2.45
문래중학교,골목상권,중식음식점,2,0,0,0,0.0,4.09,4.09
문성초등학교,골목상권,중식음식점,23,2,1,4,4.0,6.53,2.53
문정동성당,골목상권,중식음식점,2,0,1,50,0.0,3.73,3.73
문정역 1번,골목상권,중식음식점,3,0,0,0,0.0,4.38,4.38
문정역 2번,골목상권,중식음식점,7,0,0,0,0.0,5.09,5.09
문정초등학교,골목상권,중식음식점,2,0,0,0,0.0,4.09,4.09
문현중학교(장지역 1번),골목상권,중식음식점,4,0,0,0,0.0,4.61,4.61
미림여고,골목상권,중식음식점,1,0,0,0,0.0,3.68,3.68
미성초등학교,골목상권,중식음식점,4,0,0,0,0.0,4.61,4.61
미아사거리역 3번,골목상권,중식음식점,2,1,1,50,0.0,5.75,5.75
미아역 8번,골목상권,중식음식점,2,0,0,0,0.0,4.09,4.09
미아초등학교,골목상권,중식음식점,3,0,0,0,0.0,4.43,4.43
바우뫼공원,골목상권,중식음식점,2,0,0,0,0.0,4.12,4.12
발바닥공원,골목상권,중식음식점,1,0,0,0,0.0,3.68,3.68
발산역 5번,골목상권,중식음식점,2,0,0,0,0.0,4.12,4.12
방배아이파크아파트,골목상권,중식음식점,1,0,0,0,0.0,3.68,3.68
방배역 1번,골목상권,중식음식점,1,0,0,0,0.0,3.68,3.68
방아다리근린공원(횃불트리니티신학대학원대학교),골목상권,중식음식점,1,0,0,0,0.0,3.68,3.68
방이동고분군(방산고등학교),골목상권,중식음식점,1,0,0,0,0.0,3.74,3.74
방이역 1번,골목상권,중식음식점,3,0,0,0,0.0,4.38,4.38
방이역 2번,골목상권,중식음식점,1,0,0,0,0.0,3.68,3.68
방이역 4번,골목상권,중식음식점,8,0,0,0,14.0,5.23,-8.77
방학1동주민센터,골목상권,중식음식점,1,0,0,0,100.0,3.68,-96.32
방학역 1번,골목상권,중식음식점,3,0,0,0,0.0,4.38,4.38
방학역 2번,골목상권,중식음식점,4,0,0,0,0.0,4.62,4.62
방학중학교,골목상권,중식음식점,1,0,0,0,0.0,3.68,3.68
방학초등학교,골목상권,중식음식점,2,0,2,100,0.0,3.37,3.37
방현초등학교(방배119안전센터),골목상권,중식음식점,1,0,0,0,0.0,3.68,3.68
방화역 1번,골목상권,중식음식점,4,0,0,0,0.0,4.61,4.61
방화역 2번,골목상권,중식음식점,3,0,0,0,0.0,4.38,4.38
방화역 3번,골목상권,중식음식점,2,0,0,0,0.0,4.09,4.09
방화초등학교,골목상권,중식음식점,1,0,0,0,0.0,3.68,3.68
배문고등학교,골목상권,중식음식점,1,0,0,0,0.0,3.68,3.68
백련산해모로아파트,골목상권,중식음식점,2,0,0,0,0.0,4.09,4.09
백산초등학교,골목상권,중식음식점,2,0,0,0,0.0,4.09,4.09
벌말어린이공원,골목상권,중식음식점,1,0,0,0,0.0,3.68,3.68
법제교육센터(버들어린이공원),골목상권,중식음식점,1,0,0,0,0.0,3.68,3.68
베르사이유1아파트,골목상권,중식음식점,1,0,0,0,0.0,3.68,3.68
보라매역 2번,골목상권,중식음식점,1,0,0,0,0.0,3.68,3.68
보라매역 6번,골목상권,중식음식점,1,0,0,0,0.0,3.68,3.68
보문역 4번,골목상권,중식음식점,4,0,0,0,0.0,4.61,4.61
보문역 5번,골목상권,중식음식점,1,0,0,0,0.0,3.68,3.68
보문역 8번,골목상권,중식음식점,3,0,0,0,0.0,4.38,4.38
보인중학교,골목상권,중식음식점,1,0,0,0,0.0,3.68,3.68
본마을노인복지센터(서초구립내곡도서관),골목상권,중식음식점,1,0,0,0,0.0,3.68,3.68
봉은사역 4번,골목상권,중식음식점,1,0,0,0,0.0,3.68,3.68
봉천역 1번(관악초등학교),골목상권,중식음식점,2,0,0,0,0.0,4.09,4.09
봉천역 4번(봉천110안전센터),골목상권,중식음식점,1,0,0,0,0.0,3.68,3.68
북가좌2동주민센터,골목상권,중식음식점,3,0,0,0,0.0,4.38,4.38
북가좌초등학교,골목상권,중식음식점,1,0,0,0,0.0,3.68,3.68
북한산보국문역 2번,골목상권,중식음식점,1,0,0,0,0.0,3.68,3.68
북한산우이역 2번,골목상권,중식음식점,1,1,0,0,0.0,7.72,7.72
불광역 3번,골목상권,중식음식점,1,0,0,0,0.0,3.68,3.68
불광역 7번,골목상권,중식음식점,3,0,1,33,0.0,4.16,4.16
사가정역 1번,골목상권,중식음식점,3,0,0,0,0.0,4.38,4.38
사가정역 4번,골목상권,중식음식점,2,0,0,0,0.0,4.09,4.09
사근동살곶이상점가,골목상권,중식음식점,2,0,0,0,0.0,4.09,4.09
사당역 10번,골목상권,중식음식점,5,0,0,0,0.0,4.79,4.79
사당역 4번,골목상권,중식음식점,3,0,0,0,0.0,4.38,4.38
삼각지역 14번,골목상권,중식음식점,1,0,0,0,0.0,3.68,3.68
삼선동주민센터,골목상권,중식음식점,1,0,0,0,0.0,3.68,3.68
삼선중학교,골목상권,중식음식점,2,0,0,0,0.0,4.09,4.09
삼성산자연공원(서울금천초등학교),골목상권,중식음식점,2,0,0,0,0.0,4.09,4.09
삼성중앙역 5번,골목상권,중식음식점,3,0,0,0,0.0,4.38,4.38
삼양사거리역 2번,골목상권,중식음식점,1,0,0,0,0.0,3.68,3.68
삼양입구사거리,골목상권,중식음식점,4,0,0,0,0.0,4.61,4.61
삼육보건대학교,골목상권,중식음식점,2,0,0,0,0.0,4.09,4.09
삼전역 1번,골목상권,중식음식점,2,0,0,0,0.0,4.09,4.09
삼전역 4번,골목상권,중식음식점,2,0,0,0,0.0,4.09,4.09
상계2동주민센터,골목상권,중식음식점,3,0,0,0,0.0,4.38,4.38
상계3동4동주민센터,골목상권,중식음식점,1,0,0,0,0.0,3.68,3.68
상계5동주민센터,골목상권,중식음식점,2,0,0,0,0.0,4.09,4.09
상계역,골목상권,중식음식점,8,0,0,0,0.0,5.2,5.2
상계초등학교,골목상권,중식음식점,8,0,0,0,0.0,5.21,5.21
상도4동주민센터,골목상권,중식음식점,1,0,0,0,0.0,3.68,3.68
상도역 1번,골목상권,중식음식점,1,0,0,0,0.0,3.74,3.74
상도역 2번,골목상권,중식음식점,5,0,0,0,0.0,4.79,4.79
상도역 5번,골목상권,중식음식점,5,1,2,40,25.0,5.31,-19.69
상도초등학교,골목상권,중식음식점,1,0,0,0,0.0,3.68,3.68
상봉역 3번,골목상권,중식음식점,4,0,0,0,0.0,4.61,4.61
상봉역 4번,골목상권,중식음식점,6,0,1,17,40.0,4.83,-35.17
상봉역 7번,골목상권,중식음식점,2,0,0,0,0.0,4.09,4.09
상수역 4번,골목상권,중식음식점,1,0,0,0,0.0,3.68,3.68
상왕십리역 3번,골목상권,중식음식점,1,0,0,0,0.0,3.68,3.68
상월곡역 1번,골목상권,중식음식점,1,0,0,0,0.0,3.68,3.68
상월곡역 2번,골목상권,중식음식점,4,0,0,0,0.0,4.61,4.61
상일여고(상일초등학교),골목상권,중식음식점,10,0,0,0,10.0,5.41,-4.59
새터산,골목상권,중식음식점,2,0,0,0,0.0,4.12,4.12
샘말어린이공원,골목상권,중식음식점,2,0,0,0,0.0,4.09,4.09
샤로수길,골목상권,중식음식점,24,1,1,4,4.0,6.38,2.38
서강대역 1번,골목상권,중식음식점,3,0,0,0,0.0,4.38,4.38
서경대학교,골목상권,중식음식점,1,0,0,0,0.0,3.68,3.68
서대문구보건소별관,골목상권,중식음식점,1,0,0,0,0.0,3.68,3.68
서대문구청,골목상권,중식음식점,1,0,0,0,0.0,3.68,3.68
서대문소방서,골목상권,중식음식점,1,0,0,0,0.0,3.68,3.68
서대문우체국,골목상권,중식음식점,2,0,0,0,0.0,4.09,4.09
서빙고동주민센터,골목상권,중식음식점,1,0,0,0,0.0,3.68,3.68
서서울호수공원,골목상권,중식음식점,1,0,0,0,0.0,3.68,3.68
서울공연예술고등학교,골목상권,중식음식점,1,0,0,0,0.0,3.74,3.74
서울과학기술대,골목상권,중식음식점,3,0,0,0,0.0,4.38,4.38
서울교통공사,골목상권,중식음식점,1,0,0,0,0.0,3.68,3.68
서울국제고등학교,골목상권,중식음식점,7,0,0,0,0.0,5.08,5.08
서울금융고등학교,골목상권,중식음식점,1,0,0,0,0.0,3.68,3.68
서울대병원,골목상권,중식음식점,1,0,0,0,0.0,3.68,3.68
서울대입구역 8번,골목상권,중식음식점,1,0,0,0,0.0,3.74,3.74
서울독일학교,골목상권,중식음식점,2,0,0,0,0.0,4.09,4.09
서울북부고용노동지청,골목상권,중식음식점,1,0,0,0,0.0,3.68,3.68
서울서부지방법원,골목상권,중식음식점,6,0,0,0,0.0,4.95,4.95
서울숲역 1번,골목상권,중식음식점,3,0,0,0,50.0,4.4,-45.6
서울시립대,골목상권,중식음식점,1,0,1,100,0.0,2.96,2.96
서울여자간호대학교,골목상권,중식음식점,2,0,0,0,0.0,4.09,4.09
서울역 12번,골목상권,중식음식점,5,0,0,0,0.0,4.8,4.8
서울역 15번,골목상권,중식음식점,1,0,0,0,0.0,3.68,3.68
서울지방병무청,골목상권,중식음식점,2,0,0,0,0.0,4.09,4.09
서울축산농협 독산역지점(독산파출소),골목상권,중식음식점,1,0,0,0,0.0,3.68,3.68
서울프랑스학교,골목상권,중식음식점,1,0,0,0,0.0,3.68,3.68
서원동주민센터(신관중학교),골목상권,중식음식점,1,0,0,0,0.0,3.68,3.68
서일대학교,골목상권,중식음식점,1,0,0,0,0.0,3.68,3.68
서초동성당,골목상권,중식음식점,1,0,0,0,0.0,3.68,3.68
서초중학교,골목상권,중식음식점,2,1,0,0,0.0,6.11,6.11
석계역 1번,골목상권,중식음식점,6,1,1,17,0.0,5.52,5.52
석계역 2번,골목상권,중식음식점,1,0,0,0,0.0,3.68,3.68
석계역 7번,골목상권,중식음식점,2,0,0,0,0.0,4.09,4.09
석관고등학교,골목상권,중식음식점,2,0,1,50,0.0,3.73,3.73
석관중앙교회,골목상권,중식음식점,1,0,0,0,0.0,3.68,3.68
석수역 1번 출입구,골목상권,중식음식점,3,0,0,0,0.0,4.4,4.4
석촌고분역 1번,골목상권,중식음식점,1,0,0,0,0.0,3.68,3.68
석촌역 3번,골목상권,중식음식점,1,0,0,0,0.0,3.68,3.68
석촌역 6번,골목상권,중식음식점,5,0,0,0,20.0,4.8,-15.2
석촌역 7번,골목상권,중식음식점,2,0,0,0,0.0,4.09,4.09
석촌중학교(방이육교),골목상권,중식음식점,1,0,0,0,0.0,3.68,3.68
선유도역 1번,골목상권,중식음식점,3,0,0,0,0.0,4.38,4.38
선유도역 6번,골목상권,중식음식점,4,0,0,0,0.0,4.61,4.61
선일여고,골목상권,중식음식점,1,0,0,0,0.0,3.68,3.68
선정중학교,골목상권,중식음식점,1,1,2,100,0.0,7.0,7.0
성균관대학교,골목상권,중식음식점,4,1,0,0,0.0,5.62,5.62
성남고등학교,골목상권,중식음식점,3,0,0,0,0.0,4.38,4.38
성내천어린이공원(하니사랑길),골목상권,중식음식점,1,0,0,0,0.0,3.68,3.68
성동세무서,골목상권,중식음식점,2,0,0,0,0.0,4.09,4.09
성미산체육관,골목상권,중식음식점,1,0,0,0,0.0,3.68,3.68
성산중학교,골목상권,중식음식점,1,1,0,0,0.0,7.72,7.72
성서초등학교,골목상권,중식음식점,1,0,0,0,0.0,3.68,3.68
성수119안전센터,골목상권,중식음식점,2,0,0,0,0.0,4.09,4.09
성수2가3동주민센터,골목상권,중식음식점,1,0,0,0,0.0,3.68,3.68
성수동카페거리,골목상권,중식음식점,7,0,0,0,0.0,5.09,5.09
성수초등학교,골목상권,중식음식점,4,0,0,0,0.0,4.61,4.61
성신여대운정그린캠퍼스,골목상권,중식음식점,2,0,1,50,0.0,3.73,3.73
성원중학교,골목상권,중식음식점,2,0,0,0,100.0,4.09,-95.91
성자초등학교,골목상권,중식음식점,1,0,0,0,0.0,3.68,3.68
세곡초등학교,골목상권,중식음식점,4,0,0,0,0.0,4.61,4.61
세종대왕기념관교차로,골목상권,중식음식점,1,0,0,0,0.0,3.68,3.68
세종대학교,골목상권,중식음식점,2,0,0,0,0.0,4.09,4.09
솔밭공원역 2번,골목상권,중식음식점,1,0,0,0,0.0,3.68,3.68
송정역 2번,골목상권,중식음식점,1,0,0,0,0.0,3.68,3.68
송정역 3번,골목상권,중식음식점,3,0,0,0,0.0,4.38,4.38
송정역 4번,골목상권,중식음식점,2,1,0,0,0.0,6.11,6.11
송중동주민센터,골목상권,중식음식점,1,0,0,0,0.0,3.68,3.68
송중초등학교,골목상권,중식음식점,4,1,0,0,0.0,5.62,5.62
송파나루역 1번(송리단길),골목상권,중식음식점,6,0,0,0,0.0,4.96,4.96
송파나루역 2번,골목상권,중식음식점,2,0,0,0,33.0,4.09,-28.91
송파책박물관,골목상권,중식음식점,1,0,0,0,0.0,3.68,3.68
수궁동주민센터,골목상권,중식음식점,2,0,0,0,0.0,4.09,4.09
수락산디자인거리,골목상권,중식음식점,3,0,0,0,0.0,4.38,4.38
수락산역 4번,골목상권,중식음식점,3,0,0,0,0.0,4.4,4.4
수송초등학교,골목상권,중식음식점,3,0,0,0,0.0,4.38,4.38
수유1동주민센터,골목상권,중식음식점,1,1,0,0,0.0,7.72,7.72
수유동우체국,골목상권,중식음식점,1,0,0,0,0.0,3.68,3.68
수유북부시장옆,골목상권,중식음식점,3,0,0,0,0.0,4.38,4.38
수유시장옆,골목상권,중식음식점,2,0,0,0,0.0,4.09,4.09
수유역 2번,골목상권,중식음식점,1,0,0,0,0.0,3.68,3.68
수유초등학교,골목상권,중식음식점,4,0,0,0,0.0,4.62,4.62
숙대입구,골목상권,중식음식점,10,1,1,10,0.0,5.77,5.77
숭곡초등학교,골목상권,중식음식점,5,1,0,0,0.0,5.61,5.61
숭실대입구역 1번,골목상권,중식음식점,4,0,0,0,0.0,4.61,4.61
숭실대입구역 4번,골목상권,중식음식점,4,0,0,0,0.0,4.62,4.62
시립대앞사거리,골목상권,중식음식점,1,0,0,0,0.0,3.68,3.68
시립서북병원,골목상권,중식음식점,3,1,1,33,0.0,5.48,5.48
시흥4동주민센터(서울신흥초등학교),골목상권,중식음식점,1,0,0,0,0.0,3.68,3.68
시흥동 은행나무사거리,골목상권,중식음식점,3,0,0,0,0.0,4.45,4.45
시흥초등학교(시흥1동우체국),골목상권,중식음식점,3,0,1,33,50.0,4.14,-45.86
신곡초등학교,골목상권,중식음식점,1,0,0,0,0.0,3.68,3.68
신길2동우편취급국,골목상권,중식음식점,8,0,0,0,0.0,5.2,5.2
신길3동주민센터,골목상권,중식음식점,3,0,0,0,0.0,4.38,4.38
신길6동주민센터,골목상권,중식음식점,1,0,0,0,0.0,3.68,3.68
신길대성유니드아파트,골목상권,중식음식점,1,0,0,0,0.0,3.68,3.68
신길동홍어거리,골목상권,중식음식점,3,0,0,0,0.0,4.38,4.38
신내1동주민센터,골목상권,중식음식점,5,0,0,0,20.0,4.82,-15.18
신내IC북측,골목상권,중식음식점,1,0,0,0,0.0,3.74,3.74
신내역 1번,골목상권,중식음식점,1,0,0,0,0.0,3.68,3.68
신당역 3번,골목상권,중식음식점,2,0,0,0,0.0,4.09,4.09
신대림초등학교,골목상권,중식음식점,3,0,0,0,0.0,4.38,4.38
신대방삼거리역 1번,골목상권,중식음식점,1,0,0,0,0.0,3.68,3.68
신대방삼거리역 3번,골목상권,중식음식점,1,0,0,0,0.0,3.68,3.68
신대방역 1번,골목상권,중식음식점,2,0,1,50,0.0,3.73,3.73
신대방역 2번,골목상권,중식음식점,11,0,0,0,0.0,5.49,5.49
신대방역 3번,골목상권,중식음식점,1,0,0,0,0.0,3.68,3.68
신대방역 4번,골목상권,중식음식점,6,0,0,0,0.0,4.95,4.95
"신림역 5번(신림동주민센터, 신림동별빛거리)",골목상권,중식음식점,4,0,0,0,0.0,4.62,4.62
신림역 8번,골목상권,중식음식점,2,0,0,0,0.0,4.09,4.09
신림주공2단지(광신고등학교),골목상권,중식음식점,1,0,0,0,0.0,3.68,3.68
신림현대아파트,골목상권,중식음식점,1,0,0,0,0.0,3.68,3.68
신목동역,골목상권,중식음식점,1,0,0,0,0.0,3.68,3.68
신묵초등학교,골목상권,중식음식점,1,0,0,0,0.0,3.68,3.68
신방화역 2번,골목상권,중식음식점,6,0,0,0,0.0,4.95,4.95
신방화역 8번,골목상권,중식음식점,1,0,0,0,0.0,3.68,3.68
신사1동주민센터,골목상권,중식음식점,1,0,0,0,0.0,3.68,3.68
신서초등학교,골목상권,중식음식점,2,0,0,0,0.0,4.09,4.09
신설동역 12번,골목상권,중식음식점,1,0,0,0,0.0,3.68,3.68
신성초등학교,골목상권,중식음식점,2,0,0,0,0.0,4.09,4.09
신원동주민센터,골목상권,중식음식점,2,0,0,0,0.0,4.09,4.09
신월1동우편취급국,골목상권,중식음식점,3,0,1,33,0.0,4.14,4.14
신월1동주민센터,골목상권,중식음식점,1,0,0,0,0.0,3.68,3.68
신월1파출소,골목상권,중식음식점,3,0,0,0,0.0,4.38,4.38
신월2동주민센터,골목상권,중식음식점,2,0,0,0,0.0,4.09,4.09
신월3동주민센터,골목상권,중식음식점,1,0,0,0,0.0,3.68,3.68
신월4동주민센터,골목상권,중식음식점,1,1,0,0,0.0,7.79,7.79
신월7동주민센터,골목상권,중식음식점,2,0,0,0,100.0,4.09,-95.91
신월문화체육센터,골목상권,중식음식점,3,0,0,0,0.0,4.38,4.38
신자초등학교,골목상권,중식음식점,3,0,0,0,0.0,4.38,4.38
신정2동주민센터,골목상권,중식음식점,3,0,0,0,0.0,4.4,4.4
신정네거리역 4번,골목상권,중식음식점,1,0,0,0,0.0,3.68,3.68
신정롯데캐슬아파트,골목상권,중식음식점,1,0,0,0,0.0,3.68,3.68
신정역 1번,골목상권,중식음식점,1,0,0,0,0.0,3.68,3.68
신정역 5번,골목상권,중식음식점,3,0,0,0,0.0,4.38,4.38
신진과학기술고등학교,골목상권,중식음식점,1,0,0,0,0.0,3.74,3.74
신창초등학교,골목상권,중식음식점,3,0,1,33,0.0,4.14,4.14
신풍역 1번,골목상권,중식음식점,5,1,0,0,0.0,5.63,5.63
신풍역 3번,골목상권,중식음식점,3,0,0,0,0.0,4.38,4.38
신한은행 방학동지점,골목상권,중식음식점,1,0,0,0,0.0,3.68,3.68
신한은행 신월동지점,골목상권,중식음식점,3,0,0,0,0.0,4.38,4.38
쌍문2동우체국,골목상권,중식음식점,4,0,0,0,0.0,4.61,4.61
쌍문초등학교,골목상권,중식음식점,2,0,0,0,0.0,4.09,4.09
아차산역 1번,골목상권,중식음식점,2,0,0,0,0.0,4.09,4.09
아카데미하우스,골목상권,중식음식점,1,0,0,0,0.0,3.68,3.68
아현역 1번,골목상권,중식음식점,1,0,0,0,0.0,3.74,3.74
안암역 2번,골목상권,중식음식점,7,1,1,14,33.0,5.55,-27.45
안암역 3번,골목상권,중식음식점,13,1,0,0,0.0,5.99,5.99
암사동성당(효정하나플러스아파트),골목상권,중식음식점,3,0,0,0,0.0,4.38,4.38
암사역 1번,골목상권,중식음식점,9,1,0,0,11.0,5.76,-5.24
암사역 2번(서울강동초등학교),골목상권,중식음식점,5,0,0,0,0.0,4.79,4.79
암사역 3번(천호동자전거거리),골목상권,중식음식점,3,0,1,33,0.0,4.16,4.16
양재근린공원(양재2동주민센터),골목상권,중식음식점,1,0,0,0,0.0,3.68,3.68
양재역 8번(양재동우체국),골목상권,중식음식점,2,0,0,0,0.0,4.09,4.09
양지어린이공원,골목상권,중식음식점,1,0,0,0,0.0,3.74,3.74
양천향교역 2번,골목상권,중식음식점,1,0,0,0,0.0,3.68,3.68
양천향교역 5번,골목상권,중식음식점,3,0,0,0,0.0,4.38,4.38
양천향교역 7번,골목상권,중식음식점,4,0,0,0,0.0,4.61,4.61
양평역 2번,골목상권,중식음식점,3,0,0,0,0.0,4.38,4.38
양화초등학교,골목상권,중식음식점,1,0,0,0,0.0,3.68,3.68
어린이대공원역 3번,골목상권,중식음식점,4,0,0,0,0.0,4.61,4.61
어린이대공원역 4번,골목상권,중식음식점,1,0,0,0,0.0,3.68,3.68
언북중학교,골목상권,중식음식점,1,0,0,0,0.0,3.68,3.68
언주역 3번,골목상권,중식음식점,1,0,0,0,0.0,3.68,3.68
언주역 6번,골목상권,중식음식점,6,2,0,0,50.0,6.28,-43.72
역삼역 8번,골목상권,중식음식점,1,0,0,0,0.0,3.68,3.68
역촌노인복지관,골목상권,중식음식점,1,0,0,0,0.0,3.68,3.68
역촌역 3번,골목상권,중식음식점,1,0,0,0,0.0,3.68,3.68
연가초등학교,골목상권,중식음식점,1,0,1,100,0.0,2.96,2.96
연신내역 2번,골목상권,중식음식점,1,0,0,0,0.0,3.68,3.68
연신내역 4번,골목상권,중식음식점,2,0,0,0,0.0,4.09,4.09
연신내역 5번,골목상권,중식음식점,3,0,0,0,0.0,4.4,4.4
연신내역 7번,골목상권,중식음식점,2,0,0,0,0.0,4.09,4.09
연신내우체국,골목상권,중식음식점,1,0,0,0,0.0,3.68,3.68
연신초등학교,골목상권,중식음식점,1,0,0,0,0.0,3.68,3.68
연트럴파크(연남동주민센터),골목상권,중식음식점,2,0,0,0,100.0,4.09,-95.91
연희대우아파트앞,골목상권,중식음식점,3,0,0,0,0.0,4.38,4.38
연희세브란스병원,골목상권,중식음식점,1,0,0,0,0.0,3.68,3.68
연희초등학교,골목상권,중식음식점,2,0,0,0,0.0,4.09,4.09
연희파출소,골목상권,중식음식점,2,0,0,0,0.0,4.09,4.09
염곡동 구룡사(포이동성당),골목상권,중식음식점,6,0,0,0,0.0,4.97,4.97
염창역 2번,골목상권,중식음식점,1,0,0,0,0.0,3.68,3.68
영동대교남단,골목상권,중식음식점,1,0,0,0,0.0,3.68,3.68
영동초등학교,골목상권,중식음식점,1,0,0,0,0.0,3.68,3.68
영등포구청역 2번,골목상권,중식음식점,3,0,0,0,0.0,4.4,4.4
영등포구청역 6번,골목상권,중식음식점,3,0,0,0,0.0,4.38,4.38
영등포시장역 1번,골목상권,중식음식점,4,0,0,0,0.0,4.61,4.61
영등포역 2번,골목상권,중식음식점,11,0,0,0,0.0,5.49,5.49
영등포푸르지오아파트,골목상권,중식음식점,7,0,0,0,17.0,5.08,-11.92
영락고등학교,골목상권,중식음식점,2,0,0,0,0.0,4.09,4.09
영서중학교,골목상권,중식음식점,2,0,0,0,0.0,4.12,4.12
영신여고,골목상권,중식음식점,2,0,0,0,100.0,4.12,-95.88
영신초등학교,골목상권,중식음식점,6,0,0,0,0.0,4.95,4.95
영천시장입구,골목상권,중식음식점,2,0,0,0,0.0,4.09,4.09
예일여고,골목상권,중식음식점,1,0,0,0,0.0,3.68,3.68
오거리공원,골목상권,중식음식점,2,0,0,0,0.0,4.09,4.09
오금공원(오주중학교),골목상권,중식음식점,1,0,0,0,0.0,3.68,3.68
오류2동버들시장,골목상권,중식음식점,8,1,0,0,0.0,5.73,5.73
오류동역 3번,골목상권,중식음식점,2,0,0,0,0.0,4.09,4.09
오류지구대,골목상권,중식음식점,2,0,0,0,0.0,4.09,4.09
오산고등학교,골목상권,중식음식점,1,0,0,0,0.0,3.68,3.68
오산중학교,골목상권,중식음식점,1,0,0,0,0.0,3.68,3.68
옥수동우편취급국,골목상권,중식음식점,1,0,0,0,0.0,3.74,3.74
옥수역 6번,골목상권,중식음식점,3,0,0,0,0.0,4.38,4.38
옥정중학교,골목상권,중식음식점,1,0,0,0,0.0,3.68,3.68
온수역 5번(온수산업단지),골목상권,중식음식점,1,0,0,0,0.0,3.68,3.68
왕십리역 9번,골목상권,중식음식점,1,0,0,0,0.0,3.68,3.68
외대앞역 1번,골목상권,중식음식점,12,0,0,0,20.0,5.59,-14.41
외대앞역 2번,골목상권,중식음식점,2,0,0,0,0.0,4.09,4.09
용두동신동아아파트,골목상권,중식음식점,2,0,0,0,0.0,4.09,4.09
용두사거리,골목상권,중식음식점,1,0,0,0,0.0,3.68,3.68
용마초등학교,골목상권,중식음식점,1,0,0,0,0.0,3.68,3.68
용산구청,골목상권,중식음식점,2,0,0,0,0.0,4.09,4.09
용산세무서,골목상권,중식음식점,1,0,0,0,0.0,3.68,3.68
우리은행응암동지점,골목상권,중식음식점,1,0,0,0,0.0,3.68,3.68
우면주공아파트,골목상권,중식음식점,3,0,0,0,0.0,4.38,4.38
우이천 계성교,골목상권,중식음식점,2,0,0,0,0.0,4.09,4.09
우장산롯데캐슬아파트앞,골목상권,중식음식점,2,0,0,0,0.0,4.09,4.09
우장산역 1번,골목상권,중식음식점,3,0,0,0,0.0,4.38,4.38
우장산역 4번,골목상권,중식음식점,4,0,0,0,0.0,4.61,4.61
월계역 3번,골목상권,중식음식점,1,0,0,0,0.0,3.68,3.68
유엔빌리지길,골목상권,중식음식점,2,0,0,0,0.0,4.09,4.09
은천초등학교(은천교앞),골목상권,중식음식점,4,1,1,25,0.0,5.44,5.44
은평구청,골목상권,중식음식점,4,0,0,0,0.0,4.64,4.64
은평세무서,골목상권,중식음식점,2,0,1,50,0.0,3.76,3.76
응암3동주민센터,골목상권,중식음식점,2,0,0,0,0.0,4.09,4.09
응암동우체국,골목상권,중식음식점,1,0,0,0,0.0,3.68,3.68
응암역 2번,골목상권,중식음식점,1,0,0,0,0.0,3.68,3.68
응암역 3번,골목상권,중식음식점,7,0,0,0,0.0,5.09,5.09
응암정보도서관,골목상권,중식음식점,4,0,0,0,0.0,4.61,4.61
이수역 10번,골목상권,중식음식점,2,0,0,0,0.0,4.09,4.09
이수역 5번,골목상권,중식음식점,2,0,0,0,0.0,4.09,4.09
이수역 9번,골목상권,중식음식점,2,0,0,0,0.0,4.09,4.09
이촌동점보아파트,골목상권,중식음식점,1,0,0,0,0.0,3.68,3.68
인수동 우편취급국,골목상권,중식음식점,2,0,0,0,50.0,4.09,-45.91
인수중학교,골목상권,중식음식점,1,0,0,0,0.0,3.68,3.68
인헌고등학교(인헌중학교),골목상권,중식음식점,2,0,0,0,0.0,4.09,4.09
자양4동주민센터,골목상권,중식음식점,5,0,0,0,0.0,4.79,4.79
자양동우체국,골목상권,중식음식점,1,0,0,0,0.0,3.68,3.68
자양한강도서관,골목상권,중식음식점,2,0,0,0,100.0,4.09,-95.91
자하문터널,골목상권,중식음식점,3,0,0,0,0.0,4.38,4.38
잠실나루역,골목상권,중식음식점,1,1,1,100,0.0,7.0,7.0
잠원역,골목상권,중식음식점,1,0,0,0,0.0,3.68,3.68
장곡초등학교,골목상권,중식음식점,1,0,0,0,0.0,3.68,3.68
장승배기역 4번,골목상권,중식음식점,2,0,0,0,0.0,4.09,4.09
장안1동주민센터,골목상권,중식음식점,10,0,0,0,0.0,5.42,5.42
장안근린공원,골목상권,중식음식점,6,0,0,0,0.0,4.96,4.96
장안제일시장,골목상권,중식음식점,1,0,0,0,0.0,3.68,3.68
장안현대홈타운1차아파트,골목상권,중식음식점,2,0,0,0,0.0,4.12,4.12
장위1동주민센터,골목상권,중식음식점,1,0,0,0,0.0,3.68,3.68
장지동주민센터(한림연예예술고교),골목상권,중식음식점,1,0,0,0,0.0,3.68,3.68
장충단 고개,골목상권,중식음식점,1,0,0,0,0.0,3.74,3.74
장충동주민센터,골목상권,중식음식점,1,0,0,0,0.0,3.68,3.68
장충초등학교,골목상권,중식음식점,2,0,0,0,0.0,4.09,4.09
장평중학교,골목상권,중식음식점,1,0,1,100,0.0,2.96,2.96
전곡마을마당공원,골목상권,중식음식점,1,0,0,0,0.0,3.68,3.68
전농중학교,골목상권,중식음식점,4,0,0,0,0.0,4.61,4.61
정릉3동주민센터,골목상권,중식음식점,2,0,0,0,0.0,4.09,4.09
정릉역 1번,골목상권,중식음식점,1,0,0,0,0.0,3.74,3.74
정릉우체국,골목상권,중식음식점,2,0,0,0,0.0,4.09,4.09
제기동역 6번,골목상권,중식음식점,1,0,0,0,0.0,3.68,3.68
조원동주민센터,골목상권,중식음식점,3,0,0,0,0.0,4.38,4.38
종암경찰서,골목상권,중식음식점,1,0,0,0,0.0,3.68,3.68
종암동주민센터,골목상권,중식음식점,3,0,0,0,0.0,4.4,4.4
종암아이파크2차,골목상권,중식음식점,1,0,0,0,0.0,3.68,3.68
중곡1동주민센터,골목상권,중식음식점,2,0,0,0,0.0,4.09,4.09
중곡3동주민센터,골목상권,중식음식점,3,0,0,0,0.0,4.4,4.4
중곡어린이공원,골목상권,중식음식점,1,0,0,0,0.0,3.68,3.68
중곡역 3번,골목상권,중식음식점,1,0,0,0,0.0,3.74,3.74
중곡초등학교,골목상권,중식음식점,2,0,0,0,0.0,4.12,4.12
중구회현체육센터(정화예술대남산캠퍼스),골목상권,중식음식점,1,0,0,0,0.0,3.68,3.68
중랑노인종합복지관,골목상권,중식음식점,1,1,2,100,0.0,7.0,7.0
중랑역 4번,골목상권,중식음식점,1,0,0,0,0.0,3.68,3.68
중앙대학교,골목상권,중식음식점,8,0,1,13,0.0,5.13,5.13
중화역 4번,골목상권,중식음식점,3,0,0,0,0.0,4.38,4.38
증산역 3번,골목상권,중식음식점,2,0,0,0,0.0,4.09,4.09
증산역 4번,골목상권,중식음식점,1,0,0,0,0.0,3.68,3.68
창2동주민센터,골목상권,중식음식점,3,0,0,0,0.0,4.38,4.38
창동역 2번,골목상권,중식음식점,1,0,0,0,0.0,3.68,3.68
창신역 1번,골목상권,중식음식점,1,0,0,0,0.0,3.68,3.68
창신역 4번,골목상권,중식음식점,1,0,0,0,0.0,3.68,3.68
천일초등학교,골목상권,중식음식점,1,0,0,0,0.0,3.68,3.68
천호공원(해공체육문화센터),골목상권,중식음식점,2,0,0,0,100.0,4.09,-95.91
천호역 1번(천호문구완구거리),골목상권,중식음식점,2,0,0,0,0.0,4.09,4.09
천호역 6번,골목상권,중식음식점,1,0,0,0,0.0,3.68,3.68
천호초등학교,골목상권,중식음식점,2,0,0,0,100.0,4.09,-95.91
천호태영아파트,골목상권,중식음식점,1,0,0,0,0.0,3.74,3.74
청구역 1번,골목상권,중식음식점,6,0,0,0,0.0,4.95,4.95
청구역 3번,골목상권,중식음식점,2,1,1,50,0.0,5.75,5.75
청담역 12번,골목상권,중식음식점,1,0,0,0,0.0,3.68,3.68
청담역 3번,골목상권,중식음식점,1,0,0,0,0.0,3.74,3.74
청량초등학교,골목상권,중식음식점,1,0,0,0,0.0,3.68,3.68
청룡동주민센터,골목상권,중식음식점,2,0,0,0,50.0,4.09,-45.91
청림동주민센터(상도중학교),골목상권,중식음식점,1,0,0,0,0.0,3.68,3.68
청운초등학교,골목상권,중식음식점,1,0,0,0,0.0,3.68,3.68
체부동홍종문가옥,골목상권,중식음식점,1,0,0,0,0.0,3.68,3.68
촬영소사거리,골목상권,중식음식점,1,0,0,0,0.0,3.68,3.68
충무초등학교,골목상권,중식음식점,3,0,0,0,0.0,4.4,4.4
충정로역 3번,골목상권,중식음식점,2,0,0,0,0.0,4.09,4.09
충정로역 6번,골목상권,중식음식점,1,0,0,0,0.0,3.68,3.68
충정로현대아파트,골목상권,중식음식점,2,0,0,0,0.0,4.12,4.12
태릉시장 특화거리,골목상권,중식음식점,2,0,0,0,0.0,4.09,4.09
태릉입구역 4번,골목상권,중식음식점,1,0,0,0,0.0,3.68,3.68
평창동서측,골목상권,중식음식점,1,0,0,0,0.0,3.68,3.68
포이초등학교(개포목련어린이공원),골목상권,중식음식점,1,0,0,0,0.0,3.68,3.68
푸른들청소년도서관,골목상권,중식음식점,8,2,2,25,14.0,6.04,-7.96
하나은행 망우동지점,골목상권,중식음식점,2,0,0,0,0.0,4.09,4.09
한강로동땡땡거리(은행나무길),골목상권,중식음식점,3,1,0,0,0.0,5.71,5.71
한강미주맨션아파트,골목상권,중식음식점,2,0,0,0,0.0,4.09,4.09
한강진역 3번,골목상권,중식음식점,3,0,0,0,0.0,4.38,4.38
한겨레신문사,골목상권,중식음식점,1,0,0,0,0.0,3.68,3.68
한국SGI본부,골목상권,중식음식점,9,0,0,0,0.0,5.32,5.32
한국교통안전공단 강남자동차검사소,골목상권,중식음식점,1,0,0,0,0.0,3.68,3.68
한국의류시험연구원,골목상권,중식음식점,1,0,0,0,0.0,3.68,3.68
한남IC,골목상권,중식음식점,2,1,0,0,0.0,6.11,6.11
한남힐사이드아파트,골목상권,중식음식점,1,0,0,0,0.0,3.68,3.68
한림대학교한강성심병원,골목상권,중식음식점,1,0,0,0,0.0,3.68,3.68
한성대입구역 3번,골목상권,중식음식점,2,0,0,0,100.0,4.09,-95.91
한성대입구역 5번,골목상권,중식음식점,2,0,0,0,0.0,4.09,4.09
한양대역 4번,골목상권,중식음식점,1,0,0,0,0.0,3.68,3.68
한울중학교,골목상권,중식음식점,1,0,0,0,0.0,3.68,3.68
한일병원,골목상권,중식음식점,1,0,0,0,0.0,3.68,3.68
합정역 8번,골목상권,중식음식점,6,0,0,0,20.0,4.96,-15.04
해방촌 남동측,골목상권,중식음식점,1,0,0,0,0.0,3.68,3.68
해방촌예술마을,골목상권,중식음식점,1,0,0,0,0.0,3.68,3.68
행당역 2번,골목상권,중식음식점,3,0,0,0,0.0,4.38,4.38
혜원여고,골목상권,중식음식점,1,0,0,0,0.0,3.68,3.68
홍대땡땡거리,골목상권,중식음식점,1,0,0,0,0.0,3.74,3.74
홍대부속여중고앞,골목상권,중식음식점,3,0,0,0,0.0,4.4,4.4
홍대입구역 3번,골목상권,중식음식점,9,0,0,0,13.0,5.32,-7.68
홍연시장,골목상권,중식음식점,2,0,0,0,0.0,4.09,4.09
홍제3동주민센터,골목상권,중식음식점,2,0,0,0,0.0,4.16,4.16
홍제역 2번,골목상권,중식음식점,2,1,1,50,0.0,5.75,5.75
홍제역 3번,골목상권,중식음식점,1,0,1,100,0.0,2.96,2.96
홍파초등학교,골목상권,중식음식점,1,0,0,0,0.0,3.68,3.68
화계역 2번,골목상권,중식음식점,1,0,0,0,0.0,3.68,3.68
화계중학교,골목상권,중식음식점,1,0,0,0,0.0,3.68,3.68
화곡보람2차아파트,골목상권,중식음식점,1,0,0,0,0.0,3.68,3.68
화곡역 2번,골목상권,중식음식점,3,0,0,0,50.0,4.38,-45.62
화곡역 4번,골목상권,중식음식점,1,0,0,0,0.0,3.68,3.68
화곡역 5번,골목상권,중식음식점,3,0,0,0,0.0,4.38,4.38
화곡초등학교,골목상권,중식음식점,3,0,1,33,0.0,4.14,4.14
화양사거리,골목상권,중식음식점,5,0,0,0,0.0,4.8,4.8
화원어린이공원,골목상권,중식음식점,2,0,0,0,0.0,4.09,4.09
화원중학교,골목상권,중식음식점,3,0,0,0,0.0,4.38,4.38
효창공원앞역 5번,골목상권,중식음식점,1,0,0,0,0.0,3.68,3.68
후암동주민센터,골목상권,중식음식점,4,0,0,0,0.0,4.61,4.61
흑리단길,골목상권,중식음식점,1,0,0,0,0.0,3.68,3.68
4.19민주묘지역 2번,골목상권,치킨전문점,3,0,0,0,0.0,4.94,4.94
GS강동자이아파트,골목상권,치킨전문점,6,1,1,17,0.0,6.06,6.06
KB국민은행 망원동지점,골목상권,치킨전문점,6,0,0,0,0.0,5.49,5.49
KC대학교,골목상권,치킨전문점,1,0,0,0,0.0,4.23,4.23
KT구로지사,골목상권,치킨전문점,1,0,0,0,0.0,4.23,4.23
KT금천빌딩(금천구시설관리공단),골목상권,치킨전문점,2,0,0,0,0.0,4.58,4.58
NH농협은행 보광동지점,골목상권,치킨전문점,2,0,0,0,0.0,4.65,4.65
NH농협은행 상도동지점,골목상권,치킨전문점,2,0,0,0,0.0,4.61,4.61
Sh수협은행 오금동금융센터(아랫말어린이공원),골목상권,치킨전문점,1,0,0,0,0.0,4.23,4.23
가산동우체국,골목상권,치킨전문점,8,0,0,0,33.0,5.71,-27.29
가산동주민센터,골목상권,치킨전문점,3,0,0,0,0.0,4.94,4.94
가산초등학교(세일중학교),골목상권,치킨전문점,4,0,0,0,0.0,5.13,5.13
가양역 10번,골목상권,치킨전문점,2,0,0,0,0.0,4.65,4.65
가오리역 1번,골목상권,치킨전문점,4,0,0,0,0.0,5.15,5.15
가인초등학교,골목상권,치킨전문점,1,0,0,0,0.0,4.23,4.23
가좌역 2번,골목상권,치킨전문점,3,0,0,0,0.0,4.91,4.91
간데메공원,골목상권,치킨전문점,5,1,1,20,0.0,6.0,6.0
갈현건영아파트,골목상권,치킨전문점,2,0,0,0,0.0,4.65,4.65
강남세브란스병원미래의학연구센터,골목상권,치킨전문점,3,0,0,0,0.0,4.91,4.91
강동구립 천호도서관,골목상권,치킨전문점,5,0,0,0,0.0,5.31,5.31
강동구립성내도서관,골목상권,치킨전문점,5,0,0,0,0.0,5.34,5.34
강동구청(강동구청역 2번),골목상권,치킨전문점,1,0,0,0,0.0,4.17,4.17
강동역 4번(강풀만화거리),골목상권,치킨전문점,8,0,0,0,0.0,5.74,5.74
강북구청,골목상권,치킨전문점,2,0,0,0,0.0,4.65,4.65
강북문화예술회관,골목상권,치킨전문점,1,0,0,0,0.0,4.23,4.23
강북중학교,골목상권,치킨전문점,2,0,0,0,0.0,4.58,4.58
강서구다솔마을,골목상권,치킨전문점,2,0,0,0,0.0,4.65,4.65
강서구청가양동별관,골목상권,치킨전문점,1,0,1,100,0.0,3.51,3.51
강서구청옆,골목상권,치킨전문점,2,0,0,0,0.0,4.65,4.65
강서새말어린이공원,골목상권,치킨전문점,2,0,0,0,0.0,4.65,4.65
강일동주민센터,골목상권,치킨전문점,7,0,0,0,13.0,5.63,-7.37
개미어린이공원,골목상권,치킨전문점,1,0,0,0,0.0,4.23,4.23
개봉1동주민센터,골목상권,치킨전문점,11,0,1,9,20.0,5.97,-14.03
개봉3동주민센터,골목상권,치킨전문점,1,0,0,0,0.0,4.17,4.17
개봉역,골목상권,치킨전문점,2,0,0,0,0.0,4.61,4.61
개봉중학교,골목상권,치킨전문점,1,0,0,0,0.0,4.17,4.17
개봉초등학교,골목상권,치킨전문점,1,0,0,0,0.0,4.23,4.23
개웅초등학교(개웅중학교),골목상권,치킨전문점,1,0,0,0,0.0,4.23,4.23
개포고등학교,골목상권,치킨전문점,3,0,0,0,0.0,4.94,4.94
개화산역 1번,골목상권,치킨전문점,2,0,0,0,0.0,4.65,4.65
거여역 1번(거여공원),골목상권,치킨전문점,5,0,0,0,20.0,5.34,-14.66
건대입구역 1번,골목상권,치킨전문점,5,0,0,0,0.0,5.35,5.35
건대입구역 6번,골목상권,치킨전문점,4,0,0,0,0.0,5.13,5.13
경기대학교,골목상권,치킨전문점,1,1,1,100,0.0,7.56,7.56
경리단길남측,골목상권,치킨전문점,5,0,0,0,0.0,5.31,5.31
경리단길북측,골목상권,치킨전문점,1,0,0,0,0.0,4.23,4.23
경문고등학교(동작동성당),골목상권,치킨전문점,5,0,0,0,0.0,5.35,5.35
경성고등학교,골목상권,치킨전문점,1,0,0,0,0.0,4.23,4.23
경수초등학교,골목상권,치킨전문점,2,0,0,0,0.0,4.61,4.61
경의선책거리,골목상권,치킨전문점,1,0,0,0,0.0,4.23,4.23
경의중앙 신촌역,골목상권,치킨전문점,1,0,0,0,0.0,4.23,4.23
경찰병원역 4번(건너말공원),골목상권,치킨전문점,2,0,0,0,0.0,4.58,4.58
경춘선숲길 우측,골목상권,치킨전문점,11,0,0,0,0.0,6.05,6.05
경향신문사,골목상권,치킨전문점,1,0,0,0,0.0,4.17,4.17
경희대삼거리,골목상권,치킨전문점,3,0,0,0,0.0,4.89,4.89
계상초등학교,골목상권,치킨전문점,5,0,0,0,0.0,5.34,5.34
고대앞사거리,골목상권,치킨전문점,1,0,0,0,0.0,4.23,4.23
고덕동성당,골목상권,치킨전문점,4,0,0,0,0.0,5.15,5.15
고덕중학교(고덕2동주민센터),골목상권,치킨전문점,7,0,0,0,0.0,5.62,5.62
고려대역 4번,골목상권,치킨전문점,1,0,0,0,0.0,4.17,4.17
고려대역 6번,골목상권,치킨전문점,4,0,0,0,0.0,5.13,5.13
고척동성당,골목상권,치킨전문점,3,0,0,0,0.0,4.89,4.89
공군호텔,골목상권,치킨전문점,3,0,0,0,0.0,4.91,4.91
공덕동주민센터,골목상권,치킨전문점,5,0,0,0,0.0,5.35,5.35
공덕래미안3차아파트,골목상권,치킨전문점,1,0,0,0,0.0,4.23,4.23
공릉동 국수거리,골목상권,치킨전문점,9,4,1,11,11.0,7.54,-3.46
공릉역 2번,골목상권,치킨전문점,4,0,1,25,0.0,4.93,4.93
공항고등학교,골목상권,치킨전문점,2,0,0,0,0.0,4.65,4.65
공항시장역 1번,골목상권,치킨전문점,1,0,0,0,0.0,4.23,4.23
공항시장역 3번,골목상권,치킨전문점,1,0,0,0,0.0,4.17,4.17
관악구 중앙길,골목상권,치킨전문점,7,0,0,0,0.0,5.62,5.62
관악구신사동주민센터,골목상권,치킨전문점,5,0,0,0,0.0,5.35,5.35
관악우성아파트,골목상권,치킨전문점,1,0,0,0,0.0,4.23,4.23
관악해태어린이공원,골목상권,치킨전문점,2,0,0,0,0.0,4.65,4.65
광나루역 1번,골목상권,치킨전문점,2,0,0,0,0.0,4.65,4.65
광산사거리,골목상권,치킨전문점,5,0,0,0,0.0,5.32,5.32
광운대역 1번,골목상권,치킨전문점,4,0,0,0,0.0,5.13,5.13
광진경찰서,골목상권,치킨전문점,3,1,0,0,50.0,6.23,-43.77
광진정말공원,골목상권,치킨전문점,4,0,0,0,0.0,5.11,5.11
광진정보도서관,골목상권,치킨전문점,2,0,0,0,0.0,4.65,4.65
광진초등학교,골목상권,치킨전문점,1,0,0,0,0.0,4.23,4.23
광흥창역 1번,골목상권,치킨전문점,2,0,0,0,0.0,4.65,4.65
광흥창역 6번,골목상권,치킨전문점,1,0,0,0,0.0,4.23,4.23
구남초등학교,골목상권,치킨전문점,1,0,0,0,0.0,4.17,4.17
구로119안전센터,골목상권,치킨전문점,1,0,0,0,0.0,4.23,4.23
구로4동주민센터,골목상권,치킨전문점,5,0,0,0,0.0,5.31,5.31
구로디지털단지역 4번,골목상권,치킨전문점,2,1,0,0,0.0,6.67,6.67
구로보건소,골목상권,치킨전문점,9,1,2,22,0.0,6.15,6.15
구로창업지원센터,골목상권,치킨전문점,5,0,1,20,0.0,5.19,5.19
구로초등학교,골목상권,치킨전문점,4,0,0,0,0.0,5.16,5.16
구립대학경로당(관악산샘말공원),골목상권,치킨전문점,12,0,0,0,8.0,6.11,-1.89
구산보건지소,골목상권,치킨전문점,6,0,0,0,20.0,5.47,-14.53
구산역 1번,골목상권,치킨전문점,6,0,0,0,0.0,5.49,5.49
구산역 2번,골목상권,치킨전문점,1,0,0,0,0.0,4.17,4.17
구산역 4번,골목상권,치킨전문점,4,0,1,25,0.0,4.95,4.95
구암초등학교,골목상권,치킨전문점,5,0,0,0,100.0,5.31,-94.69
구의1동주민센터,골목상권,치킨전문점,5,0,0,0,0.0,5.32,5.32
구의역 4번,골목상권,치킨전문점,6,0,0,0,0.0,5.48,5.48
국립4.19민주묘지,골목상권,치킨전문점,1,0,0,0,0.0,4.23,4.23
국립정신건강센터,골목상권,치킨전문점,2,0,0,0,0.0,4.65,4.65
국민대학교앞,골목상권,치킨전문점,2,1,1,50,0.0,6.27,6.27
국민은행방학지점,골목상권,치킨전문점,1,0,0,0,0.0,4.23,4.23
국악고교사거리,골목상권,치킨전문점,4,1,1,25,0.0,5.96,5.96
국제신학대학원대학교(남서울중학교),골목상권,치킨전문점,1,0,0,0,0.0,4.23,4.23
군자역 4번,골목상권,치킨전문점,1,0,0,0,0.0,4.23,4.23
군자역 5번,골목상권,치킨전문점,1,0,1,100,0.0,3.45,3.45
굽은다리역 1번(십자성마을),골목상권,치킨전문점,3,0,0,0,0.0,4.89,4.89
굽은다리역 2번,골목상권,치킨전문점,2,0,0,0,0.0,4.61,4.61
굽은다리역 3번,골목상권,치킨전문점,3,0,0,0,0.0,4.91,4.91
굽은다리역 4번,골목상권,치킨전문점,7,1,1,14,0.0,6.06,6.06
그라운드 고척,골목상권,치킨전문점,12,0,0,0,8.0,6.11,-1.89
금동어린이공원,골목상권,치킨전문점,3,0,0,0,0.0,4.91,4.91
금북초등학교,골목상권,치킨전문점,1,0,0,0,0.0,4.17,4.17
금빛새마을금고본점,골목상권,치킨전문점,1,0,0,0,0.0,4.23,4.23
금산초등학교(금천고등학교),골목상권,치킨전문점,6,0,0,0,0.0,5.47,5.47
금천구청역 1번 출입구,골목상권,치킨전문점,2,0,0,0,0.0,4.65,4.65
금천금빛공원(은행나무사거리서측),골목상권,치킨전문점,5,4,4,80,0.0,7.94,7.94
금천철쭉어린이공원(금하마을),골목상권,치킨전문점,3,0,0,0,0.0,4.91,4.91
금천해태공원,골목상권,치킨전문점,1,0,0,0,0.0,4.23,4.23
금호사거리,골목상권,치킨전문점,1,0,0,0,0.0,4.23,4.23
금호삼성래미안아파트,골목상권,치킨전문점,2,0,0,0,0.0,4.61,4.61
길동주민센터(강동도서관),골목상권,치킨전문점,3,0,0,0,0.0,4.91,4.91
길음역 7번,골목상권,치킨전문점,3,0,0,0,0.0,4.89,4.89
길음역 8번,골목상권,치킨전문점,2,0,0,0,0.0,4.65,4.65
까치산역 1번,골목상권,치킨전문점,5,0,1,20,0.0,5.18,5.18
까치산역 3번,골목상권,치킨전문점,3,0,1,33,0.0,4.63,4.63
까치산역 4번,골목상권,치킨전문점,8,0,0,0,0.0,5.74,5.74
낙성대역 1번(관악구민 종합체육센터),골목상권,치킨전문점,2,0,1,50,0.0,4.25,4.25
낙성대역 5번(관악중학교),골목상권,치킨전문점,1,0,0,0,0.0,4.23,4.23
난곡중학교,골목상권,치킨전문점,3,0,0,0,0.0,4.91,4.91
난곡초등학교(난곡동벽화마을),골목상권,치킨전문점,4,1,0,0,33.0,6.14,-26.86
난우중학교,골목상권,치킨전문점,1,0,0,0,0.0,4.23,4.23
난우초등학교,골목상권,치킨전문점,7,0,0,0,17.0,5.62,-11.38
난향초등학교,골목상권,치킨전문점,1,0,0,0,0.0,4.23,4.23
남가좌파출소,골목상권,치킨전문점,9,0,1,11,13.0,5.76,-7.24
남강고등학교(남강중학교),골목상권,치킨전문점,5,1,1,20,0.0,6.01,6.01
남구로역 2번,골목상권,치킨전문점,11,2,2,18,0.0,6.63,6.63
남구로역 3번,골목상권,치킨전문점,3,0,0,0,0.0,4.91,4.91
남구로역 5번,골목상권,치킨전문점,3,0,0,0,0.0,4.89,4.89
남부초등학교,골목상권,치킨전문점,1,0,0,0,0.0,4.17,4.17
남성역 1번,골목상권,치킨전문점,3,1,3,100,0.0,5.53,5.53
남영역 1번,골목상권,치킨전문점,1,0,0,0,0.0,4.23,4.23
남천초등학교,골목상권,치킨전문점,3,0,0,0,0.0,4.94,4.94
내를건너서숲으로도서관,골목상권,치킨전문점,2,0,0,0,0.0,4.61,4.61
내방역 4번,골목상권,치킨전문점,1,0,0,0,0.0,4.17,4.17
노량진역 6번,골목상권,치킨전문점,4,0,0,0,0.0,5.15,5.15
노량진초등학교,골목상권,치킨전문점,1,0,0,0,0.0,4.17,4.17
노원 을지대학교병원,골목상권,치킨전문점,1,0,0,0,0.0,4.23,4.23
노원역 9번,골목상권,치킨전문점,1,1,0,0,0.0,8.21,8.21
노원초등학교,골목상권,치킨전문점,5,0,0,0,0.0,5.31,5.31
녹번동근린공원,골목상권,치킨전문점,7,1,0,0,0.0,6.18,6.18
논현2동주민센터,골목상권,치킨전문점,3,0,0,0,0.0,4.89,4.89
논현역 7번,골목상권,치킨전문점,1,0,0,0,0.0,4.17,4.17
논현초등학교,골목상권,치킨전문점,2,0,0,0,100.0,4.65,-95.35
누원고등학교,골목상권,치킨전문점,2,0,0,0,0.0,4.61,4.61
능동우편취급국,골목상권,치킨전문점,4,0,0,0,0.0,5.15,5.15
답십리공원,골목상권,치킨전문점,4,1,0,0,33.0,6.12,-26.88
답십리역 6번,골목상권,치킨전문점,1,0,0,0,0.0,4.23,4.23
답십리초등학교,골목상권,치킨전문점,8,0,0,0,0.0,5.74,5.74
당고개역 2번,골목상권,치킨전문점,3,0,0,0,0.0,4.87,4.87
당곡중학교,골목상권,치킨전문점,7,1,0,0,0.0,6.17,6.17
당산반도유보라팰리스아파트,골목상권,치킨전문점,1,0,0,0,0.0,4.23,4.23
대림1동주민센터,골목상권,치킨전문점,1,1,3,100,0.0,7.56,7.56
대림성모병원,골목상권,치킨전문점,1,0,0,0,0.0,4.17,4.17
대림역 2번,골목상권,치킨전문점,1,0,0,0,0.0,4.23,4.23
대림역 5번,골목상권,치킨전문점,1,0,0,0,0.0,4.17,4.17
대림한신아파트,골목상권,치킨전문점,4,0,0,0,0.0,5.13,5.13
대방역 3번,골목상권,치킨전문점,1,0,1,100,0.0,3.51,3.51
대방역 6번,골목상권,치킨전문점,2,0,0,0,0.0,4.65,4.65
대신고등학교,골목상권,치킨전문점,2,0,0,0,0.0,4.65,4.65
대왕초등학교(세곡동사거리서남측),골목상권,치킨전문점,2,0,0,0,0.0,4.61,4.61
대원고등학교,골목상권,치킨전문점,3,0,0,0,0.0,4.94,4.94
대진고등학교,골목상권,치킨전문점,2,0,1,50,0.0,4.25,4.25
대청초등학교,골목상권,치킨전문점,9,0,0,0,0.0,5.85,5.85
대치2동주민센터,골목상권,치킨전문점,1,0,0,0,0.0,4.23,4.23
대치동아우편취급국,골목상권,치킨전문점,2,0,0,0,0.0,4.61,4.61
대흥역 2번,골목상권,치킨전문점,5,0,0,0,0.0,5.31,5.31
대흥역 3번,골목상권,치킨전문점,5,0,0,0,25.0,5.31,-19.69
덕산중학교,골목상권,치킨전문점,1,0,0,0,0.0,4.23,4.23
덕수교,골목상권,치킨전문점,1,0,0,0,0.0,4.23,4.23
도림2동유수지내체육시설,골목상권,치킨전문점,1,0,0,0,0.0,4.23,4.23
도림초등학교,골목상권,치킨전문점,1,0,0,0,0.0,4.17,4.17
도봉구 정병원,골목상권,치킨전문점,4,0,0,0,0.0,5.15,5.15
도봉구보건소,골목상권,치킨전문점,10,0,0,0,0.0,5.93,5.93
도봉산역 1번,골목상권,치킨전문점,2,0,0,0,0.0,4.58,4.58
도봉산입구,골목상권,치킨전문점,8,1,1,13,0.0,6.17,6.17
도봉역 2번,골목상권,치킨전문점,2,0,0,0,0.0,4.61,4.61
도봉역 3번,골목상권,치킨전문점,2,0,0,0,0.0,4.61,4.61
도봉우체국,골목상권,치킨전문점,1,0,0,0,0.0,4.23,4.23
도신초등학교,골목상권,치킨전문점,3,0,0,0,0.0,4.94,4.94
독립문역 1번,골목상권,치킨전문점,2,0,0,0,0.0,4.61,4.61
독산119안전센터,골목상권,치킨전문점,1,1,0,0,0.0,8.28,8.28
독산2동주민센터,골목상권,치킨전문점,3,0,0,0,0.0,4.89,4.89
독산동성당,골목상권,치킨전문점,3,0,0,0,0.0,4.91,4.91
독산동정훈단지,골목상권,치킨전문점,2,0,1,50,0.0,4.29,4.29
독산역 1번 출입구,골목상권,치킨전문점,1,0,0,0,0.0,4.17,4.17
돈의문센트레빌아파트입구,골목상권,치킨전문점,3,0,0,0,0.0,4.94,4.94
돌곶이역 3번,골목상권,치킨전문점,1,0,0,0,0.0,4.23,4.23
돌곶이역 5번,골목상권,치킨전문점,4,0,0,0,0.0,5.15,5.15
돌곶이역 8번,골목상권,치킨전문점,2,0,0,0,100.0,4.61,-95.39
동교초등학교,골목상권,치킨전문점,3,0,0,0,0.0,4.94,4.94
동대문경찰서,골목상권,치킨전문점,1,0,0,0,0.0,4.23,4.23
동대문역 1번,골목상권,치킨전문점,1,0,0,0,0.0,4.23,4.23
동대문역사문화공원역 5번,골목상권,치킨전문점,2,0,0,0,0.0,4.58,4.58
동대부고,골목상권,치킨전문점,6,0,0,0,0.0,5.49,5.49
동대부여고,골목상권,치킨전문점,5,0,1,20,0.0,5.19,5.19
동묘앞역 2번,골목상권,치킨전문점,4,0,0,0,0.0,5.13,5.13
동의보감타워,골목상권,치킨전문점,1,0,0,0,0.0,4.23,4.23
동일여자고등학교,골목상권,치킨전문점,1,0,0,0,0.0,4.23,4.23
동작구자원봉사센터,골목상권,치킨전문점,2,0,0,0,0.0,4.61,4.61
두산초등학교,골목상권,치킨전문점,1,0,0,0,0.0,4.23,4.23
둔촌2동주민센터,골목상권,치킨전문점,6,0,0,0,0.0,5.48,5.48
둔촌동역 1번(한산중학교),골목상권,치킨전문점,4,0,0,0,0.0,5.13,5.13
둔촌동역 3번(성내3동주민센터),골목상권,치킨전문점,1,0,0,0,0.0,4.23,4.23
둔촌동역 4번,골목상권,치킨전문점,7,0,0,0,17.0,5.62,-11.38
등촌1동주민센터,골목상권,치킨전문점,3,0,0,0,0.0,4.91,4.91
등촌3동주민센터,골목상권,치킨전문점,6,0,0,0,17.0,5.47,-11.53
등촌역 4번,골목상권,치킨전문점,1,0,0,0,0.0,4.17,4.17
떡전교사거리,골목상권,치킨전문점,2,0,0,0,0.0,4.61,4.61
뜸부기어린이공원,골목상권,치킨전문점,3,0,0,0,0.0,4.94,4.94
러스크서울병원,골목상권,치킨전문점,3,1,1,33,0.0,6.01,6.01
마장역 2번,골목상권,치킨전문점,2,0,0,0,0.0,4.65,4.65
마장역 3번,골목상권,치킨전문점,1,0,0,0,0.0,4.23,4.23
마천1치안센터,골목상권,치킨전문점,1,0,0,0,0.0,4.17,4.17
마천역(마천초등학교),골목상권,치킨전문점,10,0,0,0,0.0,5.94,5.94
마포FM,골목상권,치킨전문점,1,0,0,0,0.0,4.17,4.17
마포경찰서,골목상권,치킨전문점,1,0,1,100,0.0,3.51,3.51
마포구청역 1번,골목상권,치킨전문점,4,0,0,0,0.0,5.15,5.15
마포구청역 4번,골목상권,치킨전문점,2,0,0,0,0.0,4.61,4.61
마포구청역 7번,골목상권,치킨전문점,1,0,0,0,0.0,4.17,4.17
마포역 4번,골목상권,치킨전문점,3,0,0,0,0.0,4.89,4.89
만리재,골목상권,치킨전문점,2,0,0,0,100.0,4.61,-95.39
말미고개,골목상권,치킨전문점,3,0,0,0,0.0,4.94,4.94
망리단길,골목상권,치킨전문점,7,1,1,14,0.0,6.08,6.08
망우본동주민센터,골목상권,치킨전문점,2,0,0,0,0.0,4.61,4.61
망우역 1번,골목상권,치킨전문점,3,0,0,0,0.0,4.89,4.89
망우역 2번,골목상권,치킨전문점,5,0,0,0,0.0,5.32,5.32
망원나들목체육관,골목상권,치킨전문점,3,0,1,33,0.0,4.68,4.68
망원역 1번,골목상권,치킨전문점,1,0,0,0,0.0,4.23,4.23
먹골역 1번,골목상권,치킨전문점,3,0,0,0,0.0,4.89,4.89
먹골역 5번,골목상권,치킨전문점,3,0,0,0,0.0,4.94,4.94
먹골파출소,골목상권,치킨전문점,1,0,0,0,0.0,4.23,4.23
메가박스 상봉,골목상권,치킨전문점,3,0,0,0,0.0,4.94,4.94
메디힐병원,골목상권,치킨전문점,3,0,0,0,0.0,4.94,4.94
면목2동체육관,골목상권,치킨전문점,4,0,1,25,0.0,4.93,4.93
면목5동주민센터,골목상권,치킨전문점,2,1,1,50,0.0,6.27,6.27
면목동우체국,골목상권,치킨전문점,4,0,0,0,0.0,5.15,5.15
면목역 1번,골목상권,치킨전문점,1,0,0,0,0.0,4.23,4.23
면목역 2번,골목상권,치킨전문점,4,0,0,0,0.0,5.16,5.16
면목역 3번,골목상권,치킨전문점,1,0,0,0,0.0,4.23,4.23
명일역 1번,골목상권,치킨전문점,3,0,0,0,0.0,4.94,4.94
명지대학교,골목상권,치킨전문점,10,0,0,0,0.0,5.94,5.94
명지대학교교회,골목상권,치킨전문점,4,0,0,0,33.0,5.15,-27.85
모래내우체국,골목상권,치킨전문점,4,0,0,0,0.0,5.11,5.11
목동보건지소,골목상권,치킨전문점,8,0,0,0,0.0,5.75,5.75
목동센트럴아이파크앞,골목상권,치킨전문점,4,0,0,0,0.0,5.16,5.16
묘곡초등학교(고덕아이파크아파트),골목상권,치킨전문점,6,0,0,0,0.0,5.51,5.51
무너미어린이공원,골목상권,치킨전문점,1,0,0,0,0.0,4.23,4.23
문래소공원,골목상권,치킨전문점,1,0,0,0,0.0,4.23,4.23
문래예술촌(문래창작촌),골목상권,치킨전문점,8,0,0,0,14.0,5.7,-8.3
문래중학교,골목상권,치킨전문점,2,0,0,0,0.0,4.65,4.65
문성초등학교,골목상권,치킨전문점,2,0,1,50,0.0,4.25,4.25
문정동성당,골목상권,치킨전문점,2,1,0,0,0.0,6.63,6.63
문정역 1번,골목상권,치킨전문점,1,0,0,0,0.0,4.17,4.17
문정역 2번,골목상권,치킨전문점,3,0,0,0,0.0,4.94,4.94
문정초등학교,골목상권,치킨전문점,2,0,0,0,50.0,4.65,-45.35
문현중학교(장지역 1번),골목상권,치킨전문점,5,0,0,0,0.0,5.34,5.34
미림여고,골목상권,치킨전문점,1,0,0,0,0.0,4.17,4.17
미성동주민센터,골목상권,치킨전문점,1,0,0,0,0.0,4.23,4.23
미성초등학교,골목상권,치킨전문점,1,0,0,0,0.0,4.23,4.23
미아사거리역 3번,골목상권,치킨전문점,2,0,0,0,0.0,4.61,4.61
미아역 5번,골목상권,치킨전문점,5,1,1,20,0.0,6.0,6.0
미아초등학교,골목상권,치킨전문점,4,0,1,25,0.0,4.98,4.98
바우뫼공원,골목상권,치킨전문점,1,0,0,0,0.0,4.23,4.23
발바닥공원,골목상권,치킨전문점,2,0,0,0,0.0,4.61,4.61
발산역 5번,골목상권,치킨전문점,3,0,1,33,0.0,4.68,4.68
방배아이파크아파트,골목상권,치킨전문점,1,0,0,0,0.0,4.23,4.23
방배초등학교,골목상권,치킨전문점,2,0,0,0,0.0,4.65,4.65
방이동고분군(방산고등학교),골목상권,치킨전문점,6,0,0,0,0.0,5.44,5.44
방이역 2번,골목상권,치킨전문점,2,0,0,0,0.0,4.65,4.65
방이역 4번,골목상권,치킨전문점,6,1,0,0,20.0,6.16,-13.84
방학1동주민센터,골목상권,치킨전문점,6,0,0,0,0.0,5.48,5.48
방학역 1번,골목상권,치킨전문점,7,0,2,29,0.0,5.4,5.4
방학역 2번,골목상권,치킨전문점,7,1,0,0,0.0,6.18,6.18
방학중학교,골목상권,치킨전문점,3,0,0,0,0.0,4.91,4.91
방학초등학교,골목상권,치킨전문점,2,0,0,0,0.0,4.58,4.58
방현초등학교(방배119안전센터),골목상권,치킨전문점,3,0,0,0,0.0,4.91,4.91
방화역 1번,골목상권,치킨전문점,2,0,0,0,0.0,4.61,4.61
방화역 2번,골목상권,치킨전문점,1,0,0,0,0.0,4.23,4.23
방화역 3번,골목상권,치킨전문점,6,0,0,0,17.0,5.48,-11.52
방화초등학교,골목상권,치킨전문점,1,0,0,0,0.0,4.17,4.17
배문고등학교,골목상권,치킨전문점,3,0,0,0,0.0,4.91,4.91
배화여자대학교(박노수미술관),골목상권,치킨전문점,3,0,0,0,0.0,4.89,4.89
백련산해모로아파트,골목상권,치킨전문점,1,0,0,0,0.0,4.23,4.23
백산초등학교,골목상권,치킨전문점,5,0,0,0,0.0,5.34,5.34
번동주공2단지,골목상권,치킨전문점,4,0,0,0,0.0,5.15,5.15
법제교육센터(버들어린이공원),골목상권,치킨전문점,1,0,0,0,0.0,4.23,4.23
베르사이유1아파트,골목상권,치킨전문점,5,0,0,0,0.0,5.35,5.35
보라매동주민센터(당곡고등학교),골목상권,치킨전문점,1,0,0,0,0.0,4.23,4.23
보라매역 6번,골목상권,치킨전문점,1,0,0,0,0.0,4.23,4.23
보문역 4번,골목상권,치킨전문점,1,0,0,0,0.0,4.23,4.23
보문역 5번,골목상권,치킨전문점,1,0,0,0,0.0,4.17,4.17
보문역 8번,골목상권,치킨전문점,1,0,0,0,0.0,4.23,4.23
보인중학교,골목상권,치킨전문점,2,0,1,50,0.0,4.29,4.29
봉은사역 4번,골목상권,치킨전문점,1,0,0,0,0.0,4.23,4.23
봉천역 1번(관악초등학교),골목상권,치킨전문점,2,0,0,0,0.0,4.61,4.61
봉천역 4번(봉천110안전센터),골목상권,치킨전문점,1,0,0,0,0.0,4.23,4.23
봉천역 6번,골목상권,치킨전문점,1,0,0,0,0.0,4.23,4.23
북가좌2동주민센터,골목상권,치킨전문점,4,0,0,0,0.0,5.13,5.13
북가좌초등학교,골목상권,치킨전문점,2,0,0,0,100.0,4.61,-95.39
북한산보국문역 1번,골목상권,치킨전문점,2,0,0,0,0.0,4.61,4.61
북한산우이역 2번,골목상권,치킨전문점,2,0,0,0,0.0,4.61,4.61
불광역 3번,골목상권,치킨전문점,1,0,0,0,0.0,4.17,4.17
불광역 7번,골목상권,치킨전문점,4,0,0,0,0.0,5.15,5.15
사가정역 1번,골목상권,치킨전문점,5,0,0,0,0.0,5.34,5.34
사가정역 4번,골목상권,치킨전문점,2,0,0,0,0.0,4.61,4.61
사근동살곶이상점가,골목상권,치킨전문점,6,0,0,0,0.0,5.45,5.45
사당5동주민센터,골목상권,치킨전문점,1,0,0,0,0.0,4.23,4.23
사당역 10번,골목상권,치킨전문점,9,0,1,11,0.0,5.76,5.76
사당역 4번,골목상권,치킨전문점,4,0,0,0,0.0,5.11,5.11
사당종합체육관,골목상권,치킨전문점,1,0,0,0,0.0,4.17,4.17
삼각산119안전센터,골목상권,치킨전문점,1,0,0,0,0.0,4.23,4.23
삼광초등학교,골목상권,치킨전문점,1,0,0,0,100.0,4.23,-95.77
삼선동주민센터,골목상권,치킨전문점,6,0,0,0,0.0,5.48,5.48
삼성산자연공원(서울금천초등학교),골목상권,치킨전문점,2,0,0,0,0.0,4.65,4.65
삼양사거리역 2번,골목상권,치킨전문점,3,0,0,0,0.0,4.91,4.91
삼양입구사거리,골목상권,치킨전문점,5,0,0,0,0.0,5.31,5.31
삼육보건대학교,골목상권,치킨전문점,6,0,0,0,0.0,5.46,5.46
삼전역 1번,골목상권,치킨전문점,12,0,1,8,0.0,6.04,6.04
삼전역 3번,골목상권,치킨전문점,4,0,0,0,0.0,5.13,5.13
삼전역 4번,골목상권,치킨전문점,3,1,0,0,0.0,6.23,6.23
상계2동주민센터,골목상권,치킨전문점,4,0,1,25,0.0,4.95,4.95
상계5동주민센터,골목상권,치킨전문점,5,0,1,20,20.0,5.21,-14.79
상계역,골목상권,치킨전문점,8,0,0,0,0.0,5.74,5.74
상계제일중학교,골목상권,치킨전문점,1,0,0,0,0.0,4.17,4.17
상계초등학교,골목상권,치킨전문점,10,0,0,0,0.0,5.95,5.95
상도1동주민센터앞,골목상권,치킨전문점,1,0,0,0,0.0,4.23,4.23
상도4동주민센터,골목상권,치킨전문점,2,0,0,0,0.0,4.61,4.61
상도역 1번,골목상권,치킨전문점,2,0,0,0,0.0,4.65,4.65
상도역 2번,골목상권,치킨전문점,4,0,0,0,0.0,5.13,5.13
상도역 5번,골목상권,치킨전문점,4,1,1,25,0.0,5.98,5.98
상봉역 3번,골목상권,치킨전문점,5,0,0,0,0.0,5.32,5.32
상봉역 4번,골목상권,치킨전문점,7,0,0,0,0.0,5.61,5.61
상봉역 7번,골목상권,치킨전문점,1,0,0,0,0.0,4.23,4.23
상수역 3번,골목상권,치킨전문점,1,0,0,0,0.0,4.17,4.17
상왕십리역 3번,골목상권,치킨전문점,1,0,0,0,0.0,4.17,4.17
상왕십리역 6번,골목상권,치킨전문점,2,0,0,0,0.0,4.65,4.65
상월곡역 1번,골목상권,치킨전문점,2,0,0,0,100.0,4.61,-95.39
상월곡역 2번,골목상권,치킨전문점,1,0,0,0,0.0,4.23,4.23
상일여고(상일초등학교),골목상권,치킨전문점,7,1,1,14,0.0,6.1,6.1
새남터성지,골목상권,치킨전문점,4,0,0,0,0.0,5.16,5.16
새절역 2번,골목상권,치킨전문점,1,0,0,0,0.0,4.17,4.17
새절역 3번,골목상권,치킨전문점,4,0,0,0,0.0,5.15,5.15
새터산,골목상권,치킨전문점,1,0,0,0,0.0,4.23,4.23
샤로수길,골목상권,치킨전문점,4,0,0,0,33.0,5.13,-27.87
서강대역 1번,골목상권,치킨전문점,2,0,0,0,0.0,4.61,4.61
서경대학교,골목상권,치킨전문점,3,0,0,0,0.0,4.94,4.94
서대문구보건소별관,골목상권,치킨전문점,1,0,0,0,0.0,4.17,4.17
서대문소방서,골목상권,치킨전문점,1,0,0,0,0.0,4.23,4.23
서대문우체국,골목상권,치킨전문점,1,0,0,0,0.0,4.17,4.17
서빙고동주민센터,골목상권,치킨전문점,1,0,0,0,0.0,4.17,4.17
서서울호수공원,골목상권,치킨전문점,1,0,0,0,0.0,4.23,4.23
서울공연예술고등학교,골목상권,치킨전문점,1,0,0,0,0.0,4.17,4.17
서울과학기술대,골목상권,치킨전문점,6,1,0,0,0.0,6.19,6.19
서울국제고등학교,골목상권,치킨전문점,1,0,0,0,0.0,4.17,4.17
서울대입구역 8번,골목상권,치킨전문점,4,0,0,0,0.0,5.11,5.11
서울산업정보학교(서울삼성초등학교),골목상권,치킨전문점,1,0,0,0,0.0,4.23,4.23
서울서부지방법원,골목상권,치킨전문점,3,0,0,0,0.0,4.89,4.89
서울시립대,골목상권,치킨전문점,3,0,0,0,0.0,4.89,4.89
서울여자간호대학교,골목상권,치킨전문점,3,0,0,0,0.0,4.91,4.91
서울역 12번,골목상권,치킨전문점,6,0,0,0,0.0,5.49,5.49
서울역 15번,골목상권,치킨전문점,1,0,0,0,0.0,4.23,4.23
서울지방병무청,골목상권,치킨전문점,4,1,1,25,33.0,6.0,-27.0
서울축산농협 독산역지점(독산파출소),골목상권,치킨전문점,2,0,0,0,0.0,4.61,4.61
서원동주민센터(신관중학교),골목상권,치킨전문점,3,1,0,0,50.0,6.27,-43.73
서일대학교,골목상권,치킨전문점,3,0,0,0,0.0,4.91,4.91
서초동성당,골목상권,치킨전문점,2,1,0,0,100.0,6.67,-93.33
서초소방서,골목상권,치킨전문점,1,0,0,0,0.0,4.23,4.23
서초중학교,골목상권,치킨전문점,1,0,0,0,0.0,4.17,4.17
석계역 1번,골목상권,치킨전문점,5,0,0,0,0.0,5.32,5.32
석계역 2번,골목상권,치킨전문점,4,0,0,0,0.0,5.13,5.13
석계역 7번,골목상권,치킨전문점,4,1,0,0,0.0,6.14,6.14
석관고등학교,골목상권,치킨전문점,1,0,0,0,0.0,4.23,4.23
석관중앙교회,골목상권,치킨전문점,2,0,0,0,0.0,4.65,4.65
석수역 1번 출입구,골목상권,치킨전문점,2,0,0,0,0.0,4.61,4.61
석촌고분역 1번,골목상권,치킨전문점,2,0,0,0,0.0,4.61,4.61
석촌고분역 3번,골목상권,치킨전문점,1,0,0,0,0.0,4.23,4.23
석촌고분역 4번,골목상권,치킨전문점,3,0,0,0,0.0,4.91,4.91
석촌역 3번,골목상권,치킨전문점,4,1,1,25,0.0,5.93,5.93
석촌역 6번,골목상권,치킨전문점,1,0,0,0,0.0,4.17,4.17
석촌역 7번,골목상권,치킨전문점,5,0,0,0,0.0,5.34,5.34
선유도역 1번,골목상권,치킨전문점,3,0,1,33,0.0,4.68,4.68
선일여고,골목상권,치킨전문점,4,0,0,0,0.0,5.15,5.15
선정중학교,골목상권,치킨전문점,3,0,0,0,0.0,4.91,4.91
성균관대학교,골목상권,치킨전문점,5,0,0,0,0.0,5.32,5.32
성남고등학교,골목상권,치킨전문점,3,0,0,0,0.0,4.91,4.91
성내중학교,골목상권,치킨전문점,1,0,0,0,0.0,4.23,4.23
성동구립금호도서관,골목상권,치킨전문점,1,0,0,0,0.0,4.17,4.17
성동구보건소,골목상권,치킨전문점,3,0,0,0,0.0,4.89,4.89
성미산체육관,골목상권,치킨전문점,2,0,0,0,0.0,4.58,4.58
성북초등학교앞,골목상권,치킨전문점,1,0,0,0,0.0,4.17,4.17
성서초등학교,골목상권,치킨전문점,1,0,0,0,0.0,4.23,4.23
성수119안전센터,골목상권,치킨전문점,3,0,0,0,0.0,4.91,4.91
성수1가1동주민센터,골목상권,치킨전문점,2,0,0,0,0.0,4.61,4.61
성수초등학교,골목상권,치킨전문점,2,0,0,0,0.0,4.65,4.65
성신여대운정그린캠퍼스,골목상권,치킨전문점,8,0,0,0,0.0,5.74,5.74
성신여대입구역 1번,골목상권,치킨전문점,1,0,0,0,0.0,4.23,4.23
성신여대입구역 4번,골목상권,치킨전문점,1,0,0,0,0.0,4.23,4.23
성신여대입구역 7번,골목상권,치킨전문점,1,0,0,0,0.0,4.17,4.17
성심여자고등학교,골목상권,치킨전문점,4,0,0,0,0.0,5.16,5.16
성원어린이공원,골목상권,치킨전문점,1,0,0,0,0.0,4.23,4.23
성원중학교,골목상권,치킨전문점,6,0,0,0,0.0,5.51,5.51
성자초등학교,골목상권,치킨전문점,4,0,0,0,0.0,5.16,5.16
세검정,골목상권,치킨전문점,1,0,0,0,0.0,4.23,4.23
세곡초등학교,골목상권,치킨전문점,2,0,1,50,50.0,4.29,-45.71
세종대왕기념관교차로,골목상권,치킨전문점,1,0,0,0,0.0,4.23,4.23
세화어린이공원,골목상권,치킨전문점,2,0,0,0,0.0,4.61,4.61
송정역 3번,골목상권,치킨전문점,5,1,1,20,25.0,6.0,-19.0
송정체육공원,골목상권,치킨전문점,4,0,0,0,33.0,5.11,-27.89
송중동주민센터,골목상권,치킨전문점,2,0,0,0,0.0,4.61,4.61
송중초등학교,골목상권,치킨전문점,4,1,1,25,33.0,5.96,-27.04
송천동주민센터,골목상권,치킨전문점,1,1,1,100,0.0,7.56,7.56
송천초등학교,골목상권,치킨전문점,3,1,0,0,33.0,6.23,-26.77
송파나루역 1번(송리단길),골목상권,치킨전문점,2,0,0,0,0.0,4.65,4.65
송파나루역 3번,골목상권,치킨전문점,1,0,0,0,0.0,4.17,4.17
송파역 2번,골목상권,치킨전문점,5,0,0,0,0.0,5.35,5.35
송파책박물관,골목상권,치킨전문점,2,0,0,0,0.0,4.61,4.61
수궁동주민센터,골목상권,치킨전문점,2,0,2,100,0.0,3.86,3.86
수락산디자인거리,골목상권,치킨전문점,10,4,0,0,0.0,7.55,7.55
수락산역 4번,골목상권,치킨전문점,9,0,0,0,11.0,5.85,-5.15
수색역 1번,골목상권,치킨전문점,1,0,0,0,0.0,4.17,4.17
수송초등학교,골목상권,치킨전문점,3,0,0,0,50.0,4.91,-45.09
수유1동주민센터,골목상권,치킨전문점,2,0,1,50,0.0,4.22,4.22
수유동우체국,골목상권,치킨전문점,5,0,0,0,20.0,5.29,-14.71
수유북부시장옆,골목상권,치킨전문점,2,0,0,0,0.0,4.58,4.58
수유시장옆,골목상권,치킨전문점,3,0,1,33,0.0,4.7,4.7
수유역 2번,골목상권,치킨전문점,4,0,0,0,100.0,5.16,-94.84
수유초등학교,골목상권,치킨전문점,3,0,0,0,0.0,4.87,4.87
숙대입구,골목상권,치킨전문점,5,0,0,0,20.0,5.34,-14.66
숙대입구역 1번,골목상권,치킨전문점,4,0,0,0,0.0,5.15,5.15
숭곡초등학교,골목상권,치킨전문점,11,0,0,0,10.0,6.02,-3.98
숭실대입구역 1번,골목상권,치킨전문점,5,0,0,0,0.0,5.32,5.32
숭실대입구역 4번,골목상권,치킨전문점,5,1,0,0,0.0,6.13,6.13
시립대앞사거리,골목상권,치킨전문점,1,0,0,0,100.0,4.23,-95.77
시립서북병원,골목상권,치킨전문점,4,0,0,0,0.0,5.15,5.15
시흥4동주민센터(서울신흥초등학교),골목상권,치킨전문점,2,0,0,0,0.0,4.61,4.61
시흥동 은행나무사거리,골목상권,치킨전문점,3,0,0,0,0.0,4.89,4.89
시흥초등학교(시흥1동우체국),골목상권,치킨전문점,2,0,0,0,0.0,4.61,4.61
신곡초등학교,골목상권,치킨전문점,2,0,0,0,0.0,4.61,4.61
신금호역 4번,골목상권,치킨전문점,1,0,0,0,0.0,4.23,4.23
신길2동우편취급국,골목상권,치킨전문점,1,0,0,0,0.0,4.23,4.23
신길3동주민센터,골목상권,치킨전문점,4,0,0,0,0.0,5.15,5.15
신길새마을금고신길4동지점,골목상권,치킨전문점,1,0,0,0,0.0,4.23,4.23
신길역 3번,골목상권,치킨전문점,2,0,0,0,0.0,4.61,4.61
신내1동주민센터,골목상권,치킨전문점,7,0,1,14,0.0,5.52,5.52
신당역 3번,골목상권,치킨전문점,6,0,1,17,0.0,5.36,5.36
신대림초등학교,골목상권,치킨전문점,2,0,0,0,0.0,4.65,4.65
신대방삼거리역 1번,골목상권,치킨전문점,3,0,0,0,0.0,4.87,4.87
신대방삼거리역 4번(대림초등학교),골목상권,치킨전문점,1,0,0,0,0.0,4.23,4.23
신대방역 1번,골목상권,치킨전문점,2,0,0,0,0.0,4.65,4.65
신대방역 2번,골목상권,치킨전문점,5,1,1,20,0.0,6.0,6.0
신대방역 3번,골목상권,치킨전문점,1,0,0,0,0.0,4.23,4.23
신대방역 4번,골목상권,치킨전문점,7,0,0,0,33.0,5.62,-27.38
"신림역 5번(신림동주민센터, 신림동별빛거리)",골목상권,치킨전문점,5,0,0,0,0.0,5.32,5.32
신림역 8번,골목상권,치킨전문점,2,1,1,50,0.0,6.31,6.31
신림우방아파트,골목상권,치킨전문점,1,0,0,0,0.0,4.17,4.17
신림주공2단지(광신고등학교),골목상권,치킨전문점,2,0,0,0,0.0,4.58,4.58
신림초등학교,골목상권,치킨전문점,1,0,0,0,0.0,4.17,4.17
신림현대아파트,골목상권,치킨전문점,1,0,0,0,0.0,4.17,4.17
신묵초등학교,골목상권,치킨전문점,4,0,0,0,0.0,5.13,5.13
신방화역 2번,골목상권,치킨전문점,11,1,1,9,10.0,6.31,-3.69
신사1동주민센터,골목상권,치킨전문점,2,0,0,0,0.0,4.61,4.61
신서초등학교,골목상권,치킨전문점,1,0,0,0,0.0,4.17,4.17
신설동역 12번,골목상권,치킨전문점,3,0,0,0,0.0,4.91,4.91
신성초등학교,골목상권,치킨전문점,7,0,0,0,0.0,5.62,5.62
신수동주민센터,골목상권,치킨전문점,1,0,0,0,0.0,4.23,4.23
신원동주민센터,골목상권,치킨전문점,5,0,0,0,0.0,5.34,5.34
신월1동우편취급국,골목상권,치킨전문점,4,0,0,0,0.0,5.13,5.13
신월1동주민센터,골목상권,치킨전문점,2,0,0,0,100.0,4.65,-95.35
신월2동주민센터,골목상권,치킨전문점,2,0,0,0,0.0,4.58,4.58
신월3동주민센터,골목상권,치킨전문점,4,0,0,0,0.0,5.15,5.15
신월4동주민센터,골목상권,치킨전문점,3,0,0,0,0.0,4.94,4.94
신월7동주민센터,골목상권,치킨전문점,2,0,0,0,0.0,4.61,4.61
신월문화체육센터,골목상권,치킨전문점,5,0,0,0,0.0,5.34,5.34
신월시영아파트중문,골목상권,치킨전문점,1,0,0,0,0.0,4.23,4.23
신월중학교,골목상권,치킨전문점,2,0,0,0,0.0,4.65,4.65
신자초등학교,골목상권,치킨전문점,4,0,0,0,0.0,5.16,5.16
신정2동주민센터,골목상권,치킨전문점,5,0,1,20,0.0,5.16,5.16
신정롯데캐슬아파트,골목상권,치킨전문점,7,1,2,29,0.0,5.97,5.97
신정역 5번,골목상권,치킨전문점,4,0,0,0,0.0,5.11,5.11
신중초등학교,골목상권,치킨전문점,2,0,0,0,0.0,4.65,4.65
신진과학기술고등학교,골목상권,치킨전문점,2,0,0,0,0.0,4.61,4.61
신창초등학교,골목상권,치킨전문점,7,1,1,14,0.0,6.09,6.09
신풍역 1번,골목상권,치킨전문점,4,0,0,0,0.0,5.15,5.15
신한은행 방학동지점,골목상권,치킨전문점,3,0,0,0,0.0,4.91,4.91
신한은행 신월동지점,골목상권,치킨전문점,6,0,0,0,20.0,5.46,-14.54
쌍문2동우체국,골목상권,치킨전문점,3,0,0,0,0.0,4.91,4.91
쌍문역1번(쌍리단길),골목상권,치킨전문점,2,0,0,0,0.0,4.61,4.61
쌍문초등학교,골목상권,치킨전문점,3,0,0,0,0.0,4.89,4.89
아래방죽마을공원(율현초등학교),골목상권,치킨전문점,1,0,1,100,0.0,3.51,3.51
아차산역 1번,골목상권,치킨전문점,2,0,0,0,50.0,4.65,-45.35
아현역 2번,골목상권,치킨전문점,2,0,0,0,0.0,4.61,4.61
아현역 4번,골목상권,치킨전문점,1,0,1,100,0.0,3.51,3.51
안암역 2번,골목상권,치킨전문점,2,0,0,0,0.0,4.65,4.65
안암역 3번,골목상권,치킨전문점,4,0,1,25,0.0,4.95,4.95
암사동성당(효정하나플러스아파트),골목상권,치킨전문점,3,0,0,0,0.0,4.91,4.91
암사역 1번,골목상권,치킨전문점,6,1,0,0,0.0,6.16,6.16
암사역 2번(서울강동초등학교),골목상권,치킨전문점,5,0,0,0,0.0,5.35,5.35
암사역 3번(천호동자전거거리),골목상권,치킨전문점,2,0,1,50,0.0,4.29,4.29
양재역 8번(양재동우체국),골목상권,치킨전문점,5,0,0,0,20.0,5.32,-14.68
양지어린이공원,골목상권,치킨전문점,2,1,2,100,0.0,5.92,5.92
양천향교역 2번,골목상권,치킨전문점,2,0,0,0,0.0,4.61,4.61
양천향교역 5번,골목상권,치킨전문점,3,0,1,33,0.0,4.7,4.7
양천향교역 7번,골목상권,치킨전문점,5,0,0,0,0.0,5.35,5.35
양평역 2번,골목상권,치킨전문점,1,0,0,0,0.0,4.23,4.23
양화대교북단,골목상권,치킨전문점,1,0,0,0,100.0,4.23,-95.77
양화초등학교,골목상권,치킨전문점,1,0,0,0,0.0,4.23,4.23
어린이대공원역 3번,골목상권,치킨전문점,1,0,0,0,0.0,4.23,4.23
어린이대공원역 4번,골목상권,치킨전문점,1,0,0,0,0.0,4.23,4.23
언주역 3번,골목상권,치킨전문점,1,0,0,0,0.0,4.23,4.23
언주역 8번,골목상권,치킨전문점,1,0,0,0,0.0,4.17,4.17
역삼역 8번,골목상권,치킨전문점,2,1,0,0,100.0,6.67,-93.33
역삼월드메르디앙아파트,골목상권,치킨전문점,1,0,0,0,0.0,4.17,4.17
역촌노인복지관,골목상권,치킨전문점,2,0,0,0,0.0,4.65,4.65
역촌역 2번,골목상권,치킨전문점,1,0,0,0,0.0,4.23,4.23
역촌역 3번,골목상권,치킨전문점,1,0,0,0,0.0,4.23,4.23
연가초등학교,골목상권,치킨전문점,3,0,0,0,0.0,4.91,4.91
연산군묘,골목상권,치킨전문점,1,0,0,0,0.0,4.23,4.23
연신내역 2번,골목상권,치킨전문점,2,0,0,0,0.0,4.65,4.65
연신내역 4번,골목상권,치킨전문점,5,0,0,0,0.0,5.32,5.32
연신내역 5번,골목상권,치킨전문점,3,1,1,33,33.0,6.01,-26.99
연신내역 7번,골목상권,치킨전문점,4,0,0,0,0.0,5.11,5.11
연신내우체국,골목상권,치킨전문점,3,1,1,33,0.0,6.01,6.01
연신초등학교,골목상권,치킨전문점,2,0,0,0,0.0,4.58,4.58
연천초등학교,골목상권,치킨전문점,1,0,0,0,0.0,4.23,4.23
연희대우아파트앞,골목상권,치킨전문점,4,0,0,0,25.0,5.15,-19.85
연희초등학교,골목상권,치킨전문점,1,0,0,0,0.0,4.23,4.23
염곡동 구룡사(포이동성당),골목상권,치킨전문점,2,0,0,0,0.0,4.65,4.65
영등포구청역 6번,골목상권,치킨전문점,2,0,0,0,0.0,4.65,4.65
영등포시장역 1번,골목상권,치킨전문점,2,1,0,0,100.0,6.6,-93.4
영등포역 2번,골목상권,치킨전문점,3,1,1,33,0.0,6.04,6.04
영등포푸르지오아파트,골목상권,치킨전문점,3,0,0,0,33.0,4.94,-28.06
영락고등학교,골목상권,치킨전문점,4,1,2,50,0.0,5.78,5.78
영신여고,골목상권,치킨전문점,5,0,0,0,67.0,5.31,-61.69
영신초등학교,골목상권,치킨전문점,3,0,1,33,0.0,4.65,4.65
영천시장입구,골목상권,치킨전문점,4,0,0,0,0.0,5.15,5.15
예일여고,골목상권,치킨전문점,3,0,0,0,0.0,4.91,4.91
오거리공원,골목상권,치킨전문점,3,0,0,0,0.0,4.89,4.89
오동나무공원(송파레미니스1단지),골목상권,치킨전문점,1,0,0,0,0.0,4.17,4.17
오류2동버들시장,골목상권,치킨전문점,13,0,1,8,8.0,6.14,-1.86
오류동역 3번,골목상권,치킨전문점,2,0,0,0,0.0,4.61,4.61
오류지구대,골목상권,치킨전문점,1,0,0,0,0.0,4.17,4.17
오산고등학교,골목상권,치킨전문점,1,0,0,0,0.0,4.23,4.23
옥수역 6번,골목상권,치킨전문점,3,0,0,0,0.0,4.94,4.94
옥정중학교,골목상권,치킨전문점,1,0,0,0,0.0,4.17,4.17
온수역 5번(온수산업단지),골목상권,치킨전문점,2,0,0,0,0.0,4.65,4.65
왕십리역 9번,골목상권,치킨전문점,3,0,0,0,0.0,4.94,4.94
왕십리파출소,골목상권,치킨전문점,1,0,0,0,0.0,4.23,4.23
외대앞역 1번,골목상권,치킨전문점,6,0,0,0,17.0,5.47,-11.53
용강동주민센터,골목상권,치킨전문점,1,0,0,0,0.0,4.23,4.23
용두동신동아아파트,골목상권,치킨전문점,2,0,0,0,0.0,4.65,4.65
용두초등학교,골목상권,치킨전문점,1,0,0,0,0.0,4.17,4.17
용두희망어린이공원,골목상권,치킨전문점,3,0,0,0,0.0,4.94,4.94
용마문화복지센터,골목상권,치킨전문점,3,0,0,0,0.0,4.91,4.91
용마초등학교,골목상권,치킨전문점,4,0,0,0,0.0,5.16,5.16
우리은행체육관,골목상권,치킨전문점,2,0,0,0,0.0,4.61,4.61
우면주공아파트,골목상권,치킨전문점,1,0,0,0,0.0,4.23,4.23
우사단길,골목상권,치킨전문점,4,0,0,0,0.0,5.13,5.13
우이천 계성교,골목상권,치킨전문점,5,0,0,0,0.0,5.32,5.32
우장산역 1번,골목상권,치킨전문점,3,0,0,0,0.0,4.89,4.89
우장산역 4번,골목상권,치킨전문점,5,0,0,0,0.0,5.34,5.34
우장산힐스테이트,골목상권,치킨전문점,2,1,1,50,0.0,6.31,6.31
월계역 3번,골목상권,치킨전문점,4,0,1,25,0.0,4.97,4.97
윗방죽마을공원,골목상권,치킨전문점,7,0,0,0,14.0,5.61,-8.39
유엔빌리지길,골목상권,치킨전문점,1,0,0,0,0.0,4.23,4.23
은천초등학교(은천교앞),골목상권,치킨전문점,5,0,0,0,0.0,5.32,5.32
은평구청,골목상권,치킨전문점,3,1,1,33,0.0,6.04,6.04
은평세무서,골목상권,치킨전문점,1,0,0,0,0.0,4.17,4.17
은평요양병원,골목상권,치킨전문점,3,0,0,0,0.0,4.89,4.89
응봉산,골목상권,치킨전문점,1,0,0,0,0.0,4.17,4.17
응암1동주민센터,골목상권,치킨전문점,1,0,0,0,0.0,4.17,4.17
응암동우체국,골목상권,치킨전문점,2,0,0,0,0.0,4.58,4.58
응암역 2번,골목상권,치킨전문점,4,0,0,0,33.0,5.15,-27.85
응암역 3번,골목상권,치킨전문점,7,0,0,0,0.0,5.61,5.61
응암정보도서관,골목상권,치킨전문점,5,0,0,0,0.0,5.31,5.31
의릉,골목상권,치킨전문점,2,0,0,0,100.0,4.65,-95.35
이대역 5번,골목상권,치킨전문점,2,0,0,0,0.0,4.61,4.61
이수역 10번,골목상권,치킨전문점,2,0,1,50,0.0,4.29,4.29
이수역 5번,골목상권,치킨전문점,1,0,0,0,0.0,4.17,4.17
이화달팽이길,골목상권,치킨전문점,2,0,0,0,0.0,4.58,4.58
인수중학교,골목상권,치킨전문점,1,0,0,0,0.0,4.17,4.17
인헌고등학교(인헌중학교),골목상권,치킨전문점,3,0,0,0,0.0,4.89,4.89
자양4동주민센터,골목상권,치킨전문점,2,0,0,0,0.0,4.61,4.61
자양동우체국,골목상권,치킨전문점,6,0,0,0,20.0,5.47,-14.53
자양한강도서관,골목상권,치킨전문점,3,1,0,0,0.0,6.23,6.23
자하문터널,골목상권,치킨전문점,1,0,0,0,0.0,4.17,4.17
장승배기역 4번,골목상권,치킨전문점,3,1,0,0,33.0,6.23,-26.77
장안1동주민센터,골목상권,치킨전문점,10,0,0,0,10.0,5.94,-4.06
장안근린공원,골목상권,치킨전문점,3,0,1,33,0.0,4.65,4.65
장안제일시장,골목상권,치킨전문점,3,0,0,0,50.0,4.91,-45.09
장안중학교,골목상권,치킨전문점,1,0,0,0,0.0,4.23,4.23
장안현대홈타운1차아파트,골목상권,치킨전문점,2,0,0,0,0.0,4.65,4.65
장지동주민센터(한림연예예술고교),골목상권,치킨전문점,2,1,1,50,0.0,6.27,6.27
장충단 고개,골목상권,치킨전문점,2,1,0,0,0.0,6.6,6.6
장충초등학교,골목상권,치킨전문점,1,0,0,0,0.0,4.23,4.23
장평중학교,골목상권,치킨전문점,3,0,0,0,0.0,4.94,4.94
전곡마을마당공원,골목상권,치킨전문점,3,0,0,0,0.0,4.94,4.94
전농119안전센터,골목상권,치킨전문점,1,0,0,0,0.0,4.23,4.23
전농중학교,골목상권,치킨전문점,3,0,0,0,0.0,4.91,4.91
정릉3동주민센터,골목상권,치킨전문점,1,0,0,0,0.0,4.17,4.17
정릉역 1번,골목상권,치킨전문점,6,0,0,0,0.0,5.47,5.47
정릉우체국,골목상권,치킨전문점,2,0,0,0,0.0,4.61,4.61
제기동역 6번,골목상권,치킨전문점,2,0,0,0,0.0,4.61,4.61
종암경찰서,골목상권,치킨전문점,7,0,0,0,0.0,5.63,5.63
종암동주민센터,골목상권,치킨전문점,6,1,0,0,0.0,6.16,6.16
종암아이파크2차,골목상권,치킨전문점,4,0,0,0,0.0,5.13,5.13
종암중학교,골목상권,치킨전문점,1,0,0,0,0.0,4.17,4.17
종암초등학교,골목상권,치킨전문점,1,0,0,0,0.0,4.23,4.23
중계초등학교,골목상권,치킨전문점,1,0,0,0,0.0,4.23,4.23
중곡1동 마을마당,골목상권,치킨전문점,1,0,0,0,0.0,4.17,4.17
중곡3동주민센터,골목상권,치킨전문점,6,1,0,0,0.0,6.16,6.16
중곡어린이공원,골목상권,치킨전문점,5,0,0,0,0.0,5.35,5.35
중곡역 3번,골목상권,치킨전문점,4,0,0,0,0.0,5.16,5.16
중곡초등학교,골목상권,치킨전문점,2,0,0,0,0.0,4.58,4.58
중랑노인종합복지관,골목상권,치킨전문점,5,0,0,0,0.0,5.32,5.32
중랑역 1번,골목상권,치킨전문점,2,0,0,0,0.0,4.65,4.65
중랑역 4번,골목상권,치킨전문점,2,0,0,0,100.0,4.65,-95.35
중앙고등학교,골목상권,치킨전문점,1,0,0,0,0.0,4.23,4.23
중앙대학교,골목상권,치킨전문점,3,0,0,0,33.0,4.94,-28.06
중화역 4번,골목상권,치킨전문점,4,1,1,25,0.0,5.98,5.98
증산3교남측,골목상권,치킨전문점,1,0,0,0,0.0,4.17,4.17
증산역 1번,골목상권,치킨전문점,2,0,0,0,0.0,4.61,4.61
증산역 3번,골목상권,치킨전문점,2,0,0,0,0.0,4.65,4.65
증산역 4번,골목상권,치킨전문점,3,0,0,0,0.0,4.89,4.89
창2동주민센터,골목상권,치킨전문점,1,0,2,100,0.0,3.51,3.51
창동역 2번,골목상권,치킨전문점,4,0,0,0,0.0,5.16,5.16
창신역 1번,골목상권,치킨전문점,2,0,0,0,0.0,4.65,4.65
창신역 4번,골목상권,치킨전문점,1,0,0,0,0.0,4.17,4.17
"천왕역 3번(오류2동주민센터, 서울오류남초등학교)",골목상권,치킨전문점,1,0,0,0,0.0,4.23,4.23
천일초등학교,골목상권,치킨전문점,1,0,0,0,0.0,4.17,4.17
천호1동주민센터,골목상권,치킨전문점,3,0,0,0,0.0,4.94,4.94
천호공원(해공체육문화센터),골목상권,치킨전문점,3,0,1,33,0.0,4.7,4.7
천호역 1번(천호문구완구거리),골목상권,치킨전문점,1,0,0,0,0.0,4.23,4.23
천호지구대(천호동자전거거리),골목상권,치킨전문점,1,0,0,0,0.0,4.17,4.17
청량초등학교,골목상권,치킨전문점,2,0,0,0,0.0,4.65,4.65
청룡동주민센터,골목상권,치킨전문점,5,1,1,20,0.0,6.01,6.01
촬영소사거리,골목상권,치킨전문점,1,0,0,0,0.0,4.17,4.17
충정로역 6번,골목상권,치킨전문점,2,0,0,0,0.0,4.61,4.61
태릉시장 특화거리,골목상권,치킨전문점,4,0,0,0,0.0,5.13,5.13
태릉입구역 4번,골목상권,치킨전문점,3,0,0,0,0.0,4.89,4.89
텃골근린공원,골목상권,치킨전문점,3,0,0,0,0.0,4.91,4.91
포이초등학교(개포목련어린이공원),골목상권,치킨전문점,1,0,0,0,0.0,4.23,4.23
푸른동산공원,골목상권,치킨전문점,2,0,0,0,0.0,4.65,4.65
푸른들청소년도서관,골목상권,치킨전문점,7,0,0,0,17.0,5.6,-11.4
풍납초등학교(풍납백제문화공원),골목상권,치킨전문점,1,0,0,0,0.0,4.17,4.17
하나고등학교,골목상권,치킨전문점,1,0,0,0,0.0,4.23,4.23
하나은행 망우동지점,골목상권,치킨전문점,1,0,0,0,0.0,4.23,4.23
한강로동땡땡거리(은행나무길),골목상권,치킨전문점,2,0,0,0,0.0,4.58,4.58
한강진역 3번,골목상권,치킨전문점,1,0,0,0,0.0,4.17,4.17
한겨레신문사,골목상권,치킨전문점,3,0,0,0,0.0,4.89,4.89
한국SGI본부,골목상권,치킨전문점,8,0,1,13,14.0,5.63,-8.37
한국의류시험연구원,골목상권,치킨전문점,2,0,0,0,0.0,4.61,4.61
한국폴리텍대학서울정수캠퍼스,골목상권,치킨전문점,3,0,0,0,0.0,4.91,4.91
한남IC,골목상권,치킨전문점,1,0,0,0,0.0,4.17,4.17
한림대학교한강성심병원,골목상권,치킨전문점,1,0,0,0,0.0,4.23,4.23
한성대입구역 3번,골목상권,치킨전문점,3,0,0,0,0.0,4.94,4.94
한성백제역 3번,골목상권,치킨전문점,1,0,0,0,0.0,4.23,4.23
한영중고,골목상권,치킨전문점,5,1,0,0,0.0,6.13,6.13
한울중학교,골목상권,치킨전문점,4,0,1,25,0.0,4.95,4.95
한일병원,골목상권,치킨전문점,1,0,0,0,0.0,4.17,4.17
합정역 8번,골목상권,치킨전문점,5,0,0,0,0.0,5.35,5.35
해방촌 남동측,골목상권,치킨전문점,2,0,0,0,0.0,4.61,4.61
해방촌예술마을,골목상권,치킨전문점,1,0,0,0,0.0,4.17,4.17
해오름공원,골목상권,치킨전문점,1,0,0,0,0.0,4.23,4.23
행당역 2번,골목상권,치킨전문점,4,1,0,0,33.0,6.16,-26.84
호림박물관(성보고등학교),골목상권,치킨전문점,2,0,0,0,100.0,4.65,-95.35
홍대땡땡거리,골목상권,치킨전문점,3,0,0,0,0.0,4.94,4.94
홍대부속여중고앞,골목상권,치킨전문점,9,0,1,11,0.0,5.75,5.75
홍대부중,골목상권,치킨전문점,1,0,0,0,0.0,4.23,4.23
홍대입구역 3번,골목상권,치킨전문점,2,0,0,0,0.0,4.65,4.65
홍릉시장,골목상권,치킨전문점,3,0,0,0,0.0,4.89,4.89
홍연시장,골목상권,치킨전문점,2,0,0,0,0.0,4.58,4.58
홍은종합사회복지관,골목상권,치킨전문점,4,1,0,0,0.0,6.16,6.16
홍익대,골목상권,치킨전문점,1,0,0,0,0.0,4.23,4.23
홍제3동주민센터,골목상권,치킨전문점,4,0,1,25,0.0,4.98,4.98
홍제역 2번,골목상권,치킨전문점,2,0,0,0,0.0,4.58,4.58
홍제역 3번,골목상권,치킨전문점,2,0,0,0,0.0,4.65,4.65
홍제역 4번,골목상권,치킨전문점,1,0,0,0,0.0,4.23,4.23
화계역 2번,골목상권,치킨전문점,1,0,0,0,0.0,4.17,4.17
화계중학교,골목상권,치킨전문점,1,0,0,0,0.0,4.23,4.23
화곡2동주민센터,골목상권,치킨전문점,7,0,1,14,0.0,5.53,5.53
화곡4동주민센터,골목상권,치킨전문점,3,0,0,0,0.0,4.89,4.89
화곡역 2번,골목상권,치킨전문점,4,0,0,0,0.0,5.15,5.15
화곡역 4번,골목상권,치킨전문점,4,0,0,0,0.0,5.11,5.11
화곡역 5번,골목상권,치킨전문점,5,0,0,0,25.0,5.34,-19.66
화곡초등학교,골목상권,치킨전문점,2,1,1,50,0.0,6.31,6.31
화양사거리,골목상권,치킨전문점,9,2,0,0,50.0,6.73,-43.27
화원어린이공원,골목상권,치킨전문점,1,0,0,0,0.0,4.23,4.23
화원중학교,골목상권,치킨전문점,3,0,0,0,0.0,4.91,4.91
황학코아루아파트,골목상권,치킨전문점,2,0,0,0,0.0,4.65,4.65
회기역 1번,골목상권,치킨전문점,1,0,0,0,0.0,4.17,4.17
회현역 1번,골목상권,치킨전문점,1,0,0,0,0.0,4.23,4.23
효창공원앞역 5번,골목상권,치킨전문점,3,0,0,0,0.0,4.94,4.94
효창공원앞역 6번,골목상권,치킨전문점,7,0,1,14,0.0,5.53,5.53
효창동주민센터,골목상권,치킨전문점,2,0,0,0,0.0,4.61,4.61
후암동주민센터,골목상권,치킨전문점,4,0,0,0,0.0,5.15,5.15
4.19민주묘지역 2번,골목상권,커피-음료,10,0,0,0,0.0,5.32,5.32
GS강동자이아파트,골목상권,커피-음료,3,1,0,0,0.0,5.63,5.63
G타워,골목상권,커피-음료,11,0,0,0,0.0,5.43,5.43
KB국민은행 망원동지점,골목상권,커피-음료,17,3,3,18,13.0,6.41,-6.59
KB국민은행 서강지점,골목상권,커피-음료,4,0,0,0,0.0,4.52,4.52
KB국민은행 중화동지점,골목상권,커피-음료,1,0,0,0,0.0,3.57,3.57
KC대학교,골목상권,커피-음료,2,0,0,0,0.0,3.98,3.98
KT구로지사,골목상권,커피-음료,4,0,0,0,0.0,4.5,4.5
KT금천빌딩(금천구시설관리공단),골목상권,커피-음료,6,1,0,0,33.0,5.54,-27.46
KT대방빌딩,골목상권,커피-음료,2,0,0,0,0.0,3.98,3.98
KT월곡지사,골목상권,커피-음료,4,0,0,0,0.0,4.52,4.52
NH농협은행 상도동지점,골목상권,커피-음료,4,0,0,0,0.0,4.5,4.5
Sh수협은행 오금동금융센터(아랫말어린이공원),골목상권,커피-음료,2,0,1,50,0.0,3.62,3.62
가리봉파출소,골목상권,커피-음료,5,0,0,0,0.0,4.68,4.68
가산동우체국,골목상권,커피-음료,4,1,1,25,0.0,5.33,5.33
가산동주민센터,골목상권,커피-음료,10,0,0,0,11.0,5.31,-5.69
가산디지털단지역 1번 출입구,골목상권,커피-음료,3,0,0,0,0.0,4.27,4.27
가산초등학교(세일중학교),골목상권,커피-음료,5,0,0,0,0.0,4.68,4.68
가양역 10번,골목상권,커피-음료,5,0,1,20,0.0,4.57,4.57
가오리역 1번,골목상권,커피-음료,3,0,0,0,0.0,4.27,4.27
가오리역 2번,골목상권,커피-음료,7,1,1,14,0.0,5.45,5.45
가인초등학교,골목상권,커피-음료,7,0,1,14,0.0,4.89,4.89
가좌역 2번,골목상권,커피-음료,7,0,0,0,0.0,4.98,4.98
간데메공원,골목상권,커피-음료,11,0,1,9,10.0,5.34,-4.66
갈산공원,골목상권,커피-음료,1,0,0,0,0.0,3.57,3.57
갈현건영아파트,골목상권,커피-음료,3,1,1,33,0.0,5.37,5.37
강남구보훈회관,골목상권,커피-음료,2,0,0,0,0.0,3.98,3.98
강남구청역 2번,골목상권,커피-음료,3,0,1,33,0.0,4.04,4.04
강남구청역 4번,골목상권,커피-음료,3,0,0,0,0.0,4.27,4.27
강남세브란스병원미래의학연구센터,골목상권,커피-음료,4,0,0,0,25.0,4.53,-20.47
강동구립 천호도서관,골목상권,커피-음료,5,1,0,0,25.0,5.49,-19.51
강동구립성내도서관,골목상권,커피-음료,10,0,1,10,0.0,5.23,5.23
강동구청(강동구청역 2번),골목상권,커피-음료,7,0,0,0,14.0,4.99,-9.01
강동성심병원,골목상권,커피-음료,4,0,0,0,0.0,4.57,4.57
강동역 4번(강풀만화거리),골목상권,커피-음료,31,3,2,7,7.0,6.75,-0.25
강북구청,골목상권,커피-음료,10,0,0,0,0.0,5.3,5.3
강북문화예술회관,골목상권,커피-음료,7,0,0,0,0.0,5.01,5.01
강북중학교,골목상권,커피-음료,8,0,1,13,0.0,5.02,5.02
강서고등학교,골목상권,커피-음료,5,0,1,20,25.0,4.54,-20.46
강서구다솔마을,골목상권,커피-음료,7,0,0,0,0.0,4.98,4.98
강서구청가양동별관,골목상권,커피-음료,3,1,1,33,0.0,5.42,5.42
강서새말어린이공원,골목상권,커피-음료,4,0,0,0,0.0,4.5,4.5
강일동주민센터,골목상권,커피-음료,7,0,0,0,0.0,5.02,5.02
개미어린이공원,골목상권,커피-음료,1,0,0,0,0.0,3.57,3.57
개봉1동주민센터,골목상권,커피-음료,14,1,0,0,8.0,5.91,-2.09
개봉3동주민센터,골목상권,커피-음료,7,0,0,0,0.0,5.01,5.01
개봉역,골목상권,커피-음료,10,2,1,10,0.0,6.06,6.06
개봉중학교,골목상권,커피-음료,3,0,0,0,0.0,4.27,4.27
개봉초등학교,골목상권,커피-음료,8,1,0,0,33.0,5.62,-27.38
개웅초등학교(개웅중학교),골목상권,커피-음료,4,0,0,0,0.0,4.5,4.5
개포고등학교,골목상권,커피-음료,10,0,0,0,11.0,5.31,-5.69
개포지구대옆,골목상권,커피-음료,3,0,0,0,33.0,4.27,-28.73
거여역 1번(거여공원),골목상권,커피-음료,8,0,0,0,0.0,5.1,5.1
거여초등학교,골목상권,커피-음료,3,0,0,0,0.0,4.27,4.27
건대입구역 1번,골목상권,커피-음료,7,0,0,0,14.0,4.98,-9.02
건대입구역 6번,골목상권,커피-음료,17,0,1,6,6.0,5.77,-0.23
경기대학교,골목상권,커피-음료,2,0,0,0,0.0,3.98,3.98
경동고등학교,골목상권,커피-음료,16,0,0,0,0.0,5.75,5.75
경리단길남측,골목상권,커피-음료,33,0,0,0,13.0,6.45,-6.55
경리단길북측,골목상권,커피-음료,25,1,0,0,0.0,6.35,6.35
경문고등학교(동작동성당),골목상권,커피-음료,3,0,1,33,0.0,4.06,4.06
경복고등학교,골목상권,커피-음료,7,0,0,0,0.0,4.98,4.98
경성고등학교,골목상권,커피-음료,47,0,1,2,11.0,6.79,-4.21
경수초등학교,골목상권,커피-음료,52,3,1,2,2.0,7.13,5.13
경신고등학교,골목상권,커피-음료,5,0,1,20,25.0,4.54,-20.46
경의선책거리,골목상권,커피-음료,84,4,2,2,5.0,7.57,2.57
경의중앙 신촌역,골목상권,커피-음료,5,1,0,0,0.0,5.49,5.49
경찰병원역 3번,골목상권,커피-음료,3,0,0,0,0.0,4.27,4.27
경찰병원역 4번(건너말공원),골목상권,커피-음료,7,0,1,14,17.0,4.88,-12.12
경춘선숲길 우측,골목상권,커피-음료,20,0,0,0,5.0,5.99,0.99
경향신문사,골목상권,커피-음료,10,0,0,0,0.0,5.33,5.33
경희대삼거리,골목상권,커피-음료,26,2,0,0,17.0,6.54,-10.46
경희대후문,골목상권,커피-음료,17,0,1,6,6.0,5.77,-0.23
계상초등학교,골목상권,커피-음료,9,0,1,11,0.0,5.12,5.12
고대앞사거리,골목상권,커피-음료,9,0,2,22,13.0,5.05,-7.95
고덕동성당,골목상권,커피-음료,10,2,1,10,11.0,6.04,-4.96
고덕중학교(고덕2동주민센터),골목상권,커피-음료,3,0,0,0,0.0,4.32,4.32
고려대역 4번,골목상권,커피-음료,5,0,0,0,0.0,4.7,4.7
고려대역 6번,골목상권,커피-음료,17,0,0,0,0.0,5.8,5.8
고산초등학교,골목상권,커피-음료,1,0,0,0,0.0,3.64,3.64
고척동성당,골목상권,커피-음료,8,1,0,0,0.0,5.66,5.66
고척중학교,골목상권,커피-음료,1,0,0,0,0.0,3.57,3.57
고척초등학교,골목상권,커피-음료,5,0,0,0,20.0,4.68,-15.32
곰달래도서관,골목상권,커피-음료,6,0,0,0,0.0,4.86,4.86
공군호텔,골목상권,커피-음료,9,0,0,0,0.0,5.22,5.22
공덕동주민센터,골목상권,커피-음료,11,0,1,9,0.0,5.34,5.34
공덕래미안3차아파트,골목상권,커피-음료,1,0,0,0,0.0,3.57,3.57
공릉동 국수거리,골목상권,커피-음료,16,0,1,6,0.0,5.71,5.71
공릉역 2번,골목상권,커피-음료,25,2,0,0,4.0,6.5,2.5
공항고등학교,골목상권,커피-음료,4,0,0,0,0.0,4.5,4.5
공항시장역 1번,골목상권,커피-음료,15,0,0,0,0.0,5.69,5.69
관악구 중앙길,골목상권,커피-음료,29,2,3,10,7.0,6.54,-0.46
관악구신사동주민센터,골목상권,커피-음료,10,1,1,10,0.0,5.63,5.63
관악동부센트레빌아파트(은천로35라길),골목상권,커피-음료,1,0,0,0,0.0,3.57,3.57
관악소방서(문영여고),골목상권,커피-음료,3,0,0,0,0.0,4.27,4.27
관악우성아파트,골목상권,커피-음료,5,0,1,20,0.0,4.54,4.54
관악해태어린이공원,골목상권,커피-음료,10,1,1,10,0.0,5.64,5.64
광나루역 1번,골목상권,커피-음료,10,1,1,10,0.0,5.64,5.64
광산사거리,골목상권,커피-음료,6,0,1,17,20.0,4.73,-15.27
광운대역 1번,골목상권,커피-음료,15,0,0,0,0.0,5.71,5.71
광운대학교 남단,골목상권,커피-음료,5,0,0,0,25.0,4.71,-20.29
광진경찰서,골목상권,커피-음료,3,0,0,0,0.0,4.27,4.27
광진구청,골목상권,커피-음료,12,1,0,0,0.0,5.8,5.8
광진정말공원,골목상권,커피-음료,12,1,1,8,9.0,5.75,-3.25
광진정보도서관,골목상권,커피-음료,15,0,0,0,0.0,5.69,5.69
광진초등학교,골목상권,커피-음료,7,0,0,0,0.0,4.98,4.98
광흥창역 1번,골목상권,커피-음료,5,0,1,20,0.0,4.55,4.55
광흥창역 6번,골목상권,커피-음료,4,0,0,0,0.0,4.5,4.5
구남초등학교,골목상권,커피-음료,7,0,0,0,0.0,5.01,5.01
구로119안전센터,골목상권,커피-음료,2,0,0,0,0.0,4.02,4.02
구로4동주민센터,골목상권,커피-음료,9,0,0,0,29.0,5.23,-23.77
구로구민회관,골목상권,커피-음료,3,0,0,0,0.0,4.27,4.27
구로나눔길,골목상권,커피-음료,5,2,1,20,40.0,6.19,-33.81
구로디지털단지역 4번,골목상권,커피-음료,10,0,0,0,0.0,5.33,5.33
구로보건소,골목상권,커피-음료,22,0,1,5,5.0,6.02,1.02
구로창업지원센터,골목상권,커피-음료,5,0,0,0,25.0,4.68,-20.32
구로초등학교,골목상권,커피-음료,6,0,0,0,0.0,4.85,4.85
구립대학경로당(관악산샘말공원),골목상권,커피-음료,26,0,1,4,4.0,6.21,2.21
구반포역,골목상권,커피-음료,12,0,0,0,0.0,5.48,5.48
구산보건지소,골목상권,커피-음료,17,2,2,12,0.0,6.2,6.2
구산역 1번,골목상권,커피-음료,8,1,2,25,11.0,5.45,-5.55
구산역 2번,골목상권,커피-음료,4,0,0,0,0.0,4.5,4.5
구산역 4번,골목상권,커피-음료,12,1,2,17,9.0,5.68,-3.32
구산초등학교,골목상권,커피-음료,2,0,0,0,0.0,4.02,4.02
구암초등학교,골목상권,커피-음료,8,0,1,13,33.0,5.0,-28.0
구의1동주민센터,골목상권,커피-음료,20,1,1,5,0.0,6.13,6.13
구의역 4번,골목상권,커피-음료,17,1,0,0,19.0,6.06,-12.94
국기원,골목상권,커피-음료,11,0,0,0,0.0,5.39,5.39
국립4.19민주묘지,골목상권,커피-음료,1,0,0,0,0.0,3.57,3.57
국립국악고등학교,골목상권,커피-음료,4,0,0,0,0.0,4.5,4.5
국립재활원,골목상권,커피-음료,2,0,0,0,0.0,3.98,3.98
국립정신건강센터,골목상권,커피-음료,9,0,0,0,0.0,5.23,5.23
국민대학교앞,골목상권,커피-음료,2,0,0,0,0.0,3.98,3.98
국민은행방학지점,골목상권,커피-음료,2,0,0,0,0.0,4.02,4.02
국악고교사거리,골목상권,커피-음료,8,0,0,0,0.0,5.11,5.11
국제신학대학원대학교(남서울중학교),골목상권,커피-음료,12,1,1,8,0.0,5.76,5.76
군자역 4번,골목상권,커피-음료,5,0,0,0,25.0,4.68,-20.32
군자역 5번,골목상권,커피-음료,9,0,0,0,0.0,5.2,5.2
군자초등학교,골목상권,커피-음료,1,0,0,0,0.0,3.57,3.57
굽은다리역 1번(십자성마을),골목상권,커피-음료,13,0,0,0,0.0,5.57,5.57
굽은다리역 2번,골목상권,커피-음료,4,1,1,25,0.0,5.37,5.37
굽은다리역 3번,골목상권,커피-음료,19,0,1,5,0.0,5.87,5.87
굽은다리역 4번,골목상권,커피-음료,17,0,1,6,0.0,5.77,5.77
그라운드 고척,골목상권,커피-음료,15,0,1,7,0.0,5.66,5.66
금동어린이공원,골목상권,커피-음료,8,0,0,0,11.0,5.12,-5.88
금북초등학교,골목상권,커피-음료,2,0,0,0,0.0,4.02,4.02
금빛새마을금고본점,골목상권,커피-음료,3,0,0,0,0.0,4.27,4.27
금산초등학교(금천고등학교),골목상권,커피-음료,7,0,1,14,0.0,4.9,4.9
금천구립가산도서관,골목상권,커피-음료,2,0,0,0,0.0,3.98,3.98
금천구청역 1번 출입구,골목상권,커피-음료,16,0,0,0,23.0,5.76,-17.24
금천금빛공원(은행나무사거리서측),골목상권,커피-음료,2,0,0,0,0.0,3.98,3.98
금천철쭉어린이공원(금하마을),골목상권,커피-음료,4,0,0,0,0.0,4.52,4.52
금천해태공원,골목상권,커피-음료,3,0,0,0,0.0,4.27,4.27
금호사거리,골목상권,커피-음료,5,0,0,0,50.0,4.68,-45.32
금호삼성래미안아파트,골목상권,커피-음료,11,1,0,0,9.0,5.75,-3.25
길동신동아아파트,골목상권,커피-음료,1,0,0,0,0.0,3.57,3.57
길동주민센터(강동도서관),골목상권,커피-음료,24,1,0,0,4.0,6.3,2.3
길상사,골목상권,커피-음료,1,0,0,0,0.0,3.57,3.57
길음역 7번,골목상권,커피-음료,9,1,0,0,0.0,5.68,5.68
길음역 8번,골목상권,커피-음료,10,0,2,20,0.0,5.16,5.16
까치산역 1번,골목상권,커피-음료,11,0,2,18,0.0,5.29,5.29
까치산역 3번,골목상권,커피-음료,11,2,1,9,0.0,6.05,6.05
까치산역 4번,골목상권,커피-음료,14,1,0,0,7.0,5.9,-1.1
낙성대역 1번(관악구민 종합체육센터),골목상권,커피-음료,10,0,0,0,0.0,5.31,5.31
낙성대역 5번(관악중학교),골목상권,커피-음료,1,0,0,0,0.0,3.57,3.57
난곡중학교,골목상권,커피-음료,2,1,0,0,100.0,6.07,-93.93
난곡초등학교(난곡동벽화마을),골목상권,커피-음료,3,0,0,0,0.0,4.3,4.3
난우중학교,골목상권,커피-음료,6,0,0,0,0.0,4.85,4.85
난우초등학교,골목상권,커피-음료,11,1,0,0,22.0,5.8,-16.2
난향초등학교,골목상권,커피-음료,2,0,0,0,0.0,3.98,3.98
남가좌동현대아파트,골목상권,커피-음료,3,0,0,0,0.0,4.27,4.27
남가좌파출소,골목상권,커피-음료,16,1,2,13,6.0,5.89,-0.11
남강고등학교(남강중학교),골목상권,커피-음료,4,1,1,25,67.0,5.38,-61.62
남구로역 2번,골목상권,커피-음료,11,0,1,9,0.0,5.34,5.34
남구로역 3번,골목상권,커피-음료,3,0,0,0,0.0,4.3,4.3
남구로역 5번,골목상권,커피-음료,5,0,0,0,0.0,4.71,4.71
남부초등학교,골목상권,커피-음료,17,1,0,0,12.0,6.05,-5.95
남부터미널역 1번,골목상권,커피-음료,9,0,0,0,0.0,5.21,5.21
남산골공원옆,골목상권,커피-음료,5,0,0,0,20.0,4.7,-15.3
남산케이블카,골목상권,커피-음료,15,1,1,7,7.0,5.91,-1.09
남성역 1번,골목상권,커피-음료,19,0,1,5,11.0,5.9,-5.1
남영역 1번,골목상권,커피-음료,19,0,1,5,0.0,5.88,5.88
남정초등학교,골목상권,커피-음료,1,0,0,0,0.0,3.57,3.57
남천초등학교,골목상권,커피-음료,8,0,0,0,0.0,5.12,5.12
남태령역(서울전자고등학교),골목상권,커피-음료,1,0,0,0,0.0,3.57,3.57
내를건너서숲으로도서관,골목상권,커피-음료,3,0,0,0,0.0,4.27,4.27
내방역 1번,골목상권,커피-음료,6,0,0,0,50.0,4.84,-45.16
내방역 4번,골목상권,커피-음료,6,0,0,0,0.0,4.84,4.84
내방역 5번,골목상권,커피-음료,2,0,0,0,0.0,3.98,3.98
내방역 6번,골목상권,커피-음료,1,0,0,0,0.0,3.57,3.57
내방역 8번,골목상권,커피-음료,3,0,0,0,0.0,4.27,4.27
노량진역 6번,골목상권,커피-음료,9,0,1,11,11.0,5.14,-5.86
노량진초등학교,골목상권,커피-음료,6,0,0,0,0.0,4.86,4.86
노원 을지대학교병원,골목상권,커피-음료,1,0,0,0,0.0,3.57,3.57
노원역 9번,골목상권,커피-음료,3,0,0,0,0.0,4.3,4.3
노원초등학교,골목상권,커피-음료,5,0,1,20,0.0,4.55,4.55
녹번동근린공원,골목상권,커피-음료,2,0,0,0,0.0,4.02,4.02
논현2동주민센터,골목상권,커피-음료,15,1,0,0,0.0,5.96,5.96
논현로18길,골목상권,커피-음료,1,0,0,0,0.0,3.57,3.57
논현목련공원,골목상권,커피-음료,2,0,1,50,0.0,3.62,3.62
논현초등학교,골목상권,커피-음료,33,2,3,9,7.0,6.63,-0.37
누원고등학교,골목상권,커피-음료,8,1,0,0,50.0,5.67,-44.33
능동우편취급국,골목상권,커피-음료,11,0,0,0,0.0,5.39,5.39
다산성곽길,골목상권,커피-음료,9,2,2,22,0.0,5.94,5.94
달마을공원,골목상권,커피-음료,6,0,0,0,20.0,4.84,-15.16
답십리 장령당공원,골목상권,커피-음료,1,0,0,0,0.0,3.57,3.57
답십리공원,골목상권,커피-음료,5,0,2,40,0.0,4.42,4.42
답십리사거리,골목상권,커피-음료,6,0,0,0,0.0,4.85,4.85
답십리역 6번,골목상권,커피-음료,2,0,0,0,0.0,3.98,3.98
답십리초등학교,골목상권,커피-음료,17,0,0,0,6.0,5.82,-0.18
당고개역 2번,골목상권,커피-음료,5,0,1,20,0.0,4.54,4.54
당고개역 5번,골목상권,커피-음료,4,0,0,0,0.0,4.5,4.5
당곡중학교,골목상권,커피-음료,14,2,2,14,7.0,6.09,-0.91
당산반도유보라팰리스아파트,골목상권,커피-음료,11,0,1,9,0.0,5.33,5.33
당산역 13번,골목상권,커피-음료,1,0,0,0,0.0,3.57,3.57
당산역 8번,골목상권,커피-음료,2,0,0,0,0.0,3.98,3.98
대광초등학교,골목상권,커피-음료,7,0,1,14,0.0,4.89,4.89
대림1동주민센터,골목상권,커피-음료,2,1,1,50,0.0,5.64,5.64
대림갑을명가아파트,골목상권,커피-음료,1,1,1,100,0.0,6.96,6.96
대림성모병원,골목상권,커피-음료,9,0,0,0,0.0,5.22,5.22
대림썬프라자,골목상권,커피-음료,1,0,0,0,0.0,3.64,3.64
대림역 11번,골목상권,커피-음료,1,1,0,0,0.0,7.62,7.62
대림역 2번,골목상권,커피-음료,5,1,0,0,0.0,5.51,5.51
대림역 5번,골목상권,커피-음료,8,0,0,0,33.0,5.1,-27.9
대림차이나타운(대림역 12번),골목상권,커피-음료,1,0,0,0,0.0,3.64,3.64
대림한신아파트,골목상권,커피-음료,4,0,0,0,0.0,4.53,4.53
대방역 3번,골목상권,커피-음료,10,1,1,10,0.0,5.64,5.64
대방역 4번,골목상권,커피-음료,1,0,0,0,0.0,3.57,3.57
대방역 6번,골목상권,커피-음료,3,0,0,0,0.0,4.32,4.32
대신고등학교,골목상권,커피-음료,3,1,0,0,0.0,5.61,5.61
대왕초등학교(세곡동사거리서남측),골목상권,커피-음료,4,1,0,0,0.0,5.51,5.51
대원고등학교,골목상권,커피-음료,6,0,2,33,0.0,4.63,4.63
대진고등학교,골목상권,커피-음료,15,1,0,0,0.0,5.99,5.99
대청초등학교,골목상권,커피-음료,29,2,1,3,11.0,6.59,-4.41
대치2동주민센터,골목상권,커피-음료,5,0,0,0,0.0,4.71,4.71
대치동아우편취급국,골목상권,커피-음료,6,1,0,0,0.0,5.53,5.53
대현산장미원,골목상권,커피-음료,1,0,0,0,0.0,3.57,3.57
대흥동주민센터,골목상권,커피-음료,4,0,0,0,0.0,4.5,4.5
대흥역 2번,골목상권,커피-음료,23,1,1,4,9.0,6.24,-2.76
대흥역 3번,골목상권,커피-음료,23,2,2,9,9.0,6.4,-2.6
더케이호텔(양재리본타워2단지아파트),골목상권,커피-음료,7,0,0,0,0.0,4.99,4.99
덕성여대시반거리,골목상권,커피-음료,13,0,0,0,0.0,5.56,5.56
덕수교,골목상권,커피-음료,3,0,0,0,0.0,4.27,4.27
덕의초등학교,골목상권,커피-음료,8,0,0,0,0.0,5.1,5.1
도곡2동주민센터(대치중학교),골목상권,커피-음료,3,0,0,0,0.0,4.27,4.27
도곡초등학교,골목상권,커피-음료,6,0,0,0,0.0,4.85,4.85
도림2동유수지내체육시설,골목상권,커피-음료,1,0,0,0,0.0,3.64,3.64
도림동주민센터,골목상권,커피-음료,1,0,0,0,0.0,3.57,3.57
도림초등학교,골목상권,커피-음료,1,0,0,0,0.0,3.57,3.57
도봉구 정병원,골목상권,커피-음료,8,1,2,25,0.0,5.46,5.46
도봉구보건소,골목상권,커피-음료,9,0,1,11,0.0,5.13,5.13
도봉산역 1번,골목상권,커피-음료,10,1,0,0,0.0,5.75,5.75
도봉산입구,골목상권,커피-음료,13,0,0,0,0.0,5.56,5.56
도봉세무서,골목상권,커피-음료,9,0,2,22,0.0,5.05,5.05
도봉역 2번,골목상권,커피-음료,15,0,0,0,0.0,5.69,5.69
도봉역 3번,골목상권,커피-음료,5,0,0,0,25.0,4.73,-20.27
도봉우체국,골목상권,커피-음료,4,0,0,0,0.0,4.53,4.53
도산공원북측,골목상권,커피-음료,8,1,0,0,0.0,5.62,5.62
도신초등학교,골목상권,커피-음료,4,0,0,0,0.0,4.52,4.52
독립문역 1번,골목상권,커피-음료,4,0,0,0,0.0,4.53,4.53
독산119안전센터,골목상권,커피-음료,6,0,0,0,0.0,4.86,4.86
독산2동주민센터,골목상권,커피-음료,4,0,0,0,0.0,4.5,4.5
독산동성당,골목상권,커피-음료,11,0,0,0,0.0,5.41,5.41
독산동정훈단지,골목상권,커피-음료,7,0,0,0,0.0,5.02,5.02
독산역 1번 출입구,골목상권,커피-음료,3,0,0,0,0.0,4.32,4.32
돈의문센트레빌아파트입구,골목상권,커피-음료,1,0,0,0,0.0,3.57,3.57
돌곶이역 1번,골목상권,커피-음료,6,0,0,0,0.0,4.88,4.88
돌곶이역 3번,골목상권,커피-음료,2,0,0,0,0.0,3.98,3.98
돌곶이역 5번,골목상권,커피-음료,7,0,0,0,0.0,4.99,4.99
돌곶이역 8번,골목상권,커피-음료,16,0,0,0,13.0,5.76,-7.24
동교초등학교,골목상권,커피-음료,23,0,0,0,4.0,6.1,2.1
동구여중,골목상권,커피-음료,13,1,0,0,0.0,5.87,5.87
동대문경찰서,골목상권,커피-음료,1,0,0,0,0.0,3.57,3.57
동대문구청,골목상권,커피-음료,9,1,0,0,0.0,5.66,5.66
동대문역 1번,골목상권,커피-음료,8,0,1,13,0.0,5.0,5.0
동대문역사문화공원역 5번,골목상권,커피-음료,6,0,0,0,0.0,4.84,4.84
동대부고,골목상권,커피-음료,11,1,0,0,10.0,5.77,-4.23
동대부여고,골목상권,커피-음료,7,0,2,29,0.0,4.78,4.78
동덕여대,골목상권,커피-음료,1,0,0,0,0.0,3.57,3.57
동묘앞역 2번,골목상권,커피-음료,6,0,0,0,0.0,4.85,4.85
동묘앞역 3번,골목상권,커피-음료,2,0,0,0,0.0,3.98,3.98
동의보감타워,골목상권,커피-음료,3,0,0,0,50.0,4.32,-45.68
동의초등학교,골목상권,커피-음료,5,0,0,0,0.0,4.68,4.68
동일여자고등학교,골목상권,커피-음료,4,1,0,0,33.0,5.53,-27.47
동작구자원봉사센터,골목상권,커피-음료,2,0,0,0,0.0,4.02,4.02
두산초등학교,골목상권,커피-음료,4,0,1,25,0.0,4.34,4.34
둔촌2동주민센터,골목상권,커피-음료,7,0,0,0,0.0,4.98,4.98
둔촌고등학교(둔촌중학교),골목상권,커피-음료,3,0,0,0,0.0,4.27,4.27
둔촌동역 1번(한산중학교),골목상권,커피-음료,21,1,1,5,5.0,6.18,1.18
둔촌동역 3번(성내3동주민센터),골목상권,커피-음료,21,1,1,5,5.0,6.17,1.17
둔촌동역 4번,골목상권,커피-음료,3,0,2,67,0.0,3.79,3.79
등촌1동주민센터,골목상권,커피-음료,28,0,1,4,3.0,6.26,3.26
등촌3동주민센터,골목상권,커피-음료,19,0,0,0,0.0,5.93,5.93
등촌역 1번,골목상권,커피-음료,4,0,0,0,0.0,4.5,4.5
등촌역 4번,골목상권,커피-음료,6,0,0,0,0.0,4.84,4.84
등촌역 7번,골목상권,커피-음료,2,0,0,0,0.0,3.98,3.98
떡전교사거리,골목상권,커피-음료,4,0,0,0,0.0,4.5,4.5
뚝섬역교차로,골목상권,커피-음료,14,0,0,0,0.0,5.63,5.63
뚝섬유원지역 1번,골목상권,커피-음료,2,0,0,0,0.0,3.98,3.98
뜸부기어린이공원,골목상권,커피-음료,1,0,0,0,0.0,3.57,3.57
러스크서울병원,골목상권,커피-음료,5,0,1,20,0.0,4.54,4.54
리움미술관,골목상권,커피-음료,8,0,0,0,0.0,5.1,5.1
마장역 2번,골목상권,커피-음료,7,0,1,14,17.0,4.91,-12.09
마장역 3번,골목상권,커피-음료,2,1,1,50,0.0,5.64,5.64
마장지하차도,골목상권,커피-음료,1,0,0,0,0.0,3.57,3.57
마천1치안센터,골목상권,커피-음료,3,0,0,0,0.0,4.3,4.3
마천역(마천초등학교),골목상권,커피-음료,6,0,0,0,0.0,4.86,4.86
마포FM,골목상권,커피-음료,9,0,0,0,0.0,5.2,5.2
마포경찰서,골목상권,커피-음료,4,0,0,0,0.0,4.53,4.53
마포구청역 1번,골목상권,커피-음료,12,1,0,0,9.0,5.83,-3.17
마포구청역 4번,골목상권,커피-음료,9,1,0,0,0.0,5.66,5.66
마포구청역 7번,골목상권,커피-음료,17,0,1,6,0.0,5.77,5.77
마포역 4번,골목상권,커피-음료,3,0,0,0,0.0,4.27,4.27
만리재,골목상권,커피-음료,4,0,0,0,67.0,4.52,-62.48
말미고개,골목상권,커피-음료,10,0,0,0,10.0,5.33,-4.67
망리단길,골목상권,커피-음료,120,5,1,1,5.0,7.9,2.9
망우3동주민센터,골목상권,커피-음료,5,0,0,0,0.0,4.71,4.71
망우본동주민센터,골목상권,커피-음료,13,1,2,15,0.0,5.77,5.77
망우역 1번,골목상권,커피-음료,10,3,2,20,22.0,6.39,-15.61
망우역 2번,골목상권,커피-음료,12,0,0,0,20.0,5.48,-14.52
망원나들목체육관,골목상권,커피-음료,6,0,0,0,0.0,4.84,4.84
망원역 1번,골목상권,커피-음료,27,0,0,0,0.0,6.25,6.25
매봉역 1번,골목상권,커피-음료,2,0,0,0,0.0,3.98,3.98
먹골역 1번,골목상권,커피-음료,8,0,0,0,14.0,5.11,-8.89
먹골역 5번,골목상권,커피-음료,11,1,0,0,10.0,5.78,-4.22
먹골파출소,골목상권,커피-음료,2,0,0,0,0.0,3.98,3.98
메가박스 상봉,골목상권,커피-음료,13,0,0,0,0.0,5.55,5.55
메디힐병원,골목상권,커피-음료,10,1,1,10,11.0,5.64,-5.36
면동초등학교,골목상권,커피-음료,8,0,0,0,0.0,5.12,5.12
면목2동체육관,골목상권,커피-음료,8,0,0,0,0.0,5.1,5.1
면목5동주민센터,골목상권,커피-음료,4,0,0,0,0.0,4.52,4.52
면목동우체국,골목상권,커피-음료,5,0,0,0,25.0,4.7,-20.3
면목역 1번,골목상권,커피-음료,3,0,0,0,50.0,4.27,-45.73
면목역 2번,골목상권,커피-음료,12,1,1,8,0.0,5.75,5.75
면목역 3번,골목상권,커피-음료,4,0,0,0,0.0,4.53,4.53
명일역 1번,골목상권,커피-음료,3,0,1,33,50.0,4.04,-45.96
명지대학교,골목상권,커피-음료,34,0,0,0,3.0,6.5,3.5
명지대학교교회,골목상권,커피-음료,22,0,2,9,5.0,6.0,1.0
명지전문대,골목상권,커피-음료,1,0,0,0,0.0,3.57,3.57
모래내우체국,골목상권,커피-음료,5,1,0,0,25.0,5.52,-19.48
목4동주민센터,골목상권,커피-음료,3,0,0,0,0.0,4.3,4.3
목동로데오거리,골목상권,커피-음료,4,1,1,25,0.0,5.35,5.35
목동문화체육센터,골목상권,커피-음료,2,0,0,0,0.0,4.02,4.02
목동보건지소,골목상권,커피-음료,17,1,1,6,0.0,6.02,6.02
목동센트럴아이파크앞,골목상권,커피-음료,5,0,0,0,0.0,4.7,4.7
목동역 5번,골목상권,커피-음료,5,0,0,0,0.0,4.68,4.68
묘곡초등학교(고덕아이파크아파트),골목상권,커피-음료,11,1,1,9,0.0,5.69,5.69
무너미어린이공원,골목상권,커피-음료,5,0,0,0,25.0,4.68,-20.32
문래동사거리,골목상권,커피-음료,5,0,0,0,0.0,4.68,4.68
문래소공원,골목상권,커피-음료,3,0,0,0,0.0,4.32,4.32
문래역 3번,골목상권,커피-음료,3,1,1,33,0.0,5.37,5.37
문래예술촌(문래창작촌),골목상권,커피-음료,64,1,0,0,3.0,7.19,4.19
문래중학교,골목상권,커피-음료,4,0,0,0,0.0,4.5,4.5
문성초등학교,골목상권,커피-음료,11,0,0,0,0.0,5.39,5.39
문이교,골목상권,커피-음료,1,0,0,0,0.0,3.57,3.57
문정동성당,골목상권,커피-음료,4,0,0,0,0.0,4.52,4.52
문정역 1번,골목상권,커피-음료,12,0,0,0,0.0,5.47,5.47
문정역 2번,골목상권,커피-음료,18,1,0,0,0.0,6.11,6.11
문정초등학교,골목상권,커피-음료,9,0,0,0,0.0,5.21,5.21
문현중학교(장지역 1번),골목상권,커피-음료,13,0,1,8,0.0,5.5,5.5
미근동,골목상권,커피-음료,18,2,4,22,0.0,6.16,6.16
미림여고,골목상권,커피-음료,1,0,1,100,0.0,2.85,2.85
미성동주민센터,골목상권,커피-음료,4,0,0,0,0.0,4.5,4.5
미성초등학교,골목상권,커피-음료,8,0,0,0,0.0,5.11,5.11
미아사거리역 3번,골목상권,커피-음료,4,0,0,0,0.0,4.52,4.52
미아역 5번,골목상권,커피-음료,5,0,0,0,0.0,4.7,4.7
미아역 8번,골목상권,커피-음료,2,0,0,0,0.0,3.98,3.98
미아초등학교,골목상권,커피-음료,5,0,0,0,0.0,4.68,4.68
바우뫼공원,골목상권,커피-음료,12,0,0,0,0.0,5.47,5.47
반포4동주민센터(몽마르뜨공원),골목상권,커피-음료,3,1,0,0,0.0,5.61,5.61
발바닥공원,골목상권,커피-음료,1,0,0,0,0.0,3.64,3.64
발산역 5번,골목상권,커피-음료,15,1,0,0,7.0,5.99,-1.01
방배노인종합복지관(이수중학교),골목상권,커피-음료,7,0,0,0,0.0,4.98,4.98
방배동사이길,골목상권,커피-음료,7,0,0,0,0.0,5.0,5.0
방배아이파크아파트,골목상권,커피-음료,7,0,0,0,0.0,4.99,4.99
방배역 3번,골목상권,커피-음료,6,0,0,0,40.0,4.84,-35.16
방배초등학교,골목상권,커피-음료,13,0,1,8,0.0,5.49,5.49
방아다리근린공원(횃불트리니티신학대학원대학교),골목상권,커피-음료,2,0,0,0,0.0,3.98,3.98
방이동고분군(방산고등학교),골목상권,커피-음료,12,0,0,0,0.0,5.48,5.48
방이역 1번,골목상권,커피-음료,6,0,1,17,0.0,4.76,4.76
방이역 2번,골목상권,커피-음료,13,1,0,0,8.0,5.87,-2.13
방이역 4번,골목상권,커피-음료,30,1,4,13,3.0,6.39,3.39
방학1동주민센터,골목상권,커피-음료,9,0,0,0,29.0,5.23,-23.77
방학역 1번,골목상권,커피-음료,8,0,1,13,14.0,5.04,-8.96
방학역 2번,골목상권,커피-음료,16,3,0,0,0.0,6.53,6.53
방학중학교,골목상권,커피-음료,7,1,0,0,0.0,5.55,5.55
방학초등학교,골목상권,커피-음료,6,0,0,0,0.0,4.86,4.86
방현초등학교(방배119안전센터),골목상권,커피-음료,7,0,0,0,0.0,4.98,4.98
방화역 1번,골목상권,커피-음료,7,1,0,0,0.0,5.57,5.57
방화역 2번,골목상권,커피-음료,8,0,2,25,0.0,4.93,4.93
방화역 3번,골목상권,커피-음료,8,0,1,13,0.0,5.01,5.01
방화초등학교,골목상권,커피-음료,5,0,0,0,0.0,4.7,4.7
배꽃어린이공원,골목상권,커피-음료,1,0,0,0,0.0,3.57,3.57
배문고등학교,골목상권,커피-음료,11,1,0,0,0.0,5.77,5.77
배화여자대학교(박노수미술관),골목상권,커피-음료,46,1,1,2,2.0,6.84,4.84
백련산해모로아파트,골목상권,커피-음료,10,1,0,0,0.0,5.72,5.72
백산초등학교,골목상권,커피-음료,1,0,0,0,0.0,3.64,3.64
백석중학교,골목상권,커피-음료,2,0,0,0,100.0,3.98,-96.02
버티고개,골목상권,커피-음료,1,0,0,0,0.0,3.57,3.57
번동주공2단지,골목상권,커피-음료,3,0,0,0,0.0,4.27,4.27
벌말어린이공원,골목상권,커피-음료,9,0,0,0,0.0,5.21,5.21
법제교육센터(버들어린이공원),골목상권,커피-음료,7,0,1,14,0.0,4.89,4.89
베르사이유1아파트,골목상권,커피-음료,3,0,0,0,0.0,4.27,4.27
보라매동주민센터(당곡고등학교),골목상권,커피-음료,7,1,0,0,0.0,5.58,5.58
보라매역 2번,골목상권,커피-음료,10,0,0,0,11.0,5.31,-5.69
보라매역 4번,골목상권,커피-음료,2,0,0,0,0.0,3.98,3.98
보라매역 6번,골목상권,커피-음료,12,1,1,8,0.0,5.76,5.76
보문역 4번,골목상권,커피-음료,11,1,0,0,0.0,5.76,5.76
보문역 5번,골목상권,커피-음료,18,1,1,6,0.0,6.06,6.06
보문역 8번,골목상권,커피-음료,7,0,0,0,0.0,4.99,4.99
보인중학교,골목상권,커피-음료,9,1,0,0,29.0,5.66,-23.34
본마을노인복지센터(서초구립내곡도서관),골목상권,커피-음료,5,0,0,0,0.0,4.68,4.68
봉원사,골목상권,커피-음료,3,0,0,0,0.0,4.27,4.27
봉은사역 4번,골목상권,커피-음료,10,2,0,0,0.0,6.12,6.12
봉천역 1번(관악초등학교),골목상권,커피-음료,7,0,0,0,0.0,5.01,5.01
봉천역 4번(봉천110안전센터),골목상권,커피-음료,3,0,0,0,0.0,4.3,4.3
봉천역 6번,골목상권,커피-음료,1,0,1,100,0.0,2.85,2.85
부암동주민센터,골목상권,커피-음료,3,0,0,0,0.0,4.27,4.27
북가좌2동주민센터,골목상권,커피-음료,12,1,2,17,0.0,5.68,5.68
북정마을,골목상권,커피-음료,5,0,0,0,0.0,4.7,4.7
북한산보국문역 1번,골목상권,커피-음료,3,0,0,0,0.0,4.3,4.3
북한산보국문역 2번,골목상권,커피-음료,7,0,0,0,0.0,4.98,4.98
북한산우이역 2번,골목상권,커피-음료,8,0,0,0,14.0,5.11,-8.89
불광역 3번,골목상권,커피-음료,3,0,0,0,0.0,4.27,4.27
불광역 7번,골목상권,커피-음료,14,0,0,0,0.0,5.62,5.62
불광역 8번,골목상권,커피-음료,3,0,1,33,0.0,4.06,4.06
불광중학교,골목상권,커피-음료,3,0,0,0,0.0,4.27,4.27
사가정역 1번,골목상권,커피-음료,9,1,1,11,0.0,5.57,5.57
사가정역 4번,골목상권,커피-음료,8,0,0,0,0.0,5.11,5.11
사근동살곶이상점가,골목상권,커피-음료,12,0,1,8,0.0,5.41,5.41
사당5동주민센터,골목상권,커피-음료,3,0,0,0,0.0,4.3,4.3
사당역 10번,골목상권,커피-음료,27,1,1,4,0.0,6.39,6.39
사당역 4번,골목상권,커피-음료,19,1,1,5,0.0,6.09,6.09
사직공원(한국사회과학도서관),골목상권,커피-음료,6,0,0,0,0.0,4.84,4.84
삼각산119안전센터,골목상권,커피-음료,3,0,0,0,0.0,4.34,4.34
삼각지역 14번,골목상권,커피-음료,3,0,0,0,0.0,4.3,4.3
삼각지역 3번,골목상권,커피-음료,9,0,1,11,38.0,5.13,-32.87
삼광초등학교,골목상권,커피-음료,6,1,0,0,0.0,5.53,5.53
삼선동주민센터,골목상권,커피-음료,26,1,1,4,0.0,6.36,6.36
삼선중학교,골목상권,커피-음료,10,0,0,0,0.0,5.31,5.31
삼성산자연공원(서울금천초등학교),골목상권,커피-음료,8,1,0,0,0.0,5.64,5.64
삼성전자서울R&D(서울우면초등학교),골목상권,커피-음료,12,1,1,8,0.0,5.75,5.75
삼성중앙역 5번,골목상권,커피-음료,3,0,0,0,0.0,4.27,4.27
삼성중앙역 7번,골목상권,커피-음료,2,0,0,0,0.0,3.98,3.98
삼양사거리역 1번,골목상권,커피-음료,3,0,0,0,0.0,4.3,4.3
삼양사거리역 2번,골목상권,커피-음료,4,0,0,0,33.0,4.5,-28.5
삼양입구사거리,골목상권,커피-음료,5,0,0,0,0.0,4.68,4.68
삼육보건대학교,골목상권,커피-음료,20,1,0,0,0.0,6.17,6.17
삼전역 1번,골목상권,커피-음료,25,1,2,8,17.0,6.29,-10.71
삼전역 3번,골목상권,커피-음료,11,1,1,9,0.0,5.71,5.71
삼전역 4번,골목상권,커피-음료,17,1,0,0,11.0,6.07,-4.93
상계2동주민센터,골목상권,커피-음료,10,1,0,0,0.0,5.71,5.71
상계5동주민센터,골목상권,커피-음료,12,0,0,0,0.0,5.49,5.49
상계역,골목상권,커피-음료,10,0,1,10,0.0,5.25,5.25
상계제일중학교,골목상권,커피-음료,2,0,0,0,0.0,4.02,4.02
상계초등학교,골목상권,커피-음료,8,0,0,0,14.0,5.12,-8.88
상도1동주민센터앞,골목상권,커피-음료,3,0,0,0,0.0,4.27,4.27
상도4동주민센터,골목상권,커피-음료,5,0,0,0,50.0,4.68,-45.32
상도역 1번,골목상권,커피-음료,3,0,0,0,0.0,4.27,4.27
상도역 2번,골목상권,커피-음료,10,1,0,0,22.0,5.71,-16.29
상도역 5번,골목상권,커피-음료,31,2,0,0,3.0,6.68,3.68
상도초등학교,골목상권,커피-음료,10,0,0,0,0.0,5.33,5.33
상봉역 3번,골목상권,커피-음료,6,0,0,0,0.0,4.84,4.84
상봉역 4번,골목상권,커피-음료,13,0,2,15,0.0,5.45,5.45
상봉역 7번,골목상권,커피-음료,5,1,2,40,0.0,5.21,5.21
상수역 3번,골목상권,커피-음료,2,0,1,50,0.0,3.66,3.66
상수역 4번,골목상권,커피-음료,10,0,0,0,33.0,5.3,-27.7
상신초등학교입구,골목상권,커피-음료,2,0,0,0,50.0,3.98,-46.02
상왕십리역 3번,골목상권,커피-음료,11,0,1,9,9.0,5.34,-3.66
상왕십리역 6번,골목상권,커피-음료,2,0,0,0,0.0,4.02,4.02
상월곡역 1번,골목상권,커피-음료,10,1,1,10,0.0,5.65,5.65
상월곡역 2번,골목상권,커피-음료,10,1,1,10,25.0,5.66,-19.34
상월곡역 3번,골목상권,커피-음료,5,0,0,0,0.0,4.7,4.7
상일여고(상일초등학교),골목상권,커피-음료,24,1,2,8,0.0,6.24,6.24
새남터성지,골목상권,커피-음료,4,0,1,25,0.0,4.34,4.34
새절역 2번,골목상권,커피-음료,7,0,0,0,0.0,5.0,5.0
새절역 3번,골목상권,커피-음료,6,0,0,0,0.0,4.85,4.85
새터산,골목상권,커피-음료,6,0,0,0,0.0,4.85,4.85
샘말어린이공원,골목상권,커피-음료,4,0,0,0,0.0,4.5,4.5
샤로수길,골목상권,커피-음료,43,1,1,2,5.0,6.78,1.78
서강대역 1번,골목상권,커피-음료,31,1,0,0,7.0,6.51,-0.49
서강대학교,골목상권,커피-음료,1,0,0,0,0.0,3.64,3.64
서경대학교,골목상권,커피-음료,12,0,0,0,0.0,5.48,5.48
서대문구보건소별관,골목상권,커피-음료,7,1,0,0,0.0,5.55,5.55
서대문구청,골목상권,커피-음료,3,0,0,0,0.0,4.27,4.27
서대문소방서,골목상권,커피-음료,6,0,0,0,0.0,4.84,4.84
서대문우체국,골목상권,커피-음료,2,0,0,0,0.0,3.98,3.98
서래초등학교,골목상권,커피-음료,3,0,0,0,0.0,4.3,4.3
서문여고,골목상권,커피-음료,1,0,0,0,0.0,3.64,3.64
서빙고동주민센터,골목상권,커피-음료,5,0,0,0,17.0,4.68,-12.32
서빙고역 1번,골목상권,커피-음료,5,0,0,0,0.0,4.68,4.68
서서울호수공원,골목상권,커피-음료,12,1,1,8,0.0,5.76,5.76
서연중학교,골목상권,커피-음료,33,2,0,0,3.0,6.69,3.69
서울공연예술고등학교,골목상권,커피-음료,5,1,1,20,25.0,5.38,-19.62
서울과학기술대,골목상권,커피-음료,7,0,0,0,0.0,5.02,5.02
서울교통공사,골목상권,커피-음료,3,1,0,0,50.0,5.61,-44.39
서울국제고등학교,골목상권,커피-음료,8,0,2,25,0.0,4.93,4.93
서울금융고등학교,골목상권,커피-음료,2,0,0,0,0.0,3.98,3.98
서울대병원,골목상권,커피-음료,9,0,0,0,0.0,5.25,5.25
서울대입구역 8번,골목상권,커피-음료,12,1,2,17,0.0,5.68,5.68
서울독일학교,골목상권,커피-음료,7,0,0,0,0.0,4.99,4.99
서울북부고용노동지청,골목상권,커피-음료,3,0,0,0,0.0,4.3,4.3
서울서부지방법원,골목상권,커피-음료,20,0,0,0,0.0,5.96,5.96
서울숲역 1번,골목상권,커피-음료,8,0,0,0,0.0,5.1,5.1
서울숲카페거리,골목상권,커피-음료,35,0,1,3,6.0,6.48,0.48
서울시립대,골목상권,커피-음료,13,1,1,8,8.0,5.83,-2.17
서울시인재개발원,골목상권,커피-음료,2,0,0,0,0.0,3.98,3.98
서울여자간호대학교,골목상권,커피-음료,7,0,0,0,0.0,4.99,4.99
서울역 12번,골목상권,커피-음료,15,0,0,0,0.0,5.71,5.71
서울역 15번,골목상권,커피-음료,13,0,1,8,0.0,5.49,5.49
서울지방병무청,골목상권,커피-음료,8,0,0,0,0.0,5.12,5.12
서울축산농협 독산역지점(독산파출소),골목상권,커피-음료,5,0,0,0,25.0,4.7,-20.3
서울프랑스학교,골목상권,커피-음료,4,0,1,25,0.0,4.32,4.32
서원동주민센터(신관중학교),골목상권,커피-음료,3,0,0,0,0.0,4.34,4.34
서일대학교,골목상권,커피-음료,20,1,2,10,0.0,6.11,6.11
서초동성당,골목상권,커피-음료,8,0,0,0,0.0,5.13,5.13
서초소방서,골목상권,커피-음료,1,0,1,100,0.0,2.85,2.85
서초우방유쉘아파트,골목상권,커피-음료,4,0,0,0,0.0,4.5,4.5
서초중학교,골목상권,커피-음료,4,0,0,0,33.0,4.53,-28.47
석계역 1번,골목상권,커피-음료,8,0,0,0,14.0,5.13,-8.87
석계역 2번,골목상권,커피-음료,4,0,0,0,0.0,4.5,4.5
석계역 7번,골목상권,커피-음료,7,0,0,0,0.0,5.0,5.0
석관고등학교,골목상권,커피-음료,3,0,0,0,0.0,4.27,4.27
석관중앙교회,골목상권,커피-음료,2,0,0,0,0.0,3.98,3.98
석수역 1번 출입구,골목상권,커피-음료,3,0,0,0,0.0,4.32,4.32
석촌고분역 1번,골목상권,커피-음료,15,0,1,7,0.0,5.66,5.66
석촌고분역 3번,골목상권,커피-음료,5,0,0,0,0.0,4.68,4.68
석촌고분역 4번,골목상권,커피-음료,4,0,1,25,33.0,4.32,-28.68
석촌역 3번,골목상권,커피-음료,35,3,2,6,12.0,6.83,-5.17
석촌역 6번,골목상권,커피-음료,13,1,2,15,0.0,5.76,5.76
석촌역 7번,골목상권,커피-음료,21,1,0,0,4.0,6.22,2.22
석촌중학교(방이육교),골목상권,커피-음료,2,0,0,0,0.0,3.98,3.98
선사초등학교,골목상권,커피-음료,1,0,0,0,0.0,3.57,3.57
선유도역 1번,골목상권,커피-음료,50,0,1,2,0.0,6.86,6.86
선유도역 6번,골목상권,커피-음료,20,0,0,0,0.0,5.99,5.99
선일여고,골목상권,커피-음료,10,0,0,0,11.0,5.32,-5.68
선정릉역 4번,골목상권,커피-음료,12,0,2,17,9.0,5.35,-3.65
선정중학교,골목상권,커피-음료,3,0,0,0,0.0,4.27,4.27
성곡미술관,골목상권,커피-음료,12,0,0,0,0.0,5.47,5.47
성균관대학교,골목상권,커피-음료,16,0,0,0,21.0,5.76,-15.24
성남고등학교,골목상권,커피-음료,9,0,0,0,0.0,5.22,5.22
성내중학교,골목상권,커피-음료,4,0,0,0,0.0,4.53,4.53
성내천어린이공원(하니사랑길),골목상권,커피-음료,12,0,1,8,0.0,5.43,5.43
성동구보건소,골목상권,커피-음료,1,0,0,0,0.0,3.57,3.57
성동세무서,골목상권,커피-음료,10,1,1,10,11.0,5.63,-5.37
성동초등학교,골목상권,커피-음료,5,0,1,20,0.0,4.55,4.55
성미산체육관,골목상권,커피-음료,9,1,0,0,0.0,5.66,5.66
성북초등학교앞,골목상권,커피-음료,9,1,2,22,0.0,5.49,5.49
성산중학교,골목상권,커피-음료,37,1,1,3,0.0,6.66,6.66
성서초등학교,골목상권,커피-음료,10,0,0,0,10.0,5.31,-4.69
성수119안전센터,골목상권,커피-음료,18,0,0,0,6.0,5.86,-0.14
성수1가1동주민센터,골목상권,커피-음료,11,0,1,9,0.0,5.34,5.34
성수2가3동주민센터,골목상권,커피-음료,18,2,0,0,0.0,6.3,6.3
성수동카페거리,골목상권,커피-음료,48,1,1,2,0.0,6.9,6.9
성수초등학교,골목상권,커피-음료,53,1,1,2,0.0,7.0,7.0
성신여대운정그린캠퍼스,골목상권,커피-음료,13,0,0,0,0.0,5.56,5.56
성신여대입구역 1번,골목상권,커피-음료,17,0,3,18,0.0,5.69,5.69
성신여대입구역 4번,골목상권,커피-음료,10,0,0,0,11.0,5.3,-5.7
성신여대입구역 7번,골목상권,커피-음료,4,0,0,0,0.0,4.5,4.5
성심여자고등학교,골목상권,커피-음료,9,1,0,0,0.0,5.67,5.67
성원어린이공원,골목상권,커피-음료,15,1,1,7,7.0,5.92,-1.08
성원중학교,골목상권,커피-음료,22,0,0,0,4.0,6.05,2.05
성자초등학교,골목상권,커피-음료,12,1,0,0,0.0,5.82,5.82
세검정,골목상권,커피-음료,2,0,0,0,0.0,4.02,4.02
세검정초등학교,골목상권,커피-음료,8,0,0,0,14.0,5.11,-8.89
세곡초등학교,골목상권,커피-음료,8,0,0,0,14.0,5.11,-8.89
세종대왕기념관교차로,골목상권,커피-음료,3,0,0,0,0.0,4.32,4.32
세종대학교,골목상권,커피-음료,3,0,0,0,0.0,4.27,4.27
세화어린이공원,골목상권,커피-음료,2,0,0,0,0.0,4.02,4.02
솔밭공원역 1번,골목상권,커피-음료,2,0,0,0,0.0,4.02,4.02
솔밭공원역 2번,골목상권,커피-음료,7,1,3,43,0.0,5.25,5.25
솔숲어린이공원,골목상권,커피-음료,2,0,0,0,100.0,3.98,-96.02
송정역 2번,골목상권,커피-음료,5,0,0,0,0.0,4.73,4.73
송정역 3번,골목상권,커피-음료,12,1,0,0,8.0,5.8,-2.2
송정역 4번,골목상권,커피-음료,3,0,0,0,50.0,4.27,-45.73
송정체육공원,골목상권,커피-음료,10,2,0,0,0.0,6.12,6.12
송중동주민센터,골목상권,커피-음료,4,0,0,0,0.0,4.5,4.5
송중초등학교,골목상권,커피-음료,4,0,2,50,0.0,4.16,4.16
송천동주민센터,골목상권,커피-음료,1,0,1,100,0.0,2.85,2.85
송천초등학교,골목상권,커피-음료,1,0,0,0,0.0,3.57,3.57
송파나루역 1번(송리단길),골목상권,커피-음료,78,4,1,1,5.0,7.5,2.5
송파나루역 2번,골목상권,커피-음료,3,0,0,0,0.0,4.27,4.27
송파나루역 3번,골목상권,커피-음료,3,0,0,0,0.0,4.27,4.27
송파역 2번,골목상권,커피-음료,7,0,0,0,0.0,4.99,4.99
송파책박물관,골목상권,커피-음료,2,0,0,0,0.0,4.02,4.02
수궁동주민센터,골목상권,커피-음료,4,0,0,0,0.0,4.55,4.55
수락산디자인거리,골목상권,커피-음료,21,2,0,0,0.0,6.42,6.42
수락산역 4번,골목상권,커피-음료,18,0,0,0,0.0,5.89,5.89
수색성당,골목상권,커피-음료,1,0,0,0,0.0,3.64,3.64
수송초등학교,골목상권,커피-음료,15,0,1,7,0.0,5.64,5.64
수유1동주민센터,골목상권,커피-음료,4,0,0,0,0.0,4.53,4.53
수유동우체국,골목상권,커피-음료,1,1,1,100,0.0,6.9,6.9
수유북부시장옆,골목상권,커피-음료,5,0,0,0,0.0,4.68,4.68
수유시장옆,골목상권,커피-음료,5,0,1,20,0.0,4.54,4.54
수유역 2번,골목상권,커피-음료,6,0,0,0,17.0,4.85,-12.15
수유초등학교,골목상권,커피-음료,6,0,1,17,0.0,4.73,4.73
수족관거리,골목상권,커피-음료,2,0,0,0,0.0,3.98,3.98
숙대입구,골목상권,커피-음료,52,2,0,0,6.0,7.08,1.08
숙대입구역 1번,골목상권,커피-음료,13,0,0,0,0.0,5.55,5.55
숭곡초등학교,골목상권,커피-음료,18,0,0,0,0.0,5.88,5.88
숭실대입구역 1번,골목상권,커피-음료,12,0,1,8,0.0,5.42,5.42
숭실대입구역 4번,골목상권,커피-음료,13,1,1,8,0.0,5.86,5.86
시립대앞사거리,골목상권,커피-음료,3,0,0,0,0.0,4.27,4.27
시립서북병원,골목상권,커피-음료,15,0,1,7,0.0,5.63,5.63
시조사삼거리,골목상권,커피-음료,2,0,0,0,0.0,3.98,3.98
시흥4동주민센터(서울신흥초등학교),골목상권,커피-음료,4,0,0,0,0.0,4.53,4.53
시흥동 은행나무사거리,골목상권,커피-음료,9,1,0,0,0.0,5.66,5.66
시흥초등학교(시흥1동우체국),골목상권,커피-음료,3,0,0,0,0.0,4.27,4.27
신곡초등학교,골목상권,커피-음료,5,0,0,0,0.0,4.68,4.68
신구중학교,골목상권,커피-음료,2,1,0,0,0.0,6.0,6.0
신금호역 4번,골목상권,커피-음료,1,0,0,0,0.0,3.57,3.57
신길2동우편취급국,골목상권,커피-음료,2,0,0,0,0.0,3.98,3.98
신길3동주민센터,골목상권,커피-음료,7,1,0,0,0.0,5.54,5.54
신길6동주민센터,골목상권,커피-음료,8,0,0,0,0.0,5.11,5.11
신길대성유니드아파트,골목상권,커피-음료,1,0,0,0,0.0,3.57,3.57
신길동홍어거리,골목상권,커피-음료,1,0,0,0,0.0,3.57,3.57
신길새마을금고신길4동지점,골목상권,커피-음료,4,0,0,0,0.0,4.5,4.5
신길역 1번,골목상권,커피-음료,1,0,0,0,0.0,3.57,3.57
신길역 3번,골목상권,커피-음료,5,0,0,0,0.0,4.71,4.71
신내1동주민센터,골목상권,커피-음료,27,1,2,7,8.0,6.39,-1.61
신내IC북측,골목상권,커피-음료,3,0,0,0,0.0,4.27,4.27
신내역 1번,골목상권,커피-음료,2,0,0,0,0.0,3.98,3.98
신내역 2번,골목상권,커피-음료,4,0,1,25,0.0,4.35,4.35
신당역 3번,골목상권,커피-음료,14,1,0,0,0.0,5.91,5.91
신대방삼거리역 1번,골목상권,커피-음료,8,0,0,0,0.0,5.11,5.11
신대방삼거리역 3번,골목상권,커피-음료,6,0,0,0,0.0,4.85,4.85
신대방삼거리역 4번(대림초등학교),골목상권,커피-음료,1,0,0,0,0.0,3.57,3.57
신대방역 1번,골목상권,커피-음료,7,0,0,0,0.0,5.0,5.0
신대방역 2번,골목상권,커피-음료,20,2,2,10,0.0,6.3,6.3
신대방역 3번,골목상권,커피-음료,1,0,0,0,0.0,3.57,3.57
신대방역 4번,골목상권,커피-음료,9,0,1,11,11.0,5.12,-5.88
신림역 1번,골목상권,커피-음료,2,1,1,50,100.0,5.64,-94.36
"신림역 5번(신림동주민센터, 신림동별빛거리)",골목상권,커피-음료,28,1,1,4,0.0,6.44,6.44
신림역 8번,골목상권,커피-음료,11,0,2,18,0.0,5.28,5.28
신림우방아파트,골목상권,커피-음료,1,0,0,0,0.0,3.57,3.57
신림초등학교,골목상권,커피-음료,2,0,0,0,0.0,3.98,3.98
신림현대아파트,골목상권,커피-음료,3,0,0,0,0.0,4.3,4.3
신목동역,골목상권,커피-음료,3,0,0,0,0.0,4.3,4.3
신묵초등학교,골목상권,커피-음료,8,0,0,0,0.0,5.1,5.1
신방화역 2번,골목상권,커피-음료,18,0,2,11,0.0,5.8,5.8
신방화역 8번,골목상권,커피-음료,5,0,0,0,0.0,4.68,4.68
신사1동주민센터,골목상권,커피-음료,15,1,0,0,7.0,5.97,-1.03
신사은행나무공원,골목상권,커피-음료,7,0,1,14,0.0,4.88,4.88
신서초등학교,골목상권,커피-음료,12,2,0,0,0.0,6.17,6.17
신설동역 12번,골목상권,커피-음료,5,0,0,0,0.0,4.7,4.7
신설동역 9번,골목상권,커피-음료,5,0,0,0,0.0,4.71,4.71
신성초등학교,골목상권,커피-음료,7,0,0,0,0.0,4.98,4.98
신수동주민센터,골목상권,커피-음료,8,0,0,0,11.0,5.1,-5.9
신원동주민센터,골목상권,커피-음료,5,0,2,40,0.0,4.4,4.4
신월1동우편취급국,골목상권,커피-음료,8,0,0,0,0.0,5.11,5.11
신월1동주민센터,골목상권,커피-음료,6,1,0,0,20.0,5.55,-14.45
신월1파출소,골목상권,커피-음료,6,0,0,0,20.0,4.84,-15.16
신월2동주민센터,골목상권,커피-음료,7,0,0,0,0.0,4.99,4.99
신월3동주민센터,골목상권,커피-음료,8,0,0,0,0.0,5.12,5.12
신월4동주민센터,골목상권,커피-음료,4,1,0,0,0.0,5.53,5.53
신월7동주민센터,골목상권,커피-음료,1,0,0,0,0.0,3.57,3.57
신월문화체육센터,골목상권,커피-음료,10,3,1,10,43.0,6.46,-36.54
신월시영아파트중문,골목상권,커피-음료,3,0,0,0,0.0,4.27,4.27
신월중학교,골목상권,커피-음료,6,0,1,17,0.0,4.72,4.72
신자초등학교,골목상권,커피-음료,14,0,1,7,0.0,5.57,5.57
신정2동주민센터,골목상권,커피-음료,25,0,0,0,4.0,6.19,2.19
신정네거리역 2번,골목상권,커피-음료,1,0,0,0,0.0,3.57,3.57
신정네거리역 4번,골목상권,커피-음료,1,0,0,0,0.0,3.57,3.57
신정롯데캐슬아파트,골목상권,커피-음료,12,1,0,0,17.0,5.81,-11.19
신정역 1번,골목상권,커피-음료,1,0,0,0,0.0,3.57,3.57
신정역 5번,골목상권,커피-음료,8,0,1,13,0.0,5.0,5.0
신중초등학교,골목상권,커피-음료,7,0,0,0,0.0,4.98,4.98
신진과학기술고등학교,골목상권,커피-음료,7,1,0,0,0.0,5.54,5.54
신창초등학교,골목상권,커피-음료,20,0,1,5,11.0,5.92,-5.08
신촌역 6번,골목상권,커피-음료,1,0,0,0,0.0,3.57,3.57
신풍역 1번,골목상권,커피-음료,8,0,0,0,0.0,5.13,5.13
신풍역 2번,골목상권,커피-음료,1,0,0,0,0.0,3.57,3.57
신풍역 3번,골목상권,커피-음료,4,1,1,25,100.0,5.37,-94.63
신풍역 6번(신길6동공영주차장),골목상권,커피-음료,1,0,0,0,0.0,3.57,3.57
신한은행 방학동지점,골목상권,커피-음료,3,0,0,0,50.0,4.3,-45.7
신한은행 신월동지점,골목상권,커피-음료,5,0,0,0,0.0,4.68,4.68
쌍문2동우체국,골목상권,커피-음료,7,0,1,14,0.0,4.89,4.89
쌍문역1번(쌍리단길),골목상권,커피-음료,6,0,0,0,0.0,4.88,4.88
쌍문초등학교,골목상권,커피-음료,5,0,0,0,0.0,4.71,4.71
아래방죽마을공원(율현초등학교),골목상권,커피-음료,6,1,0,0,0.0,5.54,5.54
아차산역 1번,골목상권,커피-음료,7,0,1,14,0.0,4.88,4.88
아차산역 5번,골목상권,커피-음료,3,0,0,0,0.0,4.27,4.27
아카데미하우스,골목상권,커피-음료,15,0,1,7,0.0,5.65,5.65
아현역 1번,골목상권,커피-음료,1,0,2,100,0.0,2.85,2.85
아현역 2번,골목상권,커피-음료,4,0,0,0,0.0,4.5,4.5
아현역 4번,골목상권,커피-음료,4,0,0,0,0.0,4.53,4.53
안암역 2번,골목상권,커피-음료,21,0,2,10,0.0,5.96,5.96
안암역 3번,골목상권,커피-음료,25,1,0,0,0.0,6.37,6.37
암사동성당(효정하나플러스아파트),골목상권,커피-음료,8,0,1,13,0.0,5.01,5.01
암사역 1번,골목상권,커피-음료,22,4,0,0,10.0,6.78,-3.22
암사역 2번(서울강동초등학교),골목상권,커피-음료,19,0,0,0,25.0,5.92,-19.08
암사역 3번(천호동자전거거리),골목상권,커피-음료,21,0,3,14,5.0,5.91,0.91
암사역 4번(삼성광나루아파트),골목상권,커피-음료,1,0,0,0,0.0,3.57,3.57
애오개역 3번,골목상권,커피-음료,2,1,0,0,0.0,6.0,6.0
약수역 7번,골목상권,커피-음료,2,0,0,0,0.0,3.98,3.98
양목초등학교,골목상권,커피-음료,4,0,0,0,0.0,4.5,4.5
양원초등학교,골목상권,커피-음료,4,0,0,0,100.0,4.5,-95.5
양재근린공원(양재2동주민센터),골목상권,커피-음료,1,0,0,0,0.0,3.57,3.57
양재역 8번(양재동우체국),골목상권,커피-음료,28,1,0,0,4.0,6.45,2.45
양지어린이공원,골목상권,커피-음료,12,0,0,0,33.0,5.48,-27.52
양천향교역 2번,골목상권,커피-음료,7,1,1,14,0.0,5.47,5.47
양천향교역 5번,골목상권,커피-음료,16,0,0,0,14.0,5.76,-8.24
양천향교역 7번,골목상권,커피-음료,37,2,1,3,0.0,6.76,6.76
양평역 2번,골목상권,커피-음료,11,0,0,0,9.0,5.41,-3.59
양화대교북단,골목상권,커피-음료,10,1,1,10,10.0,5.65,-4.35
양화초등학교,골목상권,커피-음료,8,0,0,0,0.0,5.11,5.11
어린이대공원역 3번,골목상권,커피-음료,11,0,1,9,0.0,5.34,5.34
어린이대공원역 4번,골목상권,커피-음료,6,0,0,0,0.0,4.84,4.84
언남고등학교,골목상권,커피-음료,1,0,0,0,0.0,3.57,3.57
언북중학교,골목상권,커피-음료,17,1,0,0,0.0,6.06,6.06
언북초등학교,골목상권,커피-음료,7,0,0,0,17.0,4.98,-12.02
언주역 3번,골목상권,커피-음료,9,0,0,0,13.0,5.22,-7.78
언주역 6번,골목상권,커피-음료,11,2,0,0,0.0,6.14,6.14
언주역 8번,골목상권,커피-음료,3,0,0,0,0.0,4.32,4.32
언주중학교,골목상권,커피-음료,2,0,2,100,0.0,3.26,3.26
역삼역 4번,골목상권,커피-음료,5,0,0,0,0.0,4.68,4.68
역삼역 8번,골목상권,커피-음료,7,0,0,0,0.0,5.0,5.0
역삼월드메르디앙아파트,골목상권,커피-음료,1,0,0,0,0.0,3.57,3.57
역촌노인복지관,골목상권,커피-음료,11,1,0,0,10.0,5.77,-4.23
역촌역 2번,골목상권,커피-음료,2,0,0,0,0.0,4.02,4.02
역촌역 3번,골목상권,커피-음료,6,0,0,0,0.0,4.86,4.86
연가초등학교,골목상권,커피-음료,2,0,1,50,0.0,3.66,3.66
연산군묘,골목상권,커피-음료,1,0,0,0,0.0,3.57,3.57
연신내역 2번,골목상권,커피-음료,4,0,0,0,0.0,4.5,4.5
연신내역 4번,골목상권,커피-음료,14,0,0,0,0.0,5.62,5.62
연신내역 5번,골목상권,커피-음료,11,0,0,0,10.0,5.39,-4.61
연신내역 7번,골목상권,커피-음료,15,0,0,0,0.0,5.69,5.69
연신내우체국,골목상권,커피-음료,6,0,0,0,0.0,4.86,4.86
연신초등학교,골목상권,커피-음료,7,0,0,0,0.0,5.0,5.0
연천초등학교,골목상권,커피-음료,2,0,0,0,100.0,3.98,-96.02
연트럴파크(연남동주민센터),골목상권,커피-음료,64,1,1,2,1.0,7.17,6.17
연희대우아파트앞,골목상권,커피-음료,23,2,0,0,5.0,6.47,1.47
연희세브란스병원,골목상권,커피-음료,6,0,0,0,0.0,4.86,4.86
연희어린이공원,골목상권,커피-음료,3,0,0,0,0.0,4.27,4.27
연희임광아파트,골목상권,커피-음료,4,0,0,0,33.0,4.5,-28.5
연희지하차도,골목상권,커피-음료,5,0,0,0,0.0,4.71,4.71
연희초등학교,골목상권,커피-음료,10,0,1,10,0.0,5.24,5.24
연희파출소,골목상권,커피-음료,13,1,0,0,0.0,5.87,5.87
열정도,골목상권,커피-음료,9,0,0,0,0.0,5.22,5.22
염곡동 구룡사(포이동성당),골목상권,커피-음료,18,1,0,0,6.0,6.11,0.11
염리초등학교,골목상권,커피-음료,1,0,0,0,0.0,3.57,3.57
염창무학아파트,골목상권,커피-음료,1,0,0,0,0.0,3.57,3.57
염창역 2번,골목상권,커피-음료,7,0,0,0,14.0,5.01,-8.99
영동대교남단,골목상권,커피-음료,3,1,0,0,0.0,5.61,5.61
영동초등학교,골목상권,커피-음료,7,0,0,0,0.0,4.99,4.99
영등포구청역 2번,골목상권,커피-음료,16,0,1,6,0.0,5.71,5.71
영등포구청역 6번,골목상권,커피-음료,9,0,0,0,0.0,5.21,5.21
영등포동성당,골목상권,커피-음료,2,1,0,0,0.0,6.0,6.0
영등포본동주민센터,골목상권,커피-음료,1,0,0,0,0.0,3.57,3.57
영등포시장역 1번,골목상권,커피-음료,8,0,0,0,0.0,5.11,5.11
영등포시장역 3번,골목상권,커피-음료,1,0,0,0,0.0,3.64,3.64
영등포시장역 4번,골목상권,커피-음료,2,0,1,50,0.0,3.62,3.62
영등포역 2번,골목상권,커피-음료,3,0,0,0,0.0,4.3,4.3
영등포푸르지오아파트,골목상권,커피-음료,6,0,1,17,0.0,4.73,4.73
영락고등학교,골목상권,커피-음료,12,0,0,0,9.0,5.47,-3.53
영서중학교,골목상권,커피-음료,1,0,0,0,0.0,3.57,3.57
영신여고,골목상권,커피-음료,10,0,0,0,0.0,5.31,5.31
영신초등학교,골목상권,커피-음료,9,0,0,0,0.0,5.22,5.22
영천시장입구,골목상권,커피-음료,3,0,0,0,0.0,4.27,4.27
예술인마을,골목상권,커피-음료,1,0,0,0,0.0,3.57,3.57
예일여고,골목상권,커피-음료,6,0,0,0,0.0,4.88,4.88
오거리공원,골목상권,커피-음료,9,0,0,0,13.0,5.23,-7.77
오금공원(오주중학교),골목상권,커피-음료,8,0,0,0,14.0,5.1,-8.9
오금역 4번,골목상권,커피-음료,3,0,0,0,0.0,4.27,4.27
오동나무공원(송파레미니스1단지),골목상권,커피-음료,13,0,0,0,8.0,5.55,-2.45
오류2동버들시장,골목상권,커피-음료,6,0,0,0,0.0,4.86,4.86
오류고등학교,골목상권,커피-음료,2,0,0,0,0.0,4.02,4.02
오류동역 1번,골목상권,커피-음료,1,0,0,0,0.0,3.57,3.57
오류동역 3번,골목상권,커피-음료,4,0,0,0,0.0,4.5,4.5
오류동역 4번,골목상권,커피-음료,1,0,0,0,0.0,3.57,3.57
오류지구대,골목상권,커피-음료,2,0,0,0,0.0,3.98,3.98
오산고등학교,골목상권,커피-음료,7,0,0,0,0.0,4.99,4.99
오산중학교,골목상권,커피-음료,1,0,0,0,0.0,3.57,3.57
옥수역 6번,골목상권,커피-음료,7,0,0,0,0.0,4.99,4.99
옥수터널,골목상권,커피-음료,1,0,0,0,0.0,3.64,3.64
옥정중학교,골목상권,커피-음료,2,0,2,100,0.0,3.26,3.26
온수역 1번,골목상권,커피-음료,2,0,0,0,0.0,4.02,4.02
온수역 5번(온수산업단지),골목상권,커피-음료,2,0,0,0,0.0,4.05,4.05
온수역 8번,골목상권,커피-음료,1,0,0,0,0.0,3.57,3.57
왕십리역 9번,골목상권,커피-음료,6,0,0,0,0.0,4.88,4.88
왕십리파출소,골목상권,커피-음료,2,0,0,0,0.0,3.98,3.98
외대앞역 1번,골목상권,커피-음료,22,0,1,5,10.0,6.06,-3.94
외대앞역 2번,골목상권,커피-음료,4,0,1,25,0.0,4.34,4.34
용강동주민센터,골목상권,커피-음료,6,0,0,0,0.0,4.86,4.86
용두동신동아아파트,골목상권,커피-음료,10,0,0,0,11.0,5.33,-5.67
용두사거리,골목상권,커피-음료,2,0,0,0,0.0,3.98,3.98
용두초등학교,골목상권,커피-음료,1,0,0,0,0.0,3.64,3.64
용두희망어린이공원,골목상권,커피-음료,3,0,0,0,0.0,4.27,4.27
용마문화복지센터,골목상권,커피-음료,3,0,0,0,0.0,4.32,4.32
용마초등학교,골목상권,커피-음료,13,0,0,0,9.0,5.56,-3.44
용산구청,골목상권,커피-음료,19,0,0,0,6.0,5.91,-0.09
용산세무서,골목상권,커피-음료,2,0,0,0,0.0,3.98,3.98
우리은행응암동지점,골목상권,커피-음료,6,1,0,0,20.0,5.55,-14.45
우리은행체육관,골목상권,커피-음료,3,0,0,0,0.0,4.34,4.34
우면주공아파트,골목상권,커피-음료,10,0,1,10,0.0,5.24,5.24
우사단길,골목상권,커피-음료,15,1,0,0,7.0,5.98,-1.02
우이천 계성교,골목상권,커피-음료,5,0,0,0,0.0,4.68,4.68
우장산롯데캐슬아파트앞,골목상권,커피-음료,6,0,0,0,0.0,4.85,4.85
우장산역 1번,골목상권,커피-음료,6,0,0,0,0.0,4.86,4.86
우장산역 4번,골목상권,커피-음료,24,0,1,4,25.0,6.12,-18.88
우장산힐스테이트,골목상권,커피-음료,5,0,1,20,50.0,4.55,-45.45
원신초등학교(구세군관악영문교회),골목상권,커피-음료,1,0,2,100,0.0,2.85,2.85
월계역 3번,골목상권,커피-음료,4,1,1,25,33.0,5.33,-27.67
월드순복음교회,골목상권,커피-음료,8,0,0,0,0.0,5.12,5.12
윗방죽마을공원,골목상권,커피-음료,15,1,0,0,15.0,5.99,-9.01
유엔빌리지길,골목상권,커피-음료,2,1,0,0,0.0,6.0,6.0
은곡마을(은곡마을공원),골목상권,커피-음료,6,0,0,0,0.0,4.88,4.88
은광여고,골목상권,커피-음료,3,0,0,0,0.0,4.27,4.27
은천초등학교(은천교앞),골목상권,커피-음료,9,0,0,0,0.0,5.22,5.22
은평구청,골목상권,커피-음료,8,0,0,0,0.0,5.11,5.11
은평세무서,골목상권,커피-음료,11,0,0,0,9.0,5.4,-3.6
은평요양병원,골목상권,커피-음료,11,1,0,0,0.0,5.78,5.78
응봉산,골목상권,커피-음료,2,0,0,0,0.0,3.98,3.98
응암1동주민센터,골목상권,커피-음료,8,1,1,13,0.0,5.54,5.54
응암3동주민센터,골목상권,커피-음료,4,0,0,0,0.0,4.52,4.52
응암동우체국,골목상권,커피-음료,9,1,1,11,0.0,5.58,5.58
응암역 2번,골목상권,커피-음료,10,0,0,0,0.0,5.31,5.31
응암역 3번,골목상권,커피-음료,22,2,0,0,10.0,6.43,-3.57
응암정보도서관,골목상권,커피-음료,17,1,1,6,18.0,6.02,-11.98
의릉,골목상권,커피-음료,5,0,0,0,0.0,4.71,4.71
이대역 5번,골목상권,커피-음료,5,0,0,0,0.0,4.68,4.68
이북5도청사,골목상권,커피-음료,2,0,0,0,0.0,3.98,3.98
이수역 10번,골목상권,커피-음료,10,0,0,0,0.0,5.31,5.31
이수역 5번,골목상권,커피-음료,10,1,0,0,0.0,5.73,5.73
이수역 9번,골목상권,커피-음료,10,0,0,0,0.0,5.3,5.3
이촌동점보아파트,골목상권,커피-음료,1,0,0,0,0.0,3.64,3.64
이태원엔틱가구거리,골목상권,커피-음료,6,0,0,0,0.0,4.84,4.84
이태원역 북측,골목상권,커피-음료,5,1,0,0,0.0,5.49,5.49
이화달팽이길,골목상권,커피-음료,16,1,1,6,6.0,5.94,-0.06
인수동 우편취급국,골목상권,커피-음료,8,0,1,13,33.0,5.0,-28.0
인수중학교,골목상권,커피-음료,1,0,0,0,0.0,3.64,3.64
인수초등학교,골목상권,커피-음료,2,0,0,0,0.0,3.98,3.98
인헌고등학교(인헌중학교),골목상권,커피-음료,8,0,1,13,0.0,5.02,5.02
자동차부품상가,골목상권,커피-음료,1,0,0,0,0.0,3.57,3.57
자양4동주민센터,골목상권,커피-음료,22,1,1,5,5.0,6.22,1.22
자양동우체국,골목상권,커피-음료,12,0,0,0,0.0,5.49,5.49
자양한강도서관,골목상권,커피-음료,10,0,1,10,0.0,5.25,5.25
자하문터널,골목상권,커피-음료,14,0,0,0,8.0,5.62,-2.38
잠실나루역,골목상권,커피-음료,6,0,0,0,0.0,4.89,4.89
잠원역,골목상권,커피-음료,4,1,0,0,0.0,5.53,5.53
장곡초등학교,골목상권,커피-음료,4,0,1,25,0.0,4.34,4.34
장로회신학대학교,골목상권,커피-음료,8,0,0,0,0.0,5.1,5.1
장스여성병원,골목상권,커피-음료,5,0,0,0,0.0,4.71,4.71
장승배기역 4번,골목상권,커피-음료,16,1,2,13,7.0,5.89,-1.11
장안1동주민센터,골목상권,커피-음료,21,1,0,0,5.0,6.22,1.22
장안교,골목상권,커피-음료,1,0,0,0,0.0,3.64,3.64
장안근린공원,골목상권,커피-음료,7,0,1,14,0.0,4.88,4.88
장안제일시장,골목상권,커피-음료,12,1,1,8,9.0,5.75,-3.25
장안중학교,골목상권,커피-음료,5,1,1,20,20.0,5.35,-14.65
장안초등학교,골목상권,커피-음료,3,0,1,33,0.0,4.06,4.06
장안현대홈타운1차아파트,골목상권,커피-음료,4,0,0,0,0.0,4.5,4.5
장위1동주민센터,골목상권,커피-음료,2,0,0,0,100.0,4.02,-95.98
장위동성당,골목상권,커피-음료,2,0,0,0,0.0,3.98,3.98
장지동주민센터(한림연예예술고교),골목상권,커피-음료,11,0,0,0,0.0,5.39,5.39
장충단 고개,골목상권,커피-음료,12,1,3,25,8.0,5.62,-2.38
장충동주민센터,골목상권,커피-음료,5,0,0,0,0.0,4.7,4.7
장충초등학교,골목상권,커피-음료,4,1,0,0,0.0,5.53,5.53
장평중학교,골목상권,커피-음료,14,0,0,0,17.0,5.63,-11.37
장훈고등학교,골목상권,커피-음료,1,0,0,0,0.0,3.57,3.57
전곡마을마당공원,골목상권,커피-음료,6,0,0,0,13.0,4.85,-8.15
전농119안전센터,골목상권,커피-음료,2,0,0,0,0.0,3.98,3.98
전농중학교,골목상권,커피-음료,6,0,0,0,0.0,4.84,4.84
절두산순교성지,골목상권,커피-음료,4,0,0,0,0.0,4.5,4.5
정곡초등학교,골목상권,커피-음료,1,0,0,0,0.0,3.57,3.57
정독도서관,골목상권,커피-음료,5,0,0,0,0.0,4.68,4.68
정릉3동주민센터,골목상권,커피-음료,3,0,0,0,0.0,4.3,4.3
정릉북한산국립공원입구,골목상권,커피-음료,3,0,0,0,0.0,4.27,4.27
정릉역 1번,골목상권,커피-음료,7,0,0,0,0.0,4.98,4.98
정릉역 2번,골목상권,커피-음료,4,0,0,0,0.0,4.52,4.52
정릉우체국,골목상권,커피-음료,7,0,0,0,0.0,5.03,5.03
제기동역 1번,골목상권,커피-음료,3,0,0,0,0.0,4.32,4.32
제기동역 6번,골목상권,커피-음료,10,0,0,0,11.0,5.32,-5.68
조원동주민센터,골목상권,커피-음료,2,0,0,0,0.0,4.02,4.02
종로5가역 4번,골목상권,커피-음료,1,0,0,0,0.0,3.57,3.57
종암경찰서,골목상권,커피-음료,11,0,0,0,10.0,5.43,-4.57
종암동주민센터,골목상권,커피-음료,8,0,0,0,0.0,5.11,5.11
종암아이파크2차,골목상권,커피-음료,8,0,1,13,0.0,5.01,5.01
종암중학교,골목상권,커피-음료,7,0,0,0,0.0,4.98,4.98
종암초등학교,골목상권,커피-음료,3,0,0,0,0.0,4.27,4.27
중계초등학교,골목상권,커피-음료,6,0,0,0,0.0,4.88,4.88
중곡1동 마을마당,골목상권,커피-음료,15,1,0,0,0.0,5.96,5.96
중곡1동주민센터,골목상권,커피-음료,5,2,0,0,0.0,6.3,6.3
중곡3동주민센터,골목상권,커피-음료,9,1,0,0,0.0,5.67,5.67
중곡어린이공원,골목상권,커피-음료,4,0,0,0,0.0,4.52,4.52
중곡역 3번,골목상권,커피-음료,9,0,0,0,11.0,5.22,-5.78
중곡초등학교,골목상권,커피-음료,5,0,0,0,67.0,4.68,-62.32
중구회현체육센터(정화예술대남산캠퍼스),골목상권,커피-음료,5,0,0,0,0.0,4.68,4.68
중랑노인종합복지관,골목상권,커피-음료,10,1,1,10,0.0,5.66,5.66
중랑역 1번,골목상권,커피-음료,1,0,0,0,0.0,3.57,3.57
중랑역 2번,골목상권,커피-음료,2,0,0,0,100.0,3.98,-96.02
중랑역 4번,골목상권,커피-음료,4,0,0,0,25.0,4.52,-20.48
중암중학교,골목상권,커피-음료,3,0,0,0,0.0,4.27,4.27
중앙고등학교,골목상권,커피-음료,19,0,1,5,5.0,5.87,0.87
중앙대학교,골목상권,커피-음료,21,1,0,0,0.0,6.23,6.23
중앙보훈병원,골목상권,커피-음료,2,1,0,0,0.0,6.0,6.0
중화역 1번,골목상권,커피-음료,11,0,0,0,0.0,5.4,5.4
중화역 4번,골목상권,커피-음료,9,1,1,11,0.0,5.61,5.61
증산역 1번,골목상권,커피-음료,12,1,0,0,0.0,5.8,5.8
증산역 3번,골목상권,커피-음료,13,0,0,0,8.0,5.55,-2.45
증산역 4번,골목상권,커피-음료,4,0,0,0,0.0,4.5,4.5
지향초등학교,골목상권,커피-음료,4,0,1,25,0.0,4.35,4.35
창2동주민센터,골목상권,커피-음료,10,0,0,0,25.0,5.32,-19.68
창덕궁,골목상권,커피-음료,21,0,0,0,0.0,6.01,6.01
창동역 2번,골목상권,커피-음료,11,1,2,18,0.0,5.64,5.64
창신1동주민센터,골목상권,커피-음료,1,0,0,0,0.0,3.57,3.57
창신역 1번,골목상권,커피-음료,2,1,0,0,0.0,6.0,6.0
창신역 4번,골목상권,커피-음료,2,0,0,0,0.0,4.02,4.02
천동초등학교,골목상권,커피-음료,4,0,0,0,0.0,4.5,4.5
"천왕역 3번(오류2동주민센터, 서울오류남초등학교)",골목상권,커피-음료,4,0,0,0,0.0,4.53,4.53
천일초등학교,골목상권,커피-음료,1,0,2,100,0.0,2.92,2.92
천호1동주민센터,골목상권,커피-음료,7,0,1,14,0.0,4.89,4.89
천호공원(해공체육문화센터),골목상권,커피-음료,8,0,0,0,13.0,5.11,-7.89
천호역 1번(천호문구완구거리),골목상권,커피-음료,4,0,0,0,0.0,4.5,4.5
천호역 6번,골목상권,커피-음료,22,1,3,14,0.0,6.16,6.16
천호지구대(천호동자전거거리),골목상권,커피-음료,6,1,0,0,0.0,5.54,5.54
천호태영아파트,골목상권,커피-음료,3,0,0,0,0.0,4.32,4.32
청계산원터골,골목상권,커피-음료,5,0,0,0,0.0,4.68,4.68
청계산입구역 2번(내곡동주민센터),골목상권,커피-음료,6,0,0,0,0.0,4.84,4.84
청계천박물관,골목상권,커피-음료,1,0,1,100,0.0,2.85,2.85
청구역 1번,골목상권,커피-음료,6,1,1,17,0.0,5.41,5.41
청구역 3번,골목상권,커피-음료,7,0,0,0,0.0,4.98,4.98
청담근린공원,골목상권,커피-음료,3,0,0,0,0.0,4.27,4.27
청담역 12번,골목상권,커피-음료,3,0,0,0,0.0,4.3,4.3
청담역 3번,골목상권,커피-음료,2,0,0,0,0.0,3.98,3.98
청담초등학교,골목상권,커피-음료,3,0,0,0,0.0,4.27,4.27
청량초등학교,골목상권,커피-음료,7,1,0,0,0.0,5.54,5.54
청룡동주민센터,골목상권,커피-음료,8,1,2,25,43.0,5.48,-37.52
청림동주민센터(상도중학교),골목상권,커피-음료,1,0,0,0,0.0,3.57,3.57
청와대사랑채,골목상권,커피-음료,3,0,0,0,0.0,4.27,4.27
체부동홍종문가옥,골목상권,커피-음료,3,0,0,0,0.0,4.27,4.27
촬영소사거리,골목상권,커피-음료,3,0,0,0,0.0,4.27,4.27
충무초등학교,골목상권,커피-음료,17,1,1,6,0.0,6.03,6.03
충신시장옆,골목상권,커피-음료,5,0,0,0,0.0,4.7,4.7
충정로역 3번,골목상권,커피-음료,5,0,0,0,0.0,4.68,4.68
충정로역 6번,골목상권,커피-음료,4,0,0,0,0.0,4.5,4.5
충정로역 7번,골목상권,커피-음료,1,0,0,0,0.0,3.57,3.57
충정로현대아파트,골목상권,커피-음료,15,1,0,0,7.0,5.97,-1.03
큰굴다리,골목상권,커피-음료,2,0,0,0,0.0,4.02,4.02
태릉시장 특화거리,골목상권,커피-음료,5,1,1,20,0.0,5.36,5.36
태릉입구역 4번,골목상권,커피-음료,10,0,2,20,11.0,5.16,-5.84
텃골근린공원,골목상권,커피-음료,11,0,0,0,0.0,5.4,5.4
투구봉어린이공원,골목상권,커피-음료,2,0,0,0,0.0,3.98,3.98
평창동동측,골목상권,커피-음료,7,0,0,0,0.0,4.99,4.99
평창동서측,골목상권,커피-음료,8,0,0,0,0.0,5.11,5.11
포이초등학교(개포목련어린이공원),골목상권,커피-음료,10,0,0,0,0.0,5.3,5.3
푸른동산공원,골목상권,커피-음료,12,0,0,0,0.0,5.47,5.47
푸른들청소년도서관,골목상권,커피-음료,18,0,1,6,0.0,5.82,5.82
풍납초등학교(풍납백제문화공원),골목상권,커피-음료,2,0,0,0,0.0,3.98,3.98
하나고등학교,골목상권,커피-음료,8,0,0,0,0.0,5.1,5.1
하나은행 망우동지점,골목상권,커피-음료,7,0,0,0,17.0,4.99,-12.01
학동근린공원,골목상권,커피-음료,4,0,0,0,0.0,4.5,4.5
학동초등학교,골목상권,커피-음료,1,0,0,0,0.0,3.57,3.57
한강로동땡땡거리(은행나무길),골목상권,커피-음료,42,2,0,0,5.0,6.89,1.89
한강미주맨션아파트,골목상권,커피-음료,3,1,0,0,0.0,5.61,5.61
한강진역 3번,골목상권,커피-음료,31,1,0,0,0.0,6.51,6.51
한겨레신문사,골목상권,커피-음료,6,0,0,0,0.0,4.85,4.85
한국SGI본부,골목상권,커피-음료,16,0,0,0,0.0,5.76,5.76
한국상담대학원대학교,골목상권,커피-음료,2,0,0,0,0.0,3.98,3.98
한국의류시험연구원,골목상권,커피-음료,9,0,0,0,0.0,5.21,5.21
한국폴리텍대학서울정수캠퍼스,골목상권,커피-음료,3,0,0,0,0.0,4.32,4.32
한남IC,골목상권,커피-음료,10,1,0,0,0.0,5.7,5.7
한남힐사이드아파트,골목상권,커피-음료,9,0,0,0,0.0,5.2,5.2
한림대학교한강성심병원,골목상권,커피-음료,1,0,0,0,0.0,3.64,3.64
한성대입구역 3번,골목상권,커피-음료,15,0,1,7,0.0,5.64,5.64
한성대입구역 5번,골목상권,커피-음료,18,0,1,6,6.0,5.81,-0.19
한성백제역 3번,골목상권,커피-음료,13,0,0,0,0.0,5.56,5.56
한양공고앞 교차로,골목상권,커피-음료,4,0,0,0,25.0,4.52,-20.48
한양대역 4번,골목상권,커피-음료,3,0,0,0,0.0,4.27,4.27
한영중고,골목상권,커피-음료,10,2,1,10,0.0,6.05,6.05
한울중학교,골목상권,커피-음료,11,0,0,0,0.0,5.41,5.41
한일병원,골목상권,커피-음료,5,0,0,0,0.0,4.68,4.68
한전아트센터,골목상권,커피-음료,2,0,0,0,0.0,3.98,3.98
합정역 8번,골목상권,커피-음료,38,1,2,5,8.0,6.68,-1.32
해방촌 남동측,골목상권,커피-음료,37,0,1,3,11.0,6.54,-4.46
해방촌예술마을,골목상권,커피-음료,19,2,0,0,18.0,6.36,-11.64
해오름공원,골목상권,커피-음료,9,0,0,0,0.0,5.22,5.22
행당역 2번,골목상권,커피-음료,6,0,1,17,0.0,4.74,4.74
혜원여고,골목상권,커피-음료,3,0,0,0,0.0,4.3,4.3
혜화동주민센터,골목상권,커피-음료,14,0,1,7,0.0,5.57,5.57
혜화역 1번,골목상권,커피-음료,10,0,1,10,0.0,5.24,5.24
호림박물관(성보고등학교),골목상권,커피-음료,6,0,1,17,20.0,4.72,-15.28
홍대땡땡거리,골목상권,커피-음료,37,0,0,0,6.0,6.57,0.57
홍대부속여중고앞,골목상권,커피-음료,18,1,0,0,0.0,6.1,6.1
홍대부중,골목상권,커피-음료,9,1,1,11,0.0,5.57,5.57
홍대입구역 3번,골목상권,커피-음료,27,1,4,15,4.0,6.31,2.31
홍릉시장,골목상권,커피-음료,3,0,0,0,0.0,4.27,4.27
홍연시장,골목상권,커피-음료,5,0,0,0,0.0,4.7,4.7
홍은종합사회복지관,골목상권,커피-음료,6,0,0,0,0.0,4.84,4.84
홍익대,골목상권,커피-음료,2,0,1,50,0.0,3.62,3.62
홍익지구대,골목상권,커피-음료,2,0,0,0,0.0,3.98,3.98
홍제3동주민센터,골목상권,커피-음료,7,0,0,0,13.0,4.99,-8.01
홍제역 2번,골목상권,커피-음료,6,0,0,0,50.0,4.86,-45.14
홍제역 3번,골목상권,커피-음료,3,0,0,0,0.0,4.3,4.3
홍제역 4번,골목상권,커피-음료,5,0,0,0,0.0,4.68,4.68
홍지문,골목상권,커피-음료,1,0,0,0,0.0,3.57,3.57
홍파초등학교,골목상권,커피-음료,2,0,0,0,0.0,3.98,3.98
화계역 2번,골목상권,커피-음료,1,0,0,0,0.0,3.57,3.57
화계중학교,골목상권,커피-음료,3,0,0,0,0.0,4.3,4.3
화곡2동주민센터,골목상권,커피-음료,9,0,0,0,11.0,5.21,-5.79
화곡4동주민센터,골목상권,커피-음료,7,0,0,0,0.0,4.98,4.98
화곡보람2차아파트,골목상권,커피-음료,2,0,0,0,0.0,3.98,3.98
화곡역 2번,골목상권,커피-음료,4,2,1,25,0.0,6.34,6.34
화곡역 4번,골목상권,커피-음료,11,0,0,0,20.0,5.4,-14.6
화곡역 5번,골목상권,커피-음료,14,0,0,0,0.0,5.63,5.63
화곡초등학교,골목상권,커피-음료,5,0,0,0,0.0,4.7,4.7
화랑대역 7번,골목상권,커피-음료,1,0,1,100,0.0,2.85,2.85
화랑대철도공원,골목상권,커피-음료,7,0,2,29,0.0,4.79,4.79
화양사거리,골목상권,커피-음료,22,1,0,0,0.0,6.26,6.26
화원어린이공원,골목상권,커피-음료,1,0,0,0,0.0,3.57,3.57
화원중학교,골목상권,커피-음료,8,0,0,0,0.0,5.11,5.11
황학동벼룩시장,골목상권,커피-음료,2,0,0,0,50.0,4.02,-45.98
황학코아루아파트,골목상권,커피-음료,5,0,0,0,0.0,4.71,4.71
회기역 1번,골목상권,커피-음료,5,0,0,0,25.0,4.7,-20.3
회현역 1번,골목상권,커피-음료,1,0,0,0,0.0,3.57,3.57
효문고등학교,골목상권,커피-음료,1,0,0,0,0.0,3.57,3.57
효창공원앞역 2번,골목상권,커피-음료,13,1,0,0,0.0,5.87,5.87
효창공원앞역 5번,골목상권,커피-음료,8,0,0,0,0.0,5.11,5.11
효창공원앞역 6번,골목상권,커피-음료,11,0,0,0,8.0,5.39,-2.61
효창동주민센터,골목상권,커피-음료,9,0,0,0,0.0,5.21,5.21
후암동주민센터,골목상권,커피-음료,41,1,1,2,0.0,6.74,6.74
흑리단길,골목상권,커피-음료,9,0,0,0,0.0,5.22,5.22
4.19민주묘지역 2번,골목상권,패스트푸드점,1,0,0,0,0.0,4.39,4.39
GS강동자이아파트,골목상권,패스트푸드점,3,0,0,0,0.0,5.02,5.02
G타워,골목상권,패스트푸드점,2,0,0,0,0.0,4.8,4.8
KB국민은행 망원동지점,골목상권,패스트푸드점,1,0,0,0,0.0,4.39,4.39
KTNG 북부지사,골목상권,패스트푸드점,1,0,0,0,0.0,4.32,4.32
KT구로지사,골목상권,패스트푸드점,1,1,2,100,0.0,7.65,7.65
KT금천빌딩(금천구시설관리공단),골목상권,패스트푸드점,2,0,0,0,0.0,4.76,4.76
KT월곡지사,골목상권,패스트푸드점,3,0,0,0,0.0,5.07,5.07
NH농협은행 상도동지점,골목상권,패스트푸드점,1,0,0,0,0.0,4.39,4.39
Sh수협은행 오금동금융센터(아랫말어린이공원),골목상권,패스트푸드점,1,1,0,0,0.0,8.37,8.37
가리봉파출소,골목상권,패스트푸드점,1,0,0,0,0.0,4.32,4.32
가산동우체국,골목상권,패스트푸드점,2,0,0,0,0.0,4.8,4.8
가산동주민센터,골목상권,패스트푸드점,2,0,0,0,100.0,4.76,-95.24
가산디지털단지역 1번 출입구,골목상권,패스트푸드점,1,0,0,0,0.0,4.32,4.32
가산초등학교(세일중학교),골목상권,패스트푸드점,2,0,0,0,0.0,4.76,4.76
가양역 10번,골목상권,패스트푸드점,4,0,0,0,0.0,5.32,5.32
가인초등학교,골목상권,패스트푸드점,2,0,0,0,0.0,4.76,4.76
가좌역 2번,골목상권,패스트푸드점,3,0,0,0,0.0,5.05,5.05
가좌역 3번,골목상권,패스트푸드점,1,0,0,0,0.0,4.39,4.39
간데메공원,골목상권,패스트푸드점,1,0,0,0,0.0,4.32,4.32
강남구보훈회관,골목상권,패스트푸드점,2,1,0,0,0.0,6.82,6.82
강동구립 천호도서관,골목상권,패스트푸드점,7,0,0,0,75.0,5.78,-69.22
강동구립성내도서관,골목상권,패스트푸드점,5,0,0,0,0.0,5.48,5.48
강동성심병원,골목상권,패스트푸드점,1,0,0,0,0.0,4.32,4.32
강동역 4번(강풀만화거리),골목상권,패스트푸드점,2,0,0,0,0.0,4.73,4.73
강서구청옆,골목상권,패스트푸드점,1,0,0,0,0.0,4.32,4.32
강서새말어린이공원,골목상권,패스트푸드점,1,0,0,0,0.0,4.39,4.39
강일동주민센터,골목상권,패스트푸드점,4,1,2,50,0.0,5.95,5.95
개미어린이공원,골목상권,패스트푸드점,1,0,0,0,0.0,4.32,4.32
개봉1동주민센터,골목상권,패스트푸드점,1,0,0,0,0.0,4.32,4.32
개봉3동주민센터,골목상권,패스트푸드점,1,0,1,100,0.0,3.6,3.6
개봉역,골목상권,패스트푸드점,3,0,0,0,0.0,5.07,5.07
개봉중학교,골목상권,패스트푸드점,4,0,0,0,0.0,5.28,5.28
개포고등학교,골목상권,패스트푸드점,4,0,0,0,33.0,5.3,-27.7
개포지구대옆,골목상권,패스트푸드점,1,0,1,100,0.0,3.67,3.67
개화산역 1번,골목상권,패스트푸드점,1,0,0,0,0.0,4.39,4.39
거여역 1번(거여공원),골목상권,패스트푸드점,4,0,0,0,0.0,5.28,5.28
거여역 8번,골목상권,패스트푸드점,1,0,0,0,0.0,4.39,4.39
건대입구역 1번,골목상권,패스트푸드점,2,0,0,0,0.0,4.76,4.76
건대입구역 6번,골목상권,패스트푸드점,2,0,0,0,0.0,4.73,4.73
경동고등학교,골목상권,패스트푸드점,1,0,0,0,0.0,4.32,4.32
경리단길남측,골목상권,패스트푸드점,6,0,0,0,0.0,5.61,5.61
경리단길북측,골목상권,패스트푸드점,8,1,0,0,14.0,6.4,-7.6
경문고등학교(동작동성당),골목상권,패스트푸드점,1,0,0,0,0.0,4.32,4.32
경성고등학교,골목상권,패스트푸드점,7,0,0,0,14.0,5.76,-8.24
경수초등학교,골목상권,패스트푸드점,10,0,0,0,11.0,6.06,-4.94
경의선책거리,골목상권,패스트푸드점,5,0,0,0,25.0,5.45,-19.55
경의중앙 신촌역,골목상권,패스트푸드점,1,0,0,0,0.0,4.32,4.32
경찰병원역 3번,골목상권,패스트푸드점,2,0,0,0,0.0,4.73,4.73
경찰병원역 4번(건너말공원),골목상권,패스트푸드점,1,0,0,0,0.0,4.39,4.39
경춘선숲길 우측,골목상권,패스트푸드점,10,0,1,10,0.0,6.01,6.01
경향신문사,골목상권,패스트푸드점,2,0,0,0,0.0,4.76,4.76
경희대삼거리,골목상권,패스트푸드점,7,1,1,14,0.0,6.2,6.2
경희대후문,골목상권,패스트푸드점,3,0,0,0,50.0,5.05,-44.95
계상초등학교,골목상권,패스트푸드점,4,0,0,0,0.0,5.3,5.3
고덕동성당,골목상권,패스트푸드점,1,0,0,0,0.0,4.39,4.39
고덕중학교(고덕2동주민센터),골목상권,패스트푸드점,2,0,0,0,0.0,4.76,4.76
고려대역 6번,골목상권,패스트푸드점,3,0,0,0,0.0,5.05,5.05
고척동성당,골목상권,패스트푸드점,2,0,1,50,0.0,4.44,4.44
고척초등학교,골목상권,패스트푸드점,2,1,1,50,0.0,6.46,6.46
곰달래도서관,골목상권,패스트푸드점,2,0,0,0,0.0,4.8,4.8
공군호텔,골목상권,패스트푸드점,2,0,0,0,0.0,4.76,4.76
공덕동주민센터,골목상권,패스트푸드점,1,0,0,0,0.0,4.39,4.39
공덕래미안3차아파트,골목상권,패스트푸드점,2,0,0,0,0.0,4.73,4.73
공릉동 국수거리,골목상권,패스트푸드점,5,2,1,20,20.0,6.98,-13.02
공릉역 2번,골목상권,패스트푸드점,6,0,0,0,0.0,5.64,5.64
공항고등학교,골목상권,패스트푸드점,1,0,0,0,0.0,4.39,4.39
공항시장역 1번,골목상권,패스트푸드점,2,0,0,0,0.0,4.73,4.73
관악구 중앙길,골목상권,패스트푸드점,7,0,0,0,0.0,5.74,5.74
관악구신사동주민센터,골목상권,패스트푸드점,2,1,0,0,0.0,6.75,6.75
관악우성아파트,골목상권,패스트푸드점,3,0,0,0,0.0,5.09,5.09
관악해태어린이공원,골목상권,패스트푸드점,2,1,1,50,0.0,6.43,6.43
광운대역 1번,골목상권,패스트푸드점,5,0,0,0,0.0,5.5,5.5
광운대학교 남단,골목상권,패스트푸드점,2,0,1,50,0.0,4.4,4.4
광진구청,골목상권,패스트푸드점,4,0,0,0,0.0,5.27,5.27
광진정말공원,골목상권,패스트푸드점,2,0,0,0,0.0,4.8,4.8
광진초등학교,골목상권,패스트푸드점,4,0,1,25,0.0,5.09,5.09
광흥창역 1번,골목상권,패스트푸드점,1,0,1,100,0.0,3.67,3.67
광흥창역 6번,골목상권,패스트푸드점,1,0,0,0,0.0,4.32,4.32
구로4동주민센터,골목상권,패스트푸드점,4,0,0,0,0.0,5.32,5.32
구로나눔길,골목상권,패스트푸드점,3,0,0,0,33.0,5.05,-27.95
구로디지털단지역 4번,골목상권,패스트푸드점,1,0,0,0,0.0,4.39,4.39
구로보건소,골목상권,패스트푸드점,10,3,3,30,0.0,7.06,7.06
구로초등학교,골목상권,패스트푸드점,2,0,0,0,0.0,4.76,4.76
구립대학경로당(관악산샘말공원),골목상권,패스트푸드점,7,0,0,0,13.0,5.77,-7.23
구반포역,골목상권,패스트푸드점,1,0,0,0,0.0,4.32,4.32
구산보건지소,골목상권,패스트푸드점,4,0,0,0,0.0,5.28,5.28
구산역 1번,골목상권,패스트푸드점,7,0,0,0,0.0,5.77,5.77
구산역 2번,골목상권,패스트푸드점,3,0,0,0,0.0,5.07,5.07
구산역 4번,골목상권,패스트푸드점,3,1,0,0,0.0,6.36,6.36
구암초등학교,골목상권,패스트푸드점,1,0,0,0,0.0,4.39,4.39
구의1동주민센터,골목상권,패스트푸드점,2,0,1,50,0.0,4.44,4.44
구의역 4번,골목상권,패스트푸드점,2,0,0,0,0.0,4.8,4.8
국립국악고등학교,골목상권,패스트푸드점,1,0,0,0,0.0,4.39,4.39
국립재활원,골목상권,패스트푸드점,1,0,0,0,0.0,4.32,4.32
국민은행방학지점,골목상권,패스트푸드점,2,0,0,0,0.0,4.8,4.8
국악고교사거리,골목상권,패스트푸드점,2,0,0,0,0.0,4.73,4.73
국제신학대학원대학교(남서울중학교),골목상권,패스트푸드점,1,0,0,0,0.0,4.32,4.32
군자역 4번,골목상권,패스트푸드점,1,0,0,0,0.0,4.39,4.39
군자역 5번,골목상권,패스트푸드점,2,0,0,0,0.0,4.76,4.76
군자초등학교,골목상권,패스트푸드점,1,0,0,0,0.0,4.32,4.32
굽은다리역 1번(십자성마을),골목상권,패스트푸드점,7,1,1,14,0.0,6.26,6.26
굽은다리역 2번,골목상권,패스트푸드점,4,2,0,0,0.0,7.32,7.32
굽은다리역 3번,골목상권,패스트푸드점,4,0,0,0,0.0,5.27,5.27
굽은다리역 4번,골목상권,패스트푸드점,7,1,1,14,17.0,6.22,-10.78
그라운드 고척,골목상권,패스트푸드점,7,0,0,0,0.0,5.76,5.76
금동어린이공원,골목상권,패스트푸드점,1,0,0,0,0.0,4.32,4.32
금북초등학교,골목상권,패스트푸드점,1,1,0,0,0.0,8.43,8.43
금천구립가산도서관,골목상권,패스트푸드점,1,0,0,0,0.0,4.39,4.39
금천구청역 1번 출입구,골목상권,패스트푸드점,3,1,2,67,0.0,5.88,5.88
금천금빛공원(은행나무사거리서측),골목상권,패스트푸드점,1,0,0,0,0.0,4.32,4.32
금천어울림복지센터,골목상권,패스트푸드점,1,0,0,0,0.0,4.39,4.39
금천철쭉어린이공원(금하마을),골목상권,패스트푸드점,1,1,0,0,0.0,8.43,8.43
금호삼성래미안아파트,골목상권,패스트푸드점,3,0,0,0,0.0,5.07,5.07
길동주민센터(강동도서관),골목상권,패스트푸드점,2,0,2,100,0.0,4.05,4.05
길음역 7번,골목상권,패스트푸드점,4,0,0,0,0.0,5.32,5.32
길음역 8번,골목상권,패스트푸드점,3,0,0,0,0.0,5.09,5.09
까치산역 1번,골목상권,패스트푸드점,5,0,1,20,0.0,5.35,5.35
까치산역 3번,골목상권,패스트푸드점,3,1,0,0,0.0,6.4,6.4
까치산역 4번,골목상권,패스트푸드점,4,0,0,0,0.0,5.28,5.28
낙성대역 1번(관악구민 종합체육센터),골목상권,패스트푸드점,1,0,0,0,0.0,4.32,4.32
낙성대역 5번(관악중학교),골목상권,패스트푸드점,1,0,0,0,0.0,4.32,4.32
난곡초등학교(난곡동벽화마을),골목상권,패스트푸드점,1,0,0,0,0.0,4.39,4.39
난우초등학교,골목상권,패스트푸드점,2,0,0,0,100.0,4.8,-95.2
남가좌동현대아파트,골목상권,패스트푸드점,1,0,1,100,0.0,3.6,3.6
남가좌파출소,골목상권,패스트푸드점,2,0,0,0,0.0,4.73,4.73
남강고등학교(남강중학교),골목상권,패스트푸드점,6,0,0,0,0.0,5.64,5.64
남구로역 2번,골목상권,패스트푸드점,3,0,1,33,0.0,4.83,4.83
남구로역 5번,골목상권,패스트푸드점,1,0,0,0,0.0,4.39,4.39
남부초등학교,골목상권,패스트푸드점,3,0,0,0,33.0,5.05,-27.95
남부터미널역 1번,골목상권,패스트푸드점,4,0,0,0,25.0,5.3,-19.7
남산케이블카,골목상권,패스트푸드점,3,0,0,0,0.0,5.02,5.02
남성역 1번,골목상권,패스트푸드점,7,0,0,0,0.0,5.75,5.75
남영역 1번,골목상권,패스트푸드점,3,0,0,0,0.0,5.05,5.05
남정초등학교,골목상권,패스트푸드점,1,0,0,0,0.0,4.39,4.39
남천초등학교,골목상권,패스트푸드점,2,0,0,0,0.0,4.76,4.76
노량진역 6번,골목상권,패스트푸드점,1,0,0,0,0.0,4.39,4.39
노원역 9번,골목상권,패스트푸드점,1,0,0,0,0.0,4.39,4.39
논현2동주민센터,골목상권,패스트푸드점,4,0,0,0,0.0,5.28,5.28
논현초등학교,골목상권,패스트푸드점,8,1,0,0,17.0,6.39,-10.61
누원고등학교,골목상권,패스트푸드점,2,0,0,0,0.0,4.76,4.76
능동우편취급국,골목상권,패스트푸드점,6,0,0,0,0.0,5.6,5.6
달마을공원,골목상권,패스트푸드점,5,0,0,0,25.0,5.49,-19.51
답십리사거리,골목상권,패스트푸드점,1,0,0,0,0.0,4.32,4.32
답십리초등학교,골목상권,패스트푸드점,6,2,0,0,17.0,6.95,-10.05
당고개역 2번,골목상권,패스트푸드점,1,0,0,0,0.0,4.32,4.32
당곡중학교,골목상권,패스트푸드점,2,0,0,0,0.0,4.76,4.76
당산반도유보라팰리스아파트,골목상권,패스트푸드점,1,0,0,0,0.0,4.39,4.39
대림1동주민센터,골목상권,패스트푸드점,3,1,0,0,50.0,6.43,-43.57
대림성모병원,골목상권,패스트푸드점,7,0,0,0,0.0,5.78,5.78
대림썬프라자,골목상권,패스트푸드점,1,0,0,0,0.0,4.39,4.39
대림한신아파트,골목상권,패스트푸드점,1,0,0,0,0.0,4.32,4.32
대방역 3번,골목상권,패스트푸드점,3,0,0,0,0.0,5.07,5.07
대방역 6번,골목상권,패스트푸드점,1,0,0,0,0.0,4.32,4.32
대신고등학교,골목상권,패스트푸드점,1,0,0,0,0.0,4.32,4.32
대왕초등학교(세곡동사거리서남측),골목상권,패스트푸드점,1,0,0,0,0.0,4.32,4.32
대원고등학교,골목상권,패스트푸드점,2,0,0,0,0.0,4.73,4.73
대진고등학교,골목상권,패스트푸드점,2,0,0,0,0.0,4.73,4.73
대청초등학교,골목상권,패스트푸드점,8,0,0,0,0.0,5.91,5.91
대치동아우편취급국,골목상권,패스트푸드점,1,0,0,0,0.0,4.32,4.32
대흥동주민센터,골목상권,패스트푸드점,1,0,0,0,0.0,4.32,4.32
대흥역 2번,골목상권,패스트푸드점,9,0,0,0,0.0,6.01,6.01
대흥역 3번,골목상권,패스트푸드점,5,1,0,0,0.0,6.27,6.27
더케이호텔(양재리본타워2단지아파트),골목상권,패스트푸드점,1,0,0,0,0.0,4.32,4.32
덕성여대시반거리,골목상권,패스트푸드점,3,0,0,0,0.0,5.07,5.07
도곡초등학교,골목상권,패스트푸드점,3,0,0,0,0.0,5.05,5.05
도봉구보건소,골목상권,패스트푸드점,2,0,0,0,0.0,4.73,4.73
도봉산입구,골목상권,패스트푸드점,2,0,0,0,0.0,4.8,4.8
도봉역 2번,골목상권,패스트푸드점,2,0,0,0,0.0,4.8,4.8
도봉우체국,골목상권,패스트푸드점,1,0,0,0,0.0,4.39,4.39
도신초등학교,골목상권,패스트푸드점,2,0,0,0,0.0,4.8,4.8
독립문역 1번,골목상권,패스트푸드점,1,0,0,0,0.0,4.39,4.39
독산2동주민센터,골목상권,패스트푸드점,2,0,0,0,0.0,4.8,4.8
독산동성당,골목상권,패스트푸드점,2,0,0,0,0.0,4.76,4.76
독산동정훈단지,골목상권,패스트푸드점,3,0,0,0,0.0,5.07,5.07
돈의문센트레빌아파트입구,골목상권,패스트푸드점,3,0,0,0,0.0,5.07,5.07
돌곶이역 5번,골목상권,패스트푸드점,2,0,0,0,0.0,4.8,4.8
돌곶이역 8번,골목상권,패스트푸드점,5,0,0,0,0.0,5.48,5.48
동교초등학교,골목상권,패스트푸드점,5,0,0,0,0.0,5.45,5.45
동구여중,골목상권,패스트푸드점,2,0,0,0,0.0,4.76,4.76
동대부고,골목상권,패스트푸드점,2,0,0,0,0.0,4.76,4.76
동대부여고,골목상권,패스트푸드점,5,0,0,0,0.0,5.48,5.48
동덕여대,골목상권,패스트푸드점,1,0,0,0,0.0,4.32,4.32
동묘앞역 2번,골목상권,패스트푸드점,2,0,0,0,0.0,4.8,4.8
동의보감타워,골목상권,패스트푸드점,3,0,0,0,50.0,5.07,-44.93
동일여자고등학교,골목상권,패스트푸드점,1,0,0,0,0.0,4.39,4.39
동작구자원봉사센터,골목상권,패스트푸드점,2,0,0,0,0.0,4.73,4.73
두산초등학교,골목상권,패스트푸드점,1,1,0,0,0.0,8.37,8.37
둔촌2동주민센터,골목상권,패스트푸드점,1,0,0,0,0.0,4.39,4.39
둔촌동역 1번(한산중학교),골목상권,패스트푸드점,4,0,0,0,0.0,5.25,5.25
둔촌동역 3번(성내3동주민센터),골목상권,패스트푸드점,2,0,0,0,0.0,4.73,4.73
둔촌동역 4번,골목상권,패스트푸드점,2,0,0,0,0.0,4.73,4.73
등촌1동주민센터,골목상권,패스트푸드점,2,0,0,0,0.0,4.76,4.76
등촌3동주민센터,골목상권,패스트푸드점,9,0,0,0,0.0,5.99,5.99
등촌역 1번,골목상권,패스트푸드점,1,0,0,0,0.0,4.32,4.32
뚝섬역교차로,골목상권,패스트푸드점,1,0,0,0,0.0,4.32,4.32
뜸부기어린이공원,골목상권,패스트푸드점,1,0,0,0,0.0,4.32,4.32
마장역 2번,골목상권,패스트푸드점,2,0,0,0,0.0,4.76,4.76
마장역 3번,골목상권,패스트푸드점,1,0,0,0,0.0,4.32,4.32
마장지하차도,골목상권,패스트푸드점,1,0,0,0,0.0,4.39,4.39
마천공원,골목상권,패스트푸드점,1,0,0,0,0.0,4.39,4.39
마천역(마천초등학교),골목상권,패스트푸드점,5,0,0,0,0.0,5.5,5.5
마포FM,골목상권,패스트푸드점,1,0,1,100,0.0,3.67,3.67
마포경찰서,골목상권,패스트푸드점,1,0,0,0,0.0,4.32,4.32
마포구청역 1번,골목상권,패스트푸드점,5,0,2,40,0.0,5.2,5.2
마포구청역 4번,골목상권,패스트푸드점,1,1,2,100,0.0,7.65,7.65
마포구청역 7번,골목상권,패스트푸드점,5,0,0,0,0.0,5.48,5.48
만리재,골목상권,패스트푸드점,1,0,0,0,0.0,4.39,4.39
말미고개,골목상권,패스트푸드점,8,0,0,0,0.0,5.91,5.91
망리단길,골목상권,패스트푸드점,12,0,1,8,0.0,6.17,6.17
망우본동주민센터,골목상권,패스트푸드점,1,0,0,0,0.0,4.39,4.39
망우역 1번,골목상권,패스트푸드점,1,0,0,0,0.0,4.39,4.39
망우역 2번,골목상권,패스트푸드점,2,0,0,0,0.0,4.76,4.76
망원나들목체육관,골목상권,패스트푸드점,1,0,0,0,0.0,4.32,4.32
매봉역 1번,골목상권,패스트푸드점,1,0,0,0,0.0,4.39,4.39
먹골역 1번,골목상권,패스트푸드점,8,0,0,0,0.0,5.9,5.9
먹골역 5번,골목상권,패스트푸드점,1,0,0,0,0.0,4.39,4.39
먹골파출소,골목상권,패스트푸드점,1,0,0,0,0.0,4.32,4.32
메가박스 상봉,골목상권,패스트푸드점,2,0,0,0,0.0,4.8,4.8
메디힐병원,골목상권,패스트푸드점,3,0,0,0,0.0,5.09,5.09
면동초등학교,골목상권,패스트푸드점,3,0,0,0,33.0,5.05,-27.95
면목2동체육관,골목상권,패스트푸드점,4,1,0,0,0.0,6.29,6.29
면목5동주민센터,골목상권,패스트푸드점,1,0,0,0,0.0,4.39,4.39
면목동우체국,골목상권,패스트푸드점,2,0,0,0,0.0,4.73,4.73
면목역 2번,골목상권,패스트푸드점,5,0,0,0,0.0,5.46,5.46
면목역 3번,골목상권,패스트푸드점,1,0,0,0,0.0,4.32,4.32
명일역 1번,골목상권,패스트푸드점,1,0,0,0,0.0,4.32,4.32
명지대학교,골목상권,패스트푸드점,14,0,1,7,0.0,6.38,6.38
명지대학교교회,골목상권,패스트푸드점,7,2,0,0,0.0,6.93,6.93
모래내우체국,골목상권,패스트푸드점,1,0,0,0,0.0,4.39,4.39
목4동주민센터,골목상권,패스트푸드점,1,0,0,0,0.0,4.39,4.39
목동로데오거리,골목상권,패스트푸드점,1,0,0,0,0.0,4.39,4.39
목동보건지소,골목상권,패스트푸드점,4,1,1,25,0.0,6.12,6.12
목동센트럴아이파크앞,골목상권,패스트푸드점,4,1,0,0,100.0,6.33,-93.67
목동역 5번,골목상권,패스트푸드점,1,0,0,0,0.0,4.32,4.32
묘곡초등학교(고덕아이파크아파트),골목상권,패스트푸드점,5,0,0,0,0.0,5.49,5.49
무너미어린이공원,골목상권,패스트푸드점,2,0,0,0,0.0,4.76,4.76
문래예술촌(문래창작촌),골목상권,패스트푸드점,10,0,0,0,0.0,6.06,6.06
문래중학교,골목상권,패스트푸드점,2,0,0,0,0.0,4.8,4.8
문성초등학교,골목상권,패스트푸드점,2,0,0,0,0.0,4.76,4.76
문정동성당,골목상권,패스트푸드점,2,0,0,0,0.0,4.76,4.76
문정역 2번,골목상권,패스트푸드점,1,0,0,0,0.0,4.39,4.39
문정초등학교,골목상권,패스트푸드점,4,0,0,0,0.0,5.28,5.28
문현중학교(장지역 1번),골목상권,패스트푸드점,1,0,0,0,0.0,4.39,4.39
미근동,골목상권,패스트푸드점,1,0,0,0,0.0,4.39,4.39
미림여고,골목상권,패스트푸드점,2,1,0,0,100.0,6.82,-93.18
미성초등학교,골목상권,패스트푸드점,1,0,0,0,0.0,4.39,4.39
미아사거리역 3번,골목상권,패스트푸드점,1,0,0,0,0.0,4.39,4.39
바우뫼공원,골목상권,패스트푸드점,1,0,0,0,0.0,4.32,4.32
발산역 5번,골목상권,패스트푸드점,3,1,0,0,0.0,6.38,6.38
방배아이파크아파트,골목상권,패스트푸드점,2,0,0,0,0.0,4.73,4.73
방배역 3번,골목상권,패스트푸드점,1,0,0,0,0.0,4.32,4.32
방배초등학교,골목상권,패스트푸드점,3,0,0,0,0.0,5.05,5.05
방이동고분군(방산고등학교),골목상권,패스트푸드점,1,0,0,0,0.0,4.39,4.39
방이역 1번,골목상권,패스트푸드점,3,0,1,33,0.0,4.81,4.81
방이역 4번,골목상권,패스트푸드점,7,1,0,0,0.0,6.31,6.31
방학1동주민센터,골목상권,패스트푸드점,3,0,0,0,0.0,5.07,5.07
방학역 1번,골목상권,패스트푸드점,6,0,0,0,0.0,5.65,5.65
방학역 2번,골목상권,패스트푸드점,7,1,0,0,0.0,6.33,6.33
방학중학교,골목상권,패스트푸드점,1,0,0,0,0.0,4.32,4.32
방학초등학교,골목상권,패스트푸드점,3,0,0,0,0.0,5.07,5.07
방현초등학교(방배119안전센터),골목상권,패스트푸드점,1,0,0,0,0.0,4.39,4.39
방화역 1번,골목상권,패스트푸드점,2,0,0,0,0.0,4.8,4.8
방화역 2번,골목상권,패스트푸드점,2,0,0,0,0.0,4.8,4.8
방화역 3번,골목상권,패스트푸드점,2,0,0,0,0.0,4.76,4.76
배문고등학교,골목상권,패스트푸드점,1,0,0,0,0.0,4.32,4.32
배화여자대학교(박노수미술관),골목상권,패스트푸드점,7,0,0,0,17.0,5.75,-11.25
백련산해모로아파트,골목상권,패스트푸드점,2,0,0,0,0.0,4.76,4.76
백산초등학교,골목상권,패스트푸드점,2,0,0,0,0.0,4.8,4.8
벌말어린이공원,골목상권,패스트푸드점,1,0,0,0,0.0,4.39,4.39
법제교육센터(버들어린이공원),골목상권,패스트푸드점,1,0,0,0,0.0,4.32,4.32
보라매동주민센터(당곡고등학교),골목상권,패스트푸드점,1,0,0,0,0.0,4.32,4.32
보라매역 4번,골목상권,패스트푸드점,1,0,1,100,0.0,3.67,3.67
보문역 4번,골목상권,패스트푸드점,1,0,0,0,0.0,4.32,4.32
보문역 5번,골목상권,패스트푸드점,2,0,0,0,100.0,4.76,-95.24
보문역 8번,골목상권,패스트푸드점,1,0,0,0,0.0,4.39,4.39
봉천역 4번(봉천110안전센터),골목상권,패스트푸드점,3,0,0,0,100.0,5.09,-94.91
부암동주민센터,골목상권,패스트푸드점,1,0,0,0,0.0,4.32,4.32
북가좌2동주민센터,골목상권,패스트푸드점,2,0,0,0,0.0,4.76,4.76
북가좌초등학교,골목상권,패스트푸드점,2,0,0,0,100.0,4.8,-95.2
북한산보국문역 2번,골목상권,패스트푸드점,1,0,0,0,0.0,4.32,4.32
불광역 7번,골목상권,패스트푸드점,5,0,0,0,0.0,5.48,5.48
불광역 8번,골목상권,패스트푸드점,1,0,0,0,0.0,4.39,4.39
사가정역 1번,골목상권,패스트푸드점,2,0,0,0,0.0,4.8,4.8
사가정역 4번,골목상권,패스트푸드점,3,1,1,33,0.0,6.17,6.17
사근동살곶이상점가,골목상권,패스트푸드점,4,0,0,0,0.0,5.28,5.28
사당역 10번,골목상권,패스트푸드점,2,0,0,0,0.0,4.76,4.76
사당역 4번,골목상권,패스트푸드점,2,0,1,50,0.0,4.44,4.44
삼각산119안전센터,골목상권,패스트푸드점,1,0,0,0,0.0,4.39,4.39
삼각지역 14번,골목상권,패스트푸드점,1,0,0,0,0.0,4.32,4.32
삼각지역 3번,골목상권,패스트푸드점,2,0,0,0,0.0,4.76,4.76
삼선동주민센터,골목상권,패스트푸드점,5,0,0,0,0.0,5.46,5.46
삼선중학교,골목상권,패스트푸드점,1,0,0,0,0.0,4.32,4.32
삼성산자연공원(서울금천초등학교),골목상권,패스트푸드점,4,0,0,0,0.0,5.27,5.27
삼성중앙역 7번,골목상권,패스트푸드점,2,0,0,0,0.0,4.73,4.73
삼양사거리역 2번,골목상권,패스트푸드점,2,0,0,0,0.0,4.8,4.8
삼양입구사거리,골목상권,패스트푸드점,3,0,0,0,0.0,5.02,5.02
삼육보건대학교,골목상권,패스트푸드점,8,0,1,13,33.0,5.77,-27.23
삼전역 1번,골목상권,패스트푸드점,9,0,1,11,13.0,5.92,-7.08
삼전역 3번,골목상권,패스트푸드점,1,0,0,0,0.0,4.32,4.32
삼전역 4번,골목상권,패스트푸드점,7,0,0,0,0.0,5.76,5.76
상계2동주민센터,골목상권,패스트푸드점,2,0,0,0,0.0,4.8,4.8
상계5동주민센터,골목상권,패스트푸드점,1,0,0,0,0.0,4.32,4.32
상계역,골목상권,패스트푸드점,4,0,0,0,0.0,5.3,5.3
상계제일중학교,골목상권,패스트푸드점,1,0,0,0,0.0,4.32,4.32
상계초등학교,골목상권,패스트푸드점,3,0,0,0,0.0,5.05,5.05
상도1동주민센터앞,골목상권,패스트푸드점,1,0,0,0,0.0,4.32,4.32
상도역 1번,골목상권,패스트푸드점,2,0,0,0,0.0,4.76,4.76
상도역 5번,골목상권,패스트푸드점,5,0,1,20,0.0,5.35,5.35
상도초등학교,골목상권,패스트푸드점,1,0,0,0,0.0,4.39,4.39
상봉역 3번,골목상권,패스트푸드점,5,0,0,0,0.0,5.48,5.48
상봉역 4번,골목상권,패스트푸드점,3,0,0,0,0.0,5.05,5.05
상봉역 7번,골목상권,패스트푸드점,1,0,0,0,0.0,4.32,4.32
상수역 4번,골목상권,패스트푸드점,4,1,1,25,33.0,6.08,-26.92
상신초등학교입구,골목상권,패스트푸드점,3,0,0,0,0.0,5.09,5.09
상왕십리역 6번,골목상권,패스트푸드점,1,0,0,0,0.0,4.39,4.39
상월곡역 1번,골목상권,패스트푸드점,4,0,3,75,0.0,4.73,4.73
상일여고(상일초등학교),골목상권,패스트푸드점,9,0,0,0,0.0,5.98,5.98
새남터성지,골목상권,패스트푸드점,1,0,0,0,0.0,4.39,4.39
새터산,골목상권,패스트푸드점,1,0,1,100,0.0,3.67,3.67
샤로수길,골목상권,패스트푸드점,13,1,0,0,8.0,6.64,-1.36
서강대역 1번,골목상권,패스트푸드점,4,0,0,0,0.0,5.28,5.28
서경대학교,골목상권,패스트푸드점,1,0,0,0,0.0,4.32,4.32
서울과학기술대,골목상권,패스트푸드점,8,0,0,0,0.0,5.88,5.88
서울국제고등학교,골목상권,패스트푸드점,2,0,1,50,0.0,4.37,4.37
서울대병원,골목상권,패스트푸드점,3,0,0,0,0.0,5.07,5.07
서울대입구역 8번,골목상권,패스트푸드점,1,0,1,100,0.0,3.6,3.6
서울독일학교,골목상권,패스트푸드점,2,0,0,0,100.0,4.73,-95.27
서울북부고용노동지청,골목상권,패스트푸드점,1,0,0,0,0.0,4.32,4.32
서울서부지방법원,골목상권,패스트푸드점,3,0,0,0,0.0,5.07,5.07
서울숲역 1번,골목상권,패스트푸드점,3,0,0,0,0.0,5.09,5.09
서울숲카페거리,골목상권,패스트푸드점,4,1,0,0,0.0,6.26,6.26
서울시립대,골목상권,패스트푸드점,3,0,0,0,0.0,5.07,5.07
서울여자간호대학교,골목상권,패스트푸드점,1,0,0,0,0.0,4.39,4.39
서울역 12번,골목상권,패스트푸드점,5,0,0,0,0.0,5.48,5.48
서울역 15번,골목상권,패스트푸드점,3,0,1,33,0.0,4.78,4.78
서울지방병무청,골목상권,패스트푸드점,1,0,0,0,0.0,4.39,4.39
서울축산농협 독산역지점(독산파출소),골목상권,패스트푸드점,2,0,1,50,0.0,4.44,4.44
서일대학교,골목상권,패스트푸드점,2,0,1,50,0.0,4.4,4.4
서초동성당,골목상권,패스트푸드점,1,0,0,0,0.0,4.39,4.39
서초중학교,골목상권,패스트푸드점,1,0,0,0,0.0,4.32,4.32
석계역 1번,골목상권,패스트푸드점,8,0,0,0,13.0,5.91,-7.09
석계역 2번,골목상권,패스트푸드점,1,0,0,0,0.0,4.39,4.39
석계역 7번,골목상권,패스트푸드점,2,0,0,0,0.0,4.73,4.73
석관고등학교,골목상권,패스트푸드점,1,0,0,0,0.0,4.32,4.32
석촌고분역 1번,골목상권,패스트푸드점,1,0,1,100,0.0,3.67,3.67
석촌고분역 3번,골목상권,패스트푸드점,5,1,2,40,0.0,6.01,6.01
석촌고분역 4번,골목상권,패스트푸드점,1,0,0,0,0.0,4.39,4.39
석촌역 3번,골목상권,패스트푸드점,4,0,0,0,0.0,5.25,5.25
석촌역 6번,골목상권,패스트푸드점,1,0,2,100,0.0,3.67,3.67
석촌역 7번,골목상권,패스트푸드점,1,0,0,0,0.0,4.32,4.32
선사초등학교,골목상권,패스트푸드점,1,0,0,0,0.0,4.39,4.39
선유도역 1번,골목상권,패스트푸드점,7,1,0,0,0.0,6.34,6.34
선유도역 6번,골목상권,패스트푸드점,3,0,0,0,0.0,5.07,5.07
선일여고,골목상권,패스트푸드점,2,0,0,0,0.0,4.8,4.8
선정중학교,골목상권,패스트푸드점,1,0,0,0,0.0,4.32,4.32
성곡미술관,골목상권,패스트푸드점,2,0,0,0,0.0,4.76,4.76
성균관대학교,골목상권,패스트푸드점,4,0,0,0,0.0,5.32,5.32
성남고등학교,골목상권,패스트푸드점,5,0,0,0,0.0,5.49,5.49
성내중학교,골목상권,패스트푸드점,1,0,0,0,0.0,4.39,4.39
성내천어린이공원(하니사랑길),골목상권,패스트푸드점,1,0,0,0,0.0,4.32,4.32
성동구립금호도서관,골목상권,패스트푸드점,1,0,0,0,0.0,4.39,4.39
성동구보건소,골목상권,패스트푸드점,1,0,0,0,0.0,4.32,4.32
성미산체육관,골목상권,패스트푸드점,2,0,1,50,0.0,4.37,4.37
성산중학교,골목상권,패스트푸드점,4,0,0,0,0.0,5.25,5.25
성서초등학교,골목상권,패스트푸드점,2,0,1,50,0.0,4.4,4.4
성수119안전센터,골목상권,패스트푸드점,5,0,0,0,0.0,5.46,5.46
성수1가1동주민센터,골목상권,패스트푸드점,2,0,0,0,100.0,4.73,-95.27
성수2가3동주민센터,골목상권,패스트푸드점,3,0,0,0,0.0,5.02,5.02
성수동카페거리,골목상권,패스트푸드점,7,0,0,0,17.0,5.73,-11.27
성수초등학교,골목상권,패스트푸드점,5,1,1,20,25.0,6.11,-18.89
성신여대운정그린캠퍼스,골목상권,패스트푸드점,2,0,0,0,0.0,4.76,4.76
성신여대입구역 1번,골목상권,패스트푸드점,2,0,0,0,0.0,4.76,4.76
성신여대입구역 4번,골목상권,패스트푸드점,4,0,0,0,100.0,5.3,-94.7
성신여대입구역 7번,골목상권,패스트푸드점,1,0,0,0,0.0,4.32,4.32
성원중학교,골목상권,패스트푸드점,6,0,0,0,0.0,5.6,5.6
세검정,골목상권,패스트푸드점,1,0,0,0,100.0,4.32,-95.68
세검정초등학교,골목상권,패스트푸드점,1,0,0,0,0.0,4.39,4.39
세곡초등학교,골목상권,패스트푸드점,2,0,0,0,0.0,4.73,4.73
세명컴퓨터고등학교,골목상권,패스트푸드점,2,0,0,0,0.0,4.8,4.8
세종대학교,골목상권,패스트푸드점,3,0,0,0,0.0,5.09,5.09
송정역 2번,골목상권,패스트푸드점,2,0,0,0,0.0,4.8,4.8
송정역 3번,골목상권,패스트푸드점,2,0,0,0,0.0,4.73,4.73
송정체육공원,골목상권,패스트푸드점,3,0,0,0,50.0,5.05,-44.95
송중동주민센터,골목상권,패스트푸드점,2,0,0,0,0.0,4.76,4.76
송중초등학교,골목상권,패스트푸드점,4,0,0,0,0.0,5.28,5.28
송천동주민센터,골목상권,패스트푸드점,3,0,0,0,0.0,5.07,5.07
송천초등학교,골목상권,패스트푸드점,2,0,0,0,0.0,4.73,4.73
송파나루역 1번(송리단길),골목상권,패스트푸드점,10,0,0,0,0.0,6.07,6.07
송파나루역 2번,골목상권,패스트푸드점,2,0,0,0,0.0,4.73,4.73
송파나루역 3번,골목상권,패스트푸드점,1,0,0,0,0.0,4.32,4.32
송파역 2번,골목상권,패스트푸드점,1,0,0,0,0.0,4.39,4.39
송파책박물관,골목상권,패스트푸드점,1,0,0,0,0.0,4.39,4.39
수궁동주민센터,골목상권,패스트푸드점,2,0,0,0,0.0,4.76,4.76
수락산디자인거리,골목상권,패스트푸드점,3,0,0,0,0.0,5.05,5.05
수락산역 4번,골목상권,패스트푸드점,7,0,0,0,0.0,5.78,5.78
수송초등학교,골목상권,패스트푸드점,2,0,0,0,0.0,4.73,4.73
수유동우체국,골목상권,패스트푸드점,2,0,0,0,0.0,4.76,4.76
수유시장옆,골목상권,패스트푸드점,1,0,0,0,0.0,4.32,4.32
수유역 2번,골목상권,패스트푸드점,3,0,0,0,0.0,5.05,5.05
수유초등학교,골목상권,패스트푸드점,3,0,0,0,0.0,5.05,5.05
숙대입구,골목상권,패스트푸드점,18,1,2,11,0.0,6.8,6.8
숙대입구역 1번,골목상권,패스트푸드점,3,0,0,0,0.0,5.05,5.05
숭곡초등학교,골목상권,패스트푸드점,3,0,0,0,0.0,5.09,5.09
숭실대입구역 1번,골목상권,패스트푸드점,2,0,0,0,0.0,4.8,4.8
숭실대입구역 4번,골목상권,패스트푸드점,12,1,0,0,30.0,6.59,-23.41
시립대앞사거리,골목상권,패스트푸드점,1,0,0,0,0.0,4.32,4.32
시립서북병원,골목상권,패스트푸드점,4,0,0,0,0.0,5.27,5.27
시흥4동주민센터(서울신흥초등학교),골목상권,패스트푸드점,3,0,0,0,0.0,5.05,5.05
시흥동 은행나무사거리,골목상권,패스트푸드점,3,0,0,0,0.0,5.09,5.09
시흥초등학교(시흥1동우체국),골목상권,패스트푸드점,2,0,0,0,100.0,4.76,-95.24
신곡초등학교,골목상권,패스트푸드점,1,0,0,0,0.0,4.39,4.39
신길3동주민센터,골목상권,패스트푸드점,1,0,1,100,0.0,3.6,3.6
신길새마을금고신길4동지점,골목상권,패스트푸드점,1,0,0,0,0.0,4.32,4.32
신길역 3번,골목상권,패스트푸드점,2,0,0,0,0.0,4.76,4.76
신내1동주민센터,골목상권,패스트푸드점,5,0,0,0,0.0,5.49,5.49
신당역 3번,골목상권,패스트푸드점,2,0,1,50,100.0,4.44,-95.56
신대림초등학교,골목상권,패스트푸드점,1,0,0,0,0.0,4.32,4.32
신대방삼거리역 1번,골목상권,패스트푸드점,5,1,2,40,0.0,5.97,5.97
신대방삼거리역 3번,골목상권,패스트푸드점,3,0,0,0,0.0,5.07,5.07
신대방역 2번,골목상권,패스트푸드점,5,0,0,0,0.0,5.49,5.49
신대방역 4번,골목상권,패스트푸드점,6,0,0,0,0.0,5.62,5.62
"신림역 5번(신림동주민센터, 신림동별빛거리)",골목상권,패스트푸드점,4,1,1,25,0.0,6.08,6.08
신림역 8번,골목상권,패스트푸드점,2,0,0,0,0.0,4.76,4.76
신림우방아파트,골목상권,패스트푸드점,2,0,0,0,0.0,4.76,4.76
신목동역,골목상권,패스트푸드점,1,0,0,0,0.0,4.32,4.32
신방화역 2번,골목상권,패스트푸드점,4,0,1,25,0.0,5.14,5.14
신방화역 8번,골목상권,패스트푸드점,2,0,0,0,0.0,4.76,4.76
신사1동주민센터,골목상권,패스트푸드점,2,0,0,0,0.0,4.76,4.76
신사은행나무공원,골목상권,패스트푸드점,2,0,0,0,0.0,4.76,4.76
신서초등학교,골목상권,패스트푸드점,2,0,0,0,0.0,4.8,4.8
신설동역 12번,골목상권,패스트푸드점,1,1,0,0,0.0,8.37,8.37
신성초등학교,골목상권,패스트푸드점,6,0,0,0,0.0,5.65,5.65
신수동주민센터,골목상권,패스트푸드점,1,0,0,0,0.0,4.32,4.32
신원동주민센터,골목상권,패스트푸드점,2,0,0,0,0.0,4.8,4.8
신월1동우편취급국,골목상권,패스트푸드점,1,0,0,0,0.0,4.39,4.39
신월1동주민센터,골목상권,패스트푸드점,2,0,0,0,100.0,4.76,-95.24
신월2동주민센터,골목상권,패스트푸드점,1,0,1,100,0.0,3.67,3.67
신월3동주민센터,골목상권,패스트푸드점,1,0,0,0,0.0,4.32,4.32
신월문화체육센터,골목상권,패스트푸드점,2,0,0,0,0.0,4.8,4.8
신월시영아파트중문,골목상권,패스트푸드점,1,0,0,0,0.0,4.32,4.32
신월중학교,골목상권,패스트푸드점,1,0,0,0,0.0,4.32,4.32
신자초등학교,골목상권,패스트푸드점,1,0,0,0,0.0,4.32,4.32
신정2동주민센터,골목상권,패스트푸드점,1,1,1,100,0.0,7.71,7.71
신정롯데캐슬아파트,골목상권,패스트푸드점,2,1,0,0,100.0,6.82,-93.18
신정역 5번,골목상권,패스트푸드점,2,0,0,0,50.0,4.73,-45.27
신창초등학교,골목상권,패스트푸드점,1,0,0,0,0.0,4.32,4.32
신촌역 6번,골목상권,패스트푸드점,1,0,0,0,0.0,4.39,4.39
신풍역 1번,골목상권,패스트푸드점,4,0,0,0,0.0,5.3,5.3
신한은행 신월동지점,골목상권,패스트푸드점,5,0,0,0,0.0,5.49,5.49
쌍문2동우체국,골목상권,패스트푸드점,2,0,0,0,0.0,4.73,4.73
쌍문역1번(쌍리단길),골목상권,패스트푸드점,2,0,0,0,0.0,4.76,4.76
아래방죽마을공원(율현초등학교),골목상권,패스트푸드점,1,0,0,0,0.0,4.32,4.32
아카데미하우스,골목상권,패스트푸드점,1,0,0,0,0.0,4.32,4.32
아현역 2번,골목상권,패스트푸드점,1,0,0,0,0.0,4.32,4.32
아현역 4번,골목상권,패스트푸드점,1,0,0,0,0.0,4.39,4.39
안암역 2번,골목상권,패스트푸드점,5,0,0,0,0.0,5.49,5.49
안암역 3번,골목상권,패스트푸드점,11,0,0,0,9.0,6.18,-2.82
암사동성당(효정하나플러스아파트),골목상권,패스트푸드점,1,0,0,0,0.0,4.32,4.32
암사역 1번,골목상권,패스트푸드점,2,0,0,0,0.0,4.76,4.76
암사역 2번(서울강동초등학교),골목상권,패스트푸드점,10,0,0,0,43.0,6.08,-36.92
양목초등학교,골목상권,패스트푸드점,2,0,0,0,0.0,4.76,4.76
양재역 8번(양재동우체국),골목상권,패스트푸드점,5,0,0,0,0.0,5.46,5.46
양지어린이공원,골목상권,패스트푸드점,2,0,0,0,0.0,4.8,4.8
양천향교역 7번,골목상권,패스트푸드점,10,0,0,0,0.0,6.08,6.08
양화대교북단,골목상권,패스트푸드점,1,0,0,0,0.0,4.39,4.39
어린이대공원역 3번,골목상권,패스트푸드점,3,0,0,0,0.0,5.07,5.07
어린이대공원역 4번,골목상권,패스트푸드점,4,0,0,0,33.0,5.3,-27.7
언남고등학교,골목상권,패스트푸드점,1,0,0,0,0.0,4.32,4.32
언북초등학교,골목상권,패스트푸드점,1,0,0,0,0.0,4.32,4.32
언주역 3번,골목상권,패스트푸드점,2,0,0,0,0.0,4.76,4.76
언주역 6번,골목상권,패스트푸드점,5,1,0,0,0.0,6.26,6.26
역삼역 4번,골목상권,패스트푸드점,2,0,0,0,0.0,4.76,4.76
역삼역 8번,골목상권,패스트푸드점,4,0,0,0,33.0,5.28,-27.72
역삼월드메르디앙아파트,골목상권,패스트푸드점,2,0,0,0,0.0,4.76,4.76
역촌노인복지관,골목상권,패스트푸드점,4,0,0,0,0.0,5.27,5.27
역촌역 3번,골목상권,패스트푸드점,1,0,0,0,0.0,4.32,4.32
연가초등학교,골목상권,패스트푸드점,2,0,0,0,0.0,4.8,4.8
연신내역 2번,골목상권,패스트푸드점,1,0,0,0,0.0,4.39,4.39
연신내역 3번,골목상권,패스트푸드점,3,0,0,0,50.0,5.02,-44.98
연신내역 4번,골목상권,패스트푸드점,8,1,1,13,0.0,6.31,6.31
연신내역 5번,골목상권,패스트푸드점,4,2,1,25,0.0,7.11,7.11
연신내역 7번,골목상권,패스트푸드점,1,0,1,100,0.0,3.67,3.67
연신초등학교,골목상권,패스트푸드점,2,0,0,0,0.0,4.73,4.73
연천초등학교,골목상권,패스트푸드점,1,0,0,0,0.0,4.39,4.39
연트럴파크(연남동주민센터),골목상권,패스트푸드점,1,0,0,0,0.0,4.32,4.32
연희대우아파트앞,골목상권,패스트푸드점,4,0,0,0,0.0,5.28,5.28
연희세브란스병원,골목상권,패스트푸드점,2,0,0,0,0.0,4.76,4.76
연희임광아파트,골목상권,패스트푸드점,1,0,0,0,0.0,4.32,4.32
연희초등학교,골목상권,패스트푸드점,2,0,0,0,0.0,4.8,4.8
열정도,골목상권,패스트푸드점,1,0,0,0,0.0,4.32,4.32
염곡동 구룡사(포이동성당),골목상권,패스트푸드점,5,0,0,0,0.0,5.46,5.46
영등포구청역 2번,골목상권,패스트푸드점,1,0,0,0,0.0,4.32,4.32
영등포구청역 6번,골목상권,패스트푸드점,2,0,0,0,0.0,4.76,4.76
영등포본동주민센터,골목상권,패스트푸드점,1,0,0,0,0.0,4.32,4.32
영등포시장역 1번,골목상권,패스트푸드점,3,0,0,0,0.0,5.05,5.05
영등포시장역 3번,골목상권,패스트푸드점,1,0,0,0,0.0,4.39,4.39
영등포시장역 4번,골목상권,패스트푸드점,1,0,0,0,0.0,4.39,4.39
영등포역 2번,골목상권,패스트푸드점,3,0,0,0,0.0,5.07,5.07
영등포푸르지오아파트,골목상권,패스트푸드점,1,0,0,0,0.0,4.39,4.39
영락고등학교,골목상권,패스트푸드점,1,0,0,0,0.0,4.39,4.39
영서중학교,골목상권,패스트푸드점,3,0,0,0,0.0,5.05,5.05
영신여고,골목상권,패스트푸드점,2,0,0,0,0.0,4.76,4.76
영신초등학교,골목상권,패스트푸드점,1,0,0,0,0.0,4.39,4.39
예일여고,골목상권,패스트푸드점,1,0,0,0,0.0,4.39,4.39
오거리공원,골목상권,패스트푸드점,1,0,0,0,0.0,4.32,4.32
오금역 4번,골목상권,패스트푸드점,1,0,0,0,0.0,4.32,4.32
오동나무공원(송파레미니스1단지),골목상권,패스트푸드점,2,0,0,0,0.0,4.8,4.8
오류2동버들시장,골목상권,패스트푸드점,7,0,0,0,14.0,5.76,-8.24
오류고등학교,골목상권,패스트푸드점,1,0,0,0,0.0,4.32,4.32
오산고등학교,골목상권,패스트푸드점,2,0,0,0,0.0,4.73,4.73
옥수역 6번,골목상권,패스트푸드점,4,0,0,0,0.0,5.25,5.25
옥수터널,골목상권,패스트푸드점,2,0,0,0,0.0,4.76,4.76
왕십리역 9번,골목상권,패스트푸드점,3,0,0,0,0.0,5.05,5.05
외대앞역 1번,골목상권,패스트푸드점,8,0,0,0,0.0,5.89,5.89
용두희망어린이공원,골목상권,패스트푸드점,1,0,0,0,0.0,4.39,4.39
용마초등학교,골목상권,패스트푸드점,3,0,0,0,0.0,5.07,5.07
용산구청,골목상권,패스트푸드점,5,1,1,20,0.0,6.1,6.1
용산세무서,골목상권,패스트푸드점,2,0,0,0,0.0,4.8,4.8
우리은행응암동지점,골목상권,패스트푸드점,5,0,0,0,0.0,5.5,5.5
우사단길,골목상권,패스트푸드점,1,0,0,0,0.0,4.32,4.32
우이천 계성교,골목상권,패스트푸드점,2,0,1,50,0.0,4.37,4.37
우장산롯데캐슬아파트앞,골목상권,패스트푸드점,1,0,0,0,0.0,4.39,4.39
우장산역 1번,골목상권,패스트푸드점,4,0,0,0,0.0,5.3,5.3
우장산역 4번,골목상권,패스트푸드점,7,0,0,0,0.0,5.78,5.78
월계역 3번,골목상권,패스트푸드점,1,0,0,0,0.0,4.32,4.32
월드순복음교회,골목상권,패스트푸드점,1,0,0,0,0.0,4.39,4.39
윗방죽마을공원,골목상권,패스트푸드점,1,0,1,100,0.0,3.67,3.67
유엔빌리지길,골목상권,패스트푸드점,2,0,0,0,0.0,4.73,4.73
은곡마을(은곡마을공원),골목상권,패스트푸드점,2,0,0,0,0.0,4.76,4.76
은천초등학교(은천교앞),골목상권,패스트푸드점,4,0,0,0,0.0,5.28,5.28
은평구청,골목상권,패스트푸드점,3,0,0,0,0.0,5.09,5.09
은평세무서,골목상권,패스트푸드점,3,0,0,0,0.0,5.05,5.05
은평요양병원,골목상권,패스트푸드점,1,0,0,0,0.0,4.32,4.32
응암1동주민센터,골목상권,패스트푸드점,1,0,0,0,0.0,4.32,4.32
응암동우체국,골목상권,패스트푸드점,1,0,0,0,0.0,4.32,4.32
응암역 2번,골목상권,패스트푸드점,3,0,0,0,0.0,5.07,5.07
응암역 3번,골목상권,패스트푸드점,1,0,0,0,0.0,4.39,4.39
응암정보도서관,골목상권,패스트푸드점,5,0,0,0,0.0,5.46,5.46
이대역 5번,골목상권,패스트푸드점,2,0,0,0,100.0,4.76,-95.24
이수역 10번,골목상권,패스트푸드점,4,0,0,0,0.0,5.3,5.3
이수역 5번,골목상권,패스트푸드점,3,0,0,0,0.0,5.07,5.07
이수역 9번,골목상권,패스트푸드점,1,0,0,0,0.0,4.32,4.32
이태원엔틱가구거리,골목상권,패스트푸드점,1,0,0,0,0.0,4.32,4.32
이화달팽이길,골목상권,패스트푸드점,2,0,0,0,0.0,4.73,4.73
인수동 우편취급국,골목상권,패스트푸드점,1,0,0,0,0.0,4.39,4.39
자양4동주민센터,골목상권,패스트푸드점,1,0,0,0,0.0,4.39,4.39
자양동우체국,골목상권,패스트푸드점,1,0,1,100,0.0,3.67,3.67
자양한강도서관,골목상권,패스트푸드점,3,0,0,0,0.0,5.07,5.07
자하문터널,골목상권,패스트푸드점,1,0,1,100,0.0,3.6,3.6
잠실나루역,골목상권,패스트푸드점,2,0,0,0,100.0,4.73,-95.27
잠원역,골목상권,패스트푸드점,1,0,0,0,0.0,4.39,4.39
장로회신학대학교,골목상권,패스트푸드점,2,0,0,0,0.0,4.8,4.8
장스여성병원,골목상권,패스트푸드점,3,0,0,0,0.0,5.09,5.09
장승배기역 4번,골목상권,패스트푸드점,3,0,0,0,0.0,5.02,5.02
장안1동주민센터,골목상권,패스트푸드점,5,0,0,0,0.0,5.48,5.48
장안근린공원,골목상권,패스트푸드점,2,0,0,0,0.0,4.8,4.8
장안제일시장,골목상권,패스트푸드점,1,0,0,0,0.0,4.32,4.32
장안초등학교,골목상권,패스트푸드점,1,0,0,0,0.0,4.39,4.39
장안현대홈타운1차아파트,골목상권,패스트푸드점,1,0,0,0,0.0,4.39,4.39
장위1동주민센터,골목상권,패스트푸드점,1,0,0,0,0.0,4.39,4.39
장위동성당,골목상권,패스트푸드점,1,0,0,0,0.0,4.39,4.39
장지동주민센터(한림연예예술고교),골목상권,패스트푸드점,2,0,0,0,100.0,4.76,-95.24
장충단 고개,골목상권,패스트푸드점,3,0,0,0,0.0,5.07,5.07
장훈고등학교,골목상권,패스트푸드점,3,0,0,0,0.0,5.09,5.09
전곡마을마당공원,골목상권,패스트푸드점,4,0,0,0,25.0,5.3,-19.7
전농중학교,골목상권,패스트푸드점,1,0,0,0,0.0,4.32,4.32
정릉3동주민센터,골목상권,패스트푸드점,1,0,0,0,0.0,4.32,4.32
정릉역 1번,골목상권,패스트푸드점,4,0,0,0,33.0,5.27,-27.73
정릉우체국,골목상권,패스트푸드점,3,0,0,0,0.0,5.09,5.09
제기동역 1번,골목상권,패스트푸드점,1,0,0,0,0.0,4.39,4.39
제기동역 6번,골목상권,패스트푸드점,2,0,1,50,0.0,4.4,4.4
종암경찰서,골목상권,패스트푸드점,5,1,0,0,25.0,6.27,-18.73
종암동주민센터,골목상권,패스트푸드점,3,0,0,0,0.0,5.07,5.07
종암아이파크2차,골목상권,패스트푸드점,4,0,1,25,0.0,5.12,5.12
종암초등학교,골목상권,패스트푸드점,2,0,0,0,0.0,4.73,4.73
중계초등학교,골목상권,패스트푸드점,2,0,0,0,0.0,4.8,4.8
중곡1동주민센터,골목상권,패스트푸드점,1,1,0,0,0.0,8.37,8.37
중곡3동주민센터,골목상권,패스트푸드점,3,0,0,0,0.0,5.02,5.02
중곡역 3번,골목상권,패스트푸드점,6,0,0,0,40.0,5.62,-34.38
중곡초등학교,골목상권,패스트푸드점,1,0,0,0,0.0,4.39,4.39
중구회현체육센터(정화예술대남산캠퍼스),골목상권,패스트푸드점,2,0,0,0,0.0,4.73,4.73
중랑역 4번,골목상권,패스트푸드점,6,0,0,0,0.0,5.66,5.66
중앙고등학교,골목상권,패스트푸드점,1,0,0,0,0.0,4.32,4.32
중앙대학교,골목상권,패스트푸드점,10,0,0,0,43.0,6.1,-36.9
중화역 1번,골목상권,패스트푸드점,4,1,0,0,0.0,6.33,6.33
중화역 4번,골목상권,패스트푸드점,2,0,2,100,0.0,4.01,4.01
증산역 1번,골목상권,패스트푸드점,3,0,0,0,0.0,5.05,5.05
증산역 3번,골목상권,패스트푸드점,4,0,0,0,0.0,5.28,5.28
증산역 4번,골목상권,패스트푸드점,1,0,0,0,0.0,4.39,4.39
지향초등학교,골목상권,패스트푸드점,1,0,0,0,0.0,4.39,4.39
창2동주민센터,골목상권,패스트푸드점,3,0,1,33,0.0,4.83,4.83
창덕궁,골목상권,패스트푸드점,1,0,0,0,0.0,4.32,4.32
창동역 2번,골목상권,패스트푸드점,3,0,1,33,0.0,4.81,4.81
창신역 4번,골목상권,패스트푸드점,1,0,0,0,0.0,4.39,4.39
"천왕역 3번(오류2동주민센터, 서울오류남초등학교)",골목상권,패스트푸드점,1,0,0,0,0.0,4.39,4.39
천호1동주민센터,골목상권,패스트푸드점,2,0,0,0,0.0,4.73,4.73
천호공원(해공체육문화센터),골목상권,패스트푸드점,3,0,0,0,0.0,5.05,5.05
천호역 1번(천호문구완구거리),골목상권,패스트푸드점,1,0,0,0,0.0,4.32,4.32
천호초등학교,골목상권,패스트푸드점,3,0,0,0,0.0,5.09,5.09
청구역 1번,골목상권,패스트푸드점,2,0,0,0,0.0,4.76,4.76
청구역 3번,골목상권,패스트푸드점,6,1,0,0,0.0,6.34,6.34
청담역 3번,골목상권,패스트푸드점,1,0,0,0,0.0,4.39,4.39
청량초등학교,골목상권,패스트푸드점,2,0,0,0,0.0,4.73,4.73
청룡동주민센터,골목상권,패스트푸드점,3,2,1,33,0.0,7.52,7.52
촬영소사거리,골목상권,패스트푸드점,2,0,0,0,0.0,4.76,4.76
충무초등학교,골목상권,패스트푸드점,6,0,1,17,0.0,5.53,5.53
충정로역 3번,골목상권,패스트푸드점,1,0,0,0,0.0,4.39,4.39
충정로현대아파트,골목상권,패스트푸드점,2,1,1,50,0.0,6.43,6.43
태릉시장 특화거리,골목상권,패스트푸드점,3,0,0,0,0.0,5.05,5.05
태릉입구역 4번,골목상권,패스트푸드점,4,0,0,0,0.0,5.3,5.3
평창동동측,골목상권,패스트푸드점,1,0,0,0,0.0,4.32,4.32
평창동서측,골목상권,패스트푸드점,1,0,0,0,0.0,4.39,4.39
포이초등학교(개포목련어린이공원),골목상권,패스트푸드점,2,0,1,50,0.0,4.4,4.4
푸른동산공원,골목상권,패스트푸드점,1,0,1,100,0.0,3.6,3.6
푸른들청소년도서관,골목상권,패스트푸드점,5,0,2,40,0.0,5.17,5.17
풍납초등학교(풍납백제문화공원),골목상권,패스트푸드점,2,0,0,0,0.0,4.73,4.73
학동근린공원,골목상권,패스트푸드점,3,0,0,0,0.0,5.05,5.05
한강로동땡땡거리(은행나무길),골목상권,패스트푸드점,4,0,0,0,0.0,5.27,5.27
한강미주맨션아파트,골목상권,패스트푸드점,1,0,0,0,0.0,4.32,4.32
한강진역 3번,골목상권,패스트푸드점,2,0,0,0,0.0,4.73,4.73
한국SGI본부,골목상권,패스트푸드점,1,0,0,0,0.0,4.32,4.32
한국폴리텍대학서울정수캠퍼스,골목상권,패스트푸드점,2,0,0,0,0.0,4.73,4.73
한성대입구역 3번,골목상권,패스트푸드점,3,0,0,0,0.0,5.07,5.07
한성대입구역 5번,골목상권,패스트푸드점,1,0,0,0,0.0,4.39,4.39
한성백제역 3번,골목상권,패스트푸드점,1,0,1,100,0.0,3.6,3.6
한양공고앞 교차로,골목상권,패스트푸드점,1,0,0,0,0.0,4.32,4.32
한양대역 4번,골목상권,패스트푸드점,3,1,0,0,0.0,6.4,6.4
한영중고,골목상권,패스트푸드점,7,0,0,0,0.0,5.78,5.78
한울중학교,골목상권,패스트푸드점,2,0,0,0,0.0,4.8,4.8
합정역 8번,골목상권,패스트푸드점,4,0,0,0,0.0,5.25,5.25
해방촌 남동측,골목상권,패스트푸드점,10,0,0,0,0.0,6.05,6.05
해방촌예술마을,골목상권,패스트푸드점,2,0,0,0,0.0,4.73,4.73
행당역 2번,골목상권,패스트푸드점,1,0,0,0,0.0,4.39,4.39
혜화역 1번,골목상권,패스트푸드점,1,0,0,0,0.0,4.39,4.39
호림박물관(성보고등학교),골목상권,패스트푸드점,1,0,0,0,0.0,4.39,4.39
홍대땡땡거리,골목상권,패스트푸드점,7,0,0,0,17.0,5.74,-11.26
홍대부속여중고앞,골목상권,패스트푸드점,4,0,1,25,0.0,5.07,5.07
홍대부중,골목상권,패스트푸드점,3,0,0,0,0.0,5.02,5.02
홍대입구역 3번,골목상권,패스트푸드점,1,0,0,0,0.0,4.32,4.32
홍릉근린공원,골목상권,패스트푸드점,2,0,0,0,0.0,4.8,4.8
홍은종합사회복지관,골목상권,패스트푸드점,2,0,0,0,0.0,4.76,4.76
홍제3동주민센터,골목상권,패스트푸드점,1,0,0,0,0.0,4.39,4.39
홍제역 4번,골목상권,패스트푸드점,2,0,0,0,100.0,4.76,-95.24
화계역 2번,골목상권,패스트푸드점,1,0,0,0,0.0,4.39,4.39
화곡2동주민센터,골목상권,패스트푸드점,3,1,0,0,0.0,6.43,6.43
화곡4동주민센터,골목상권,패스트푸드점,1,0,0,0,0.0,4.32,4.32
화곡역 2번,골목상권,패스트푸드점,1,0,1,100,0.0,3.67,3.67
화곡역 4번,골목상권,패스트푸드점,6,0,0,0,75.0,5.62,-69.38
화곡역 5번,골목상권,패스트푸드점,4,0,0,0,0.0,5.27,5.27
화곡초등학교,골목상권,패스트푸드점,2,0,0,0,50.0,4.8,-45.2
화양사거리,골목상권,패스트푸드점,6,0,0,0,0.0,5.59,5.59
화원중학교,골목상권,패스트푸드점,1,0,0,0,0.0,4.39,4.39
황학코아루아파트,골목상권,패스트푸드점,1,0,0,0,0.0,4.39,4.39
회기역 1번,골목상권,패스트푸드점,2,0,0,0,50.0,4.8,-45.2
효창공원앞역 2번,골목상권,패스트푸드점,3,0,0,0,0.0,5.07,5.07
효창공원앞역 5번,골목상권,패스트푸드점,1,0,0,0,0.0,4.32,4.32
후암동주민센터,골목상권,패스트푸드점,5,0,0,0,0.0,5.45,5.45
흑리단길,골목상권,패스트푸드점,3,0,0,0,0.0,5.02,5.02
흑석2치안센터,골목상권,패스트푸드점,1,0,0,0,0.0,4.39,4.39
4.19민주묘지역 2번,골목상권,한식음식점,20,1,3,15,0.0,4.49,4.49
GS강동자이아파트,골목상권,한식음식점,21,0,0,0,0.0,4.44,4.44
G타워,골목상권,한식음식점,20,1,0,0,11.0,4.62,-6.38
KB국민은행 망원동지점,골목상권,한식음식점,41,1,2,5,3.0,5.15,2.15
KB국민은행 서강지점,골목상권,한식음식점,5,0,0,0,0.0,3.12,3.12
KB국민은행 종암동지점,골목상권,한식음식점,10,0,0,0,0.0,3.74,3.74
KB국민은행 중화동지점,골목상권,한식음식점,7,1,1,14,0.0,3.89,3.89
KC대학교,골목상권,한식음식점,4,0,0,0,0.0,2.94,2.94
KTNG 북부지사,골목상권,한식음식점,2,0,0,0,0.0,2.45,2.45
KT구로지사,골목상권,한식음식점,10,1,0,0,10.0,4.14,-5.86
KT금천빌딩(금천구시설관리공단),골목상권,한식음식점,9,0,0,0,11.0,3.65,-7.35
KT대방빌딩,골목상권,한식음식점,2,0,0,0,0.0,2.42,2.42
KT월곡지사,골목상권,한식음식점,13,0,1,8,0.0,3.93,3.93
NH농협은행 보광동지점,골목상권,한식음식점,6,0,0,0,20.0,3.28,-16.72
NH농협은행 상도동지점,골목상권,한식음식점,23,0,0,0,4.0,4.54,0.54
Sh수협은행 오금동금융센터(아랫말어린이공원),골목상권,한식음식점,6,0,2,33,0.0,3.06,3.06
가리봉파출소,골목상권,한식음식점,11,1,2,18,10.0,4.06,-5.94
가산동우체국,골목상권,한식음식점,30,4,3,10,0.0,5.25,5.25
가산동주민센터,골목상권,한식음식점,33,0,0,0,0.0,4.89,4.89
가산디지털단지역 1번 출입구,골목상권,한식음식점,24,0,0,0,4.0,4.58,0.58
가산초등학교(세일중학교),골목상권,한식음식점,28,0,0,0,0.0,4.74,4.74
가양역 10번,골목상권,한식음식점,10,1,2,20,0.0,4.0,4.0
가오리역 1번,골목상권,한식음식점,9,0,0,0,11.0,3.64,-7.36
가오리역 2번,골목상권,한식음식점,10,0,0,0,0.0,3.74,3.74
가인초등학교,골목상권,한식음식점,7,0,0,0,0.0,3.42,3.42
가좌역 2번,골목상권,한식음식점,15,1,2,13,14.0,4.31,-9.69
가좌역 3번,골목상권,한식음식점,15,0,0,0,0.0,4.12,4.12
간데메공원,골목상권,한식음식점,27,1,0,0,4.0,4.85,0.85
갈산공원,골목상권,한식음식점,3,0,0,0,0.0,2.71,2.71
갈현건영아파트,골목상권,한식음식점,6,0,0,0,0.0,3.3,3.3
강남구보훈회관,골목상권,한식음식점,1,0,0,0,0.0,2.01,2.01
강남구청역 2번,골목상권,한식음식점,3,0,0,0,0.0,2.73,2.73
강남구청역 4번,골목상권,한식음식점,4,1,0,0,0.0,3.95,3.95
강남세브란스병원미래의학연구센터,골목상권,한식음식점,2,0,0,0,0.0,2.42,2.42
강동구립 천호도서관,골목상권,한식음식점,30,3,0,0,0.0,5.2,5.2
강동구립성내도서관,골목상권,한식음식점,23,0,0,0,4.0,4.53,0.53
강동구청(강동구청역 2번),골목상권,한식음식점,5,0,0,0,0.0,3.12,3.12
강동성심병원,골목상권,한식음식점,5,1,0,0,25.0,3.99,-21.01
강동역 4번(강풀만화거리),골목상권,한식음식점,70,3,1,1,0.0,5.79,5.79
강북구청,골목상권,한식음식점,24,0,0,0,0.0,4.58,4.58
강북문화예술회관,골목상권,한식음식점,10,0,0,0,0.0,3.74,3.74
강북중학교,골목상권,한식음식점,27,0,3,11,4.0,4.61,0.61
강서고등학교,골목상권,한식음식점,21,0,1,5,5.0,4.41,-0.59
강서구다솔마을,골목상권,한식음식점,19,1,3,16,0.0,4.44,4.44
강서구청가양동별관,골목상권,한식음식점,4,1,0,0,0.0,3.95,3.95
강서구청옆,골목상권,한식음식점,23,1,1,4,5.0,4.66,-0.34
강서새말어린이공원,골목상권,한식음식점,4,0,0,0,0.0,2.94,2.94
강일동주민센터,골목상권,한식음식점,14,0,1,7,0.0,4.03,4.03
개미어린이공원,골목상권,한식음식점,2,0,0,0,0.0,2.42,2.42
개봉1동주민센터,골목상권,한식음식점,57,1,2,4,0.0,5.48,5.48
개봉3동주민센터,골목상권,한식음식점,7,0,0,0,0.0,3.41,3.41
개봉역,골목상권,한식음식점,39,0,0,0,3.0,5.06,2.06
개봉중학교,골목상권,한식음식점,16,1,3,19,0.0,4.29,4.29
개봉초등학교,골목상권,한식음식점,11,0,0,0,9.0,3.84,-5.16
개웅초등학교(개웅중학교),골목상권,한식음식점,10,0,1,10,10.0,3.68,-6.32
개포고등학교,골목상권,한식음식점,17,0,1,6,13.0,4.2,-8.8
개포지구대옆,골목상권,한식음식점,6,0,0,0,0.0,3.28,3.28
개화산역 1번,골목상권,한식음식점,23,1,0,0,0.0,4.7,4.7
거여역 1번(거여공원),골목상권,한식음식점,37,0,0,0,3.0,5.0,2.0
거여초등학교,골목상권,한식음식점,2,0,0,0,0.0,2.42,2.42
건대입구역 1번,골목상권,한식음식점,24,0,0,0,4.0,4.58,0.58
건대입구역 6번,골목상권,한식음식점,40,2,1,3,5.0,5.26,0.26
경기대학교,골목상권,한식음식점,5,0,0,0,25.0,3.12,-21.88
경동고등학교,골목상권,한식음식점,25,2,1,4,4.0,4.91,0.91
경리단길남측,골목상권,한식음식점,25,0,0,0,4.0,4.62,0.62
경리단길북측,골목상권,한식음식점,28,0,1,4,7.0,4.7,-2.3
경문고등학교(동작동성당),골목상권,한식음식점,4,0,0,0,25.0,2.94,-22.06
경복고등학교,골목상권,한식음식점,5,0,0,0,0.0,3.12,3.12
경성고등학교,골목상권,한식음식점,28,2,2,7,4.0,4.96,0.96
경수초등학교,골목상권,한식음식점,29,3,0,0,4.0,5.16,1.16
경신고등학교,골목상권,한식음식점,7,0,0,0,17.0,3.41,-13.59
경의선책거리,골목상권,한식음식점,49,1,3,6,6.0,5.32,-0.68
경의중앙 신촌역,골목상권,한식음식점,13,0,0,0,0.0,3.99,3.99
경찰병원역 3번,골목상권,한식음식점,13,2,0,0,8.0,4.6,-3.4
경찰병원역 4번(건너말공원),골목상권,한식음식점,12,0,0,0,0.0,3.92,3.92
경춘선숲길 우측,골목상권,한식음식점,56,1,2,4,7.0,5.47,-1.53
경향신문사,골목상권,한식음식점,11,0,0,0,0.0,3.84,3.84
경희대삼거리,골목상권,한식음식점,31,1,3,10,0.0,4.88,4.88
경희대후문,골목상권,한식음식점,16,1,0,0,0.0,4.43,4.43
계남근린공원,골목상권,한식음식점,2,0,0,0,0.0,2.45,2.45
계상초등학교,골목상권,한식음식점,32,1,3,9,3.0,4.92,1.92
고대앞사거리,골목상권,한식음식점,16,0,1,6,0.0,4.14,4.14
고덕동성당,골목상권,한식음식점,29,0,1,3,12.0,4.74,-7.26
고덕중학교(고덕2동주민센터),골목상권,한식음식점,9,1,1,11,11.0,4.01,-6.99
고려대역 4번,골목상권,한식음식점,13,1,1,8,0.0,4.25,4.25
고려대역 6번,골목상권,한식음식점,31,1,1,3,7.0,4.92,-2.08
고산초등학교,골목상권,한식음식점,3,0,0,0,0.0,2.71,2.71
고척동성당,골목상권,한식음식점,22,1,0,0,15.0,4.69,-10.31
고척중학교,골목상권,한식음식점,3,0,0,0,50.0,2.73,-47.27
고척초등학교,골목상권,한식음식점,10,0,1,10,0.0,3.67,3.67
곰달래도서관,골목상권,한식음식점,15,1,3,20,18.0,4.26,-13.74
공군호텔,골목상권,한식음식점,27,1,0,0,0.0,4.86,4.86
공덕동주민센터,골목상권,한식음식점,11,0,0,0,0.0,3.83,3.83
공덕래미안3차아파트,골목상권,한식음식점,5,0,0,0,0.0,3.14,3.14
공릉동 국수거리,골목상권,한식음식점,67,4,2,3,3.0,5.81,2.81
공릉역 2번,골목상권,한식음식점,18,0,0,0,11.0,4.3,-6.7
공항고등학교,골목상권,한식음식점,14,3,2,14,0.0,4.8,4.8
공항시장역 1번,골목상권,한식음식점,26,1,0,0,4.0,4.82,0.82
공항시장역 3번,골목상권,한식음식점,14,0,0,0,0.0,4.05,4.05
관성묘,골목상권,한식음식점,3,0,1,33,0.0,2.47,2.47
관악구 중앙길,골목상권,한식음식점,66,7,9,14,3.0,5.92,2.92
관악구신사동주민센터,골목상권,한식음식점,53,6,3,6,10.0,5.76,-4.24
관악소방서(문영여고),골목상권,한식음식점,5,0,0,0,0.0,3.14,3.14
관악우성아파트,골목상권,한식음식점,17,2,2,12,13.0,4.64,-8.36
관악해태어린이공원,골목상권,한식음식점,9,2,0,0,13.0,4.54,-8.46
광나루역 1번,골목상권,한식음식점,13,1,0,0,0.0,4.32,4.32
광산사거리,골목상권,한식음식점,23,2,1,4,8.0,4.86,-3.14
광운대역 1번,골목상권,한식음식점,29,0,0,0,0.0,4.77,4.77
광운대학교 남단,골목상권,한식음식점,9,0,0,0,22.0,3.64,-18.36
광진경찰서,골목상권,한식음식점,2,0,0,0,0.0,2.42,2.42
광진구청,골목상권,한식음식점,20,0,2,10,0.0,4.33,4.33
광진정말공원,골목상권,한식음식점,29,1,3,10,0.0,4.81,4.81
광진정보도서관,골목상권,한식음식점,24,1,0,0,4.0,4.74,0.74
광진초등학교,골목상권,한식음식점,16,0,0,0,0.0,4.19,4.19
광흥창역 1번,골목상권,한식음식점,6,0,0,0,0.0,3.28,3.28
광흥창역 6번,골목상권,한식음식점,2,0,0,0,100.0,2.42,-97.58
구남초등학교,골목상권,한식음식점,5,0,0,0,0.0,3.14,3.14
구로119안전센터,골목상권,한식음식점,14,1,1,7,0.0,4.29,4.29
구로4동주민센터,골목상권,한식음식점,37,0,2,5,0.0,4.97,4.97
구로구민회관,골목상권,한식음식점,7,0,0,0,14.0,3.43,-10.57
구로나눔길,골목상권,한식음식점,39,2,0,0,5.0,5.26,0.26
구로디지털단지역 4번,골목상권,한식음식점,28,1,0,0,3.0,4.88,1.88
구로보건소,골목상권,한식음식점,52,1,5,10,4.0,5.35,1.35
구로세무서,골목상권,한식음식점,6,0,0,0,20.0,3.28,-16.72
구로창업지원센터,골목상권,한식음식점,25,0,1,4,4.0,4.58,0.58
구로초등학교,골목상권,한식음식점,31,2,2,7,0.0,5.06,5.06
구립대학경로당(관악산샘말공원),골목상권,한식음식점,95,4,8,8,4.0,6.05,2.05
구반포역,골목상권,한식음식점,8,0,0,0,0.0,3.53,3.53
구산보건지소,골목상권,한식음식점,23,1,1,4,28.0,4.67,-23.33
구산역 1번,골목상권,한식음식점,36,3,1,3,9.0,5.28,-3.72
구산역 2번,골목상권,한식음식점,21,1,1,5,0.0,4.61,4.61
구산역 4번,골목상권,한식음식점,41,2,2,5,0.0,5.27,5.27
구암초등학교,골목상권,한식음식점,5,0,0,0,0.0,3.15,3.15
구의1동주민센터,골목상권,한식음식점,54,5,4,7,2.0,5.69,3.69
구의역 4번,골목상권,한식음식점,43,2,3,7,2.0,5.31,3.31
국립4.19민주묘지,골목상권,한식음식점,5,0,0,0,0.0,3.12,3.12
국립국악고등학교,골목상권,한식음식점,5,0,0,0,0.0,3.12,3.12
국립재활원,골목상권,한식음식점,2,0,0,0,0.0,2.42,2.42
국립정신건강센터,골목상권,한식음식점,21,0,1,5,0.0,4.41,4.41
국민대학교앞,골목상권,한식음식점,7,1,2,29,0.0,3.77,3.77
국민은행방학지점,골목상권,한식음식점,4,0,0,0,0.0,2.94,2.94
국악고교사거리,골목상권,한식음식점,12,1,2,17,0.0,4.12,4.12
국제신학대학원대학교(남서울중학교),골목상권,한식음식점,9,1,1,11,0.0,4.01,4.01
군자역 4번,골목상권,한식음식점,10,1,2,20,0.0,4.0,4.0
군자역 5번,골목상권,한식음식점,16,0,0,0,0.0,4.19,4.19
군자초등학교,골목상권,한식음식점,3,0,0,0,0.0,2.71,2.71
굽은다리역 1번(십자성마을),골목상권,한식음식점,17,0,1,6,0.0,4.21,4.21
굽은다리역 2번,골목상권,한식음식점,8,0,0,0,0.0,3.54,3.54
굽은다리역 3번,골목상권,한식음식점,18,0,0,0,0.0,4.3,4.3
굽은다리역 4번,골목상권,한식음식점,51,2,2,4,4.0,5.46,1.46
그라운드 고척,골목상권,한식음식점,38,0,2,5,5.0,5.01,0.01
금강수목원아파트,골목상권,한식음식점,4,0,0,0,0.0,2.94,2.94
금동어린이공원,골목상권,한식음식점,14,2,0,0,8.0,4.62,-3.38
금북초등학교,골목상권,한식음식점,6,0,1,17,0.0,3.18,3.18
금빛새마을금고본점,골목상권,한식음식점,10,0,0,0,0.0,3.75,3.75
금산초등학교(금천고등학교),골목상권,한식음식점,23,0,3,13,0.0,4.44,4.44
금천구립가산도서관,골목상권,한식음식점,10,0,0,0,0.0,3.75,3.75
금천구청역 1번 출입구,골목상권,한식음식점,39,0,0,0,3.0,5.06,2.06
금천금빛공원(은행나무사거리서측),골목상권,한식음식점,21,0,1,5,10.0,4.41,-5.59
금천세무서,골목상권,한식음식점,10,0,0,0,0.0,3.74,3.74
금천어울림복지센터,골목상권,한식음식점,4,1,0,0,0.0,3.97,3.97
금천철쭉어린이공원(금하마을),골목상권,한식음식점,6,0,1,17,0.0,3.16,3.16
금천파출소,골목상권,한식음식점,5,1,0,0,0.0,3.93,3.93
금천해태공원,골목상권,한식음식점,19,2,3,16,0.0,4.69,4.69
금호사거리,골목상권,한식음식점,13,0,0,0,0.0,4.0,4.0
금호삼성래미안아파트,골목상권,한식음식점,10,0,2,20,0.0,3.6,3.6
길동신동아아파트,골목상권,한식음식점,1,0,0,0,0.0,2.01,2.01
길동주민센터(강동도서관),골목상권,한식음식점,68,1,1,2,3.0,5.68,2.68
길상사,골목상권,한식음식점,3,0,0,0,0.0,2.71,2.71
길음역 10번,골목상권,한식음식점,1,0,0,0,0.0,2.01,2.01
길음역 7번,골목상권,한식음식점,18,0,0,0,5.0,4.32,-0.68
길음역 8번,골목상권,한식음식점,10,1,1,10,0.0,4.08,4.08
까치산역 1번,골목상권,한식음식점,34,5,0,0,13.0,5.53,-7.47
까치산역 3번,골목상권,한식음식점,82,2,2,2,2.0,5.86,3.86
까치산역 4번,골목상권,한식음식점,48,3,4,8,2.0,5.44,3.44
낙성대역 1번(관악구민 종합체육센터),골목상권,한식음식점,19,2,1,5,0.0,4.76,4.76
낙성대역 5번(관악중학교),골목상권,한식음식점,2,0,0,0,0.0,2.42,2.42
난곡중학교,골목상권,한식음식점,9,0,1,11,11.0,3.58,-7.42
난곡초등학교(난곡동벽화마을),골목상권,한식음식점,8,2,3,38,13.0,4.27,-8.73
난우중학교,골목상권,한식음식점,7,0,1,14,0.0,3.32,3.32
난우초등학교,골목상권,한식음식점,24,0,0,0,0.0,4.58,4.58
난향초등학교,골목상권,한식음식점,4,0,0,0,0.0,2.94,2.94
남가좌동현대아파트,골목상권,한식음식점,3,0,0,0,0.0,2.71,2.71
남가좌파출소,골목상권,한식음식점,33,1,1,3,0.0,4.99,4.99
남강고등학교(남강중학교),골목상권,한식음식점,27,0,2,7,8.0,4.65,-3.35
남구로역 2번,골목상권,한식음식점,69,3,2,3,3.0,5.76,2.76
남구로역 3번,골목상권,한식음식점,24,1,0,0,4.0,4.74,0.74
남구로역 5번,골목상권,한식음식점,34,5,2,6,10.0,5.48,-4.52
남부초등학교,골목상권,한식음식점,16,0,0,0,0.0,4.18,4.18
남부터미널역 1번,골목상권,한식음식점,7,0,0,0,0.0,3.42,3.42
남산골공원옆,골목상권,한식음식점,8,0,0,0,0.0,3.53,3.53
남산케이블카,골목상권,한식음식점,13,1,0,0,0.0,4.31,4.31
남성역 1번,골목상권,한식음식점,31,1,1,3,0.0,4.93,4.93
남영역 1번,골목상권,한식음식점,31,0,1,3,0.0,4.8,4.8
남천초등학교,골목상권,한식음식점,27,1,0,0,0.0,4.86,4.86
남태령역(서울전자고등학교),골목상권,한식음식점,3,1,0,0,0.0,4.05,4.05
내를건너서숲으로도서관,골목상권,한식음식점,3,0,0,0,0.0,2.71,2.71
내방역 1번,골목상권,한식음식점,2,0,0,0,0.0,2.45,2.45
내방역 4번,골목상권,한식음식점,11,0,1,9,10.0,3.77,-6.23
내방역 5번,골목상권,한식음식점,4,0,0,0,50.0,2.94,-47.06
내방역 8번,골목상권,한식음식점,2,0,0,0,0.0,2.42,2.42
노량진역 6번,골목상권,한식음식점,46,1,1,2,2.0,5.28,3.28
노량진초등학교,골목상권,한식음식점,10,0,0,0,0.0,3.75,3.75
노원 을지대학교병원,골목상권,한식음식점,2,0,0,0,0.0,2.45,2.45
노원역 9번,골목상권,한식음식점,4,0,0,0,0.0,2.94,2.94
노원초등학교,골목상권,한식음식점,21,0,0,0,0.0,4.45,4.45
녹번동근린공원,골목상권,한식음식점,9,0,1,11,13.0,3.56,-9.44
논현2동주민센터,골목상권,한식음식점,30,0,1,3,7.0,4.77,-2.23
논현로18길,골목상권,한식음식점,3,0,0,0,0.0,2.71,2.71
논현목련공원,골목상권,한식음식점,11,0,0,0,8.0,3.83,-4.17
논현초등학교,골목상권,한식음식점,23,0,0,0,0.0,4.54,4.54
누원고등학교,골목상권,한식음식점,6,1,0,0,0.0,3.97,3.97
능동우편취급국,골목상권,한식음식점,28,0,3,11,0.0,4.64,4.64
달마을공원,골목상권,한식음식점,16,1,0,0,23.0,4.43,-18.57
답십리공원,골목상권,한식음식점,4,0,0,0,25.0,2.94,-22.06
답십리사거리,골목상권,한식음식점,30,0,0,0,7.0,4.8,-2.2
답십리역 6번,골목상권,한식음식점,4,0,0,0,0.0,2.94,2.94
답십리초등학교,골목상권,한식음식점,23,1,1,4,4.0,4.67,0.67
당고개역 2번,골목상권,한식음식점,18,1,1,6,0.0,4.5,4.5
당고개역 5번,골목상권,한식음식점,18,0,0,0,0.0,4.3,4.3
당곡중학교,골목상권,한식음식점,43,2,3,7,5.0,5.3,0.3
당산반도유보라팰리스아파트,골목상권,한식음식점,12,1,0,0,0.0,4.25,4.25
당산역 13번,골목상권,한식음식점,1,0,0,0,0.0,2.01,2.01
당산역 8번,골목상권,한식음식점,6,1,2,33,0.0,3.73,3.73
대동초등학교,골목상권,한식음식점,4,0,1,25,0.0,2.76,2.76
대림1동주민센터,골목상권,한식음식점,10,0,0,0,0.0,3.75,3.75
대림갑을명가아파트,골목상권,한식음식점,5,0,0,0,0.0,3.12,3.12
대림성모병원,골목상권,한식음식점,28,1,1,4,4.0,4.87,0.87
대림썬프라자,골목상권,한식음식점,19,1,1,5,0.0,4.53,4.53
대림역 11번,골목상권,한식음식점,2,0,0,0,0.0,2.42,2.42
대림역 2번,골목상권,한식음식점,27,0,2,7,8.0,4.65,-3.35
대림역 5번,골목상권,한식음식점,8,1,0,0,0.0,4.06,4.06
대림차이나타운(대림역 12번),골목상권,한식음식점,2,0,0,0,0.0,2.42,2.42
대림한신아파트,골목상권,한식음식점,10,0,1,10,0.0,3.67,3.67
대방역 3번,골목상권,한식음식점,5,0,1,20,0.0,2.99,2.99
대방역 4번,골목상권,한식음식점,4,0,0,0,0.0,2.94,2.94
대방역 6번,골목상권,한식음식점,6,0,0,0,0.0,3.28,3.28
대신고등학교,골목상권,한식음식점,3,0,0,0,0.0,2.71,2.71
대왕초등학교(세곡동사거리서남측),골목상권,한식음식점,11,0,1,9,0.0,3.76,3.76
대원고등학교,골목상권,한식음식점,4,0,0,0,0.0,2.95,2.95
대진고등학교,골목상권,한식음식점,19,0,0,0,0.0,4.35,4.35
대청초등학교,골목상권,한식음식점,72,2,1,1,1.0,5.79,4.79
대치2동주민센터,골목상권,한식음식점,8,0,0,0,0.0,3.53,3.53
대치동아우편취급국,골목상권,한식음식점,20,0,1,5,0.0,4.36,4.36
대현산장미원,골목상권,한식음식점,1,0,0,0,0.0,2.01,2.01
대흥동주민센터,골목상권,한식음식점,8,0,0,0,0.0,3.53,3.53
대흥역 2번,골목상권,한식음식점,39,0,2,5,2.0,5.02,3.02
대흥역 3번,골목상권,한식음식점,35,0,0,0,6.0,4.95,-1.05
더케이호텔(양재리본타워2단지아파트),골목상권,한식음식점,6,0,1,17,20.0,3.17,-16.83
덕성여대시반거리,골목상권,한식음식점,7,1,1,14,14.0,3.91,-10.09
덕수교,골목상권,한식음식점,9,0,0,0,13.0,3.64,-9.36
덕의초등학교,골목상권,한식음식점,10,0,0,0,0.0,3.74,3.74
도곡초등학교,골목상권,한식음식점,8,0,0,0,0.0,3.53,3.53
도림2동유수지내체육시설,골목상권,한식음식점,8,0,0,0,0.0,3.54,3.54
도림초등학교,골목상권,한식음식점,2,0,0,0,0.0,2.42,2.42
도봉구 정병원,골목상권,한식음식점,28,1,0,0,4.0,4.88,0.88
도봉구민회관,골목상권,한식음식점,8,0,0,0,0.0,3.56,3.56
도봉구보건소,골목상권,한식음식점,36,3,0,0,6.0,5.3,-0.7
도봉산역 1번,골목상권,한식음식점,62,2,2,3,2.0,5.61,3.61
도봉산입구,골목상권,한식음식점,66,2,2,3,3.0,5.68,2.68
도봉세무서,골목상권,한식음식점,20,2,0,0,10.0,4.8,-5.2
도봉역 2번,골목상권,한식음식점,54,5,3,6,0.0,5.7,5.7
도봉역 3번,골목상권,한식음식점,24,1,1,4,9.0,4.7,-4.3
도봉우체국,골목상권,한식음식점,5,0,2,40,0.0,2.83,2.83
도산공원북측,골목상권,한식음식점,3,1,0,0,0.0,4.05,4.05
도신초등학교,골목상권,한식음식점,11,0,0,0,9.0,3.83,-5.17
독립문역 1번,골목상권,한식음식점,6,0,1,17,0.0,3.17,3.17
독산119안전센터,골목상권,한식음식점,30,2,0,0,3.0,5.08,2.08
독산2동주민센터,골목상권,한식음식점,26,2,1,4,4.0,4.96,0.96
독산동성당,골목상권,한식음식점,27,0,0,0,4.0,4.69,0.69
독산동정훈단지,골목상권,한식음식점,17,1,0,0,12.0,4.49,-7.51
독산역 1번 출입구,골목상권,한식음식점,8,0,0,0,0.0,3.54,3.54
돈의문센트레빌아파트입구,골목상권,한식음식점,2,0,0,0,0.0,2.42,2.42
돌곶이역 1번,골목상권,한식음식점,14,0,0,0,0.0,4.06,4.06
돌곶이역 3번,골목상권,한식음식점,9,0,0,0,0.0,3.65,3.65
돌곶이역 5번,골목상권,한식음식점,20,0,0,0,0.0,4.41,4.41
돌곶이역 8번,골목상권,한식음식점,22,0,1,5,5.0,4.46,-0.54
동교초등학교,골목상권,한식음식점,16,2,1,6,0.0,4.67,4.67
동구여중,골목상권,한식음식점,9,1,1,11,11.0,4.01,-6.99
동대문경찰서,골목상권,한식음식점,6,0,0,0,0.0,3.29,3.29
동대문구청,골목상권,한식음식점,34,0,0,0,3.0,4.91,1.91
동대문역 1번,골목상권,한식음식점,15,0,2,13,0.0,4.02,4.02
동대문역 3번,골목상권,한식음식점,9,0,0,0,13.0,3.64,-9.36
동대문역사문화공원역 5번,골목상권,한식음식점,32,0,0,0,0.0,4.85,4.85
동대문중앙새마을금고본점,골목상권,한식음식점,3,0,0,0,0.0,2.71,2.71
동대부고,골목상권,한식음식점,25,1,0,0,4.0,4.78,0.78
동대부여고,골목상권,한식음식점,18,1,3,17,0.0,4.43,4.43
동묘앞역 2번,골목상권,한식음식점,8,0,1,13,0.0,3.45,3.45
동묘앞역 3번,골목상권,한식음식점,4,0,0,0,0.0,2.94,2.94
동의보감타워,골목상권,한식음식점,15,0,0,0,0.0,4.12,4.12
동의초등학교,골목상권,한식음식점,8,1,1,13,0.0,3.97,3.97
동일여자고등학교,골목상권,한식음식점,11,0,1,9,0.0,3.76,3.76
동작구자원봉사센터,골목상권,한식음식점,2,0,0,0,0.0,2.42,2.42
두산초등학교,골목상권,한식음식점,12,0,0,0,0.0,3.91,3.91
둔촌2동주민센터,골목상권,한식음식점,18,0,0,0,0.0,4.3,4.3
둔촌고등학교(둔촌중학교),골목상권,한식음식점,5,0,0,0,0.0,3.12,3.12
둔촌동역 1번(한산중학교),골목상권,한식음식점,34,0,1,3,9.0,4.9,-4.1
둔촌동역 3번(성내3동주민센터),골목상권,한식음식점,24,1,0,0,9.0,4.73,-4.27
둔촌동역 4번,골목상권,한식음식점,14,0,0,0,0.0,4.06,4.06
등촌1동주민센터,골목상권,한식음식점,46,2,2,4,2.0,5.35,3.35
등촌3동주민센터,골목상권,한식음식점,47,2,2,4,4.0,5.37,1.37
등촌역 1번,골목상권,한식음식점,8,0,0,0,0.0,3.53,3.53
등촌역 4번,골목상권,한식음식점,3,0,0,0,0.0,2.71,2.71
등촌역 7번,골목상권,한식음식점,4,0,0,0,0.0,2.94,2.94
떡전교사거리,골목상권,한식음식점,14,3,2,14,7.0,4.8,-2.2
뚝섬역교차로,골목상권,한식음식점,12,1,0,0,0.0,4.23,4.23
뚝섬유원지역 1번,골목상권,한식음식점,3,0,0,0,0.0,2.71,2.71
뜸부기어린이공원,골목상권,한식음식점,15,0,2,13,7.0,4.05,-2.95
러스크서울병원,골목상권,한식음식점,23,1,0,0,9.0,4.7,-4.3
리움미술관,골목상권,한식음식점,3,0,0,0,0.0,2.71,2.71
마장역 2번,골목상권,한식음식점,16,1,0,0,6.0,4.42,-1.58
마장역 3번,골목상권,한식음식점,12,0,2,17,0.0,3.79,3.79
마장지하차도,골목상권,한식음식점,3,0,2,67,0.0,2.23,2.23
마천1치안센터,골목상권,한식음식점,5,1,0,0,0.0,3.93,3.93
마천공원,골목상권,한식음식점,2,0,0,0,0.0,2.45,2.45
마천역(마천초등학교),골목상권,한식음식점,68,1,2,3,1.0,5.67,4.67
마포FM,골목상권,한식음식점,8,0,0,0,14.0,3.53,-10.47
마포경찰서,골목상권,한식음식점,3,0,0,0,0.0,2.73,2.73
마포구청역 1번,골목상권,한식음식점,21,1,1,5,22.0,4.62,-17.38
마포구청역 4번,골목상권,한식음식점,20,1,0,0,5.0,4.6,-0.4
마포구청역 7번,골목상권,한식음식점,30,0,1,3,11.0,4.78,-6.22
마포역 4번,골목상권,한식음식점,6,1,1,17,0.0,3.84,3.84
만리재,골목상권,한식음식점,15,1,1,7,14.0,4.35,-9.65
말미고개,골목상권,한식음식점,31,2,1,3,7.0,5.09,-1.91
망리단길,골목상권,한식음식점,120,5,4,3,6.0,6.31,0.31
망우3동주민센터,골목상권,한식음식점,7,0,0,0,0.0,3.41,3.41
망우본동주민센터,골목상권,한식음식점,22,0,1,5,0.0,4.46,4.46
망우역 1번,골목상권,한식음식점,12,0,1,8,0.0,3.86,3.86
망우역 2번,골목상권,한식음식점,18,0,0,0,0.0,4.3,4.3
망원나들목체육관,골목상권,한식음식점,8,0,0,0,0.0,3.53,3.53
망원역 1번,골목상권,한식음식점,13,0,0,0,8.0,3.98,-4.02
매봉역 1번,골목상권,한식음식점,2,0,0,0,0.0,2.42,2.42
먹골역 1번,골목상권,한식음식점,12,0,1,8,0.0,3.87,3.87
먹골역 5번,골목상권,한식음식점,43,4,2,5,0.0,5.48,5.48
먹골파출소,골목상권,한식음식점,3,1,1,33,0.0,3.81,3.81
메가박스 상봉,골목상권,한식음식점,71,7,4,6,9.0,6.01,-2.99
메디힐병원,골목상권,한식음식점,33,2,1,3,7.0,5.11,-1.89
면동초등학교,골목상권,한식음식점,16,0,1,6,6.0,4.16,-1.84
면목2동체육관,골목상권,한식음식점,27,1,3,11,8.0,4.78,-3.22
면목5동주민센터,골목상권,한식음식점,13,0,0,0,0.0,3.98,3.98
면목동우체국,골목상권,한식음식점,23,0,0,0,5.0,4.53,-0.47
면목역 1번,골목상권,한식음식점,10,1,0,0,10.0,4.15,-5.85
면목역 2번,골목상권,한식음식점,34,0,0,0,6.0,4.92,-1.08
면목역 3번,골목상권,한식음식점,23,1,3,13,4.0,4.6,0.6
명일역 1번,골목상권,한식음식점,8,0,1,13,0.0,3.45,3.45
명지대학교,골목상권,한식음식점,69,2,6,9,7.0,5.68,-1.32
명지대학교교회,골목상권,한식음식점,33,1,2,6,3.0,4.97,1.97
모래내우체국,골목상권,한식음식점,23,0,1,4,0.0,4.51,4.51
목4동주민센터,골목상권,한식음식점,5,0,0,0,17.0,3.12,-13.88
목동로데오거리,골목상권,한식음식점,18,1,0,0,0.0,4.55,4.55
목동문화체육센터,골목상권,한식음식점,5,0,0,0,0.0,3.14,3.14
목동보건지소,골목상권,한식음식점,24,0,0,0,4.0,4.57,0.57
목동센트럴아이파크앞,골목상권,한식음식점,19,0,0,0,0.0,4.35,4.35
목동역 5번,골목상권,한식음식점,6,0,0,0,0.0,3.29,3.29
묘곡초등학교(고덕아이파크아파트),골목상권,한식음식점,27,3,2,7,0.0,5.09,5.09
무너미어린이공원,골목상권,한식음식점,4,0,0,0,0.0,2.94,2.94
문래동남성맨션,골목상권,한식음식점,3,0,0,0,0.0,2.71,2.71
문래동사거리,골목상권,한식음식점,9,0,0,0,0.0,3.64,3.64
문래소공원,골목상권,한식음식점,8,0,0,0,0.0,3.53,3.53
문래역 3번,골목상권,한식음식점,3,0,0,0,0.0,2.71,2.71
문래예술촌(문래창작촌),골목상권,한식음식점,142,8,6,4,6.0,6.56,0.56
문래중학교,골목상권,한식음식점,7,0,0,0,0.0,3.41,3.41
문성초등학교,골목상권,한식음식점,44,1,1,2,7.0,5.25,-1.75
문이교,골목상권,한식음식점,1,0,0,0,0.0,2.01,2.01
문정동성당,골목상권,한식음식점,7,2,1,14,14.0,4.5,-9.5
문정역 1번,골목상권,한식음식점,20,1,2,10,5.0,4.53,-0.47
문정역 2번,골목상권,한식음식점,26,0,0,0,0.0,4.65,4.65
문정초등학교,골목상권,한식음식점,22,2,2,9,5.0,4.79,-0.21
문현중학교(장지역 1번),골목상권,한식음식점,21,0,0,0,0.0,4.46,4.46
미근동,골목상권,한식음식점,34,0,1,3,0.0,4.9,4.9
미림여고,골목상권,한식음식점,3,0,0,0,0.0,2.71,2.71
미성동주민센터,골목상권,한식음식점,6,0,0,0,0.0,3.29,3.29
미성초등학교,골목상권,한식음식점,20,2,3,15,5.0,4.69,-0.31
미아사거리역 3번,골목상권,한식음식점,21,0,1,5,5.0,4.41,-0.59
미아역 5번,골목상권,한식음식점,15,2,0,0,7.0,4.64,-2.36
미아역 8번,골목상권,한식음식점,19,1,2,11,5.0,4.47,-0.53
미아초등학교,골목상권,한식음식점,6,0,1,17,0.0,3.18,3.18
바우뫼공원,골목상권,한식음식점,9,0,0,0,0.0,3.66,3.66
반포4동주민센터(몽마르뜨공원),골목상권,한식음식점,2,0,0,0,0.0,2.42,2.42
발바닥공원,골목상권,한식음식점,1,0,0,0,0.0,2.01,2.01
발산역 5번,골목상권,한식음식점,25,0,4,16,0.0,4.5,4.5
방배노인종합복지관(이수중학교),골목상권,한식음식점,6,0,0,0,0.0,3.29,3.29
방배동사이길,골목상권,한식음식점,3,1,1,33,0.0,3.83,3.83
방배아이파크아파트,골목상권,한식음식점,10,0,1,10,0.0,3.68,3.68
방배역 1번,골목상권,한식음식점,2,0,0,0,0.0,2.45,2.45
방배역 3번,골목상권,한식음식점,4,0,0,0,0.0,2.94,2.94
방배초등학교,골목상권,한식음식점,21,1,1,5,5.0,4.62,-0.38
방아다리근린공원(횃불트리니티신학대학원대학교),골목상권,한식음식점,4,0,0,0,0.0,2.97,2.97
방이동고분군(방산고등학교),골목상권,한식음식점,9,1,1,11,0.0,4.01,4.01
방이역 1번,골목상권,한식음식점,19,0,1,5,0.0,4.31,4.31
방이역 2번,골목상권,한식음식점,12,0,0,0,0.0,3.91,3.91
방이역 4번,골목상권,한식음식점,92,2,2,2,3.0,5.98,2.98
방학1동주민센터,골목상권,한식음식점,57,1,2,4,3.0,5.49,2.49
방학역 1번,골목상권,한식음식점,52,0,1,2,6.0,5.32,-0.68
방학역 2번,골목상권,한식음식점,42,2,0,0,2.0,5.34,3.34
방학중학교,골목상권,한식음식점,30,0,1,3,0.0,4.77,4.77
방학초등학교,골목상권,한식음식점,21,2,1,5,5.0,4.82,-0.18
방현초등학교(방배119안전센터),골목상권,한식음식점,9,0,0,0,0.0,3.66,3.66
방화역 1번,골목상권,한식음식점,22,0,0,0,5.0,4.49,-0.51
방화역 2번,골목상권,한식음식점,16,0,0,0,0.0,4.18,4.18
방화역 3번,골목상권,한식음식점,13,0,0,0,0.0,3.98,3.98
방화초등학교,골목상권,한식음식점,2,0,0,0,0.0,2.49,2.49
배꽃어린이공원,골목상권,한식음식점,2,0,0,0,0.0,2.42,2.42
배문고등학교,골목상권,한식음식점,19,1,0,0,24.0,4.56,-19.44
배화여자대학교(박노수미술관),골목상권,한식음식점,18,0,0,0,13.0,4.29,-8.71
백련산해모로아파트,골목상권,한식음식점,9,0,0,0,0.0,3.64,3.64
백산초등학교,골목상권,한식음식점,5,0,0,0,0.0,3.14,3.14
백석중학교,골목상권,한식음식점,1,0,0,0,0.0,2.01,2.01
번동주공2단지,골목상권,한식음식점,11,1,0,0,10.0,4.19,-5.81
벌말어린이공원,골목상권,한식음식점,12,0,2,17,0.0,3.78,3.78
법제교육센터(버들어린이공원),골목상권,한식음식점,6,0,0,0,0.0,3.29,3.29
베르사이유1아파트,골목상권,한식음식점,4,0,0,0,0.0,2.94,2.94
보라매동주민센터(당곡고등학교),골목상권,한식음식점,7,0,1,14,29.0,3.31,-25.69
보라매역 2번,골목상권,한식음식점,15,0,0,0,0.0,4.12,4.12
보라매역 4번,골목상권,한식음식점,9,0,0,0,25.0,3.66,-21.34
보라매역 6번,골목상권,한식음식점,25,1,0,0,8.0,4.78,-3.22
보문역 4번,골목상권,한식음식점,12,0,0,0,17.0,3.92,-13.08
보문역 5번,골목상권,한식음식점,21,1,0,0,10.0,4.65,-5.35
보문역 8번,골목상권,한식음식점,8,0,0,0,14.0,3.54,-10.46
보인중학교,골목상권,한식음식점,21,0,1,5,0.0,4.41,4.41
본마을노인복지센터(서초구립내곡도서관),골목상권,한식음식점,1,0,0,0,0.0,2.01,2.01
봉원사,골목상권,한식음식점,3,0,1,33,0.0,2.47,2.47
봉은사역 4번,골목상권,한식음식점,5,0,0,0,0.0,3.12,3.12
봉천역 1번(관악초등학교),골목상권,한식음식점,16,0,0,0,6.0,4.18,-1.82
봉천역 4번(봉천110안전센터),골목상권,한식음식점,45,3,6,13,2.0,5.39,3.39
봉천역 6번,골목상권,한식음식점,11,1,0,0,10.0,4.19,-5.81
북가좌2동주민센터,골목상권,한식음식점,21,1,1,5,5.0,4.62,-0.38
북가좌초등학교,골목상권,한식음식점,15,0,0,0,6.0,4.12,-1.88
북정마을,골목상권,한식음식점,1,0,0,0,0.0,2.01,2.01
북한산보국문역 1번,골목상권,한식음식점,5,1,0,0,0.0,3.94,3.94
북한산보국문역 2번,골목상권,한식음식점,6,0,0,0,0.0,3.29,3.29
북한산우이역 2번,골목상권,한식음식점,21,0,1,5,5.0,4.41,-0.59
불광역 3번,골목상권,한식음식점,13,1,1,8,0.0,4.25,4.25
불광역 7번,골목상권,한식음식점,27,1,0,0,4.0,4.86,0.86
불광역 8번,골목상권,한식음식점,9,0,0,0,0.0,3.65,3.65
불광중학교,골목상권,한식음식점,13,0,0,0,8.0,3.98,-4.02
사가정역 1번,골목상권,한식음식점,47,3,2,4,0.0,5.46,5.46
사가정역 4번,골목상권,한식음식점,9,0,1,11,0.0,3.58,3.58
사근동살곶이상점가,골목상권,한식음식점,14,0,0,0,8.0,4.06,-3.94
사당5동주민센터,골목상권,한식음식점,6,0,0,0,0.0,3.28,3.28
사당역 10번,골목상권,한식음식점,65,3,3,5,2.0,5.73,3.73
사당역 4번,골목상권,한식음식점,48,3,2,4,2.0,5.48,3.48
사당종합체육관,골목상권,한식음식점,1,0,0,0,0.0,2.01,2.01
사직공원(한국사회과학도서관),골목상권,한식음식점,4,0,0,0,0.0,2.94,2.94
삼각산119안전센터,골목상권,한식음식점,5,0,1,20,0.0,2.98,2.98
삼각지역 14번,골목상권,한식음식점,8,0,0,0,0.0,3.54,3.54
삼각지역 3번,골목상권,한식음식점,11,2,3,27,0.0,4.37,4.37
삼광초등학교,골목상권,한식음식점,8,0,0,0,0.0,3.54,3.54
삼선동주민센터,골목상권,한식음식점,36,3,0,0,11.0,5.3,-5.7
삼선중학교,골목상권,한식음식점,19,1,0,0,6.0,4.55,-1.45
삼성산자연공원(서울금천초등학교),골목상권,한식음식점,17,0,0,0,12.0,4.24,-7.76
삼성중앙역 5번,골목상권,한식음식점,8,0,0,0,0.0,3.55,3.55
삼성중앙역 7번,골목상권,한식음식점,1,0,0,0,0.0,2.01,2.01
삼양사거리역 1번,골목상권,한식음식점,5,0,0,0,0.0,3.14,3.14
삼양사거리역 2번,골목상권,한식음식점,11,0,0,0,10.0,3.83,-6.17
삼양입구사거리,골목상권,한식음식점,30,1,0,0,0.0,4.91,4.91
삼육보건대학교,골목상권,한식음식점,33,0,1,3,10.0,4.87,-5.13
삼전역 1번,골목상권,한식음식점,60,2,7,12,9.0,5.52,-3.48
삼전역 3번,골목상권,한식음식점,26,1,3,12,0.0,4.74,4.74
삼전역 4번,골목상권,한식음식점,36,1,5,14,0.0,5.0,5.0
상계2동주민센터,골목상권,한식음식점,41,3,2,5,2.0,5.35,3.35
상계5동주민센터,골목상권,한식음식점,60,4,2,3,5.0,5.75,0.75
상계역,골목상권,한식음식점,86,3,3,4,4.0,5.98,1.98
상계제일중학교,골목상권,한식음식점,7,0,0,0,0.0,3.42,3.42
상계초등학교,골목상권,한식음식점,42,0,2,5,2.0,5.1,3.1
상도1동주민센터앞,골목상권,한식음식점,6,0,0,0,0.0,3.31,3.31
상도4동주민센터,골목상권,한식음식점,8,0,0,0,0.0,3.53,3.53
상도역 1번,골목상권,한식음식점,11,0,0,0,10.0,3.86,-6.14
상도역 2번,골목상권,한식음식점,11,1,1,9,10.0,4.13,-5.87
상도역 5번,골목상권,한식음식점,33,2,0,0,0.0,5.14,5.14
상도초등학교,골목상권,한식음식점,8,0,0,0,0.0,3.53,3.53
상봉역 3번,골목상권,한식음식점,84,4,4,5,6.0,5.99,-0.01
상봉역 4번,골목상권,한식음식점,51,2,1,2,4.0,5.47,1.47
상봉역 7번,골목상권,한식음식점,17,2,2,12,11.0,4.64,-6.36
상수역 3번,골목상권,한식음식점,3,0,0,0,0.0,2.71,2.71
상수역 4번,골목상권,한식음식점,22,0,0,0,5.0,4.49,-0.51
상왕십리역 3번,골목상권,한식음식점,14,0,2,14,0.0,3.96,3.96
상왕십리역 6번,골목상권,한식음식점,6,0,0,0,0.0,3.28,3.28
상월곡역 1번,골목상권,한식음식점,28,1,1,4,0.0,4.86,4.86
상월곡역 2번,골목상권,한식음식점,21,0,0,0,5.0,4.44,-0.56
상월곡역 3번,골목상권,한식음식점,5,0,0,0,25.0,3.12,-21.88
상일여고(상일초등학교),골목상권,한식음식점,82,6,7,9,5.0,6.01,1.01
새남터성지,골목상권,한식음식점,7,1,0,0,0.0,3.98,3.98
새절역 2번,골목상권,한식음식점,13,0,0,0,0.0,3.99,3.99
새절역 3번,골목상권,한식음식점,12,0,1,8,9.0,3.85,-5.15
새터산,골목상권,한식음식점,9,1,0,0,0.0,4.09,4.09
샘말어린이공원,골목상권,한식음식점,11,1,0,0,0.0,4.2,4.2
샤로수길,골목상권,한식음식점,130,11,2,2,4.0,6.61,2.61
서강대역 1번,골목상권,한식음식점,37,1,1,3,3.0,5.11,2.11
서강대학교,골목상권,한식음식점,1,0,0,0,0.0,2.01,2.01
서경대학교,골목상권,한식음식점,20,2,4,20,0.0,4.67,4.67
서대문구보건소별관,골목상권,한식음식점,11,0,0,0,0.0,3.83,3.83
서대문구청,골목상권,한식음식점,2,0,0,0,0.0,2.42,2.42
서대문소방서,골목상권,한식음식점,7,1,0,0,0.0,3.98,3.98
서대문우체국,골목상권,한식음식점,9,1,0,0,0.0,4.09,4.09
서래초등학교,골목상권,한식음식점,3,1,0,0,0.0,4.05,4.05
서문여고,골목상권,한식음식점,2,0,0,0,100.0,2.42,-97.58
서빙고동주민센터,골목상권,한식음식점,3,0,0,0,0.0,2.73,2.73
서빙고역 1번,골목상권,한식음식점,2,0,0,0,0.0,2.42,2.42
서서울호수공원,골목상권,한식음식점,4,0,0,0,0.0,2.94,2.94
서연중학교,골목상권,한식음식점,3,0,0,0,0.0,2.71,2.71
서울공연예술고등학교,골목상권,한식음식점,5,0,0,0,0.0,3.12,3.12
서울과학기술대,골목상권,한식음식점,19,0,0,0,11.0,4.36,-6.64
서울교통공사,골목상권,한식음식점,9,0,0,0,0.0,3.65,3.65
서울국제고등학교,골목상권,한식음식점,27,1,1,4,0.0,4.83,4.83
서울금융고등학교,골목상권,한식음식점,7,0,0,0,0.0,3.42,3.42
서울대병원,골목상권,한식음식점,12,0,0,0,0.0,3.93,3.93
서울대입구역 8번,골목상권,한식음식점,15,3,3,20,0.0,4.79,4.79
서울독일학교,골목상권,한식음식점,8,1,0,0,0.0,4.06,4.06
서울북부고용노동지청,골목상권,한식음식점,8,0,0,0,13.0,3.53,-9.47
서울산업정보학교(서울삼성초등학교),골목상권,한식음식점,2,0,0,0,0.0,2.42,2.42
서울서부지방법원,골목상권,한식음식점,69,2,1,1,3.0,5.73,2.73
서울숲역 1번,골목상권,한식음식점,8,0,0,0,13.0,3.53,-9.47
서울숲카페거리,골목상권,한식음식점,10,2,0,0,0.0,4.55,4.55
서울시립대,골목상권,한식음식점,14,1,0,0,27.0,4.34,-22.66
서울시인재개발원,골목상권,한식음식점,4,0,1,25,25.0,2.76,-22.24
서울여자간호대학교,골목상권,한식음식점,14,2,1,7,0.0,4.57,4.57
서울역 12번,골목상권,한식음식점,67,2,3,5,2.0,5.68,3.68
서울역 15번,골목상권,한식음식점,34,2,0,0,3.0,5.16,2.16
서울지방병무청,골목상권,한식음식점,14,1,1,7,0.0,4.29,4.29
서울축산농협 독산역지점(독산파출소),골목상권,한식음식점,17,0,0,0,6.0,4.25,-1.75
서울프랑스학교,골목상권,한식음식점,3,0,0,0,0.0,2.71,2.71
서원동주민센터(신관중학교),골목상권,한식음식점,12,0,1,8,9.0,3.86,-5.14
서일대학교,골목상권,한식음식점,22,0,1,5,5.0,4.46,-0.54
서초동성당,골목상권,한식음식점,5,0,0,0,0.0,3.12,3.12
서초소방서,골목상권,한식음식점,1,0,0,0,0.0,2.01,2.01
서초우방유쉘아파트,골목상권,한식음식점,2,0,0,0,0.0,2.42,2.42
서초중학교,골목상권,한식음식점,10,0,1,10,0.0,3.67,3.67
석계역 1번,골목상권,한식음식점,45,0,0,0,0.0,5.2,5.2
석계역 2번,골목상권,한식음식점,24,0,3,13,0.0,4.48,4.48
석계역 7번,골목상권,한식음식점,76,2,3,4,1.0,5.82,4.82
석관고등학교,골목상권,한식음식점,11,0,0,0,0.0,3.83,3.83
석관중앙교회,골목상권,한식음식점,19,2,3,16,5.0,4.68,-0.32
석수역 1번 출입구,골목상권,한식음식점,17,1,1,6,0.0,4.45,4.45
석촌고분역 1번,골목상권,한식음식점,38,0,0,0,0.0,5.03,5.03
석촌고분역 3번,골목상권,한식음식점,17,1,0,0,6.0,4.48,-1.52
석촌고분역 4번,골목상권,한식음식점,14,2,0,0,0.0,4.63,4.63
석촌역 3번,골목상권,한식음식점,24,5,3,13,4.0,5.33,1.33
석촌역 6번,골목상권,한식음식점,28,1,3,11,8.0,4.81,-3.19
석촌역 7번,골목상권,한식음식점,72,1,1,1,1.0,5.7,4.7
석촌중학교(방이육교),골목상권,한식음식점,4,0,1,25,100.0,2.76,-97.24
선사초등학교,골목상권,한식음식점,4,0,0,0,25.0,2.94,-22.06
선유도역 1번,골목상권,한식음식점,54,0,0,0,0.0,5.38,5.38
선유도역 6번,골목상권,한식음식점,29,0,0,0,0.0,4.77,4.77
선일여고,골목상권,한식음식점,10,0,0,0,0.0,3.74,3.74
선정릉역 4번,골목상권,한식음식점,8,0,1,13,0.0,3.44,3.44
선정중학교,골목상권,한식음식점,5,1,5,100,0.0,3.21,3.21
성곡미술관,골목상권,한식음식점,13,0,0,0,8.0,3.99,-4.01
성균관대학교,골목상권,한식음식점,19,0,1,5,0.0,4.32,4.32
성남고등학교,골목상권,한식음식점,8,0,0,0,0.0,3.55,3.55
성내중학교,골목상권,한식음식점,5,0,0,0,0.0,3.12,3.12
성내천어린이공원(하니사랑길),골목상권,한식음식점,17,0,0,0,0.0,4.25,4.25
성동구립금호도서관,골목상권,한식음식점,3,0,0,0,0.0,2.73,2.73
성동구보건소,골목상권,한식음식점,10,1,1,10,0.0,4.07,4.07
성동세무서,골목상권,한식음식점,15,1,1,7,7.0,4.36,-2.64
성동초등학교,골목상권,한식음식점,12,0,0,0,0.0,3.91,3.91
성미산체육관,골목상권,한식음식점,12,0,0,0,0.0,3.91,3.91
성북초등학교앞,골목상권,한식음식점,8,0,1,13,14.0,3.44,-10.56
성산중학교,골목상권,한식음식점,22,1,1,5,0.0,4.66,4.66
성서초등학교,골목상권,한식음식점,17,0,0,0,6.0,4.25,-1.75
성수119안전센터,골목상권,한식음식점,35,3,1,3,3.0,5.29,2.29
성수1가1동주민센터,골목상권,한식음식점,7,0,1,14,0.0,3.31,3.31
성수2가3동주민센터,골목상권,한식음식점,5,0,0,0,0.0,3.12,3.12
성수동카페거리,골목상권,한식음식점,62,4,0,0,3.0,5.8,2.8
성수초등학교,골목상권,한식음식점,61,2,2,3,0.0,5.6,5.6
성신여대운정그린캠퍼스,골목상권,한식음식점,49,2,0,0,4.0,5.44,1.44
성신여대입구역 1번,골목상권,한식음식점,9,0,2,22,0.0,3.49,3.49
성신여대입구역 4번,골목상권,한식음식점,10,1,1,10,25.0,4.07,-20.93
성신여대입구역 7번,골목상권,한식음식점,13,0,0,0,0.0,3.99,3.99
성심여자고등학교,골목상권,한식음식점,18,2,0,0,6.0,4.74,-1.26
성원어린이공원,골목상권,한식음식점,13,1,0,0,7.0,4.32,-2.68
성원중학교,골목상권,한식음식점,51,1,2,4,4.0,5.37,1.37
성자초등학교,골목상권,한식음식점,14,0,0,0,15.0,4.06,-10.94
세검정,골목상권,한식음식점,6,0,0,0,0.0,3.28,3.28
세검정초등학교,골목상권,한식음식점,5,0,0,0,0.0,3.12,3.12
세곡초등학교,골목상권,한식음식점,20,2,2,10,0.0,4.74,4.74
세명컴퓨터고등학교,골목상권,한식음식점,7,0,0,0,0.0,3.41,3.41
세종대왕기념관교차로,골목상권,한식음식점,3,0,0,0,0.0,2.71,2.71
세종대학교,골목상권,한식음식점,2,0,1,50,0.0,2.13,2.13
세화어린이공원,골목상권,한식음식점,5,1,0,0,25.0,3.93,-21.07
솔밭공원역 1번,골목상권,한식음식점,4,0,0,0,0.0,2.94,2.94
솔밭공원역 2번,골목상권,한식음식점,22,1,1,5,5.0,4.66,-0.34
솔숲어린이공원,골목상권,한식음식점,2,0,0,0,0.0,2.42,2.42
송정역 2번,골목상권,한식음식점,9,0,0,0,0.0,3.64,3.64
송정역 3번,골목상권,한식음식점,42,1,1,2,2.0,5.2,3.2
송정역 4번,골목상권,한식음식점,1,1,1,100,0.0,5.33,5.33
송정체육공원,골목상권,한식음식점,14,1,0,0,0.0,4.34,4.34
송중동주민센터,골목상권,한식음식점,10,2,0,0,0.0,4.55,4.55
송중초등학교,골목상권,한식음식점,26,0,1,4,4.0,4.62,0.62
송천동주민센터,골목상권,한식음식점,4,0,0,0,0.0,2.97,2.97
송천초등학교,골목상권,한식음식점,14,0,0,0,0.0,4.06,4.06
송파나루역 1번(송리단길),골목상권,한식음식점,76,3,5,7,5.0,5.83,0.83
송파나루역 2번,골목상권,한식음식점,37,0,1,3,9.0,4.98,-4.02
송파나루역 3번,골목상권,한식음식점,5,2,0,0,0.0,4.75,4.75
송파역 2번,골목상권,한식음식점,2,0,0,0,0.0,2.42,2.42
송파책박물관,골목상권,한식음식점,5,0,0,0,0.0,3.12,3.12
수궁동주민센터,골목상권,한식음식점,10,0,1,10,0.0,3.67,3.67
수락산디자인거리,골목상권,한식음식점,70,0,4,6,3.0,5.6,2.6
수락산역 4번,골목상권,한식음식점,37,1,1,3,3.0,5.1,2.1
수색성당,골목상권,한식음식점,5,0,0,0,0.0,3.12,3.12
수색역 1번,골목상권,한식음식점,7,0,0,0,0.0,3.41,3.41
수송초등학교,골목상권,한식음식점,47,3,3,6,4.0,5.44,1.44
수유1동주민센터,골목상권,한식음식점,13,0,0,0,8.0,3.98,-4.02
수유동우체국,골목상권,한식음식점,10,0,0,0,0.0,3.74,3.74
수유북부시장옆,골목상권,한식음식점,8,1,1,13,0.0,3.97,3.97
수유시장옆,골목상권,한식음식점,22,1,2,9,10.0,4.63,-5.37
수유역 2번,골목상권,한식음식점,20,1,2,10,5.0,4.53,-0.47
수유초등학교,골목상권,한식음식점,35,7,3,9,16.0,5.69,-10.31
수족관거리,골목상권,한식음식점,4,1,1,25,25.0,3.77,-21.23
숙대입구,골목상권,한식음식점,54,5,4,7,2.0,5.7,3.7
숙대입구역 1번,골목상권,한식음식점,14,1,1,7,15.0,4.3,-10.7
숭곡초등학교,골목상권,한식음식점,55,1,1,2,4.0,5.46,1.46
숭실대입구역 1번,골목상권,한식음식점,18,0,0,0,0.0,4.29,4.29
숭실대입구역 4번,골목상권,한식음식점,33,0,2,6,3.0,4.85,1.85
시립대앞사거리,골목상권,한식음식점,18,0,0,0,12.0,4.3,-7.7
시립서북병원,골목상권,한식음식점,31,0,6,19,3.0,4.69,1.69
시조사삼거리,골목상권,한식음식점,3,0,0,0,0.0,2.71,2.71
시흥3동 우편취급국,골목상권,한식음식점,3,0,0,0,0.0,2.71,2.71
시흥4동주민센터(서울신흥초등학교),골목상권,한식음식점,17,0,0,0,6.0,4.24,-1.76
시흥동 은행나무사거리,골목상권,한식음식점,23,1,1,4,0.0,4.66,4.66
시흥초등학교(시흥1동우체국),골목상권,한식음식점,23,2,1,4,14.0,4.87,-9.13
신곡초등학교,골목상권,한식음식점,3,0,1,33,0.0,2.47,2.47
신광명마을,골목상권,한식음식점,5,0,0,0,0.0,3.12,3.12
신구중학교,골목상권,한식음식점,5,2,0,0,0.0,4.74,4.74
신금호역 4번,골목상권,한식음식점,7,0,1,14,0.0,3.31,3.31
신길2동우편취급국,골목상권,한식음식점,15,0,0,0,7.0,4.12,-2.88
신길3동주민센터,골목상권,한식음식점,21,0,0,0,24.0,4.44,-19.56
신길6동주민센터,골목상권,한식음식점,24,0,0,0,0.0,4.58,4.58
신길대성유니드아파트,골목상권,한식음식점,3,1,0,0,0.0,4.05,4.05
신길동홍어거리,골목상권,한식음식점,6,1,1,17,0.0,3.86,3.86
신길새마을금고신길4동지점,골목상권,한식음식점,9,0,0,0,0.0,3.65,3.65
신길역 1번,골목상권,한식음식점,2,0,0,0,0.0,2.42,2.42
신길역 3번,골목상권,한식음식점,6,0,2,33,0.0,3.04,3.04
신내1동주민센터,골목상권,한식음식점,84,4,1,1,1.0,6.02,5.02
신내IC북측,골목상권,한식음식점,1,0,0,0,0.0,2.01,2.01
신내역 1번,골목상권,한식음식점,7,0,0,0,0.0,3.41,3.41
신내역 2번,골목상권,한식음식점,7,0,0,0,17.0,3.44,-13.56
신당역 3번,골목상권,한식음식점,42,0,1,2,2.0,5.11,3.11
신대림초등학교,골목상권,한식음식점,1,0,0,0,0.0,2.01,2.01
신대방삼거리역 1번,골목상권,한식음식점,5,0,0,0,0.0,3.12,3.12
신대방삼거리역 3번,골목상권,한식음식점,5,0,0,0,0.0,3.14,3.14
신대방역 1번,골목상권,한식음식점,7,0,0,0,0.0,3.43,3.43
신대방역 2번,골목상권,한식음식점,38,3,0,0,3.0,5.36,2.36
신대방역 3번,골목상권,한식음식점,4,2,0,0,0.0,4.98,4.98
신대방역 4번,골목상권,한식음식점,28,3,0,0,7.0,5.17,-1.83
신림역 1번,골목상권,한식음식점,3,0,0,0,0.0,2.76,2.76
"신림역 5번(신림동주민센터, 신림동별빛거리)",골목상권,한식음식점,55,0,2,4,5.0,5.37,0.37
신림역 8번,골목상권,한식음식점,26,0,0,0,7.0,4.66,-2.34
신림우방아파트,골목상권,한식음식점,8,0,0,0,29.0,3.55,-25.45
신림주공2단지(광신고등학교),골목상권,한식음식점,1,0,0,0,0.0,2.01,2.01
신림초등학교,골목상권,한식음식점,4,1,1,25,25.0,3.77,-21.23
신림현대아파트,골목상권,한식음식점,6,2,0,0,20.0,4.61,-15.39
신목동역,골목상권,한식음식점,2,0,0,0,0.0,2.42,2.42
신묵초등학교,골목상권,한식음식점,33,0,0,0,0.0,4.89,4.89
신방화역 2번,골목상권,한식음식점,40,3,0,0,5.0,5.4,0.4
신방화역 8번,골목상권,한식음식점,11,0,0,0,0.0,3.83,3.83
신사1동주민센터,골목상권,한식음식점,28,1,1,4,11.0,4.85,-6.15
신사은행나무공원,골목상권,한식음식점,5,0,0,0,0.0,3.12,3.12
신서초등학교,골목상권,한식음식점,23,1,2,9,14.0,4.63,-9.37
신설동역 12번,골목상권,한식음식점,18,0,2,11,0.0,4.22,4.22
신설동역 9번,골목상권,한식음식점,11,0,2,18,0.0,3.7,3.7
신성초등학교,골목상권,한식음식점,34,1,2,6,0.0,4.99,4.99
신수동주민센터,골목상권,한식음식점,11,0,0,0,0.0,3.83,3.83
신원동주민센터,골목상권,한식음식점,23,0,0,0,8.0,4.54,-3.46
신월1동우편취급국,골목상권,한식음식점,38,1,0,0,3.0,5.15,2.15
신월1동주민센터,골목상권,한식음식점,32,1,0,0,6.0,4.99,-1.01
신월1파출소,골목상권,한식음식점,24,1,1,4,0.0,4.71,4.71
신월2동주민센터,골목상권,한식음식점,7,2,1,14,17.0,4.49,-12.51
신월3동주민센터,골목상권,한식음식점,27,1,1,4,0.0,4.83,4.83
신월4동주민센터,골목상권,한식음식점,18,0,1,6,0.0,4.25,4.25
신월7동주민센터,골목상권,한식음식점,27,0,1,4,4.0,4.66,0.66
신월문화체육센터,골목상권,한식음식점,18,1,2,11,0.0,4.46,4.46
신월시영아파트중문,골목상권,한식음식점,8,0,1,13,0.0,3.44,3.44
신월중학교,골목상권,한식음식점,7,0,0,0,0.0,3.42,3.42
신자초등학교,골목상권,한식음식점,17,0,0,0,0.0,4.24,4.24
신정2동주민센터,골목상권,한식음식점,28,2,1,4,4.0,4.99,0.99
신정네거리역 4번,골목상권,한식음식점,8,1,1,13,0.0,3.97,3.97
신정롯데캐슬아파트,골목상권,한식음식점,27,0,0,0,0.0,4.69,4.69
신정역 1번,골목상권,한식음식점,12,0,0,0,0.0,3.92,3.92
신정역 5번,골목상권,한식음식점,20,1,1,5,10.0,4.57,-5.43
신중초등학교,골목상권,한식음식점,5,1,1,20,0.0,3.79,3.79
신진과학기술고등학교,골목상권,한식음식점,6,0,0,0,20.0,3.3,-16.7
신창초등학교,골목상권,한식음식점,54,1,4,7,2.0,5.41,3.41
신촌역 6번,골목상권,한식음식점,4,1,1,25,0.0,3.77,3.77
신풍역 1번,골목상권,한식음식점,19,2,2,11,11.0,4.72,-6.28
신풍역 2번,골목상권,한식음식점,5,1,0,0,0.0,3.93,3.93
신풍역 3번,골목상권,한식음식점,8,1,0,0,0.0,4.06,4.06
신풍역 6번(신길6동공영주차장),골목상권,한식음식점,1,0,0,0,0.0,2.01,2.01
신한은행 방학동지점,골목상권,한식음식점,15,2,1,7,14.0,4.59,-9.41
신한은행 신월동지점,골목상권,한식음식점,43,2,2,5,7.0,5.32,-1.68
싸리고개근린공원,골목상권,한식음식점,1,0,0,0,0.0,2.01,2.01
쌍문2동우체국,골목상권,한식음식점,40,0,0,0,0.0,5.08,5.08
쌍문역1번(쌍리단길),골목상권,한식음식점,22,1,2,9,10.0,4.62,-5.38
쌍문초등학교,골목상권,한식음식점,15,0,1,7,0.0,4.07,4.07
아래방죽마을공원(율현초등학교),골목상권,한식음식점,4,0,0,0,0.0,2.95,2.95
아차산역 1번,골목상권,한식음식점,36,0,1,3,3.0,4.95,1.95
아차산역 5번,골목상권,한식음식점,1,0,0,0,0.0,2.01,2.01
아카데미하우스,골목상권,한식음식점,17,1,0,0,0.0,4.49,4.49
아현역 1번,골목상권,한식음식점,6,1,0,0,0.0,3.97,3.97
아현역 2번,골목상권,한식음식점,12,0,0,0,0.0,3.91,3.91
아현역 4번,골목상권,한식음식점,4,0,0,0,0.0,2.95,2.95
안암역 2번,골목상권,한식음식점,38,0,0,0,5.0,5.03,0.03
안암역 3번,골목상권,한식음식점,57,1,2,4,2.0,5.49,3.49
암사동성당(효정하나플러스아파트),골목상권,한식음식점,23,0,2,9,5.0,4.47,-0.53
암사역 1번,골목상권,한식음식점,40,0,1,3,3.0,5.06,2.06
암사역 2번(서울강동초등학교),골목상권,한식음식점,65,3,5,8,6.0,5.7,-0.3
암사역 3번(천호동자전거거리),골목상권,한식음식점,30,1,1,3,3.0,4.89,1.89
암사역 4번(삼성광나루아파트),골목상권,한식음식점,4,0,0,0,0.0,2.95,2.95
애오개역 3번,골목상권,한식음식점,2,0,0,0,0.0,2.42,2.42
약수역 7번,골목상권,한식음식점,9,0,0,0,13.0,3.64,-9.36
양목초등학교,골목상권,한식음식점,5,0,0,0,0.0,3.12,3.12
양원초등학교,골목상권,한식음식점,10,0,1,10,0.0,3.67,3.67
양재근린공원(양재2동주민센터),골목상권,한식음식점,4,1,0,0,0.0,3.97,3.97
양재역 8번(양재동우체국),골목상권,한식음식점,75,1,3,4,4.0,5.72,1.72
양지어린이공원,골목상권,한식음식점,16,0,0,0,13.0,4.18,-8.82
양천향교역 2번,골목상권,한식음식점,18,1,1,6,6.0,4.5,-1.5
양천향교역 5번,골목상권,한식음식점,42,1,1,2,8.0,5.2,-2.8
양천향교역 7번,골목상권,한식음식점,58,4,5,9,7.0,5.68,-1.32
양평역 2번,골목상권,한식음식점,36,0,1,3,3.0,4.96,1.96
양화대교북단,골목상권,한식음식점,4,0,0,0,25.0,2.94,-22.06
양화초등학교,골목상권,한식음식점,5,0,0,0,0.0,3.12,3.12
어린이대공원역 3번,골목상권,한식음식점,29,0,2,7,4.0,4.72,0.72
어린이대공원역 4번,골목상권,한식음식점,7,0,0,0,17.0,3.43,-13.57
언남고등학교,골목상권,한식음식점,2,0,0,0,0.0,2.42,2.42
언북중학교,골목상권,한식음식점,16,0,1,6,0.0,4.14,4.14
언북초등학교,골목상권,한식음식점,11,1,0,0,0.0,4.19,4.19
언주역 3번,골목상권,한식음식점,25,0,0,0,0.0,4.63,4.63
언주역 6번,골목상권,한식음식점,24,1,1,4,33.0,4.71,-28.29
언주역 8번,골목상권,한식음식점,2,0,0,0,100.0,2.45,-97.55
역삼역 4번,골목상권,한식음식점,5,0,0,0,0.0,3.12,3.12
역삼역 8번,골목상권,한식음식점,7,0,0,0,0.0,3.43,3.43
역촌노인복지관,골목상권,한식음식점,31,1,0,0,7.0,4.95,-2.05
역촌역 2번,골목상권,한식음식점,8,0,0,0,14.0,3.53,-10.47
역촌역 3번,골목상권,한식음식점,10,0,0,0,0.0,3.75,3.75
연가초등학교,골목상권,한식음식점,18,2,0,0,0.0,4.74,4.74
연산군묘,골목상권,한식음식점,2,0,0,0,0.0,2.42,2.42
연신내역 2번,골목상권,한식음식점,21,0,3,14,0.0,4.34,4.34
연신내역 3번,골목상권,한식음식점,7,0,0,0,0.0,3.41,3.41
연신내역 4번,골목상권,한식음식점,32,1,2,6,3.0,4.94,1.94
연신내역 5번,골목상권,한식음식점,23,0,0,0,9.0,4.54,-4.46
연신내역 7번,골목상권,한식음식점,31,1,2,7,0.0,4.89,4.89
연신내우체국,골목상권,한식음식점,16,0,0,0,0.0,4.18,4.18
연신초등학교,골목상권,한식음식점,7,0,0,0,0.0,3.41,3.41
연천초등학교,골목상권,한식음식점,9,1,1,11,0.0,4.02,4.02
연트럴파크(연남동주민센터),골목상권,한식음식점,18,3,0,0,0.0,4.98,4.98
연희대우아파트앞,골목상권,한식음식점,16,1,1,6,0.0,4.38,4.38
연희세브란스병원,골목상권,한식음식점,13,0,0,0,0.0,3.98,3.98
연희임광아파트,골목상권,한식음식점,4,0,0,0,0.0,2.95,2.95
연희지하차도,골목상권,한식음식점,2,0,0,0,0.0,2.42,2.42
연희초등학교,골목상권,한식음식점,6,0,0,0,0.0,3.28,3.28
연희파출소,골목상권,한식음식점,10,0,0,0,0.0,3.74,3.74
열정도,골목상권,한식음식점,17,1,0,0,0.0,4.48,4.48
염곡동 구룡사(포이동성당),골목상권,한식음식점,45,2,1,2,0.0,5.34,5.34
염리초등학교,골목상권,한식음식점,2,0,0,0,0.0,2.42,2.42
염창무학아파트,골목상권,한식음식점,3,0,0,0,0.0,2.71,2.71
염창역 2번,골목상권,한식음식점,9,1,0,0,13.0,4.11,-8.89
영동대교남단,골목상권,한식음식점,2,0,0,0,0.0,2.42,2.42
영동초등학교,골목상권,한식음식점,11,1,0,0,10.0,4.2,-5.8
영등포구청역 2번,골목상권,한식음식점,29,0,1,3,16.0,4.75,-11.25
영등포구청역 6번,골목상권,한식음식점,24,1,0,0,0.0,4.74,4.74
영등포동성당,골목상권,한식음식점,7,0,0,0,0.0,3.41,3.41
영등포본동주민센터,골목상권,한식음식점,4,1,0,0,33.0,3.95,-29.05
영등포시장역 1번,골목상권,한식음식점,15,0,2,13,0.0,4.03,4.03
영등포시장역 3번,골목상권,한식음식점,5,0,0,0,0.0,3.12,3.12
영등포시장역 4번,골목상권,한식음식점,15,0,2,13,7.0,4.03,-2.97
영등포역 2번,골목상권,한식음식점,29,1,0,0,4.0,4.88,0.88
영등포푸르지오아파트,골목상권,한식음식점,15,1,0,0,0.0,4.41,4.41
영락고등학교,골목상권,한식음식점,18,0,0,0,0.0,4.3,4.3
영서중학교,골목상권,한식음식점,2,0,0,0,0.0,2.49,2.49
영신여고,골목상권,한식음식점,11,1,0,0,0.0,4.2,4.2
영신초등학교,골목상권,한식음식점,41,1,1,2,2.0,5.17,3.17
영천시장입구,골목상권,한식음식점,6,0,1,17,0.0,3.17,3.17
예술인마을,골목상권,한식음식점,3,0,0,0,0.0,2.71,2.71
예일여고,골목상권,한식음식점,11,0,0,0,0.0,3.83,3.83
오거리공원,골목상권,한식음식점,35,1,1,3,0.0,5.04,5.04
오금공원(오주중학교),골목상권,한식음식점,11,2,2,18,9.0,4.42,-4.58
오금역 4번,골목상권,한식음식점,2,0,0,0,0.0,2.42,2.42
오동나무공원(송파레미니스1단지),골목상권,한식음식점,17,0,0,0,0.0,4.24,4.24
오류2동버들시장,골목상권,한식음식점,44,1,1,2,4.0,5.24,1.24
오류고등학교,골목상권,한식음식점,1,0,0,0,0.0,2.01,2.01
오류동역 1번,골목상권,한식음식점,3,0,0,0,0.0,2.71,2.71
오류동역 3번,골목상권,한식음식점,13,0,0,0,8.0,3.99,-4.01
오류동역 4번,골목상권,한식음식점,5,0,0,0,0.0,3.12,3.12
오류지구대,골목상권,한식음식점,10,0,0,0,0.0,3.74,3.74
오산고등학교,골목상권,한식음식점,16,0,1,6,7.0,4.14,-2.86
오산중학교,골목상권,한식음식점,12,0,0,0,0.0,3.91,3.91
옥수동우편취급국,골목상권,한식음식점,2,0,0,0,0.0,2.45,2.45
옥수역 6번,골목상권,한식음식점,20,1,1,5,11.0,4.57,-6.43
옥수터널,골목상권,한식음식점,1,0,0,0,0.0,2.01,2.01
옥정중학교,골목상권,한식음식점,4,0,0,0,0.0,2.94,2.94
온수역 1번,골목상권,한식음식점,3,0,0,0,0.0,2.73,2.73
온수역 5번(온수산업단지),골목상권,한식음식점,11,0,0,0,0.0,3.83,3.83
왕십리역 9번,골목상권,한식음식점,17,1,2,12,39.0,4.41,-34.59
왕십리파출소,골목상권,한식음식점,6,0,0,0,0.0,3.28,3.28
외대앞역 1번,골목상권,한식음식점,62,0,1,2,6.0,5.5,-0.5
외대앞역 2번,골목상권,한식음식점,19,0,0,0,0.0,4.36,4.36
용강동주민센터,골목상권,한식음식점,9,1,1,11,0.0,4.01,4.01
용두동신동아아파트,골목상권,한식음식점,22,0,1,5,0.0,4.46,4.46
용두사거리,골목상권,한식음식점,5,1,0,0,0.0,3.94,3.94
용두초등학교,골목상권,한식음식점,7,0,0,0,0.0,3.41,3.41
용두희망어린이공원,골목상권,한식음식점,2,0,0,0,0.0,2.42,2.42
용마문화복지센터,골목상권,한식음식점,13,0,0,0,0.0,3.99,3.99
용마초등학교,골목상권,한식음식점,27,5,3,11,0.0,5.38,5.38
용산구청,골목상권,한식음식점,25,1,0,0,4.0,4.78,0.78
용산세무서,골목상권,한식음식점,1,0,0,0,0.0,2.07,2.07
우리은행응암동지점,골목상권,한식음식점,11,0,1,9,0.0,3.77,3.77
우리은행체육관,골목상권,한식음식점,13,0,0,0,0.0,3.99,3.99
우면주공아파트,골목상권,한식음식점,17,1,0,0,6.0,4.48,-1.52
우사단길,골목상권,한식음식점,20,0,3,15,5.0,4.29,-0.71
우이천 계성교,골목상권,한식음식점,21,1,0,0,0.0,4.64,4.64
우장산롯데캐슬아파트앞,골목상권,한식음식점,12,1,1,8,0.0,4.19,4.19
우장산역 1번,골목상권,한식음식점,11,2,0,0,0.0,4.55,4.55
우장산역 4번,골목상권,한식음식점,23,1,0,0,15.0,4.7,-10.3
우장산힐스테이트,골목상권,한식음식점,10,0,0,0,11.0,3.76,-7.24
원신초등학교(구세군관악영문교회),골목상권,한식음식점,11,0,0,0,0.0,3.83,3.83
월계역 3번,골목상권,한식음식점,6,1,1,17,14.0,3.84,-10.16
월곡역 4번,골목상권,한식음식점,2,1,0,0,0.0,4.44,4.44
월드순복음교회,골목상권,한식음식점,25,1,1,4,9.0,4.75,-4.25
윗방죽마을공원,골목상권,한식음식점,12,3,0,0,8.0,4.92,-3.08
은곡마을(은곡마을공원),골목상권,한식음식점,4,0,0,0,0.0,2.95,2.95
은광여고,골목상권,한식음식점,1,0,0,0,0.0,2.01,2.01
은천초등학교(은천교앞),골목상권,한식음식점,24,0,0,0,17.0,4.59,-12.41
은평구청,골목상권,한식음식점,40,0,1,3,8.0,5.06,-2.94
은평세무서,골목상권,한식음식점,21,0,2,10,0.0,4.38,4.38
은평요양병원,골목상권,한식음식점,31,1,0,0,3.0,4.95,1.95
응봉산,골목상권,한식음식점,3,0,0,0,0.0,2.71,2.71
응암1동주민센터,골목상권,한식음식점,11,0,0,0,9.0,3.83,-5.17
응암3동주민센터,골목상권,한식음식점,16,0,0,0,7.0,4.19,-2.81
응암동우체국,골목상권,한식음식점,25,1,0,0,4.0,4.78,0.78
응암역 2번,골목상권,한식음식점,14,0,0,0,0.0,4.06,4.06
응암역 3번,골목상권,한식음식점,47,2,4,9,2.0,5.34,3.34
응암정보도서관,골목상권,한식음식점,54,2,2,4,2.0,5.51,3.51
의릉,골목상권,한식음식점,12,1,0,0,8.0,4.24,-3.76
이대역 5번,골목상권,한식음식점,15,1,0,0,0.0,4.41,4.41
이북5도청사,골목상권,한식음식점,14,1,0,0,27.0,4.35,-22.65
이수역 10번,골목상권,한식음식점,22,1,1,5,5.0,4.66,-0.34
이수역 5번,골목상권,한식음식점,15,0,1,7,15.0,4.08,-10.92
이수역 9번,골목상권,한식음식점,23,0,1,4,0.0,4.5,4.5
이촌동점보아파트,골목상권,한식음식점,1,0,0,0,0.0,2.01,2.01
이태원엔틱가구거리,골목상권,한식음식점,3,0,1,33,0.0,2.5,2.5
이화달팽이길,골목상권,한식음식점,16,0,0,0,0.0,4.18,4.18
인수동 우편취급국,골목상권,한식음식점,14,1,2,14,0.0,4.24,4.24
인수중학교,골목상권,한식음식점,7,0,0,0,17.0,3.42,-13.58
인헌고등학교(인헌중학교),골목상권,한식음식점,10,1,1,10,0.0,4.08,4.08
자동차부품상가,골목상권,한식음식점,6,0,0,0,0.0,3.28,3.28
자양4동주민센터,골목상권,한식음식점,25,0,1,4,8.0,4.59,-3.41
자양동우체국,골목상권,한식음식점,13,3,2,15,8.0,4.81,-3.19
자양한강도서관,골목상권,한식음식점,36,0,1,3,0.0,4.95,4.95
자하문터널,골목상권,한식음식점,10,0,0,0,0.0,3.74,3.74
잠실나루역,골목상권,한식음식점,4,0,0,0,0.0,2.95,2.95
잠원역,골목상권,한식음식점,7,1,0,0,0.0,4.0,4.0
장곡초등학교,골목상권,한식음식점,20,1,0,0,0.0,4.61,4.61
장로회신학대학교,골목상권,한식음식점,9,0,0,0,13.0,3.64,-9.36
장스여성병원,골목상권,한식음식점,24,0,0,0,0.0,4.58,4.58
장승배기역 4번,골목상권,한식음식점,33,6,6,18,19.0,5.5,-13.5
장승배기역 5번,골목상권,한식음식점,3,0,0,0,0.0,2.71,2.71
장안1동주민센터,골목상권,한식음식점,97,9,8,8,1.0,6.27,5.27
장안교,골목상권,한식음식점,1,0,0,0,0.0,2.01,2.01
장안근린공원,골목상권,한식음식점,51,0,2,4,2.0,5.29,3.29
장안제일시장,골목상권,한식음식점,33,1,2,6,7.0,4.97,-2.03
장안중학교,골목상권,한식음식점,11,0,2,18,10.0,3.7,-6.3
장안초등학교,골목상권,한식음식점,2,0,0,0,0.0,2.42,2.42
장안현대홈타운1차아파트,골목상권,한식음식점,22,2,1,5,0.0,4.82,4.82
장위1동주민센터,골목상권,한식음식점,8,0,0,0,0.0,3.53,3.53
장위동성당,골목상권,한식음식점,1,0,0,0,0.0,2.01,2.01
장지동주민센터(한림연예예술고교),골목상권,한식음식점,15,1,0,0,7.0,4.4,-2.6
장충단 고개,골목상권,한식음식점,23,2,0,0,15.0,4.91,-10.09
장충동주민센터,골목상권,한식음식점,4,0,0,0,0.0,2.94,2.94
장충초등학교,골목상권,한식음식점,16,0,0,0,0.0,4.18,4.18
장평중학교,골목상권,한식음식점,34,1,1,3,0.0,5.02,5.02
장훈고등학교,골목상권,한식음식점,10,0,0,0,0.0,3.76,3.76
전곡마을마당공원,골목상권,한식음식점,36,1,1,3,0.0,5.07,5.07
전농119안전센터,골목상권,한식음식점,5,0,0,0,0.0,3.12,3.12
전농1동주민센터(전농시장),골목상권,한식음식점,5,0,0,0,0.0,3.12,3.12
전농중학교,골목상권,한식음식점,20,3,1,5,11.0,4.96,-6.04
절두산순교성지,골목상권,한식음식점,1,0,0,0,0.0,2.01,2.01
정곡초등학교,골목상권,한식음식점,3,0,0,0,0.0,2.71,2.71
정독도서관,골목상권,한식음식점,4,0,0,0,0.0,2.97,2.97
정릉3동주민센터,골목상권,한식음식점,5,0,0,0,0.0,3.14,3.14
정릉북한산국립공원입구,골목상권,한식음식점,2,0,0,0,0.0,2.42,2.42
정릉역 1번,골목상권,한식음식점,36,1,0,0,3.0,5.11,2.11
정릉역 2번,골목상권,한식음식점,6,0,1,17,0.0,3.17,3.17
정릉우체국,골목상권,한식음식점,13,0,1,8,0.0,3.94,3.94
정원여중,골목상권,한식음식점,4,1,1,25,0.0,3.77,3.77
제기동역 1번,골목상권,한식음식점,2,0,0,0,0.0,2.42,2.42
제기동역 6번,골목상권,한식음식점,46,0,1,2,4.0,5.2,1.2
조원동주민센터,골목상권,한식음식점,3,0,0,0,0.0,2.71,2.71
종로5가역 4번,골목상권,한식음식점,2,1,1,50,0.0,4.08,4.08
종암경찰서,골목상권,한식음식점,32,0,0,0,0.0,4.85,4.85
종암동주민센터,골목상권,한식음식점,33,0,3,9,0.0,4.83,4.83
종암아이파크2차,골목상권,한식음식점,12,0,0,0,0.0,3.92,3.92
종암중학교,골목상권,한식음식점,18,0,0,0,0.0,4.3,4.3
종암초등학교,골목상권,한식음식점,4,1,1,25,0.0,3.77,3.77
중계초등학교,골목상권,한식음식점,7,0,0,0,0.0,3.43,3.43
중곡1동 마을마당,골목상권,한식음식점,25,1,0,0,4.0,4.78,0.78
중곡1동주민센터,골목상권,한식음식점,1,0,1,100,0.0,1.29,1.29
중곡3동주민센터,골목상권,한식음식점,35,1,1,3,3.0,5.04,2.04
중곡4동주민센터,골목상권,한식음식점,1,0,0,0,0.0,2.01,2.01
중곡어린이공원,골목상권,한식음식점,7,0,0,0,0.0,3.41,3.41
중곡역 3번,골목상권,한식음식점,30,1,1,3,3.0,4.89,1.89
중곡초등학교,골목상권,한식음식점,23,0,1,4,5.0,4.5,-0.5
중구회현체육센터(정화예술대남산캠퍼스),골목상권,한식음식점,6,0,0,0,0.0,3.28,3.28
중랑노인종합복지관,골목상권,한식음식점,50,2,0,0,2.0,5.46,3.46
중랑역 1번,골목상권,한식음식점,18,0,0,0,0.0,4.29,4.29
중랑역 2번,골목상권,한식음식점,12,1,3,25,9.0,4.05,-4.95
중랑역 4번,골목상권,한식음식점,9,0,0,0,0.0,3.64,3.64
중암중학교,골목상권,한식음식점,3,1,1,33,0.0,3.81,3.81
중앙고등학교,골목상권,한식음식점,9,0,0,0,0.0,3.66,3.66
중앙대학교,골목상권,한식음식점,38,1,0,0,11.0,5.15,-5.85
중화역 1번,골목상권,한식음식점,22,2,2,9,0.0,4.8,4.8
중화역 4번,골목상권,한식음식점,26,0,3,12,0.0,4.56,4.56
증산3교남측,골목상권,한식음식점,2,0,0,0,0.0,2.42,2.42
증산역 1번,골목상권,한식음식점,14,0,0,0,8.0,4.05,-3.95
증산역 3번,골목상권,한식음식점,16,1,0,0,0.0,4.42,4.42
증산역 4번,골목상권,한식음식점,15,1,1,7,7.0,4.36,-2.64
지향초등학교,골목상권,한식음식점,3,0,0,0,0.0,2.71,2.71
창2동주민센터,골목상권,한식음식점,19,1,0,0,0.0,4.55,4.55
창덕궁,골목상권,한식음식점,12,1,1,8,8.0,4.17,-3.83
창동역 2번,골목상권,한식음식점,30,1,2,7,7.0,4.86,-2.14
창동중학교,골목상권,한식음식점,3,0,0,0,0.0,2.71,2.71
창신1동주민센터,골목상권,한식음식점,8,0,1,13,0.0,3.44,3.44
창신역 1번,골목상권,한식음식점,3,0,0,0,0.0,2.73,2.73
창신역 4번,골목상권,한식음식점,10,2,1,10,0.0,4.47,4.47
천동초등학교,골목상권,한식음식점,3,0,0,0,0.0,2.71,2.71
"천왕역 3번(오류2동주민센터, 서울오류남초등학교)",골목상권,한식음식점,10,0,0,0,0.0,3.75,3.75
천일초등학교,골목상권,한식음식점,14,0,1,7,0.0,4.01,4.01
천호1동주민센터,골목상권,한식음식점,15,0,2,13,0.0,4.02,4.02
천호공원(해공체육문화센터),골목상권,한식음식점,48,1,2,4,9.0,5.31,-3.69
천호역 1번(천호문구완구거리),골목상권,한식음식점,13,1,0,0,8.0,4.31,-3.69
천호역 6번,골목상권,한식음식점,34,0,1,3,6.0,4.89,-1.11
천호지구대(천호동자전거거리),골목상권,한식음식점,17,0,1,6,0.0,4.19,4.19
천호초등학교,골목상권,한식음식점,7,1,0,0,0.0,3.98,3.98
천호태영아파트,골목상권,한식음식점,3,0,0,0,0.0,2.71,2.71
청계산원터골,골목상권,한식음식점,9,0,0,0,0.0,3.65,3.65
청계산입구역 2번(내곡동주민센터),골목상권,한식음식점,12,0,0,0,0.0,3.91,3.91
청계천박물관,골목상권,한식음식점,3,0,0,0,0.0,2.73,2.73
청구역 1번,골목상권,한식음식점,19,1,2,11,12.0,4.47,-7.53
청구역 3번,골목상권,한식음식점,13,0,3,23,0.0,3.83,3.83
청담근린공원,골목상권,한식음식점,4,0,1,25,0.0,2.76,2.76
청담역 3번,골목상권,한식음식점,2,0,1,50,0.0,2.06,2.06
청담초등학교,골목상권,한식음식점,2,0,0,0,50.0,2.42,-47.58
청량초등학교,골목상권,한식음식점,1,0,0,0,0.0,2.01,2.01
청룡동주민센터,골목상권,한식음식점,12,0,0,0,0.0,3.93,3.93
청와대사랑채,골목상권,한식음식점,4,0,0,0,0.0,2.94,2.94
청운초등학교,골목상권,한식음식점,2,0,0,0,0.0,2.42,2.42
촬영소사거리,골목상권,한식음식점,16,1,3,19,0.0,4.3,4.3
충무초등학교,골목상권,한식음식점,18,0,0,0,0.0,4.31,4.31
충신시장옆,골목상권,한식음식점,6,0,0,0,0.0,3.28,3.28
충정로역 3번,골목상권,한식음식점,15,1,1,7,7.0,4.35,-2.65
충정로역 6번,골목상권,한식음식점,10,0,0,0,10.0,3.74,-6.26
충정로현대아파트,골목상권,한식음식점,21,1,2,10,0.0,4.57,4.57
큰굴다리,골목상권,한식음식점,4,0,0,0,0.0,2.94,2.94
태릉시장 특화거리,골목상권,한식음식점,33,1,5,15,0.0,4.9,4.9
태릉입구역 4번,골목상권,한식음식점,7,0,0,0,0.0,3.41,3.41
텃골근린공원,골목상권,한식음식점,10,0,0,0,0.0,3.74,3.74
투구봉어린이공원,골목상권,한식음식점,3,0,0,0,0.0,2.73,2.73
평창동동측,골목상권,한식음식점,4,0,1,25,0.0,2.76,2.76
평창동서측,골목상권,한식음식점,11,2,1,9,0.0,4.5,4.5
포이초등학교(개포목련어린이공원),골목상권,한식음식점,8,0,0,0,0.0,3.55,3.55
푸른동산공원,골목상권,한식음식점,14,2,1,7,8.0,4.58,-3.42
푸른들청소년도서관,골목상권,한식음식점,70,5,10,14,1.0,5.82,4.82
풍납초등학교(풍납백제문화공원),골목상권,한식음식점,1,0,0,0,0.0,2.01,2.01
하나고등학교,골목상권,한식음식점,7,0,1,14,0.0,3.33,3.33
하나은행 망우동지점,골목상권,한식음식점,20,1,3,15,0.0,4.5,4.5
학동근린공원,골목상권,한식음식점,2,0,0,0,0.0,2.42,2.42
학동초등학교,골목상권,한식음식점,3,0,0,0,0.0,2.71,2.71
한강로동땡땡거리(은행나무길),골목상권,한식음식점,71,3,4,6,0.0,5.76,5.76
한강미주맨션아파트,골목상권,한식음식점,10,1,1,10,0.0,4.08,4.08
한강진역 3번,골목상권,한식음식점,9,0,0,0,0.0,3.64,3.64
한겨레신문사,골목상권,한식음식점,15,1,1,7,15.0,4.35,-10.65
한국SGI본부,골목상권,한식음식점,93,4,3,3,4.0,6.06,2.06
한국교통안전공단 강남자동차검사소,골목상권,한식음식점,4,1,0,0,0.0,3.95,3.95
한국상담대학원대학교,골목상권,한식음식점,3,1,1,33,0.0,3.81,3.81
한국의류시험연구원,골목상권,한식음식점,20,0,0,0,0.0,4.4,4.4
한국폴리텍대학서울정수캠퍼스,골목상권,한식음식점,15,2,2,13,0.0,4.55,4.55
한남IC,골목상권,한식음식점,6,0,0,0,20.0,3.29,-16.71
한남힐사이드아파트,골목상권,한식음식점,2,0,0,0,0.0,2.42,2.42
한림대학교한강성심병원,골목상권,한식음식점,2,0,0,0,0.0,2.45,2.45
한성대입구역 3번,골목상권,한식음식점,26,1,4,15,0.0,4.71,4.71
한성대입구역 5번,골목상권,한식음식점,12,0,0,0,0.0,3.91,3.91
한성백제역 3번,골목상권,한식음식점,18,2,1,6,0.0,4.7,4.7
한양공고앞 교차로,골목상권,한식음식점,10,0,1,10,0.0,3.67,3.67
한양대역 4번,골목상권,한식음식점,8,0,0,0,0.0,3.53,3.53
한영중고,골목상권,한식음식점,11,0,0,0,22.0,3.83,-18.17
한울중학교,골목상권,한식음식점,19,0,0,0,0.0,4.35,4.35
한일병원,골목상권,한식음식점,7,0,2,29,14.0,3.22,-10.78
한전아트센터,골목상권,한식음식점,1,0,0,0,0.0,2.01,2.01
합정역 8번,골목상권,한식음식점,66,4,1,2,0.0,5.8,5.8
해방촌 남동측,골목상권,한식음식점,19,1,1,5,0.0,4.51,4.51
해방촌예술마을,골목상권,한식음식점,13,1,0,0,0.0,4.31,4.31
해오름공원,골목상권,한식음식점,22,1,2,9,5.0,4.63,-0.37
행당역 2번,골목상권,한식음식점,15,2,1,7,0.0,4.61,4.61
헌인가구단지,골목상권,한식음식점,2,0,0,0,0.0,2.42,2.42
혜원여고,골목상권,한식음식점,7,1,0,0,0.0,3.98,3.98
혜화동주민센터,골목상권,한식음식점,13,0,0,0,0.0,3.98,3.98
혜화역 1번,골목상권,한식음식점,7,0,0,0,0.0,3.41,3.41
호림박물관(성보고등학교),골목상권,한식음식점,4,0,0,0,0.0,2.94,2.94
홍남교남측,골목상권,한식음식점,2,0,0,0,0.0,2.42,2.42
홍대땡땡거리,골목상권,한식음식점,38,1,0,0,5.0,5.15,0.15
홍대부속여중고앞,골목상권,한식음식점,39,0,1,3,0.0,5.03,5.03
홍대부중,골목상권,한식음식점,5,0,0,0,0.0,3.16,3.16
홍대입구역 3번,골목상권,한식음식점,18,1,2,11,6.0,4.46,-1.54
홍릉근린공원,골목상권,한식음식점,2,0,0,0,0.0,2.42,2.42
홍릉시장,골목상권,한식음식점,20,3,0,0,5.0,5.0,0.0
홍연시장,골목상권,한식음식점,10,0,0,0,0.0,3.75,3.75
홍은종합사회복지관,골목상권,한식음식점,10,0,1,10,0.0,3.67,3.67
홍익대,골목상권,한식음식점,5,0,0,0,0.0,3.15,3.15
홍익지구대,골목상권,한식음식점,14,0,0,0,0.0,4.05,4.05
홍제3동주민센터,골목상권,한식음식점,25,2,0,0,0.0,4.95,4.95
홍제역 2번,골목상권,한식음식점,17,1,1,6,0.0,4.45,4.45
홍제역 3번,골목상권,한식음식점,5,0,0,0,0.0,3.12,3.12
홍제역 4번,골목상권,한식음식점,16,0,0,0,6.0,4.18,-1.82
홍지문,골목상권,한식음식점,2,0,0,0,0.0,2.42,2.42
홍파초등학교,골목상권,한식음식점,7,1,0,0,0.0,3.99,3.99
화계역 2번,골목상권,한식음식점,2,1,1,50,0.0,4.08,4.08
화계중학교,골목상권,한식음식점,3,0,0,0,0.0,2.71,2.71
화곡2동주민센터,골목상권,한식음식점,23,1,1,4,4.0,4.67,0.67
화곡4동주민센터,골목상권,한식음식점,14,0,0,0,0.0,4.06,4.06
화곡보람2차아파트,골목상권,한식음식점,3,0,0,0,0.0,2.71,2.71
화곡역 2번,골목상권,한식음식점,24,1,0,0,4.0,4.74,0.74
화곡역 4번,골목상권,한식음식점,35,1,3,9,3.0,5.0,2.0
화곡역 5번,골목상권,한식음식점,56,6,4,7,5.0,5.81,0.81
화곡초등학교,골목상권,한식음식점,24,2,2,8,4.0,4.84,0.84
화랑대역 7번,골목상권,한식음식점,5,1,0,0,67.0,3.96,-63.04
화랑대철도공원,골목상권,한식음식점,4,0,1,25,33.0,2.76,-30.24
화양사거리,골목상권,한식음식점,49,2,0,0,4.0,5.45,1.45
화원어린이공원,골목상권,한식음식점,2,0,0,0,0.0,2.42,2.42
화원중학교,골목상권,한식음식점,20,0,1,5,0.0,4.36,4.36
황학동벼룩시장,골목상권,한식음식점,9,0,0,0,0.0,3.64,3.64
황학코아루아파트,골목상권,한식음식점,8,1,0,0,0.0,4.08,4.08
회기역 1번,골목상권,한식음식점,7,0,0,0,0.0,3.42,3.42
회기역 2번,골목상권,한식음식점,6,0,1,17,0.0,3.18,3.18
회현역 1번,골목상권,한식음식점,6,0,0,0,0.0,3.28,3.28
효창공원앞역 2번,골목상권,한식음식점,6,0,0,0,0.0,3.29,3.29
효창공원앞역 5번,골목상권,한식음식점,31,0,0,0,0.0,4.83,4.83
효창공원앞역 6번,골목상권,한식음식점,8,0,0,0,0.0,3.54,3.54
효창동주민센터,골목상권,한식음식점,4,0,0,0,0.0,2.94,2.94
후암동주민센터,골목상권,한식음식점,34,1,1,3,3.0,5.02,2.02
흑리단길,골목상권,한식음식점,15,0,0,0,0.0,4.13,4.13
4.19민주묘지역 2번,골목상권,호프-간이주점,6,0,0,0,0.0,4.36,4.36
GS강동자이아파트,골목상권,호프-간이주점,7,0,0,0,17.0,4.51,-12.49
G타워,골목상권,호프-간이주점,3,0,0,0,50.0,3.79,-46.21
KB국민은행 망원동지점,골목상권,호프-간이주점,11,1,1,9,0.0,5.22,5.22
KB국민은행 종암동지점,골목상권,호프-간이주점,1,0,0,0,0.0,3.09,3.09
KB국민은행 중화동지점,골목상권,호프-간이주점,2,0,0,0,0.0,3.5,3.5
KT구로지사,골목상권,호프-간이주점,2,0,0,0,0.0,3.5,3.5
KT금천빌딩(금천구시설관리공단),골목상권,호프-간이주점,3,0,0,0,0.0,3.79,3.79
NH농협은행 보광동지점,골목상권,호프-간이주점,4,0,0,0,0.0,4.02,4.02
NH농협은행 상도동지점,골목상권,호프-간이주점,7,0,0,0,0.0,4.51,4.51
가리봉파출소,골목상권,호프-간이주점,5,0,0,0,0.0,4.21,4.21
가산동우체국,골목상권,호프-간이주점,12,0,2,17,9.0,4.87,-4.13
가산동주민센터,골목상권,호프-간이주점,6,0,0,0,0.0,4.36,4.36
가산디지털단지역 1번 출입구,골목상권,호프-간이주점,6,0,0,0,20.0,4.36,-15.64
가산초등학교(세일중학교),골목상권,호프-간이주점,12,1,0,0,9.0,5.32,-3.68
가양역 10번,골목상권,호프-간이주점,3,0,0,0,0.0,3.84,3.84
가오리역 1번,골목상권,호프-간이주점,4,0,0,0,0.0,4.02,4.02
가오리역 2번,골목상권,호프-간이주점,3,0,0,0,50.0,3.79,-46.21
가인초등학교,골목상권,호프-간이주점,1,0,0,0,0.0,3.09,3.09
가좌역 2번,골목상권,호프-간이주점,4,0,0,0,0.0,4.02,4.02
가좌역 3번,골목상권,호프-간이주점,3,0,1,33,0.0,3.56,3.56
간데메공원,골목상권,호프-간이주점,5,0,0,0,0.0,4.22,4.22
강남구보훈회관,골목상권,호프-간이주점,1,0,0,0,0.0,3.16,3.16
강동구립 천호도서관,골목상권,호프-간이주점,10,0,0,0,0.0,4.82,4.82
강동구립성내도서관,골목상권,호프-간이주점,12,0,1,8,0.0,4.93,4.93
강동구청(강동구청역 2번),골목상권,호프-간이주점,2,0,0,0,0.0,3.57,3.57
강동성심병원,골목상권,호프-간이주점,3,0,0,0,0.0,3.82,3.82
강동역 4번(강풀만화거리),골목상권,호프-간이주점,20,0,1,5,0.0,5.45,5.45
강북구청,골목상권,호프-간이주점,14,0,0,0,8.0,5.14,-2.86
강북문화예술회관,골목상권,호프-간이주점,5,0,0,0,0.0,4.21,4.21
강북중학교,골목상권,호프-간이주점,3,1,0,0,0.0,5.13,5.13
강서고등학교,골목상권,호프-간이주점,8,0,0,0,0.0,4.64,4.64
강서구다솔마을,골목상권,호프-간이주점,2,0,0,0,0.0,3.5,3.5
강서구청옆,골목상권,호프-간이주점,4,0,0,0,0.0,4.02,4.02
강일동주민센터,골목상권,호프-간이주점,1,0,0,0,0.0,3.16,3.16
개봉1동주민센터,골목상권,호프-간이주점,20,0,0,0,11.0,5.48,-5.52
개봉역,골목상권,호프-간이주점,7,0,0,0,0.0,4.51,4.51
개봉중학교,골목상권,호프-간이주점,7,0,0,0,17.0,4.5,-12.5
개봉초등학교,골목상권,호프-간이주점,5,0,0,0,0.0,4.21,4.21
개웅초등학교(개웅중학교),골목상권,호프-간이주점,5,0,0,0,0.0,4.22,4.22
개포고등학교,골목상권,호프-간이주점,4,0,0,0,0.0,4.02,4.02
개화산역 1번,골목상권,호프-간이주점,10,0,1,10,0.0,4.76,4.76
거여역 1번(거여공원),골목상권,호프-간이주점,11,0,1,9,0.0,4.86,4.86
거여초등학교,골목상권,호프-간이주점,2,0,0,0,0.0,3.5,3.5
건대입구역 1번,골목상권,호프-간이주점,19,0,0,0,0.0,5.44,5.44
건대입구역 6번,골목상권,호프-간이주점,14,1,0,0,0.0,5.43,5.43
경기대학교,골목상권,호프-간이주점,1,0,0,0,0.0,3.09,3.09
경동고등학교,골목상권,호프-간이주점,6,0,0,0,0.0,4.36,4.36
경리단길남측,골목상권,호프-간이주점,21,1,0,0,0.0,5.73,5.73
경리단길북측,골목상권,호프-간이주점,26,1,0,0,4.0,5.9,1.9
경성고등학교,골목상권,호프-간이주점,7,0,0,0,0.0,4.5,4.5
경수초등학교,골목상권,호프-간이주점,9,0,0,0,0.0,4.73,4.73
경의선책거리,골목상권,호프-간이주점,25,0,1,4,0.0,5.67,5.67
경의중앙 신촌역,골목상권,호프-간이주점,6,0,1,17,0.0,4.24,4.24
경찰병원역 3번,골목상권,호프-간이주점,1,0,0,0,0.0,3.09,3.09
경찰병원역 4번(건너말공원),골목상권,호프-간이주점,2,0,0,0,0.0,3.5,3.5
경춘선숲길 우측,골목상권,호프-간이주점,7,1,0,0,0.0,5.07,5.07
경희대삼거리,골목상권,호프-간이주점,14,0,0,0,0.0,5.14,5.14
경희대후문,골목상권,호프-간이주점,1,0,0,0,100.0,3.09,-96.91
계상초등학교,골목상권,호프-간이주점,14,0,1,7,0.0,5.09,5.09
고대앞사거리,골목상권,호프-간이주점,1,0,0,0,0.0,3.09,3.09
고덕동성당,골목상권,호프-간이주점,6,0,0,0,50.0,4.39,-45.61
고덕중학교(고덕2동주민센터),골목상권,호프-간이주점,2,0,0,0,0.0,3.54,3.54
고려대역 6번,골목상권,호프-간이주점,4,0,0,0,0.0,4.02,4.02
고척동성당,골목상권,호프-간이주점,2,0,0,0,0.0,3.5,3.5
고척초등학교,골목상권,호프-간이주점,2,0,0,0,0.0,3.54,3.54
곰달래도서관,골목상권,호프-간이주점,2,1,0,0,0.0,5.53,5.53
공군호텔,골목상권,호프-간이주점,9,0,0,0,13.0,4.74,-8.26
공덕동주민센터,골목상권,호프-간이주점,6,0,0,0,0.0,4.36,4.36
공덕래미안3차아파트,골목상권,호프-간이주점,1,0,0,0,0.0,3.09,3.09
공릉동 국수거리,골목상권,호프-간이주점,6,1,0,0,0.0,5.06,5.06
공릉역 2번,골목상권,호프-간이주점,8,1,0,0,0.0,5.16,5.16
공항고등학교,골목상권,호프-간이주점,1,0,0,0,0.0,3.09,3.09
공항시장역 1번,골목상권,호프-간이주점,6,0,0,0,0.0,4.36,4.36
공항시장역 3번,골목상권,호프-간이주점,6,0,0,0,0.0,4.36,4.36
관성묘,골목상권,호프-간이주점,1,0,0,0,0.0,3.09,3.09
관악구 중앙길,골목상권,호프-간이주점,27,0,1,4,0.0,5.75,5.75
관악구신사동주민센터,골목상권,호프-간이주점,18,0,2,11,6.0,5.31,-0.69
관악해태어린이공원,골목상권,호프-간이주점,1,0,1,100,0.0,2.37,2.37
광나루역 1번,골목상권,호프-간이주점,6,0,0,0,0.0,4.36,4.36
광산사거리,골목상권,호프-간이주점,5,0,0,0,25.0,4.22,-20.78
광운대역 1번,골목상권,호프-간이주점,5,0,0,0,0.0,4.21,4.21
광운대학교 남단,골목상권,호프-간이주점,1,0,0,0,0.0,3.09,3.09
광진경찰서,골목상권,호프-간이주점,1,0,0,0,0.0,3.16,3.16
광진구청,골목상권,호프-간이주점,2,0,0,0,0.0,3.5,3.5
광진정말공원,골목상권,호프-간이주점,7,0,0,0,0.0,4.52,4.52
광진정보도서관,골목상권,호프-간이주점,2,0,0,0,0.0,3.5,3.5
광흥창역 6번,골목상권,호프-간이주점,3,0,0,0,0.0,3.79,3.79
구로119안전센터,골목상권,호프-간이주점,9,0,0,0,0.0,4.73,4.73
구로4동주민센터,골목상권,호프-간이주점,12,0,0,0,0.0,4.99,4.99
구로구민회관,골목상권,호프-간이주점,3,0,0,0,0.0,3.79,3.79
구로나눔길,골목상권,호프-간이주점,12,0,0,0,9.0,4.99,-4.01
구로디지털단지역 4번,골목상권,호프-간이주점,20,0,1,5,5.0,5.44,0.44
구로보건소,골목상권,호프-간이주점,16,1,1,6,0.0,5.46,5.46
구로창업지원센터,골목상권,호프-간이주점,6,0,0,0,0.0,4.36,4.36
구로초등학교,골목상권,호프-간이주점,10,0,0,0,0.0,4.83,4.83
구립대학경로당(관악산샘말공원),골목상권,호프-간이주점,18,0,1,6,0.0,5.34,5.34
구반포역,골목상권,호프-간이주점,1,0,0,0,0.0,3.09,3.09
구산보건지소,골목상권,호프-간이주점,7,0,0,0,0.0,4.53,4.53
구산역 1번,골목상권,호프-간이주점,3,0,0,0,0.0,3.79,3.79
구산역 2번,골목상권,호프-간이주점,4,0,0,0,0.0,4.02,4.02
구산역 4번,골목상권,호프-간이주점,5,1,0,0,0.0,5.03,5.03
구산초등학교,골목상권,호프-간이주점,1,0,0,0,0.0,3.09,3.09
구세군강북종합사회복지관,골목상권,호프-간이주점,1,0,0,0,0.0,3.16,3.16
구암초등학교,골목상권,호프-간이주점,1,0,0,0,0.0,3.09,3.09
구의1동주민센터,골목상권,호프-간이주점,11,0,0,0,10.0,4.91,-5.09
구의역 4번,골목상권,호프-간이주점,10,0,0,0,0.0,4.84,4.84
국립4.19민주묘지,골목상권,호프-간이주점,3,0,0,0,0.0,3.79,3.79
국립국악고등학교,골목상권,호프-간이주점,1,0,0,0,0.0,3.09,3.09
국립재활원,골목상권,호프-간이주점,1,0,0,0,0.0,3.09,3.09
국립정신건강센터,골목상권,호프-간이주점,4,0,0,0,0.0,4.02,4.02
국민대학교앞,골목상권,호프-간이주점,7,0,0,0,0.0,4.51,4.51
국민은행방학지점,골목상권,호프-간이주점,2,0,0,0,100.0,3.57,-96.43
국악고교사거리,골목상권,호프-간이주점,1,0,1,100,0.0,2.37,2.37
국제신학대학원대학교(남서울중학교),골목상권,호프-간이주점,7,0,0,0,0.0,4.5,4.5
군자역 4번,골목상권,호프-간이주점,2,0,0,0,50.0,3.5,-46.5
군자역 5번,골목상권,호프-간이주점,2,0,0,0,0.0,3.5,3.5
굽은다리역 1번(십자성마을),골목상권,호프-간이주점,4,0,0,0,33.0,4.02,-28.98
굽은다리역 2번,골목상권,호프-간이주점,4,0,0,0,0.0,4.02,4.02
굽은다리역 3번,골목상권,호프-간이주점,4,0,0,0,25.0,4.04,-20.96
굽은다리역 4번,골목상권,호프-간이주점,21,1,0,0,5.0,5.73,0.73
그라운드 고척,골목상권,호프-간이주점,19,1,1,5,19.0,5.62,-13.38
금동어린이공원,골목상권,호프-간이주점,3,0,0,0,0.0,3.79,3.79
금산초등학교(금천고등학교),골목상권,호프-간이주점,7,0,0,0,17.0,4.51,-12.49
금천구립가산도서관,골목상권,호프-간이주점,1,0,0,0,0.0,3.09,3.09
금천구청역 1번 출입구,골목상권,호프-간이주점,11,0,0,0,10.0,4.91,-5.09
금천금빛공원(은행나무사거리서측),골목상권,호프-간이주점,12,1,1,8,9.0,5.26,-3.74
금천세무서,골목상권,호프-간이주점,1,0,0,0,0.0,3.09,3.09
금천어울림복지센터,골목상권,호프-간이주점,1,0,0,0,0.0,3.09,3.09
금천파출소,골목상권,호프-간이주점,2,0,0,0,0.0,3.5,3.5
금천해태공원,골목상권,호프-간이주점,3,1,0,0,0.0,5.13,5.13
금호사거리,골목상권,호프-간이주점,3,0,0,0,0.0,3.79,3.79
금호삼성래미안아파트,골목상권,호프-간이주점,4,0,0,0,0.0,4.02,4.02
길동신동아아파트,골목상권,호프-간이주점,1,0,0,0,0.0,3.09,3.09
길동주민센터(강동도서관),골목상권,호프-간이주점,12,0,0,0,0.0,5.0,5.0
길음역 7번,골목상권,호프-간이주점,5,0,0,0,0.0,4.22,4.22
길음역 8번,골목상권,호프-간이주점,1,0,0,0,0.0,3.09,3.09
까치산역 1번,골목상권,호프-간이주점,8,0,0,0,13.0,4.64,-8.36
까치산역 3번,골목상권,호프-간이주점,51,0,2,4,8.0,6.38,-1.62
까치산역 4번,골목상권,호프-간이주점,27,0,1,4,8.0,5.75,-2.25
낙성대역 5번(관악중학교),골목상권,호프-간이주점,1,0,0,0,0.0,3.09,3.09
난곡중학교,골목상권,호프-간이주점,2,0,0,0,0.0,3.5,3.5
난우중학교,골목상권,호프-간이주점,2,0,0,0,0.0,3.5,3.5
난우초등학교,골목상권,호프-간이주점,10,0,0,0,0.0,4.84,4.84
난향초등학교,골목상권,호프-간이주점,2,0,0,0,0.0,3.5,3.5
남가좌파출소,골목상권,호프-간이주점,5,0,0,0,0.0,4.22,4.22
남강고등학교(남강중학교),골목상권,호프-간이주점,11,0,0,0,0.0,4.91,4.91
남구로역 2번,골목상권,호프-간이주점,24,0,2,8,0.0,5.6,5.6
남구로역 3번,골목상권,호프-간이주점,54,3,3,6,2.0,6.66,4.66
남구로역 5번,골목상권,호프-간이주점,43,0,1,2,2.0,6.22,4.22
남부초등학교,골목상권,호프-간이주점,8,0,0,0,0.0,4.63,4.63
남산케이블카,골목상권,호프-간이주점,1,0,0,0,0.0,3.09,3.09
남성역 1번,골목상권,호프-간이주점,9,1,0,0,11.0,5.18,-5.82
남영역 1번,골목상권,호프-간이주점,8,0,0,0,0.0,4.64,4.64
남천초등학교,골목상권,호프-간이주점,11,0,0,0,10.0,4.91,-5.09
남태령역(서울전자고등학교),골목상권,호프-간이주점,1,0,0,0,0.0,3.09,3.09
내를건너서숲으로도서관,골목상권,호프-간이주점,1,0,0,0,0.0,3.16,3.16
내방역 1번,골목상권,호프-간이주점,1,0,0,0,0.0,3.09,3.09
내방역 4번,골목상권,호프-간이주점,1,0,0,0,0.0,3.09,3.09
내방역 5번,골목상권,호프-간이주점,1,0,0,0,0.0,3.09,3.09
내방역 8번,골목상권,호프-간이주점,1,0,0,0,0.0,3.09,3.09
노량진역 6번,골목상권,호프-간이주점,11,1,0,0,0.0,5.28,5.28
노량진초등학교,골목상권,호프-간이주점,5,0,0,0,0.0,4.21,4.21
노원 을지대학교병원,골목상권,호프-간이주점,1,0,0,0,0.0,3.09,3.09
노원역 9번,골목상권,호프-간이주점,2,0,0,0,0.0,3.5,3.5
노원초등학교,골목상권,호프-간이주점,7,0,0,0,0.0,4.52,4.52
녹번동근린공원,골목상권,호프-간이주점,3,0,0,0,0.0,3.79,3.79
논현2동주민센터,골목상권,호프-간이주점,3,0,1,33,0.0,3.58,3.58
논현초등학교,골목상권,호프-간이주점,7,0,0,0,17.0,4.5,-12.5
누원고등학교,골목상권,호프-간이주점,1,1,0,0,0.0,7.14,7.14
능동우편취급국,골목상권,호프-간이주점,8,1,0,0,0.0,5.16,5.16
다산성곽길,골목상권,호프-간이주점,1,0,0,0,0.0,3.09,3.09
달마을공원,골목상권,호프-간이주점,2,1,0,0,0.0,5.53,5.53
답십리 장령당공원,골목상권,호프-간이주점,1,1,0,0,0.0,7.14,7.14
답십리공원,골목상권,호프-간이주점,3,0,0,0,0.0,3.82,3.82
답십리사거리,골목상권,호프-간이주점,7,0,1,14,17.0,4.41,-12.59
답십리초등학교,골목상권,호프-간이주점,1,0,0,0,0.0,3.09,3.09
당고개역 2번,골목상권,호프-간이주점,8,1,0,0,0.0,5.14,5.14
당고개역 5번,골목상권,호프-간이주점,7,0,1,14,17.0,4.42,-12.58
당곡중학교,골목상권,호프-간이주점,10,1,0,0,0.0,5.23,5.23
당산역 8번,골목상권,호프-간이주점,1,0,0,0,0.0,3.09,3.09
대동초등학교,골목상권,호프-간이주점,8,0,2,25,25.0,4.44,-20.56
대림1동주민센터,골목상권,호프-간이주점,6,0,0,0,0.0,4.36,4.36
대림갑을명가아파트,골목상권,호프-간이주점,1,0,1,100,0.0,2.37,2.37
대림성모병원,골목상권,호프-간이주점,3,0,0,0,0.0,3.79,3.79
대림역 11번,골목상권,호프-간이주점,3,0,0,0,0.0,3.79,3.79
대림역 2번,골목상권,호프-간이주점,12,0,2,17,8.0,4.87,-3.13
대림역 5번,골목상권,호프-간이주점,10,0,0,0,0.0,4.82,4.82
대림차이나타운(대림역 12번),골목상권,호프-간이주점,7,0,0,0,17.0,4.52,-12.48
대림한신아파트,골목상권,호프-간이주점,5,0,0,0,0.0,4.21,4.21
대방역 4번,골목상권,호프-간이주점,1,0,0,0,0.0,3.09,3.09
대방역 6번,골목상권,호프-간이주점,2,0,0,0,0.0,3.5,3.5
대신고등학교,골목상권,호프-간이주점,2,0,0,0,0.0,3.5,3.5
대왕초등학교(세곡동사거리서남측),골목상권,호프-간이주점,1,0,0,0,0.0,3.09,3.09
대원고등학교,골목상권,호프-간이주점,1,0,0,0,0.0,3.16,3.16
대진고등학교,골목상권,호프-간이주점,2,0,0,0,0.0,3.5,3.5
대청초등학교,골목상권,호프-간이주점,17,0,1,6,6.0,5.3,-0.7
대치2동주민센터,골목상권,호프-간이주점,1,0,0,0,0.0,3.09,3.09
대치동아우편취급국,골목상권,호프-간이주점,3,1,0,0,0.0,5.13,5.13
대흥동주민센터,골목상권,호프-간이주점,1,0,0,0,0.0,3.09,3.09
대흥역 2번,골목상권,호프-간이주점,7,1,0,0,0.0,5.07,5.07
대흥역 3번,골목상권,호프-간이주점,13,0,0,0,0.0,5.07,5.07
덕수교,골목상권,호프-간이주점,5,0,0,0,0.0,4.22,4.22
덕의초등학교,골목상권,호프-간이주점,4,0,1,25,0.0,3.84,3.84
도곡초등학교,골목상권,호프-간이주점,1,0,0,0,0.0,3.09,3.09
도림2동유수지내체육시설,골목상권,호프-간이주점,3,0,0,0,0.0,3.79,3.79
도림초등학교,골목상권,호프-간이주점,3,0,0,0,0.0,3.79,3.79
도봉구 정병원,골목상권,호프-간이주점,7,0,0,0,0.0,4.5,4.5
도봉구보건소,골목상권,호프-간이주점,7,0,1,14,0.0,4.4,4.4
도봉산역 1번,골목상권,호프-간이주점,8,2,0,0,0.0,5.63,5.63
도봉산입구,골목상권,호프-간이주점,18,0,0,0,0.0,5.38,5.38
도봉세무서,골목상권,호프-간이주점,4,0,0,0,0.0,4.02,4.02
도봉역 2번,골목상권,호프-간이주점,17,0,0,0,0.0,5.33,5.33
도봉역 3번,골목상권,호프-간이주점,6,0,0,0,0.0,4.37,4.37
도봉우체국,골목상권,호프-간이주점,3,0,0,0,0.0,3.82,3.82
도산공원북측,골목상권,호프-간이주점,2,0,0,0,100.0,3.5,-96.5
도신초등학교,골목상권,호프-간이주점,6,0,0,0,0.0,4.36,4.36
독립문역 1번,골목상권,호프-간이주점,1,0,0,0,0.0,3.09,3.09
독산119안전센터,골목상권,호프-간이주점,17,0,1,6,0.0,5.28,5.28
독산2동주민센터,골목상권,호프-간이주점,4,0,0,0,0.0,4.04,4.04
독산동성당,골목상권,호프-간이주점,14,0,0,0,0.0,5.14,5.14
독산동정훈단지,골목상권,호프-간이주점,6,1,1,17,0.0,4.95,4.95
돈의문센트레빌아파트입구,골목상권,호프-간이주점,1,0,0,0,0.0,3.16,3.16
돌곶이역 1번,골목상권,호프-간이주점,3,0,0,0,0.0,3.82,3.82
돌곶이역 3번,골목상권,호프-간이주점,1,0,0,0,0.0,3.09,3.09
돌곶이역 5번,골목상권,호프-간이주점,4,0,0,0,0.0,4.04,4.04
돌곶이역 8번,골목상권,호프-간이주점,3,0,0,0,0.0,3.79,3.79
동교초등학교,골목상권,호프-간이주점,5,0,0,0,0.0,4.22,4.22
동대문경찰서,골목상권,호프-간이주점,1,0,0,0,0.0,3.09,3.09
동대문구청,골목상권,호프-간이주점,9,0,0,0,0.0,4.73,4.73
동대문역 1번,골목상권,호프-간이주점,2,0,1,50,0.0,3.18,3.18
동대문역 3번,골목상권,호프-간이주점,2,0,0,0,0.0,3.5,3.5
동대문역사문화공원역 5번,골목상권,호프-간이주점,4,0,0,0,0.0,4.04,4.04
동대문중앙새마을금고본점,골목상권,호프-간이주점,10,0,0,0,0.0,4.82,4.82
동대부고,골목상권,호프-간이주점,1,0,0,0,0.0,3.09,3.09
동대부여고,골목상권,호프-간이주점,5,1,1,20,0.0,4.87,4.87
동묘앞역 2번,골목상권,호프-간이주점,6,0,0,0,0.0,4.36,4.36
동의보감타워,골목상권,호프-간이주점,6,1,1,17,0.0,4.94,4.94
동의초등학교,골목상권,호프-간이주점,1,0,0,0,0.0,3.09,3.09
동일여자고등학교,골목상권,호프-간이주점,5,0,0,0,0.0,4.22,4.22
동작구자원봉사센터,골목상권,호프-간이주점,3,0,0,0,0.0,3.79,3.79
둔촌2동주민센터,골목상권,호프-간이주점,7,0,0,0,0.0,4.51,4.51
둔촌고등학교(둔촌중학교),골목상권,호프-간이주점,1,0,0,0,0.0,3.09,3.09
둔촌동역 1번(한산중학교),골목상권,호프-간이주점,8,0,1,13,0.0,4.54,4.54
둔촌동역 3번(성내3동주민센터),골목상권,호프-간이주점,4,0,0,0,0.0,4.02,4.02
등촌1동주민센터,골목상권,호프-간이주점,4,1,1,25,0.0,4.87,4.87
등촌3동주민센터,골목상권,호프-간이주점,9,0,0,0,14.0,4.73,-9.27
등촌역 1번,골목상권,호프-간이주점,2,1,0,0,0.0,5.53,5.53
등촌역 7번,골목상권,호프-간이주점,2,0,0,0,0.0,3.5,3.5
떡전교사거리,골목상권,호프-간이주점,4,0,0,0,0.0,4.04,4.04
뚝섬역교차로,골목상권,호프-간이주점,5,0,0,0,67.0,4.22,-62.78
뜸부기어린이공원,골목상권,호프-간이주점,5,0,0,0,0.0,4.22,4.22
러스크서울병원,골목상권,호프-간이주점,4,1,0,0,33.0,5.03,-27.97
리움미술관,골목상권,호프-간이주점,1,0,0,0,0.0,3.09,3.09
마장역 2번,골목상권,호프-간이주점,4,0,0,0,0.0,4.06,4.06
마장역 3번,골목상권,호프-간이주점,2,0,0,0,0.0,3.5,3.5
마장지하차도,골목상권,호프-간이주점,2,0,0,0,0.0,3.5,3.5
마천1치안센터,골목상권,호프-간이주점,4,0,0,0,0.0,4.02,4.02
마천공원,골목상권,호프-간이주점,1,0,0,0,0.0,3.09,3.09
마천역(마천초등학교),골목상권,호프-간이주점,19,1,1,5,0.0,5.6,5.6
마포구청역 1번,골목상권,호프-간이주점,7,0,0,0,0.0,4.54,4.54
마포구청역 4번,골목상권,호프-간이주점,3,0,0,0,0.0,3.79,3.79
마포구청역 7번,골목상권,호프-간이주점,5,0,0,0,0.0,4.22,4.22
마포역 4번,골목상권,호프-간이주점,2,0,0,0,0.0,3.5,3.5
만리재,골목상권,호프-간이주점,6,0,0,0,0.0,4.39,4.39
말미고개,골목상권,호프-간이주점,5,0,0,0,25.0,4.21,-20.79
망리단길,골목상권,호프-간이주점,42,2,3,7,5.0,6.36,1.36
망우본동주민센터,골목상권,호프-간이주점,11,0,1,9,10.0,4.85,-5.15
망우역 1번,골목상권,호프-간이주점,7,1,0,0,0.0,5.07,5.07
망우역 2번,골목상권,호프-간이주점,3,0,0,0,0.0,3.82,3.82
망원역 1번,골목상권,호프-간이주점,7,1,0,0,0.0,5.08,5.08
매봉역 1번,골목상권,호프-간이주점,1,0,0,0,0.0,3.09,3.09
먹골역 1번,골목상권,호프-간이주점,2,0,0,0,0.0,3.5,3.5
먹골역 5번,골목상권,호프-간이주점,19,2,0,0,0.0,5.88,5.88
먹골파출소,골목상권,호프-간이주점,1,0,0,0,0.0,3.09,3.09
메가박스 상봉,골목상권,호프-간이주점,29,0,1,3,0.0,5.83,5.83
메디힐병원,골목상권,호프-간이주점,11,1,2,18,0.0,5.15,5.15
면동초등학교,골목상권,호프-간이주점,9,0,0,0,13.0,4.74,-8.26
면목2동체육관,골목상권,호프-간이주점,3,0,0,0,0.0,3.79,3.79
면목5동주민센터,골목상권,호프-간이주점,3,0,0,0,0.0,3.79,3.79
면목동우체국,골목상권,호프-간이주점,5,0,0,0,0.0,4.21,4.21
면목역 1번,골목상권,호프-간이주점,6,0,0,0,20.0,4.36,-15.64
면목역 2번,골목상권,호프-간이주점,18,0,0,0,18.0,5.38,-12.62
면목역 3번,골목상권,호프-간이주점,4,0,0,0,25.0,4.04,-20.96
명일역 1번,골목상권,호프-간이주점,3,0,1,33,0.0,3.58,3.58
명지대학교,골목상권,호프-간이주점,23,0,0,0,5.0,5.62,0.62
명지대학교교회,골목상권,호프-간이주점,6,0,0,0,0.0,4.4,4.4
모래내우체국,골목상권,호프-간이주점,6,0,0,0,50.0,4.37,-45.63
목4동주민센터,골목상권,호프-간이주점,1,0,0,0,0.0,3.09,3.09
목동로데오거리,골목상권,호프-간이주점,5,0,1,20,0.0,4.06,4.06
목동보건지소,골목상권,호프-간이주점,9,0,0,0,43.0,4.74,-38.26
목동센트럴아이파크앞,골목상권,호프-간이주점,2,0,1,50,0.0,3.14,3.14
묘곡초등학교(고덕아이파크아파트),골목상권,호프-간이주점,6,0,2,33,0.0,4.14,4.14
무너미어린이공원,골목상권,호프-간이주점,2,0,0,0,0.0,3.5,3.5
문래동남성맨션,골목상권,호프-간이주점,3,0,0,0,0.0,3.79,3.79
문래소공원,골목상권,호프-간이주점,2,0,0,0,0.0,3.54,3.54
문래예술촌(문래창작촌),골목상권,호프-간이주점,63,3,7,11,3.0,6.73,3.73
문래중학교,골목상권,호프-간이주점,2,0,0,0,0.0,3.5,3.5
문성초등학교,골목상권,호프-간이주점,22,6,3,14,5.0,6.56,1.56
문이교,골목상권,호프-간이주점,1,0,0,0,0.0,3.09,3.09
문정동성당,골목상권,호프-간이주점,1,0,0,0,0.0,3.09,3.09
문정역 1번,골목상권,호프-간이주점,2,0,0,0,0.0,3.5,3.5
문정역 2번,골목상권,호프-간이주점,3,0,0,0,0.0,3.79,3.79
문정초등학교,골목상권,호프-간이주점,2,0,0,0,0.0,3.5,3.5
문현중학교(장지역 1번),골목상권,호프-간이주점,5,0,0,0,0.0,4.22,4.22
미근동,골목상권,호프-간이주점,10,0,0,0,0.0,4.83,4.83
미성동주민센터,골목상권,호프-간이주점,4,0,0,0,0.0,4.04,4.04
미성초등학교,골목상권,호프-간이주점,4,1,0,0,33.0,5.05,-27.95
미아사거리역 3번,골목상권,호프-간이주점,10,0,0,0,0.0,4.84,4.84
미아역 5번,골목상권,호프-간이주점,4,0,0,0,0.0,4.02,4.02
미아역 8번,골목상권,호프-간이주점,7,0,0,0,0.0,4.52,4.52
미아초등학교,골목상권,호프-간이주점,3,0,0,0,0.0,3.79,3.79
바우뫼공원,골목상권,호프-간이주점,1,0,0,0,0.0,3.09,3.09
반포4동주민센터(몽마르뜨공원),골목상권,호프-간이주점,1,0,0,0,0.0,3.09,3.09
발바닥공원,골목상권,호프-간이주점,1,0,0,0,0.0,3.09,3.09
발산역 5번,골목상권,호프-간이주점,2,0,0,0,0.0,3.5,3.5
방배동사이길,골목상권,호프-간이주점,2,0,0,0,0.0,3.5,3.5
방배아이파크아파트,골목상권,호프-간이주점,1,0,0,0,0.0,3.09,3.09
방배초등학교,골목상권,호프-간이주점,2,0,0,0,0.0,3.5,3.5
방이동고분군(방산고등학교),골목상권,호프-간이주점,4,0,0,0,0.0,4.02,4.02
방이역 1번,골목상권,호프-간이주점,3,0,0,0,0.0,3.79,3.79
방이역 2번,골목상권,호프-간이주점,2,0,0,0,0.0,3.5,3.5
방이역 4번,골목상권,호프-간이주점,18,0,0,0,6.0,5.39,-0.61
방학1동주민센터,골목상권,호프-간이주점,20,0,0,0,18.0,5.49,-12.51
방학역 1번,골목상권,호프-간이주점,19,0,0,0,0.0,5.44,5.44
방학역 2번,골목상권,호프-간이주점,17,0,2,12,0.0,5.24,5.24
방학중학교,골목상권,호프-간이주점,4,0,0,0,0.0,4.02,4.02
방학초등학교,골목상권,호프-간이주점,4,0,0,0,0.0,4.02,4.02
방화역 1번,골목상권,호프-간이주점,8,1,0,0,14.0,5.15,-8.85
방화역 2번,골목상권,호프-간이주점,1,0,0,0,0.0,3.09,3.09
방화역 3번,골목상권,호프-간이주점,1,0,0,0,0.0,3.09,3.09
방화초등학교,골목상권,호프-간이주점,1,0,0,0,0.0,3.09,3.09
배문고등학교,골목상권,호프-간이주점,4,0,0,0,0.0,4.02,4.02
배화여자대학교(박노수미술관),골목상권,호프-간이주점,11,0,0,0,0.0,4.91,4.91
백련산해모로아파트,골목상권,호프-간이주점,5,0,0,0,0.0,4.21,4.21
백산초등학교,골목상권,호프-간이주점,3,0,0,0,0.0,3.82,3.82
번동주공2단지,골목상권,호프-간이주점,2,0,0,0,0.0,3.5,3.5
벌말어린이공원,골목상권,호프-간이주점,5,0,0,0,0.0,4.21,4.21
보라매동주민센터(당곡고등학교),골목상권,호프-간이주점,3,0,0,0,0.0,3.79,3.79
보라매역 2번,골목상권,호프-간이주점,4,0,0,0,0.0,4.02,4.02
보라매역 4번,골목상권,호프-간이주점,2,1,1,50,0.0,5.17,5.17
보라매역 6번,골목상권,호프-간이주점,7,0,0,0,0.0,4.5,4.5
보문역 5번,골목상권,호프-간이주점,4,0,0,0,0.0,4.02,4.02
보문역 8번,골목상권,호프-간이주점,3,0,0,0,0.0,3.79,3.79
보인중학교,골목상권,호프-간이주점,1,0,0,0,0.0,3.09,3.09
봉은사역 4번,골목상권,호프-간이주점,4,0,0,0,0.0,4.02,4.02
봉천역 1번(관악초등학교),골목상권,호프-간이주점,3,0,0,0,0.0,3.79,3.79
봉천역 4번(봉천110안전센터),골목상권,호프-간이주점,10,0,1,10,0.0,4.75,4.75
북가좌2동주민센터,골목상권,호프-간이주점,7,0,0,0,0.0,4.51,4.51
북가좌초등학교,골목상권,호프-간이주점,4,0,0,0,0.0,4.02,4.02
북한산보국문역 1번,골목상권,호프-간이주점,1,0,0,0,0.0,3.09,3.09
북한산보국문역 2번,골목상권,호프-간이주점,4,0,0,0,33.0,4.04,-28.96
북한산우이역 2번,골목상권,호프-간이주점,4,0,0,0,0.0,4.02,4.02
불광역 7번,골목상권,호프-간이주점,5,0,0,0,25.0,4.21,-20.79
불광중학교,골목상권,호프-간이주점,2,0,0,0,0.0,3.5,3.5
사가정역 1번,골목상권,호프-간이주점,15,0,2,13,0.0,5.11,5.11
사가정역 4번,골목상권,호프-간이주점,5,0,0,0,0.0,4.21,4.21
사근동살곶이상점가,골목상권,호프-간이주점,3,0,0,0,0.0,3.79,3.79
사당역 10번,골목상권,호프-간이주점,38,1,0,0,0.0,6.23,6.23
사당역 4번,골목상권,호프-간이주점,10,0,0,0,0.0,4.83,4.83
사직공원(한국사회과학도서관),골목상권,호프-간이주점,2,0,0,0,0.0,3.5,3.5
삼각산119안전센터,골목상권,호프-간이주점,1,0,0,0,0.0,3.09,3.09
삼각지역 3번,골목상권,호프-간이주점,1,0,1,100,0.0,2.37,2.37
삼선동주민센터,골목상권,호프-간이주점,10,0,1,10,0.0,4.76,4.76
삼선중학교,골목상권,호프-간이주점,1,0,0,0,0.0,3.09,3.09
삼성산자연공원(서울금천초등학교),골목상권,호프-간이주점,4,0,0,0,0.0,4.04,4.04
삼성중앙역 7번,골목상권,호프-간이주점,1,0,0,0,0.0,3.09,3.09
삼양사거리역 1번,골목상권,호프-간이주점,2,0,0,0,0.0,3.54,3.54
삼양사거리역 2번,골목상권,호프-간이주점,2,0,0,0,0.0,3.5,3.5
삼양입구사거리,골목상권,호프-간이주점,8,0,0,0,13.0,4.63,-8.37
삼육보건대학교,골목상권,호프-간이주점,8,0,0,0,0.0,4.64,4.64
삼전역 1번,골목상권,호프-간이주점,11,1,1,9,0.0,5.22,5.22
삼전역 3번,골목상권,호프-간이주점,5,0,0,0,0.0,4.23,4.23
삼전역 4번,골목상권,호프-간이주점,6,0,0,0,0.0,4.37,4.37
상계2동주민센터,골목상권,호프-간이주점,20,1,2,10,10.0,5.61,-4.39
상계5동주민센터,골목상권,호프-간이주점,11,2,1,9,0.0,5.57,5.57
상계역,골목상권,호프-간이주점,28,0,1,4,4.0,5.78,1.78
상계초등학교,골목상권,호프-간이주점,1,0,0,0,0.0,3.09,3.09
상도1동주민센터앞,골목상권,호프-간이주점,1,0,0,0,0.0,3.16,3.16
상도4동주민센터,골목상권,호프-간이주점,2,0,0,0,100.0,3.54,-96.46
상도역 1번,골목상권,호프-간이주점,4,0,0,0,0.0,4.04,4.04
상도역 2번,골목상권,호프-간이주점,1,0,0,0,0.0,3.09,3.09
상도역 5번,골목상권,호프-간이주점,9,0,1,11,0.0,4.65,4.65
상봉역 3번,골목상권,호프-간이주점,34,0,1,3,3.0,5.99,2.99
상봉역 4번,골목상권,호프-간이주점,8,1,0,0,0.0,5.14,5.14
상봉역 7번,골목상권,호프-간이주점,1,0,0,0,0.0,3.09,3.09
상수역 4번,골목상권,호프-간이주점,17,0,0,0,13.0,5.33,-7.67
상왕십리역 3번,골목상권,호프-간이주점,5,0,0,0,0.0,4.21,4.21
상왕십리역 6번,골목상권,호프-간이주점,1,0,0,0,0.0,3.09,3.09
상월곡역 1번,골목상권,호프-간이주점,12,0,1,8,0.0,4.97,4.97
상월곡역 2번,골목상권,호프-간이주점,2,0,1,50,0.0,3.14,3.14
상월곡역 3번,골목상권,호프-간이주점,1,0,0,0,0.0,3.09,3.09
상일여고(상일초등학교),골목상권,호프-간이주점,13,0,2,15,0.0,4.97,4.97
새남터성지,골목상권,호프-간이주점,1,0,0,0,0.0,3.09,3.09
새절역 2번,골목상권,호프-간이주점,1,0,0,0,0.0,3.09,3.09
새절역 3번,골목상권,호프-간이주점,1,0,1,100,0.0,2.37,2.37
새터산,골목상권,호프-간이주점,1,0,0,0,0.0,3.09,3.09
샘말어린이공원,골목상권,호프-간이주점,2,0,0,0,0.0,3.5,3.5
샤로수길,골목상권,호프-간이주점,51,1,3,6,8.0,6.45,-1.55
서강대역 1번,골목상권,호프-간이주점,8,1,0,0,0.0,5.15,5.15
서경대학교,골목상권,호프-간이주점,5,0,0,0,0.0,4.22,4.22
서대문소방서,골목상권,호프-간이주점,1,0,1,100,0.0,2.37,2.37
서래초등학교,골목상권,호프-간이주점,1,0,0,0,0.0,3.09,3.09
서서울호수공원,골목상권,호프-간이주점,2,1,0,0,0.0,5.53,5.53
서연중학교,골목상권,호프-간이주점,1,0,0,0,0.0,3.09,3.09
서울과학기술대,골목상권,호프-간이주점,3,0,0,0,0.0,3.79,3.79
서울금융고등학교,골목상권,호프-간이주점,1,0,0,0,0.0,3.09,3.09
서울나래학교(염곡어린이공원),골목상권,호프-간이주점,1,0,0,0,0.0,3.16,3.16
서울대병원,골목상권,호프-간이주점,1,0,0,0,0.0,3.09,3.09
서울대입구역 8번,골목상권,호프-간이주점,2,0,0,0,0.0,3.5,3.5
서울독일학교,골목상권,호프-간이주점,3,0,0,0,0.0,3.79,3.79
서울산업정보학교(서울삼성초등학교),골목상권,호프-간이주점,1,0,0,0,0.0,3.09,3.09
서울서부지방법원,골목상권,호프-간이주점,10,1,0,0,0.0,5.23,5.23
서울숲역 1번,골목상권,호프-간이주점,1,0,0,0,0.0,3.09,3.09
서울숲카페거리,골목상권,호프-간이주점,4,0,0,0,0.0,4.02,4.02
서울시립대,골목상권,호프-간이주점,6,0,0,0,0.0,4.36,4.36
서울여자간호대학교,골목상권,호프-간이주점,5,0,0,0,0.0,4.22,4.22
서울역 12번,골목상권,호프-간이주점,6,0,0,0,0.0,4.36,4.36
서울역 15번,골목상권,호프-간이주점,9,0,0,0,0.0,4.73,4.73
서울지방병무청,골목상권,호프-간이주점,1,0,0,0,0.0,3.09,3.09
서울축산농협 독산역지점(독산파출소),골목상권,호프-간이주점,5,0,0,0,0.0,4.21,4.21
서울프랑스학교,골목상권,호프-간이주점,2,0,0,0,100.0,3.5,-96.5
서원동주민센터(신관중학교),골목상권,호프-간이주점,1,0,0,0,0.0,3.09,3.09
서일대학교,골목상권,호프-간이주점,2,1,0,0,100.0,5.53,-94.47
서초중학교,골목상권,호프-간이주점,1,0,0,0,0.0,3.09,3.09
석계역 1번,골목상권,호프-간이주점,8,0,0,0,0.0,4.64,4.64
석계역 2번,골목상권,호프-간이주점,8,1,0,0,0.0,5.15,5.15
석계역 7번,골목상권,호프-간이주점,31,1,2,7,0.0,5.99,5.99
석관고등학교,골목상권,호프-간이주점,4,0,0,0,0.0,4.02,4.02
석관중앙교회,골목상권,호프-간이주점,2,0,0,0,0.0,3.54,3.54
석수역 1번 출입구,골목상권,호프-간이주점,4,0,0,0,0.0,4.02,4.02
석촌고분역 1번,골목상권,호프-간이주점,8,0,0,0,0.0,4.63,4.63
석촌고분역 4번,골목상권,호프-간이주점,3,0,0,0,0.0,3.79,3.79
석촌역 3번,골목상권,호프-간이주점,7,0,0,0,17.0,4.51,-12.49
석촌역 6번,골목상권,호프-간이주점,5,0,0,0,0.0,4.21,4.21
석촌역 7번,골목상권,호프-간이주점,17,0,0,0,6.0,5.34,-0.66
선유도역 1번,골목상권,호프-간이주점,12,0,0,0,0.0,4.99,4.99
선유도역 6번,골목상권,호프-간이주점,6,0,0,0,0.0,4.36,4.36
선일여고,골목상권,호프-간이주점,1,0,0,0,0.0,3.09,3.09
선정릉역 4번,골목상권,호프-간이주점,4,0,0,0,0.0,4.02,4.02
선정중학교,골목상권,호프-간이주점,1,0,0,0,0.0,3.09,3.09
성곡미술관,골목상권,호프-간이주점,1,0,0,0,0.0,3.09,3.09
성균관대학교,골목상권,호프-간이주점,18,0,1,6,0.0,5.33,5.33
성남고등학교,골목상권,호프-간이주점,1,0,0,0,0.0,3.09,3.09
성내천어린이공원(하니사랑길),골목상권,호프-간이주점,2,0,0,0,0.0,3.54,3.54
성동구립금호도서관,골목상권,호프-간이주점,1,0,0,0,0.0,3.09,3.09
성동구보건소,골목상권,호프-간이주점,4,1,3,75,0.0,4.49,4.49
성동세무서,골목상권,호프-간이주점,1,0,0,0,0.0,3.09,3.09
성동초등학교,골목상권,호프-간이주점,1,0,0,0,0.0,3.09,3.09
성미산체육관,골목상권,호프-간이주점,1,0,0,0,0.0,3.16,3.16
성북초등학교앞,골목상권,호프-간이주점,1,0,0,0,0.0,3.09,3.09
성산중학교,골목상권,호프-간이주점,18,1,2,11,0.0,5.54,5.54
성서초등학교,골목상권,호프-간이주점,1,0,0,0,0.0,3.09,3.09
성수119안전센터,골목상권,호프-간이주점,17,0,1,6,6.0,5.29,-0.71
성수1가1동주민센터,골목상권,호프-간이주점,2,0,0,0,0.0,3.5,3.5
성수2가3동주민센터,골목상권,호프-간이주점,1,0,0,0,0.0,3.09,3.09
성수동카페거리,골목상권,호프-간이주점,19,0,3,16,0.0,5.32,5.32
성수초등학교,골목상권,호프-간이주점,4,0,0,0,33.0,4.02,-28.98
성신여대운정그린캠퍼스,골목상권,호프-간이주점,9,0,1,11,13.0,4.65,-8.35
성신여대입구역 1번,골목상권,호프-간이주점,4,0,0,0,0.0,4.04,4.04
성신여대입구역 4번,골목상권,호프-간이주점,2,0,0,0,0.0,3.5,3.5
성신여대입구역 7번,골목상권,호프-간이주점,7,0,0,0,0.0,4.51,4.51
성심여자고등학교,골목상권,호프-간이주점,4,0,0,0,33.0,4.02,-28.98
성원어린이공원,골목상권,호프-간이주점,4,0,1,25,0.0,3.86,3.86
성원중학교,골목상권,호프-간이주점,9,0,0,0,0.0,4.73,4.73
성자초등학교,골목상권,호프-간이주점,6,1,0,0,0.0,5.07,5.07
세검정,골목상권,호프-간이주점,2,0,0,0,0.0,3.5,3.5
세검정초등학교,골목상권,호프-간이주점,7,0,0,0,0.0,4.5,4.5
세곡초등학교,골목상권,호프-간이주점,11,0,0,0,0.0,4.92,4.92
세명컴퓨터고등학교,골목상권,호프-간이주점,1,0,0,0,0.0,3.09,3.09
세종대왕기념관교차로,골목상권,호프-간이주점,1,0,0,0,0.0,3.09,3.09
솔밭공원역 1번,골목상권,호프-간이주점,4,0,0,0,0.0,4.02,4.02
솔밭공원역 2번,골목상권,호프-간이주점,6,0,0,0,0.0,4.36,4.36
송정역 2번,골목상권,호프-간이주점,1,0,0,0,0.0,3.09,3.09
송정역 3번,골목상권,호프-간이주점,20,0,0,0,0.0,5.49,5.49
송정체육공원,골목상권,호프-간이주점,1,0,0,0,0.0,3.09,3.09
송중동주민센터,골목상권,호프-간이주점,3,0,0,0,0.0,3.79,3.79
송중초등학교,골목상권,호프-간이주점,2,0,0,0,0.0,3.54,3.54
송천동주민센터,골목상권,호프-간이주점,1,1,0,0,0.0,7.14,7.14
송천초등학교,골목상권,호프-간이주점,4,0,0,0,0.0,4.02,4.02
송파나루역 1번(송리단길),골목상권,호프-간이주점,30,0,0,0,0.0,5.88,5.88
송파나루역 2번,골목상권,호프-간이주점,15,0,0,0,7.0,5.21,-1.79
수궁동주민센터,골목상권,호프-간이주점,5,0,0,0,0.0,4.21,4.21
수락산디자인거리,골목상권,호프-간이주점,26,0,0,0,0.0,5.74,5.74
수락산역 4번,골목상권,호프-간이주점,6,0,0,0,0.0,4.37,4.37
수색역 1번,골목상권,호프-간이주점,1,0,0,0,0.0,3.09,3.09
수송초등학교,골목상권,호프-간이주점,18,1,2,11,6.0,5.55,-0.45
수유1동주민센터,골목상권,호프-간이주점,4,0,0,0,0.0,4.04,4.04
수유동우체국,골목상권,호프-간이주점,3,0,0,0,0.0,3.79,3.79
수유북부시장옆,골목상권,호프-간이주점,3,0,0,0,0.0,3.79,3.79
수유시장옆,골목상권,호프-간이주점,3,0,0,0,0.0,3.79,3.79
수유역 2번,골목상권,호프-간이주점,6,0,0,0,0.0,4.36,4.36
수유초등학교,골목상권,호프-간이주점,5,0,2,40,0.0,3.92,3.92
수족관거리,골목상권,호프-간이주점,2,0,1,50,0.0,3.14,3.14
숙대입구,골목상권,호프-간이주점,18,1,0,0,0.0,5.63,5.63
숙대입구역 1번,골목상권,호프-간이주점,4,0,0,0,33.0,4.04,-28.96
숭곡초등학교,골목상권,호프-간이주점,3,0,0,0,0.0,3.79,3.79
숭실대입구역 1번,골목상권,호프-간이주점,6,0,0,0,20.0,4.39,-15.61
숭실대입구역 4번,골목상권,호프-간이주점,15,1,1,7,7.0,5.44,-1.56
시립대앞사거리,골목상권,호프-간이주점,10,0,0,0,0.0,4.84,4.84
시립서북병원,골목상권,호프-간이주점,10,0,0,0,11.0,4.84,-6.16
시흥4동주민센터(서울신흥초등학교),골목상권,호프-간이주점,4,0,1,25,0.0,3.84,3.84
시흥동 은행나무사거리,골목상권,호프-간이주점,6,0,0,0,17.0,4.37,-12.63
시흥초등학교(시흥1동우체국),골목상권,호프-간이주점,17,0,1,6,0.0,5.28,5.28
신곡초등학교,골목상권,호프-간이주점,1,0,0,0,0.0,3.09,3.09
신금호역 4번,골목상권,호프-간이주점,3,0,0,0,0.0,3.79,3.79
신길2동우편취급국,골목상권,호프-간이주점,6,0,0,0,0.0,4.37,4.37
신길3동주민센터,골목상권,호프-간이주점,1,0,1,100,0.0,2.37,2.37
신길6동주민센터,골목상권,호프-간이주점,4,0,0,0,33.0,4.02,-28.98
신길대성유니드아파트,골목상권,호프-간이주점,1,0,0,0,0.0,3.09,3.09
신길동홍어거리,골목상권,호프-간이주점,3,0,1,33,0.0,3.56,3.56
신길새마을금고신길4동지점,골목상권,호프-간이주점,3,0,0,0,0.0,3.79,3.79
신길역 3번,골목상권,호프-간이주점,1,0,0,0,0.0,3.09,3.09
신내1동주민센터,골목상권,호프-간이주점,17,0,0,0,13.0,5.33,-7.67
신당역 3번,골목상권,호프-간이주점,5,0,0,0,0.0,4.21,4.21
신대림초등학교,골목상권,호프-간이주점,2,0,1,50,0.0,3.14,3.14
신대방삼거리역 1번,골목상권,호프-간이주점,5,0,0,0,0.0,4.22,4.22
신대방삼거리역 3번,골목상권,호프-간이주점,1,0,0,0,0.0,3.09,3.09
신대방역 1번,골목상권,호프-간이주점,3,0,0,0,0.0,3.79,3.79
신대방역 2번,골목상권,호프-간이주점,17,0,3,18,0.0,5.2,5.2
신대방역 3번,골목상권,호프-간이주점,1,0,1,100,0.0,2.37,2.37
신대방역 4번,골목상권,호프-간이주점,8,1,3,38,0.0,4.87,4.87
신림역 1번,골목상권,호프-간이주점,1,0,0,0,0.0,3.16,3.16
"신림역 5번(신림동주민센터, 신림동별빛거리)",골목상권,호프-간이주점,22,0,2,9,16.0,5.52,-10.48
신림역 8번,골목상권,호프-간이주점,7,0,1,14,0.0,4.41,4.41
신림우방아파트,골목상권,호프-간이주점,2,0,0,0,0.0,3.5,3.5
신림주공2단지(광신고등학교),골목상권,호프-간이주점,1,0,0,0,0.0,3.09,3.09
신림현대아파트,골목상권,호프-간이주점,3,1,0,0,0.0,5.13,5.13
신묵초등학교,골목상권,호프-간이주점,15,1,0,0,7.0,5.49,-1.51
신방화역 2번,골목상권,호프-간이주점,7,0,1,14,17.0,4.4,-12.6
신방화역 8번,골목상권,호프-간이주점,3,0,0,0,0.0,3.82,3.82
신사1동주민센터,골목상권,호프-간이주점,6,0,0,0,0.0,4.37,4.37
신사은행나무공원,골목상권,호프-간이주점,4,0,0,0,0.0,4.02,4.02
신서초등학교,골목상권,호프-간이주점,4,0,0,0,0.0,4.04,4.04
신설동역 12번,골목상권,호프-간이주점,1,0,0,0,0.0,3.09,3.09
신설동역 9번,골목상권,호프-간이주점,2,0,0,0,0.0,3.5,3.5
신성초등학교,골목상권,호프-간이주점,3,0,0,0,0.0,3.82,3.82
신수동주민센터,골목상권,호프-간이주점,1,0,0,0,0.0,3.09,3.09
신원동주민센터,골목상권,호프-간이주점,4,0,0,0,0.0,4.02,4.02
신월1동우편취급국,골목상권,호프-간이주점,15,0,0,0,14.0,5.21,-8.79
신월1동주민센터,골목상권,호프-간이주점,21,1,0,0,5.0,5.73,0.73
신월1파출소,골목상권,호프-간이주점,8,0,1,13,0.0,4.52,4.52
신월2동주민센터,골목상권,호프-간이주점,4,0,0,0,0.0,4.02,4.02
신월3동주민센터,골목상권,호프-간이주점,15,0,1,7,0.0,5.15,5.15
신월4동주민센터,골목상권,호프-간이주점,6,0,0,0,0.0,4.36,4.36
신월7동주민센터,골목상권,호프-간이주점,6,0,0,0,0.0,4.37,4.37
신월문화체육센터,골목상권,호프-간이주점,11,0,1,9,0.0,4.85,4.85
신월시영아파트중문,골목상권,호프-간이주점,2,0,0,0,0.0,3.5,3.5
신자초등학교,골목상권,호프-간이주점,4,0,0,0,0.0,4.04,4.04
신정2동주민센터,골목상권,호프-간이주점,1,0,0,0,0.0,3.09,3.09
신정롯데캐슬아파트,골목상권,호프-간이주점,6,0,0,0,0.0,4.37,4.37
신정역 1번,골목상권,호프-간이주점,1,0,0,0,0.0,3.09,3.09
신정역 5번,골목상권,호프-간이주점,7,0,1,14,0.0,4.4,4.4
신진과학기술고등학교,골목상권,호프-간이주점,2,0,0,0,0.0,3.5,3.5
신창초등학교,골목상권,호프-간이주점,21,0,0,0,0.0,5.54,5.54
신촌역 6번,골목상권,호프-간이주점,2,0,0,0,0.0,3.54,3.54
신풍역 1번,골목상권,호프-간이주점,5,0,0,0,0.0,4.22,4.22
신풍역 2번,골목상권,호프-간이주점,1,0,0,0,0.0,3.09,3.09
신풍역 3번,골목상권,호프-간이주점,1,0,0,0,0.0,3.09,3.09
신한은행 방학동지점,골목상권,호프-간이주점,9,0,1,11,0.0,4.65,4.65
신한은행 신월동지점,골목상권,호프-간이주점,20,0,2,10,5.0,5.42,0.42
쌍문2동우체국,골목상권,호프-간이주점,5,0,0,0,0.0,4.22,4.22
쌍문역1번(쌍리단길),골목상권,호프-간이주점,5,1,0,0,0.0,5.02,5.02
쌍문초등학교,골목상권,호프-간이주점,1,0,0,0,0.0,3.09,3.09
아차산역 1번,골목상권,호프-간이주점,7,1,1,14,0.0,4.96,4.96
아카데미하우스,골목상권,호프-간이주점,2,0,0,0,0.0,3.5,3.5
아현역 1번,골목상권,호프-간이주점,2,0,0,0,0.0,3.5,3.5
아현역 2번,골목상권,호프-간이주점,8,0,0,0,0.0,4.62,4.62
아현역 4번,골목상권,호프-간이주점,6,0,1,17,20.0,4.24,-15.76
안암역 2번,골목상권,호프-간이주점,5,0,0,0,0.0,4.21,4.21
안암역 3번,골목상권,호프-간이주점,34,1,0,0,6.0,6.12,0.12
암사동성당(효정하나플러스아파트),골목상권,호프-간이주점,10,0,0,0,0.0,4.82,4.82
암사역 1번,골목상권,호프-간이주점,12,0,0,0,0.0,5.0,5.0
암사역 2번(서울강동초등학교),골목상권,호프-간이주점,25,0,0,0,0.0,5.7,5.7
암사역 3번(천호동자전거거리),골목상권,호프-간이주점,7,1,0,0,0.0,5.07,5.07
양재근린공원(양재2동주민센터),골목상권,호프-간이주점,1,0,0,0,0.0,3.09,3.09
양재역 8번(양재동우체국),골목상권,호프-간이주점,26,1,1,4,0.0,5.88,5.88
양지어린이공원,골목상권,호프-간이주점,4,1,1,25,0.0,4.85,4.85
양천향교역 2번,골목상권,호프-간이주점,3,0,0,0,0.0,3.82,3.82
양천향교역 5번,골목상권,호프-간이주점,6,0,0,0,0.0,4.36,4.36
양천향교역 7번,골목상권,호프-간이주점,7,0,2,29,33.0,4.32,-28.68
양평역 2번,골목상권,호프-간이주점,11,0,0,0,10.0,4.92,-5.08
양화대교북단,골목상권,호프-간이주점,2,0,0,0,0.0,3.5,3.5
양화초등학교,골목상권,호프-간이주점,1,0,0,0,0.0,3.09,3.09
어린이대공원역 3번,골목상권,호프-간이주점,3,0,0,0,0.0,3.79,3.79
어린이대공원역 4번,골목상권,호프-간이주점,4,0,0,0,0.0,4.02,4.02
언북중학교,골목상권,호프-간이주점,1,0,0,0,0.0,3.09,3.09
언북초등학교,골목상권,호프-간이주점,1,0,0,0,0.0,3.16,3.16
언주역 3번,골목상권,호프-간이주점,1,0,0,0,0.0,3.09,3.09
언주역 6번,골목상권,호프-간이주점,2,0,0,0,0.0,3.5,3.5
언주역 8번,골목상권,호프-간이주점,1,0,0,0,0.0,3.09,3.09
역삼역 4번,골목상권,호프-간이주점,2,0,0,0,0.0,3.5,3.5
역삼역 8번,골목상권,호프-간이주점,3,0,0,0,0.0,3.79,3.79
역삼월드메르디앙아파트,골목상권,호프-간이주점,1,0,0,0,0.0,3.09,3.09
역촌노인복지관,골목상권,호프-간이주점,4,1,0,0,0.0,5.07,5.07
역촌역 2번,골목상권,호프-간이주점,1,0,0,0,0.0,3.09,3.09
역촌역 3번,골목상권,호프-간이주점,3,0,1,33,0.0,3.56,3.56
연가초등학교,골목상권,호프-간이주점,1,0,0,0,0.0,3.09,3.09
연신내역 2번,골목상권,호프-간이주점,7,0,0,0,17.0,4.5,-12.5
연신내역 4번,골목상권,호프-간이주점,6,0,0,0,0.0,4.37,4.37
연신내역 5번,골목상권,호프-간이주점,8,0,0,0,29.0,4.64,-24.36
연신내역 7번,골목상권,호프-간이주점,15,0,0,0,0.0,5.2,5.2
연신내우체국,골목상권,호프-간이주점,5,0,0,0,0.0,4.21,4.21
연신초등학교,골목상권,호프-간이주점,1,0,0,0,0.0,3.09,3.09
연천초등학교,골목상권,호프-간이주점,3,0,0,0,0.0,3.84,3.84
연트럴파크(연남동주민센터),골목상권,호프-간이주점,11,0,0,0,0.0,4.91,4.91
연희대우아파트앞,골목상권,호프-간이주점,5,0,0,0,0.0,4.21,4.21
연희세브란스병원,골목상권,호프-간이주점,1,0,0,0,0.0,3.09,3.09
연희지하차도,골목상권,호프-간이주점,2,0,0,0,0.0,3.5,3.5
연희초등학교,골목상권,호프-간이주점,1,0,0,0,0.0,3.09,3.09
연희파출소,골목상권,호프-간이주점,2,0,0,0,0.0,3.5,3.5
열정도,골목상권,호프-간이주점,3,0,1,33,0.0,3.56,3.56
염곡동 구룡사(포이동성당),골목상권,호프-간이주점,4,0,0,0,33.0,4.04,-28.96
염리초등학교,골목상권,호프-간이주점,1,0,0,0,0.0,3.09,3.09
염창역 2번,골목상권,호프-간이주점,1,0,0,0,0.0,3.09,3.09
영동초등학교,골목상권,호프-간이주점,3,0,0,0,0.0,3.79,3.79
영등포구청역 2번,골목상권,호프-간이주점,3,0,0,0,0.0,3.82,3.82
영등포구청역 6번,골목상권,호프-간이주점,11,0,0,0,0.0,4.91,4.91
영등포본동주민센터,골목상권,호프-간이주점,2,0,0,0,0.0,3.5,3.5
영등포시장역 1번,골목상권,호프-간이주점,3,0,0,0,0.0,3.79,3.79
영등포역 2번,골목상권,호프-간이주점,5,0,0,0,0.0,4.21,4.21
영등포푸르지오아파트,골목상권,호프-간이주점,2,0,0,0,0.0,3.5,3.5
영락고등학교,골목상권,호프-간이주점,5,0,0,0,0.0,4.21,4.21
영서중학교,골목상권,호프-간이주점,2,0,0,0,0.0,3.5,3.5
영신여고,골목상권,호프-간이주점,3,0,0,0,0.0,3.79,3.79
영신초등학교,골목상권,호프-간이주점,7,0,0,0,0.0,4.5,4.5
영천시장입구,골목상권,호프-간이주점,5,0,0,0,25.0,4.22,-20.78
예일여고,골목상권,호프-간이주점,1,0,0,0,0.0,3.09,3.09
오거리공원,골목상권,호프-간이주점,13,0,1,8,0.0,5.01,5.01
오금공원(오주중학교),골목상권,호프-간이주점,4,0,0,0,0.0,4.06,4.06
오동나무공원(송파레미니스1단지),골목상권,호프-간이주점,3,0,0,0,0.0,3.79,3.79
오류2동버들시장,골목상권,호프-간이주점,10,2,1,10,0.0,5.57,5.57
오류동역 1번,골목상권,호프-간이주점,1,0,0,0,0.0,3.09,3.09
오류동역 3번,골목상권,호프-간이주점,1,0,0,0,0.0,3.09,3.09
오류동역 4번,골목상권,호프-간이주점,1,0,0,0,0.0,3.09,3.09
오산고등학교,골목상권,호프-간이주점,2,0,0,0,0.0,3.5,3.5
오산중학교,골목상권,호프-간이주점,4,0,0,0,0.0,4.04,4.04
옥수동우편취급국,골목상권,호프-간이주점,1,0,0,0,0.0,3.09,3.09
옥수역 6번,골목상권,호프-간이주점,4,0,0,0,25.0,4.04,-20.96
온수역 1번,골목상권,호프-간이주점,3,0,0,0,0.0,3.79,3.79
온수역 5번(온수산업단지),골목상권,호프-간이주점,3,0,0,0,0.0,3.79,3.79
왕십리역 9번,골목상권,호프-간이주점,2,0,0,0,0.0,3.5,3.5
왕십리파출소,골목상권,호프-간이주점,2,0,0,0,0.0,3.5,3.5
외대앞역 1번,골목상권,호프-간이주점,24,2,0,0,0.0,5.99,5.99
용강동주민센터,골목상권,호프-간이주점,2,0,0,0,0.0,3.5,3.5
용두동신동아아파트,골목상권,호프-간이주점,6,0,0,0,0.0,4.37,4.37
용두사거리,골목상권,호프-간이주점,1,0,0,0,0.0,3.09,3.09
용두초등학교,골목상권,호프-간이주점,1,0,0,0,0.0,3.09,3.09
용두희망어린이공원,골목상권,호프-간이주점,2,0,1,50,0.0,3.14,3.14
용마문화복지센터,골목상권,호프-간이주점,4,0,0,0,0.0,4.02,4.02
용마초등학교,골목상권,호프-간이주점,10,0,0,0,0.0,4.82,4.82
용산구청,골목상권,호프-간이주점,10,0,0,0,0.0,4.83,4.83
우리은행응암동지점,골목상권,호프-간이주점,2,0,0,0,0.0,3.5,3.5
우리은행체육관,골목상권,호프-간이주점,6,0,0,0,0.0,4.36,4.36
우면주공아파트,골목상권,호프-간이주점,1,0,0,0,0.0,3.09,3.09
우사단길,골목상권,호프-간이주점,12,0,0,0,0.0,4.99,4.99
우이천 계성교,골목상권,호프-간이주점,3,0,0,0,0.0,3.79,3.79
우장산롯데캐슬아파트앞,골목상권,호프-간이주점,4,0,0,0,0.0,4.02,4.02
우장산역 1번,골목상권,호프-간이주점,3,0,0,0,0.0,3.79,3.79
우장산역 4번,골목상권,호프-간이주점,2,0,0,0,0.0,3.5,3.5
우장산힐스테이트,골목상권,호프-간이주점,1,1,0,0,0.0,7.14,7.14
원신초등학교(구세군관악영문교회),골목상권,호프-간이주점,3,0,0,0,0.0,3.79,3.79
월드순복음교회,골목상권,호프-간이주점,7,0,0,0,17.0,4.51,-12.49
윗방죽마을공원,골목상권,호프-간이주점,6,0,0,0,0.0,4.4,4.4
은곡마을(은곡마을공원),골목상권,호프-간이주점,1,0,0,0,0.0,3.09,3.09
은천초등학교(은천교앞),골목상권,호프-간이주점,9,0,0,0,0.0,4.73,4.73
은평구청,골목상권,호프-간이주점,7,0,0,0,17.0,4.51,-12.49
은평세무서,골목상권,호프-간이주점,13,1,1,8,8.0,5.33,-2.67
은평요양병원,골목상권,호프-간이주점,5,0,0,0,0.0,4.21,4.21
응암1동주민센터,골목상권,호프-간이주점,1,0,0,0,0.0,3.09,3.09
응암3동주민센터,골목상권,호프-간이주점,4,0,0,0,0.0,4.02,4.02
응암동우체국,골목상권,호프-간이주점,6,0,0,0,0.0,4.37,4.37
응암역 2번,골목상권,호프-간이주점,1,0,0,0,0.0,3.09,3.09
응암역 3번,골목상권,호프-간이주점,14,0,0,0,8.0,5.15,-2.85
응암정보도서관,골목상권,호프-간이주점,11,0,0,0,0.0,4.92,4.92
의릉,골목상권,호프-간이주점,4,0,0,0,0.0,4.02,4.02
이대역 5번,골목상권,호프-간이주점,3,0,0,0,0.0,3.79,3.79
이북5도청사,골목상권,호프-간이주점,3,0,0,0,50.0,3.82,-46.18
이수역 10번,골목상권,호프-간이주점,4,0,0,0,100.0,4.02,-95.98
이수역 9번,골목상권,호프-간이주점,3,0,0,0,0.0,3.84,3.84
이촌동점보아파트,골목상권,호프-간이주점,2,0,0,0,0.0,3.5,3.5
이태원엔틱가구거리,골목상권,호프-간이주점,3,0,0,0,0.0,3.79,3.79
이태원역 북측,골목상권,호프-간이주점,1,0,0,0,0.0,3.09,3.09
이화달팽이길,골목상권,호프-간이주점,7,0,0,0,17.0,4.5,-12.5
인수동 우편취급국,골목상권,호프-간이주점,6,0,0,0,0.0,4.37,4.37
인헌고등학교(인헌중학교),골목상권,호프-간이주점,4,0,0,0,0.0,4.02,4.02
자동차부품상가,골목상권,호프-간이주점,1,0,0,0,0.0,3.09,3.09
자양4동주민센터,골목상권,호프-간이주점,13,0,1,8,7.0,5.01,-1.99
자양동우체국,골목상권,호프-간이주점,9,0,0,0,0.0,4.73,4.73
자양한강도서관,골목상권,호프-간이주점,11,0,0,0,0.0,4.92,4.92
잠원역,골목상권,호프-간이주점,2,0,0,0,0.0,3.5,3.5
장곡초등학교,골목상권,호프-간이주점,7,0,0,0,0.0,4.5,4.5
장로회신학대학교,골목상권,호프-간이주점,1,0,0,0,0.0,3.09,3.09
장스여성병원,골목상권,호프-간이주점,13,1,0,0,0.0,5.39,5.39
장승배기역 4번,골목상권,호프-간이주점,4,0,1,25,0.0,3.86,3.86
장안1동주민센터,골목상권,호프-간이주점,18,0,0,0,6.0,5.38,-0.62
장안근린공원,골목상권,호프-간이주점,8,0,0,0,0.0,4.62,4.62
장안제일시장,골목상권,호프-간이주점,3,0,0,0,0.0,3.79,3.79
장안중학교,골목상권,호프-간이주점,4,0,0,0,0.0,4.02,4.02
장안초등학교,골목상권,호프-간이주점,2,0,0,0,0.0,3.5,3.5
장안현대홈타운1차아파트,골목상권,호프-간이주점,6,1,0,0,0.0,5.05,5.05
장위1동주민센터,골목상권,호프-간이주점,4,0,0,0,33.0,4.02,-28.98
장지동주민센터(한림연예예술고교),골목상권,호프-간이주점,4,0,0,0,0.0,4.04,4.04
장충단 고개,골목상권,호프-간이주점,6,0,0,0,0.0,4.37,4.37
장충초등학교,골목상권,호프-간이주점,6,0,0,0,0.0,4.37,4.37
장평중학교,골목상권,호프-간이주점,8,0,1,13,14.0,4.52,-9.48
장훈고등학교,골목상권,호프-간이주점,7,0,1,14,0.0,4.4,4.4
전곡마을마당공원,골목상권,호프-간이주점,8,0,0,0,0.0,4.62,4.62
전농중학교,골목상권,호프-간이주점,1,0,0,0,0.0,3.09,3.09
절두산순교성지,골목상권,호프-간이주점,2,0,0,0,0.0,3.5,3.5
정릉북한산국립공원입구,골목상권,호프-간이주점,2,0,0,0,100.0,3.5,-96.5
정릉역 1번,골목상권,호프-간이주점,8,1,0,0,0.0,5.14,5.14
정릉우체국,골목상권,호프-간이주점,3,0,0,0,0.0,3.84,3.84
정원여중,골목상권,호프-간이주점,1,0,0,0,0.0,3.09,3.09
제기동역 6번,골목상권,호프-간이주점,2,0,0,0,0.0,3.5,3.5
조원동주민센터,골목상권,호프-간이주점,2,0,0,0,0.0,3.5,3.5
종암경찰서,골목상권,호프-간이주점,8,0,0,0,0.0,4.64,4.64
종암동주민센터,골목상권,호프-간이주점,6,0,1,17,0.0,4.25,4.25
종암아이파크2차,골목상권,호프-간이주점,2,0,0,0,0.0,3.5,3.5
종암중학교,골목상권,호프-간이주점,1,0,0,0,0.0,3.09,3.09
중곡1동 마을마당,골목상권,호프-간이주점,16,0,1,6,0.0,5.22,5.22
중곡1동주민센터,골목상권,호프-간이주점,6,0,0,0,0.0,4.37,4.37
중곡3동주민센터,골목상권,호프-간이주점,20,0,1,5,0.0,5.44,5.44
중곡4동주민센터,골목상권,호프-간이주점,1,0,0,0,0.0,3.09,3.09
중곡어린이공원,골목상권,호프-간이주점,1,0,1,100,0.0,2.37,2.37
중곡역 3번,골목상권,호프-간이주점,10,0,0,0,0.0,4.82,4.82
중곡초등학교,골목상권,호프-간이주점,4,0,1,25,0.0,3.84,3.84
중구회현체육센터(정화예술대남산캠퍼스),골목상권,호프-간이주점,1,0,0,0,0.0,3.09,3.09
중랑노인종합복지관,골목상권,호프-간이주점,9,0,0,0,0.0,4.73,4.73
중랑역 1번,골목상권,호프-간이주점,3,0,0,0,0.0,3.79,3.79
중랑역 2번,골목상권,호프-간이주점,3,2,0,0,0.0,6.51,6.51
중랑역 4번,골목상권,호프-간이주점,2,0,0,0,0.0,3.5,3.5
중앙대학교,골목상권,호프-간이주점,23,0,0,0,15.0,5.62,-9.38
중화역 1번,골목상권,호프-간이주점,4,0,0,0,0.0,4.02,4.02
중화역 4번,골목상권,호프-간이주점,13,0,1,8,8.0,5.02,-2.98
증산역 1번,골목상권,호프-간이주점,7,2,1,14,17.0,5.57,-11.43
증산역 3번,골목상권,호프-간이주점,5,0,0,0,25.0,4.21,-20.79
증산역 4번,골목상권,호프-간이주점,2,0,0,0,0.0,3.5,3.5
창2동주민센터,골목상권,호프-간이주점,4,0,1,25,0.0,3.84,3.84
창덕궁,골목상권,호프-간이주점,12,0,0,0,9.0,4.99,-4.01
창동역 2번,골목상권,호프-간이주점,9,2,0,0,0.0,5.62,5.62
창신역 4번,골목상권,호프-간이주점,3,0,0,0,50.0,3.82,-46.18
천동초등학교,골목상권,호프-간이주점,1,0,0,0,0.0,3.09,3.09
"천왕역 3번(오류2동주민센터, 서울오류남초등학교)",골목상권,호프-간이주점,2,0,0,0,0.0,3.5,3.5
천호공원(해공체육문화센터),골목상권,호프-간이주점,6,0,0,0,0.0,4.36,4.36
천호역 1번(천호문구완구거리),골목상권,호프-간이주점,4,0,0,0,0.0,4.02,4.02
천호역 6번,골목상권,호프-간이주점,12,0,0,0,0.0,5.0,5.0
천호지구대(천호동자전거거리),골목상권,호프-간이주점,6,1,2,33,0.0,4.81,4.81
천호태영아파트,골목상권,호프-간이주점,1,0,0,0,0.0,3.09,3.09
청계천박물관,골목상권,호프-간이주점,1,0,0,0,0.0,3.09,3.09
청구역 1번,골목상권,호프-간이주점,3,0,0,0,0.0,3.84,3.84
청구역 3번,골목상권,호프-간이주점,2,0,1,50,100.0,3.14,-96.86
청룡동주민센터,골목상권,호프-간이주점,1,0,0,0,0.0,3.16,3.16
청림동주민센터(상도중학교),골목상권,호프-간이주점,3,0,0,0,0.0,3.79,3.79
청운초등학교,골목상권,호프-간이주점,1,0,0,0,0.0,3.09,3.09
체부동홍종문가옥,골목상권,호프-간이주점,1,0,0,0,0.0,3.09,3.09
촬영소사거리,골목상권,호프-간이주점,1,0,0,0,0.0,3.09,3.09
충무초등학교,골목상권,호프-간이주점,2,0,0,0,0.0,3.5,3.5
충정로역 3번,골목상권,호프-간이주점,3,0,0,0,0.0,3.79,3.79
충정로역 6번,골목상권,호프-간이주점,2,0,0,0,0.0,3.5,3.5
충정로현대아파트,골목상권,호프-간이주점,3,0,0,0,50.0,3.79,-46.21
큰굴다리,골목상권,호프-간이주점,1,0,0,0,0.0,3.16,3.16
태릉시장 특화거리,골목상권,호프-간이주점,11,0,0,0,0.0,4.91,4.91
태릉입구역 4번,골목상권,호프-간이주점,2,0,0,0,0.0,3.5,3.5
텃골근린공원,골목상권,호프-간이주점,4,0,0,0,0.0,4.06,4.06
투구봉어린이공원,골목상권,호프-간이주점,1,0,1,100,0.0,2.37,2.37
평창동동측,골목상권,호프-간이주점,2,0,0,0,0.0,3.54,3.54
평창동서측,골목상권,호프-간이주점,2,0,1,50,0.0,3.18,3.18
포이초등학교(개포목련어린이공원),골목상권,호프-간이주점,1,0,0,0,0.0,3.09,3.09
푸른동산공원,골목상권,호프-간이주점,1,0,1,100,0.0,2.37,2.37
푸른들청소년도서관,골목상권,호프-간이주점,12,0,0,0,9.0,5.01,-3.99
하나은행 망우동지점,골목상권,호프-간이주점,13,1,0,0,8.0,5.4,-2.6
학동초등학교,골목상권,호프-간이주점,1,0,0,0,0.0,3.09,3.09
한강로동땡땡거리(은행나무길),골목상권,호프-간이주점,12,1,0,0,0.0,5.32,5.32
한강미주맨션아파트,골목상권,호프-간이주점,2,0,0,0,0.0,3.5,3.5
한강진역 3번,골목상권,호프-간이주점,10,0,0,0,0.0,4.82,4.82
한겨레신문사,골목상권,호프-간이주점,3,0,0,0,0.0,3.79,3.79
한국SGI본부,골목상권,호프-간이주점,26,0,2,8,4.0,5.69,1.69
한국의류시험연구원,골목상권,호프-간이주점,1,0,0,0,0.0,3.09,3.09
한국폴리텍대학서울정수캠퍼스,골목상권,호프-간이주점,3,0,0,0,0.0,3.82,3.82
한남IC,골목상권,호프-간이주점,2,0,0,0,0.0,3.5,3.5
한림대학교한강성심병원,골목상권,호프-간이주점,1,0,0,0,0.0,3.09,3.09
한성대입구역 3번,골목상권,호프-간이주점,9,1,1,11,0.0,5.11,5.11
한성대입구역 5번,골목상권,호프-간이주점,4,1,0,0,33.0,5.03,-27.97
한성백제역 3번,골목상권,호프-간이주점,6,1,0,0,0.0,5.05,5.05
한영중고,골목상권,호프-간이주점,4,0,0,0,0.0,4.04,4.04
한울중학교,골목상권,호프-간이주점,8,0,0,0,0.0,4.62,4.62
한일병원,골목상권,호프-간이주점,2,1,0,0,0.0,5.53,5.53
합정역 8번,골목상권,호프-간이주점,33,0,2,6,3.0,5.93,2.93
해방촌 남동측,골목상권,호프-간이주점,18,0,1,6,13.0,5.34,-7.66
해방촌예술마을,골목상권,호프-간이주점,6,0,1,17,20.0,4.24,-15.76
해오름공원,골목상권,호프-간이주점,3,0,0,0,0.0,3.79,3.79
행당역 2번,골목상권,호프-간이주점,3,0,1,33,0.0,3.56,3.56
혜원여고,골목상권,호프-간이주점,4,0,0,0,0.0,4.02,4.02
혜화동주민센터,골목상권,호프-간이주점,1,0,0,0,0.0,3.09,3.09
혜화역 1번,골목상권,호프-간이주점,4,0,0,0,0.0,4.04,4.04
홍대땡땡거리,골목상권,호프-간이주점,19,0,0,0,0.0,5.44,5.44
홍대부속여중고앞,골목상권,호프-간이주점,5,0,0,0,0.0,4.22,4.22
홍대부중,골목상권,호프-간이주점,2,0,0,0,0.0,3.5,3.5
홍대입구역 3번,골목상권,호프-간이주점,18,0,3,17,0.0,5.25,5.25
홍릉근린공원,골목상권,호프-간이주점,2,0,0,0,0.0,3.5,3.5
홍릉시장,골목상권,호프-간이주점,13,1,0,0,0.0,5.39,5.39
홍연시장,골목상권,호프-간이주점,2,0,0,0,0.0,3.5,3.5
홍은종합사회복지관,골목상권,호프-간이주점,1,0,0,0,0.0,3.09,3.09
홍은중학교,골목상권,호프-간이주점,2,0,0,0,0.0,3.5,3.5
홍익대,골목상권,호프-간이주점,2,0,0,0,0.0,3.5,3.5
홍익지구대,골목상권,호프-간이주점,2,0,0,0,0.0,3.5,3.5
홍제3동주민센터,골목상권,호프-간이주점,16,1,1,6,0.0,5.47,5.47
홍제역 2번,골목상권,호프-간이주점,4,0,1,25,0.0,3.88,3.88
홍제역 3번,골목상권,호프-간이주점,2,0,0,0,0.0,3.5,3.5
홍제역 4번,골목상권,호프-간이주점,3,1,0,0,0.0,5.13,5.13
홍파초등학교,골목상권,호프-간이주점,2,0,0,0,0.0,3.5,3.5
화계역 2번,골목상권,호프-간이주점,4,0,0,0,0.0,4.02,4.02
화곡2동주민센터,골목상권,호프-간이주점,8,0,0,0,0.0,4.62,4.62
화곡4동주민센터,골목상권,호프-간이주점,5,0,0,0,25.0,4.21,-20.79
화곡보람2차아파트,골목상권,호프-간이주점,1,0,0,0,0.0,3.09,3.09
화곡역 2번,골목상권,호프-간이주점,7,0,0,0,17.0,4.51,-12.49
화곡역 4번,골목상권,호프-간이주점,9,0,0,0,0.0,4.74,4.74
화곡역 5번,골목상권,호프-간이주점,17,0,0,0,6.0,5.33,-0.67
화곡초등학교,골목상권,호프-간이주점,9,0,1,11,0.0,4.65,4.65
화양사거리,골목상권,호프-간이주점,12,0,0,0,0.0,4.99,4.99
화원어린이공원,골목상권,호프-간이주점,3,0,0,0,0.0,3.79,3.79
화원중학교,골목상권,호프-간이주점,8,0,0,0,0.0,4.62,4.62
황학동벼룩시장,골목상권,호프-간이주점,3,0,0,0,0.0,3.79,3.79
황학코아루아파트,골목상권,호프-간이주점,2,0,0,0,0.0,3.5,3.5
회현역 1번,골목상권,호프-간이주점,1,0,0,0,0.0,3.09,3.09
효창공원앞역 2번,골목상권,호프-간이주점,1,0,0,0,0.0,3.16,3.16
효창공원앞역 5번,골목상권,호프-간이주점,17,0,0,0,13.0,5.33,-7.67
효창공원앞역 6번,골목상권,호프-간이주점,4,0,0,0,0.0,4.02,4.02
후암동주민센터,골목상권,호프-간이주점,8,0,2,25,0.0,4.44,4.44
흑리단길,골목상권,호프-간이주점,8,0,1,13,0.0,4.53,4.53
강남 마이스 관광특구,관광특구,분식전문점,18,0,0,0,0.0,2.17,2.17
동대문패션타운 관광특구,관광특구,분식전문점,54,1,4,7,6.0,3.28,-2.72
명동 남대문 북창동 다동 무교동 관광특구,관광특구,분식전문점,183,6,8,4,1.0,4.56,3.56
이태원 관광특구,관광특구,분식전문점,21,0,0,0,10.0,2.31,-7.69
잠실 관광특구,관광특구,분식전문점,81,0,5,6,1.0,3.61,2.61
종로?청계 관광특구,관광특구,분식전문점,63,3,2,3,3.0,3.58,0.58
강남 마이스 관광특구,관광특구,양식음식점,37,0,0,0,3.0,2.74,-0.26
동대문패션타운 관광특구,관광특구,양식음식점,46,1,2,4,2.0,3.01,1.01
명동 남대문 북창동 다동 무교동 관광특구,관광특구,양식음식점,110,2,2,2,3.0,3.88,0.88
이태원 관광특구,관광특구,양식음식점,214,5,5,2,1.0,4.55,3.55
잠실 관광특구,관광특구,양식음식점,113,2,6,5,4.0,3.89,-0.11
종로?청계 관광특구,관광특구,양식음식점,35,4,2,6,3.0,3.08,0.08
강남 마이스 관광특구,관광특구,일식음식점,23,0,1,4,5.0,2.33,-2.67
동대문패션타운 관광특구,관광특구,일식음식점,18,0,0,0,0.0,2.11,2.11
명동 남대문 북창동 다동 무교동 관광특구,관광특구,일식음식점,81,0,5,6,0.0,3.56,3.56
이태원 관광특구,관광특구,일식음식점,20,0,0,0,11.0,2.2,-8.8
잠실 관광특구,관광특구,일식음식점,72,0,1,1,3.0,3.47,0.47
종로?청계 관광특구,관광특구,일식음식점,39,0,1,3,8.0,2.85,-5.15
강남 마이스 관광특구,관광특구,제과점,25,0,0,0,4.0,2.12,-1.88
동대문패션타운 관광특구,관광특구,제과점,18,0,0,0,0.0,1.82,1.82
명동 남대문 북창동 다동 무교동 관광특구,관광특구,제과점,77,1,3,4,4.0,3.25,-0.75
이태원 관광특구,관광특구,제과점,32,1,0,0,9.0,2.48,-6.52
잠실 관광특구,관광특구,제과점,42,2,0,0,10.0,2.84,-7.16
종로?청계 관광특구,관광특구,제과점,18,2,0,0,10.0,2.25,-7.75
강남 마이스 관광특구,관광특구,중식음식점,15,0,0,0,0.0,1.91,1.91
동대문패션타운 관광특구,관광특구,중식음식점,25,0,2,8,14.0,2.34,-11.66
명동 남대문 북창동 다동 무교동 관광특구,관광특구,중식음식점,80,0,2,3,4.0,3.53,-0.47
이태원 관광특구,관광특구,중식음식점,18,0,1,6,0.0,2.03,2.03
잠실 관광특구,관광특구,중식음식점,44,2,0,0,5.0,3.16,-1.84
종로?청계 관광특구,관광특구,중식음식점,37,1,1,3,0.0,2.89,2.89
강남 마이스 관광특구,관광특구,치킨전문점,1,0,0,0,0.0,0.27,0.27
동대문패션타운 관광특구,관광특구,치킨전문점,12,0,1,8,0.0,2.17,2.17
명동 남대문 북창동 다동 무교동 관광특구,관광특구,치킨전문점,30,0,0,0,3.0,3.1,0.1
이태원 관광특구,관광특구,치킨전문점,5,0,0,0,0.0,1.39,1.39
잠실 관광특구,관광특구,치킨전문점,21,0,1,5,5.0,2.72,-2.28
종로?청계 관광특구,관광특구,치킨전문점,22,0,3,14,0.0,2.68,2.68
강남 마이스 관광특구,관광특구,커피-음료,45,1,1,2,0.0,2.96,2.96
동대문패션타운 관광특구,관광특구,커피-음료,110,4,4,4,6.0,3.91,-2.09
명동 남대문 북창동 다동 무교동 관광특구,관광특구,커피-음료,334,5,15,5,6.0,4.94,-1.06
이태원 관광특구,관광특구,커피-음료,112,3,2,2,5.0,3.89,-1.11
잠실 관광특구,관광특구,커피-음료,183,4,5,3,5.0,4.35,-0.65
종로?청계 관광특구,관광특구,커피-음료,159,4,5,3,3.0,4.25,1.25
강남 마이스 관광특구,관광특구,패스트푸드점,17,0,0,0,0.0,2.69,2.69
동대문패션타운 관광특구,관광특구,패스트푸드점,25,0,1,4,0.0,3.04,3.04
명동 남대문 북창동 다동 무교동 관광특구,관광특구,패스트푸드점,43,1,5,12,2.0,3.59,1.59
이태원 관광특구,관광특구,패스트푸드점,24,1,1,4,0.0,3.14,3.14
잠실 관광특구,관광특구,패스트푸드점,61,0,3,5,3.0,3.91,0.91
종로?청계 관광특구,관광특구,패스트푸드점,26,1,0,0,4.0,3.27,-0.73
강남 마이스 관광특구,관광특구,한식음식점,60,0,0,0,0.0,1.6,1.6
동대문패션타운 관광특구,관광특구,한식음식점,158,8,6,4,3.0,2.74,-0.26
명동 남대문 북창동 다동 무교동 관광특구,관광특구,한식음식점,671,18,20,3,3.0,4.13,1.13
이태원 관광특구,관광특구,한식음식점,156,10,4,3,3.0,2.77,-0.23
잠실 관광특구,관광특구,한식음식점,297,13,9,3,2.0,3.35,1.35
종로?청계 관광특구,관광특구,한식음식점,506,15,28,6,2.0,3.82,1.82
강남 마이스 관광특구,관광특구,호프-간이주점,1,0,0,0,0.0,-0.8,-0.8
동대문패션타운 관광특구,관광특구,호프-간이주점,28,2,0,0,12.0,2.22,-9.78
명동 남대문 북창동 다동 무교동 관광특구,관광특구,호프-간이주점,86,0,5,6,4.0,2.99,-1.01
이태원 관광특구,관광특구,호프-간이주점,124,4,10,8,2.0,3.46,1.46
잠실 관광특구,관광특구,호프-간이주점,90,2,3,3,6.0,3.14,-2.86
종로?청계 관광특구,관광특구,호프-간이주점,151,9,7,5,5.0,3.81,-1.19
63빌딩,발달상권,분식전문점,7,0,0,0,0.0,3.56,3.56
DMC(디지털미디어시티),발달상권,분식전문점,38,0,2,5,5.0,5.14,0.14
가락시장,발달상권,분식전문점,2,0,0,0,0.0,2.55,2.55
가락시장역,발달상권,분식전문점,15,0,0,0,0.0,4.26,4.26
가로수길,발달상권,분식전문점,14,1,0,0,7.0,4.48,-2.52
가산디지털단지,발달상권,분식전문점,71,2,3,4,3.0,5.9,2.9
"강남구청(청담역_8번, 강남세무서)",발달상권,분식전문점,5,1,0,0,0.0,4.08,4.08
강남구청역,발달상권,분식전문점,19,1,1,5,12.0,4.66,-7.34
강남역,발달상권,분식전문점,103,2,1,1,6.0,6.24,0.24
강남을지병원,발달상권,분식전문점,13,1,1,8,0.0,4.39,4.39
강동구청역,발달상권,분식전문점,17,0,0,0,0.0,4.38,4.38
강변역(테크노마트),발달상권,분식전문점,15,0,0,0,7.0,4.26,-2.74
강서구청,발달상권,분식전문점,25,1,0,0,4.0,4.93,0.93
강서농산물도매시장,발달상권,분식전문점,3,0,0,0,0.0,2.84,2.84
개나리아파트,발달상권,분식전문점,7,1,0,0,0.0,4.12,4.12
개롱역,발달상권,분식전문점,9,0,0,0,13.0,3.8,-9.2
개봉동 현대아파트,발달상권,분식전문점,15,0,0,0,0.0,4.27,4.27
거여역,발달상권,분식전문점,7,0,0,0,0.0,3.58,3.58
건대입구역(건대),발달상권,분식전문점,53,2,4,8,6.0,5.62,-0.38
경기고교사거리(경기고교앞사거리),발달상권,분식전문점,2,0,0,0,0.0,2.62,2.62
경복아파트교차로,발달상권,분식전문점,3,0,0,0,0.0,2.87,2.87
경찰병원역,발달상권,분식전문점,12,0,0,0,20.0,4.06,-15.94
경희대학교(경희대),발달상권,분식전문점,14,0,1,7,0.0,4.16,4.16
고덕역,발달상권,분식전문점,25,0,1,4,13.0,4.74,-8.26
고속터미널(고속터미널역),발달상권,분식전문점,48,0,0,0,0.0,5.41,5.41
공덕역(공덕오거리),발달상권,분식전문점,22,0,0,0,0.0,4.63,4.63
공릉역,발달상권,분식전문점,5,0,0,0,0.0,3.25,3.25
광화문역,발달상권,분식전문점,40,2,1,3,5.0,5.39,0.39
교대역(법원.검찰청),발달상권,분식전문점,50,2,1,2,4.0,5.6,1.6
교대입구교차로,발달상권,분식전문점,12,0,2,17,0.0,3.96,3.96
교육개발원입구사거리,발달상권,분식전문점,3,0,0,0,50.0,2.84,-47.16
구로구청,발달상권,분식전문점,12,0,0,0,0.0,4.07,4.07
구로디지털단지,발달상권,분식전문점,31,0,2,7,0.0,4.93,4.93
구로디지털단지역,발달상권,분식전문점,16,0,1,6,0.0,4.3,4.3
구로역,발달상권,분식전문점,19,0,0,0,0.0,4.5,4.5
구로전화국,발달상권,분식전문점,12,1,0,0,9.0,4.37,-4.63
구산역,발달상권,분식전문점,14,1,0,0,0.0,4.49,4.49
구삼강변맛길,발달상권,분식전문점,3,0,1,33,0.0,2.65,2.65
구역삼세무서,발달상권,분식전문점,17,0,3,18,6.0,4.25,-1.75
구의사거리,발달상권,분식전문점,5,0,0,0,0.0,3.28,3.28
구의역,발달상권,분식전문점,14,0,0,0,8.0,4.2,-3.8
구파발역,발달상권,분식전문점,20,0,0,0,0.0,4.56,4.56
국회의사당역(국회의사당),발달상권,분식전문점,33,1,0,0,6.0,5.16,-0.84
군자역,발달상권,분식전문점,17,0,0,0,0.0,4.39,4.39
굽은다리역,발달상권,분식전문점,11,0,0,0,10.0,3.98,-6.02
금호역,발달상권,분식전문점,7,0,0,0,0.0,3.59,3.59
길동역,발달상권,분식전문점,19,2,2,11,6.0,4.87,-1.13
김포공항역(김포공항),발달상권,분식전문점,11,0,0,0,0.0,3.96,3.96
까치산역,발달상권,분식전문점,10,0,0,0,0.0,3.9,3.9
남부터미널역,발달상권,분식전문점,23,0,1,4,0.0,4.64,4.64
남영동 먹자골목,발달상권,분식전문점,3,0,0,0,0.0,2.87,2.87
내방역,발달상권,분식전문점,7,0,0,0,0.0,3.59,3.59
노량진역(노량진),발달상권,분식전문점,35,1,4,11,3.0,5.13,2.13
노원역,발달상권,분식전문점,61,1,2,3,2.0,5.71,3.71
녹두거리(대학동),발달상권,분식전문점,19,1,0,0,0.0,4.7,4.7
논현역,발달상권,분식전문점,23,0,0,0,5.0,4.68,-0.32
논현역 4번,발달상권,분식전문점,4,0,0,0,33.0,3.07,-29.93
당산2동(영등포우체국),발달상권,분식전문점,4,0,0,0,0.0,3.07,3.07
당산역,발달상권,분식전문점,15,1,0,0,0.0,4.54,4.54
대림3동사거리,발달상권,분식전문점,4,0,0,0,0.0,3.09,3.09
대림역,발달상권,분식전문점,7,0,0,0,0.0,3.59,3.59
대치사거리,발달상권,분식전문점,7,1,1,14,0.0,4.03,4.03
대치역,발달상권,분식전문점,9,0,2,22,0.0,3.65,3.65
대학로(혜화역),발달상권,분식전문점,39,2,2,5,3.0,5.37,2.37
도곡1동,발달상권,분식전문점,5,0,0,0,17.0,3.25,-13.75
도산공원교차로,발달상권,분식전문점,2,0,0,0,0.0,2.58,2.58
도성초등학교,발달상권,분식전문점,15,2,1,7,0.0,4.74,4.74
독산동,발달상권,분식전문점,26,1,1,4,0.0,4.95,4.95
동대문역,발달상권,분식전문점,6,0,0,0,0.0,3.43,3.43
동대문역사문화공원역,발달상권,분식전문점,25,0,0,0,8.0,4.75,-3.25
동묘앞역(동묘),발달상권,분식전문점,4,0,0,0,0.0,3.09,3.09
둔촌역,발달상권,분식전문점,27,1,1,4,8.0,4.98,-3.02
등나무근린공원,발달상권,분식전문점,11,0,2,18,0.0,3.86,3.86
등촌역,발달상권,분식전문점,17,0,0,0,6.0,4.4,-1.6
디지털단지오거리,발달상권,분식전문점,3,0,0,0,0.0,2.87,2.87
뚝섬역,발달상권,분식전문점,20,0,1,5,11.0,4.51,-6.49
롯데백화점(시청광장 지하쇼핑센터),발달상권,분식전문점,12,0,0,0,0.0,4.04,4.04
르네상스호텔사거리,발달상권,분식전문점,12,0,0,0,0.0,4.06,4.06
마곡역(마곡),발달상권,분식전문점,22,1,1,5,9.0,4.8,-4.2
마들역,발달상권,분식전문점,10,0,0,0,11.0,3.89,-7.11
마포역,발달상권,분식전문점,11,0,0,0,0.0,3.98,3.98
망원역,발달상권,분식전문점,6,0,0,0,40.0,3.42,-36.58
매봉역,발달상권,분식전문점,9,0,0,0,0.0,3.8,3.8
명동(명동거리),발달상권,분식전문점,91,3,5,6,2.0,6.11,4.11
명동역(명동재미로),발달상권,분식전문점,18,0,0,0,6.0,4.44,-1.56
명일역,발달상권,분식전문점,29,0,0,0,16.0,4.9,-11.1
목동사거리,발달상권,분식전문점,6,0,0,0,0.0,3.43,3.43
목동신시가지,발달상권,분식전문점,40,1,4,10,3.0,5.29,2.29
목동역 8번출구,발달상권,분식전문점,12,1,1,8,0.0,4.34,4.34
몽촌토성역,발달상권,분식전문점,6,0,2,33,0.0,3.2,3.2
문래동주민센터,발달상권,분식전문점,4,0,0,0,0.0,3.1,3.1
문래역(문래로데오거리),발달상권,분식전문점,1,0,0,0,0.0,2.21,2.21
문정역,발달상권,분식전문점,49,1,3,6,4.0,5.46,1.46
미아사거리,발달상권,분식전문점,9,0,0,0,0.0,3.78,3.78
미아사거리역,발달상권,분식전문점,5,0,0,0,0.0,3.3,3.3
미아역,발달상권,분식전문점,17,1,1,6,0.0,4.58,4.58
발산역(마곡),발달상권,분식전문점,45,1,0,0,7.0,5.42,-1.58
방배동가구거리(사당동가구거리),발달상권,분식전문점,2,0,0,0,0.0,2.55,2.55
방배동카페골목,발달상권,분식전문점,10,0,0,0,0.0,3.88,3.88
방배역,발달상권,분식전문점,22,0,1,5,5.0,4.61,-0.39
방이동먹자골목,발달상권,분식전문점,14,0,0,0,0.0,4.19,4.19
방이역,발달상권,분식전문점,5,0,1,20,0.0,3.14,3.14
뱅뱅사거리,발달상권,분식전문점,22,2,3,14,5.0,4.9,-0.1
보라매공원,발달상권,분식전문점,22,1,1,5,5.0,4.8,-0.2
보라매역,발달상권,분식전문점,1,0,0,0,0.0,2.21,2.21
본서부병원,발달상권,분식전문점,12,1,0,0,9.0,4.4,-4.6
봉은사역,발달상권,분식전문점,3,0,0,0,0.0,2.84,2.84
북창동(시청역_6번),발달상권,분식전문점,12,0,0,0,0.0,4.07,4.07
북촌(안국역),발달상권,분식전문점,22,1,1,5,0.0,4.8,4.8
불광역,발달상권,분식전문점,3,0,0,0,0.0,2.84,2.84
사가정역,발달상권,분식전문점,5,0,0,0,0.0,3.27,3.27
사당역 11번(사당역먹자골목),발달상권,분식전문점,2,0,0,0,0.0,2.55,2.55
사당역(사당),발달상권,분식전문점,21,1,2,10,0.0,4.72,4.72
삼각지역,발달상권,분식전문점,9,0,0,0,0.0,3.79,3.79
삼성역,발달상권,분식전문점,15,0,0,0,7.0,4.27,-2.73
삼성중앙역,발달상권,분식전문점,14,0,0,0,17.0,4.21,-12.79
삼청동,발달상권,분식전문점,12,0,0,0,9.0,4.06,-4.94
삼호가든사거리,발달상권,분식전문점,8,0,0,0,25.0,3.68,-21.32
상계백병원,발달상권,분식전문점,6,0,0,0,0.0,3.42,3.42
상봉역,발달상권,분식전문점,22,0,1,5,0.0,4.62,4.62
상수역(홍대),발달상권,분식전문점,14,0,1,7,8.0,4.14,-3.86
서교동(홍대),발달상권,분식전문점,13,0,0,0,8.0,4.11,-3.89
서대문역,발달상권,분식전문점,13,0,0,0,0.0,4.13,4.13
서래마을카페거리(서래마을),발달상권,분식전문점,6,0,0,0,0.0,3.42,3.42
서울고교교차로,발달상권,분식전문점,1,0,0,0,0.0,2.21,2.21
서울남부지방법원,발달상권,분식전문점,10,0,1,10,11.0,3.81,-7.19
서울대입구역,발달상권,분식전문점,29,0,0,0,3.0,4.9,1.9
서울세관,발달상권,분식전문점,5,0,0,0,0.0,3.27,3.27
서울숲역,발달상권,분식전문점,3,0,0,0,50.0,2.89,-47.11
서울시청,발달상권,분식전문점,8,0,0,0,0.0,3.69,3.69
서울시흥동우체국(홈플러스시흥점),발달상권,분식전문점,8,1,1,13,14.0,4.12,-9.88
서울역,발달상권,분식전문점,32,3,1,3,3.0,5.36,2.36
서초3동사거리,발달상권,분식전문점,4,0,0,0,0.0,3.07,3.07
서초역,발달상권,분식전문점,15,2,0,0,25.0,4.79,-20.21
서촌(경복궁역),발달상권,분식전문점,13,0,0,0,0.0,4.12,4.12
석촌고분역,발달상권,분식전문점,11,0,0,0,0.0,3.98,3.98
석촌역(석촌호수),발달상권,분식전문점,13,0,3,23,8.0,3.97,-4.03
선릉역,발달상권,분식전문점,36,2,1,3,3.0,5.34,2.34
선정릉역,발달상권,분식전문점,7,0,1,14,0.0,3.47,3.47
성북구청,발달상권,분식전문점,8,1,0,0,14.0,4.19,-9.81
성수대교남단,발달상권,분식전문점,6,0,0,0,0.0,3.41,3.41
성수역,발달상권,분식전문점,20,2,2,10,0.0,4.88,4.88
성신여대,발달상권,분식전문점,53,1,3,6,6.0,5.54,-0.46
송정역,발달상권,분식전문점,3,0,0,0,0.0,2.84,2.84
송파나루역,발달상권,분식전문점,1,0,0,0,0.0,2.21,2.21
송파사거리(송파역),발달상권,분식전문점,21,0,3,14,0.0,4.5,4.5
수서역,발달상권,분식전문점,4,0,1,25,0.0,2.92,2.92
수유역,발달상권,분식전문점,21,1,2,10,0.0,4.73,4.73
"숙대입구역(남영역, 남영동)",발달상권,분식전문점,11,0,0,0,0.0,3.96,3.96
시청역_1번,발달상권,분식전문점,6,0,0,0,0.0,3.42,3.42
시청역_8번,발달상권,분식전문점,4,0,0,0,33.0,3.09,-29.91
신논현역,발달상권,분식전문점,27,0,0,0,8.0,4.83,-3.17
신논현역 1번,발달상권,분식전문점,5,1,3,60,0.0,3.65,3.65
신당역,발달상권,분식전문점,26,0,2,8,4.0,4.74,0.74
신대방삼거리역,발달상권,분식전문점,13,0,1,8,0.0,4.06,4.06
신도림역,발달상권,분식전문점,36,0,0,0,0.0,5.12,5.12
신림역(신림),발달상권,분식전문점,23,0,2,9,4.0,4.62,0.62
신사역,발달상권,분식전문점,20,1,1,5,5.0,4.72,-0.28
신설동역,발달상권,분식전문점,20,1,0,0,5.0,4.73,-0.27
신용산역(용산역),발달상권,분식전문점,43,1,0,0,2.0,5.37,3.37
신정네거리역,발달상권,분식전문점,12,0,0,0,9.0,4.07,-4.93
"신촌역(신촌역, 신촌로터리)",발달상권,분식전문점,36,1,3,8,6.0,5.19,-0.81
아차산역,발달상권,분식전문점,12,0,0,0,0.0,4.06,4.06
안암역,발달상권,분식전문점,1,0,0,0,0.0,2.14,2.14
암사역,발달상권,분식전문점,14,0,0,0,7.0,4.22,-2.78
압구정로데오역(압구정로데오),발달상권,분식전문점,23,0,1,4,0.0,4.64,4.64
압구정역,발달상권,분식전문점,37,1,0,0,3.0,5.27,2.27
약수역,발달상권,분식전문점,9,1,4,44,25.0,3.91,-21.09
"양재시민의숲역(양재동꽃시장, aT센터)",발달상권,분식전문점,12,1,0,0,9.0,4.39,-4.61
양재역,발달상권,분식전문점,37,1,1,3,5.0,5.25,0.25
양재천카페거리,발달상권,분식전문점,4,0,0,0,100.0,3.07,-96.93
양재화물트럭터미널앞,발달상권,분식전문점,3,0,0,0,0.0,2.87,2.87
양평역,발달상권,분식전문점,2,0,0,0,0.0,2.58,2.58
어린이대공원역,발달상권,분식전문점,21,2,1,5,5.0,4.95,-0.05
언주역(차병원),발달상권,분식전문점,18,1,0,0,0.0,4.69,4.69
여의도역(여의도),발달상권,분식전문점,50,0,0,0,2.0,5.44,3.44
역삼역,발달상권,분식전문점,56,0,4,7,3.0,5.51,2.51
연남동(홍대),발달상권,분식전문점,34,1,0,0,13.0,5.17,-7.83
연신내역,발달상권,분식전문점,7,1,1,14,0.0,4.02,4.02
연희동,발달상권,분식전문점,19,2,0,0,0.0,4.94,4.94
영동대교남단교차로,발달상권,분식전문점,2,0,0,0,0.0,2.55,2.55
영등포구청역,발달상권,분식전문점,24,0,1,4,4.0,4.69,0.69
영등포역(영등포),발달상권,분식전문점,32,1,0,0,3.0,5.13,2.13
영등포청과시장교차로,발달상권,분식전문점,8,0,0,0,29.0,3.67,-25.33
영중로,발달상권,분식전문점,3,1,0,0,0.0,4.18,4.18
오금역,발달상권,분식전문점,7,0,0,0,0.0,3.58,3.58
오류동역,발달상권,분식전문점,10,0,0,0,25.0,3.88,-21.12
오목교역,발달상권,분식전문점,22,0,0,0,0.0,4.63,4.63
올림픽대교북단,발달상권,분식전문점,4,1,1,25,0.0,3.94,3.94
왕십리역(왕십리),발달상권,분식전문점,29,1,0,0,0.0,5.03,5.03
용산전자상가(용산역),발달상권,분식전문점,8,0,0,0,0.0,3.69,3.69
원남동사거리,발달상권,분식전문점,4,0,0,0,0.0,3.07,3.07
월곡역,발달상권,분식전문점,19,0,0,0,0.0,4.5,4.5
월드컵경기장역(월드컵경기장),발달상권,분식전문점,9,0,0,0,13.0,3.79,-9.21
은마아파트,발달상권,분식전문점,16,0,0,0,0.0,4.34,4.34
은행사거리,발달상권,분식전문점,24,2,0,0,0.0,5.05,5.05
을지로2가,발달상권,분식전문점,3,0,0,0,0.0,2.84,2.84
을지로3가역,발달상권,분식전문점,14,0,0,0,7.0,4.21,-2.79
을지로4가역,발달상권,분식전문점,1,0,0,0,0.0,2.14,2.14
을지로입구역,발달상권,분식전문점,20,0,1,5,0.0,4.5,4.5
응암역,발달상권,분식전문점,10,0,0,0,0.0,3.9,3.9
이태원(이태원역),발달상권,분식전문점,15,1,0,0,13.0,4.54,-8.46
이화사거리,발달상권,분식전문점,7,0,0,0,17.0,3.57,-13.43
"이화여대(이대역, 이대)",발달상권,분식전문점,25,1,2,8,0.0,4.87,4.87
인사동,발달상권,분식전문점,17,0,0,0,0.0,4.39,4.39
잠실새내역(신천),발달상권,분식전문점,42,1,0,0,2.0,5.35,3.35
잠실역,발달상권,분식전문점,79,2,3,4,1.0,6.0,5.0
장승배기역,발달상권,분식전문점,1,1,0,0,0.0,6.19,6.19
장안동사거리,발달상권,분식전문점,26,1,0,0,8.0,4.96,-3.04
장지역(가든파이브),발달상권,분식전문점,25,0,0,0,0.0,4.77,4.77
장충동족발거리(남소영길),발달상권,분식전문점,2,0,0,0,0.0,2.58,2.58
장한평역(장한평),발달상권,분식전문점,21,0,0,0,0.0,4.59,4.59
종각역,발달상권,분식전문점,44,3,2,5,0.0,5.57,5.57
종로3가역,발달상권,분식전문점,37,3,1,3,0.0,5.44,5.44
종로4가,발달상권,분식전문점,2,0,0,0,0.0,2.55,2.55
종로5가역,발달상권,분식전문점,15,0,0,0,0.0,4.26,4.26
종로6가,발달상권,분식전문점,4,0,0,0,0.0,3.07,3.07
종로구청,발달상권,분식전문점,6,0,1,17,14.0,3.31,-10.69
중구청(퇴계로4가),발달상권,분식전문점,4,0,0,0,0.0,3.09,3.09
중림동,발달상권,분식전문점,3,0,0,0,50.0,2.84,-47.16
중부경찰서(영화인의거리),발달상권,분식전문점,7,0,0,0,17.0,3.57,-13.43
창동역,발달상권,분식전문점,16,1,2,13,14.0,4.49,-9.51
천호역,발달상권,분식전문점,31,3,0,0,3.0,5.37,2.37
청담사거리(청담동명품거리),발달상권,분식전문점,15,0,1,7,7.0,4.21,-2.79
청량리역(청량리),발달상권,분식전문점,27,2,1,4,0.0,5.1,5.1
"총신대입구역(이수, 총신대)",발달상권,분식전문점,34,2,3,9,0.0,5.24,5.24
충무로역,발달상권,분식전문점,26,0,0,0,4.0,4.79,0.79
코엑스,발달상권,분식전문점,10,0,0,0,0.0,3.89,3.89
태릉입구역,발달상권,분식전문점,11,1,0,0,10.0,4.33,-5.67
포스코사거리,발달상권,분식전문점,27,1,2,7,0.0,4.95,4.95
포이사거리(삼호물산),발달상권,분식전문점,14,0,0,0,0.0,4.21,4.21
학동사거리,발달상권,분식전문점,12,0,0,0,9.0,4.06,-4.94
학동역,발달상권,분식전문점,20,0,0,0,5.0,4.55,-0.45
한강성심병원,발달상권,분식전문점,4,0,0,0,0.0,3.09,3.09
한남오거리,발달상권,분식전문점,8,0,0,0,0.0,3.69,3.69
한성대입구역,발달상권,분식전문점,7,1,0,0,0.0,4.11,4.11
한티역,발달상권,분식전문점,22,1,1,5,5.0,4.81,-0.19
합정역,발달상권,분식전문점,21,0,2,10,0.0,4.52,4.52
홍대입구역(홍대),발달상권,분식전문점,53,3,4,8,6.0,5.68,-0.32
홍제역,발달상권,분식전문점,17,1,0,0,0.0,4.63,4.63
화곡역,발달상권,분식전문점,8,3,1,13,0.0,5.14,5.14
회기역,발달상권,분식전문점,17,0,0,0,6.0,4.39,-1.61
회현역,발달상권,분식전문점,8,0,1,13,0.0,3.58,3.58
휘문고교사거리,발달상권,분식전문점,3,0,0,0,0.0,2.84,2.84
DMC(디지털미디어시티),발달상권,양식음식점,30,1,2,7,10.0,4.88,-5.12
가락시장,발달상권,양식음식점,3,0,0,0,0.0,2.71,2.71
가락시장역,발달상권,양식음식점,9,0,0,0,29.0,3.65,-25.35
가로수길,발달상권,양식음식점,76,2,5,7,4.0,5.79,1.79
가산디지털단지,발달상권,양식음식점,43,2,3,7,16.0,5.32,-10.68
"강남구청(청담역_8번, 강남세무서)",발달상권,양식음식점,15,0,0,0,0.0,4.13,4.13
강남구청역,발달상권,양식음식점,26,0,1,4,4.0,4.63,0.63
강남역,발달상권,양식음식점,118,1,1,1,3.0,6.2,3.2
강남을지병원,발달상권,양식음식점,31,0,2,7,0.0,4.77,4.77
강동구청역,발달상권,양식음식점,9,2,0,0,13.0,4.55,-8.45
강변역(테크노마트),발달상권,양식음식점,6,0,0,0,20.0,3.29,-16.71
강서구청,발달상권,양식음식점,10,0,1,10,0.0,3.68,3.68
개나리아파트,발달상권,양식음식점,6,0,0,0,20.0,3.3,-16.7
개롱역,발달상권,양식음식점,2,0,0,0,0.0,2.42,2.42
개봉동 현대아파트,발달상권,양식음식점,4,0,1,25,0.0,2.76,2.76
거여역,발달상권,양식음식점,3,0,0,0,0.0,2.71,2.71
건대입구역(건대),발달상권,양식음식점,46,1,2,4,2.0,5.27,3.27
경기고교사거리(경기고교앞사거리),발달상권,양식음식점,1,0,0,0,0.0,2.01,2.01
경복아파트교차로,발달상권,양식음식점,11,3,0,0,22.0,4.92,-17.08
경찰병원역,발달상권,양식음식점,6,0,0,0,0.0,3.28,3.28
경찰청앞교차로,발달상권,양식음식점,4,0,0,0,0.0,2.97,2.97
경희대학교(경희대),발달상권,양식음식점,21,0,0,0,0.0,4.45,4.45
고덕역,발달상권,양식음식점,11,1,1,9,9.0,4.17,-4.83
고속터미널(고속터미널역),발달상권,양식음식점,32,0,1,3,0.0,4.85,4.85
공덕역(공덕오거리),발달상권,양식음식점,12,0,0,0,7.0,3.92,-3.08
공릉역,발달상권,양식음식점,3,0,0,0,0.0,2.71,2.71
광화문역,발달상권,양식음식점,56,2,1,2,4.0,5.56,1.56
교대역(법원.검찰청),발달상권,양식음식점,48,1,3,6,0.0,5.3,5.3
교대입구교차로,발달상권,양식음식점,11,0,2,18,0.0,3.7,3.7
교육개발원입구사거리,발달상권,양식음식점,10,1,1,10,0.0,4.07,4.07
구로구청,발달상권,양식음식점,3,0,0,0,0.0,2.71,2.71
구로디지털단지,발달상권,양식음식점,31,1,0,0,0.0,4.97,4.97
구로디지털단지역,발달상권,양식음식점,9,1,2,22,13.0,3.93,-9.07
구로역,발달상권,양식음식점,11,0,0,0,0.0,3.87,3.87
구로전화국,발달상권,양식음식점,1,0,0,0,0.0,2.07,2.07
구산역,발달상권,양식음식점,3,0,0,0,0.0,2.73,2.73
구삼강변맛길,발달상권,양식음식점,4,0,0,0,0.0,2.94,2.94
구역삼세무서,발달상권,양식음식점,25,2,0,0,0.0,4.94,4.94
구의사거리,발달상권,양식음식점,1,0,0,0,0.0,2.01,2.01
구의역,발달상권,양식음식점,8,0,0,0,14.0,3.54,-10.46
구파발역,발달상권,양식음식점,8,0,0,0,14.0,3.56,-10.44
국회의사당역(국회의사당),발달상권,양식음식점,35,0,1,3,6.0,4.93,-1.07
군자역,발달상권,양식음식점,13,1,0,0,0.0,4.31,4.31
굽은다리역,발달상권,양식음식점,4,0,0,0,0.0,2.97,2.97
금호역,발달상권,양식음식점,7,0,0,0,0.0,3.41,3.41
길동역,발달상권,양식음식점,9,1,0,0,11.0,4.09,-6.91
김포공항역(김포공항),발달상권,양식음식점,16,0,0,0,0.0,4.19,4.19
까치산역,발달상권,양식음식점,2,0,0,0,0.0,2.42,2.42
남부터미널역,발달상권,양식음식점,9,0,0,0,0.0,3.65,3.65
남영동 먹자골목,발달상권,양식음식점,15,0,0,0,0.0,4.12,4.12
내방역,발달상권,양식음식점,15,0,1,7,0.0,4.07,4.07
노량진역(노량진),발달상권,양식음식점,15,0,0,0,14.0,4.14,-9.86
노원역,발달상권,양식음식점,38,1,0,0,5.0,5.16,0.16
녹두거리(대학동),발달상권,양식음식점,10,0,0,0,0.0,3.75,3.75
논현역,발달상권,양식음식점,29,0,0,0,4.0,4.75,0.75
논현역 4번,발달상권,양식음식점,4,0,0,0,0.0,2.94,2.94
논현역 5번,발달상권,양식음식점,4,0,0,0,0.0,2.94,2.94
당산2동(영등포우체국),발달상권,양식음식점,2,0,0,0,0.0,2.42,2.42
당산역,발달상권,양식음식점,6,2,2,33,0.0,4.38,4.38
대림3동사거리,발달상권,양식음식점,3,0,0,0,0.0,2.71,2.71
대림역,발달상권,양식음식점,1,0,0,0,0.0,2.01,2.01
대치사거리,발달상권,양식음식점,7,0,0,0,0.0,3.41,3.41
대치역,발달상권,양식음식점,5,0,0,0,0.0,3.13,3.13
대학로(혜화역),발달상권,양식음식점,60,1,2,3,7.0,5.54,-1.46
도곡1동,발달상권,양식음식점,13,0,0,0,0.0,3.99,3.99
도산공원교차로,발달상권,양식음식점,15,0,0,0,0.0,4.12,4.12
도성초등학교,발달상권,양식음식점,5,0,0,0,0.0,3.13,3.13
독산동,발달상권,양식음식점,5,0,1,20,0.0,2.99,2.99
동대문역,발달상권,양식음식점,4,0,0,0,0.0,2.94,2.94
동대문역사문화공원역,발달상권,양식음식점,43,0,1,2,10.0,5.13,-4.87
동묘앞역(동묘),발달상권,양식음식점,7,0,0,0,0.0,3.41,3.41
둔촌역,발달상권,양식음식점,12,0,0,0,0.0,3.91,3.91
등나무근린공원,발달상권,양식음식점,7,0,0,0,0.0,3.44,3.44
등촌역,발달상권,양식음식점,9,0,0,0,0.0,3.65,3.65
뚝섬역,발달상권,양식음식점,31,0,3,10,3.0,4.76,1.76
롯데백화점(시청광장 지하쇼핑센터),발달상권,양식음식점,8,0,0,0,0.0,3.53,3.53
르네상스호텔사거리,발달상권,양식음식점,6,0,0,0,0.0,3.29,3.29
마곡역(마곡),발달상권,양식음식점,36,3,0,0,3.0,5.3,2.3
마들역,발달상권,양식음식점,3,0,0,0,0.0,2.73,2.73
마포역,발달상권,양식음식점,10,0,1,10,11.0,3.67,-7.33
망원역,발달상권,양식음식점,8,1,0,0,0.0,4.07,4.07
매봉역,발달상권,양식음식점,32,1,1,3,0.0,4.95,4.95
명동(명동거리),발달상권,양식음식점,40,1,1,3,3.0,5.18,2.18
명동역(명동재미로),발달상권,양식음식점,15,1,0,0,0.0,4.4,4.4
명일역,발달상권,양식음식점,9,0,1,11,0.0,3.56,3.56
목동사거리,발달상권,양식음식점,5,0,2,40,0.0,2.87,2.87
목동신시가지,발달상권,양식음식점,37,1,3,8,0.0,5.08,5.08
목동역 8번출구,발달상권,양식음식점,8,0,1,13,29.0,3.46,-25.54
몽촌토성역,발달상권,양식음식점,4,0,0,0,0.0,2.94,2.94
문래동주민센터,발달상권,양식음식점,5,0,0,0,0.0,3.13,3.13
문래역(문래로데오거리),발달상권,양식음식점,2,0,0,0,0.0,2.42,2.42
문정역,발달상권,양식음식점,32,1,1,3,3.0,4.96,1.96
미아사거리,발달상권,양식음식점,12,1,0,0,0.0,4.25,4.25
미아사거리역,발달상권,양식음식점,8,0,0,0,0.0,3.57,3.57
미아역,발달상권,양식음식점,2,0,0,0,0.0,2.42,2.42
발산역(마곡),발달상권,양식음식점,50,3,3,6,2.0,5.51,3.51
방배동가구거리(사당동가구거리),발달상권,양식음식점,2,0,0,0,0.0,2.49,2.49
방배동카페골목,발달상권,양식음식점,9,0,0,0,0.0,3.64,3.64
방배역,발달상권,양식음식점,9,1,2,22,0.0,3.93,3.93
방이동먹자골목,발달상권,양식음식점,16,0,3,19,0.0,4.04,4.04
뱅뱅사거리,발달상권,양식음식점,17,0,0,0,6.0,4.25,-1.75
보라매공원,발달상권,양식음식점,12,0,1,8,9.0,3.86,-5.14
본서부병원,발달상권,양식음식점,6,0,0,0,0.0,3.3,3.3
봉은사역,발달상권,양식음식점,13,0,0,0,0.0,3.99,3.99
북창동(시청역_6번),발달상권,양식음식점,10,0,0,0,0.0,3.74,3.74
북촌(안국역),발달상권,양식음식점,30,2,2,7,3.0,5.02,2.02
불광역,발달상권,양식음식점,4,0,0,0,33.0,2.94,-30.06
사가정역,발달상권,양식음식점,3,0,0,0,0.0,2.71,2.71
사당역 11번(사당역먹자골목),발달상권,양식음식점,7,0,0,0,0.0,3.41,3.41
사당역(사당),발달상권,양식음식점,23,1,3,13,0.0,4.61,4.61
삼각지역,발달상권,양식음식점,28,2,0,0,0.0,5.0,5.0
삼성역,발달상권,양식음식점,22,0,0,0,0.0,4.49,4.49
삼성중앙역,발달상권,양식음식점,19,1,1,5,0.0,4.52,4.52
삼청동,발달상권,양식음식점,28,0,0,0,12.0,4.72,-7.28
삼호가든사거리,발달상권,양식음식점,4,0,0,0,0.0,2.97,2.97
상계백병원,발달상권,양식음식점,1,0,0,0,0.0,2.01,2.01
상봉역,발달상권,양식음식점,18,0,2,11,0.0,4.23,4.23
상수역(홍대),발달상권,양식음식점,30,2,5,17,3.0,4.95,1.95
서교동(홍대),발달상권,양식음식점,15,1,0,0,0.0,4.4,4.4
서대문역,발달상권,양식음식점,5,0,0,0,0.0,3.13,3.13
서래마을카페거리(서래마을),발달상권,양식음식점,28,1,0,0,0.0,4.88,4.88
서울고교교차로,발달상권,양식음식점,3,0,0,0,0.0,2.71,2.71
서울남부지방법원,발달상권,양식음식점,6,0,0,0,0.0,3.29,3.29
서울대입구역,발달상권,양식음식점,16,0,0,0,0.0,4.19,4.19
서울세관,발달상권,양식음식점,8,0,0,0,0.0,3.53,3.53
서울숲역,발달상권,양식음식점,14,0,0,0,0.0,4.05,4.05
서울시청,발달상권,양식음식점,21,0,1,5,5.0,4.41,-0.59
서울시흥동우체국(홈플러스시흥점),발달상권,양식음식점,1,0,0,0,0.0,2.01,2.01
서울역,발달상권,양식음식점,23,0,1,4,4.0,4.51,0.51
서초3동사거리,발달상권,양식음식점,15,0,0,0,7.0,4.12,-2.88
서초역,발달상권,양식음식점,16,0,0,0,0.0,4.19,4.19
서촌(경복궁역),발달상권,양식음식점,44,1,1,2,5.0,5.23,0.23
석촌고분역,발달상권,양식음식점,11,0,0,0,10.0,3.82,-6.18
석촌역(석촌호수),발달상권,양식음식점,21,0,0,0,0.0,4.44,4.44
선릉역,발달상권,양식음식점,44,0,1,2,5.0,5.16,0.16
선정릉역,발달상권,양식음식점,16,1,1,6,0.0,4.39,4.39
성북구청,발달상권,양식음식점,4,0,1,25,25.0,2.77,-22.23
성수대교남단,발달상권,양식음식점,32,0,1,3,3.0,4.83,1.83
성수역,발달상권,양식음식점,15,0,1,7,6.0,4.07,-1.93
성신여대,발달상권,양식음식점,36,0,1,3,9.0,4.96,-4.04
송파나루역,발달상권,양식음식점,4,0,0,0,0.0,2.95,2.95
송파사거리(송파역),발달상권,양식음식점,8,1,0,0,0.0,4.06,4.06
수서역,발달상권,양식음식점,4,0,0,0,0.0,2.97,2.97
수유역,발달상권,양식음식점,22,1,2,9,0.0,4.64,4.64
"숙대입구역(남영역, 남영동)",발달상권,양식음식점,6,0,0,0,0.0,3.29,3.29
시청역_1번,발달상권,양식음식점,4,0,0,0,0.0,3.0,3.0
시청역_8번,발달상권,양식음식점,6,0,0,0,0.0,3.31,3.31
신논현역,발달상권,양식음식점,43,0,5,12,10.0,5.07,-4.93
신논현역 1번,발달상권,양식음식점,5,0,0,0,0.0,3.12,3.12
신당역,발달상권,양식음식점,16,0,1,6,0.0,4.14,4.14
신대방삼거리역,발달상권,양식음식점,1,0,0,0,0.0,2.01,2.01
신도림역,발달상권,양식음식점,8,2,2,25,0.0,4.39,4.39
신림역(신림),발달상권,양식음식점,16,1,0,0,6.0,4.44,-1.56
신사역,발달상권,양식음식점,37,0,1,3,0.0,4.98,4.98
신설동역,발달상권,양식음식점,7,0,0,0,0.0,3.41,3.41
신용산역(용산역),발달상권,양식음식점,58,2,1,2,2.0,5.56,3.56
신정네거리역,발달상권,양식음식점,5,0,0,0,0.0,3.13,3.13
"신촌역(신촌역, 신촌로터리)",발달상권,양식음식점,64,4,2,3,3.0,5.77,2.77
아차산역,발달상권,양식음식점,8,0,0,0,0.0,3.53,3.53
안암역,발달상권,양식음식점,9,0,0,0,0.0,3.64,3.64
암사역,발달상권,양식음식점,2,0,0,0,0.0,2.49,2.49
압구정로데오역(압구정로데오),발달상권,양식음식점,104,3,4,4,4.0,6.12,2.12
압구정역,발달상권,양식음식점,22,1,3,14,5.0,4.59,-0.41
약수역,발달상권,양식음식점,4,1,0,0,0.0,3.95,3.95
"양재시민의숲역(양재동꽃시장, aT센터)",발달상권,양식음식점,13,1,0,0,8.0,4.3,-3.7
양재역,발달상권,양식음식점,33,0,0,0,6.0,4.89,-1.11
양재천카페거리,발달상권,양식음식점,13,0,0,0,0.0,3.98,3.98
양재화물트럭터미널앞,발달상권,양식음식점,6,0,0,0,0.0,3.29,3.29
양평역,발달상권,양식음식점,2,0,0,0,0.0,2.42,2.42
어린이대공원역,발달상권,양식음식점,19,3,1,5,0.0,4.97,4.97
언주역(차병원),발달상권,양식음식점,27,2,0,0,16.0,4.98,-11.02
여의도역(여의도),발달상권,양식음식점,75,1,0,0,1.0,5.75,4.75
역삼역,발달상권,양식음식점,93,3,2,2,1.0,6.03,5.03
연남동(홍대),발달상권,양식음식점,121,4,10,8,4.0,6.25,2.25
연신내역,발달상권,양식음식점,9,0,0,0,0.0,3.64,3.64
연희동,발달상권,양식음식점,26,0,1,4,4.0,4.62,0.62
영동대교남단교차로,발달상권,양식음식점,4,0,0,0,0.0,2.95,2.95
영등포구청역,발달상권,양식음식점,10,2,2,20,9.0,4.4,-4.6
영등포역(영등포),발달상권,양식음식점,36,1,2,6,3.0,5.06,2.06
영등포청과시장교차로,발달상권,양식음식점,5,0,0,0,0.0,3.12,3.12
영중로,발달상권,양식음식점,2,0,0,0,0.0,2.45,2.45
오금역,발달상권,양식음식점,9,0,0,0,0.0,3.65,3.65
오목교역,발달상권,양식음식점,12,1,0,0,0.0,4.23,4.23
올림픽대교북단,발달상권,양식음식점,3,0,1,33,0.0,2.49,2.49
왕십리역(왕십리),발달상권,양식음식점,20,0,0,0,5.0,4.41,-0.59
용산전자상가(용산역),발달상권,양식음식점,5,0,0,0,0.0,3.15,3.15
원남동사거리,발달상권,양식음식점,3,0,0,0,0.0,2.71,2.71
월곡역,발달상권,양식음식점,6,0,0,0,0.0,3.29,3.29
월드컵경기장역(월드컵경기장),발달상권,양식음식점,2,0,1,50,0.0,2.06,2.06
은마아파트,발달상권,양식음식점,12,0,2,17,0.0,3.81,3.81
은행사거리,발달상권,양식음식점,7,0,3,43,0.0,3.1,3.1
을지로2가,발달상권,양식음식점,7,0,0,0,0.0,3.41,3.41
을지로3가역,발달상권,양식음식점,48,1,0,0,0.0,5.34,5.34
을지로4가역,발달상권,양식음식점,6,0,0,0,0.0,3.28,3.28
을지로입구역,발달상권,양식음식점,17,1,0,0,6.0,4.49,-1.51
응암역,발달상권,양식음식점,2,0,0,0,0.0,2.42,2.42
이태원(이태원역),발달상권,양식음식점,203,5,5,3,1.0,6.8,5.8
이화사거리,발달상권,양식음식점,3,0,0,0,0.0,2.71,2.71
"이화여대(이대역, 이대)",발달상권,양식음식점,11,0,1,9,9.0,3.77,-5.23
인사동,발달상권,양식음식점,17,0,0,0,0.0,4.24,4.24
잠실새내역(신천),발달상권,양식음식점,34,0,0,0,13.0,4.92,-8.08
잠실역,발달상권,양식음식점,77,1,2,3,4.0,5.76,1.76
장승배기역,발달상권,양식음식점,1,0,1,100,0.0,1.29,1.29
장안동사거리,발달상권,양식음식점,10,1,0,0,22.0,4.15,-17.85
장지역(가든파이브),발달상권,양식음식점,16,0,0,0,0.0,4.22,4.22
장충동족발거리(남소영길),발달상권,양식음식점,5,0,0,0,0.0,3.12,3.12
장한평역(장한평),발달상권,양식음식점,7,0,0,0,0.0,3.42,3.42
종각역,발달상권,양식음식점,47,5,2,4,0.0,5.66,5.66
종로3가역,발달상권,양식음식점,53,5,0,0,4.0,5.72,1.72
종로4가,발달상권,양식음식점,1,0,0,0,0.0,2.07,2.07
종로5가역,발달상권,양식음식점,4,0,0,0,0.0,2.94,2.94
종로구청,발달상권,양식음식점,5,0,0,0,0.0,3.12,3.12
중구청(퇴계로4가),발달상권,양식음식점,2,0,0,0,0.0,2.42,2.42
중림동,발달상권,양식음식점,9,0,1,11,0.0,3.57,3.57
중부경찰서(영화인의거리),발달상권,양식음식점,16,1,0,0,0.0,4.42,4.42
창동역,발달상권,양식음식점,7,1,0,0,0.0,4.0,4.0
천호역,발달상권,양식음식점,18,0,1,6,0.0,4.27,4.27
청담사거리(청담동명품거리),발달상권,양식음식점,59,0,2,3,3.0,5.44,2.44
청량리역(청량리),발달상권,양식음식점,17,2,0,0,0.0,4.74,4.74
"총신대입구역(이수, 총신대)",발달상권,양식음식점,22,3,1,5,0.0,5.02,5.02
총신대학교,발달상권,양식음식점,1,0,0,0,0.0,2.07,2.07
충무로역,발달상권,양식음식점,29,2,0,0,0.0,5.04,5.04
충정로역,발달상권,양식음식점,6,0,0,0,0.0,3.28,3.28
코엑스,발달상권,양식음식점,24,0,0,0,4.0,4.58,0.58
태릉입구역,발달상권,양식음식점,1,0,0,0,0.0,2.07,2.07
퇴계로5가,발달상권,양식음식점,2,0,0,0,0.0,2.42,2.42
포스코사거리,발달상권,양식음식점,46,3,2,4,5.0,5.48,0.48
포이사거리(삼호물산),발달상권,양식음식점,15,0,1,7,7.0,4.07,-2.93
학동사거리,발달상권,양식음식점,112,4,2,2,1.0,6.25,5.25
학동역,발달상권,양식음식점,21,2,2,10,5.0,4.78,-0.22
한강성심병원,발달상권,양식음식점,2,0,0,0,100.0,2.42,-97.58
한남오거리,발달상권,양식음식점,45,2,0,0,5.0,5.35,0.35
한성대입구역,발달상권,양식음식점,7,0,0,0,0.0,3.41,3.41
한티역,발달상권,양식음식점,12,1,0,0,9.0,4.25,-4.75
합정역,발달상권,양식음식점,29,0,0,0,3.0,4.77,1.77
홍대입구역(홍대),발달상권,양식음식점,126,6,2,2,2.0,6.41,4.41
홍제역,발달상권,양식음식점,2,0,0,0,0.0,2.45,2.45
화곡역,발달상권,양식음식점,4,0,0,0,33.0,2.99,-30.01
회기역,발달상권,양식음식점,3,0,1,33,0.0,2.49,2.49
회현역,발달상권,양식음식점,4,1,0,0,0.0,3.95,3.95
휘문고교사거리,발달상권,양식음식점,2,0,0,0,0.0,2.42,2.42
63빌딩,발달상권,일식음식점,3,0,0,0,0.0,2.79,2.79
DMC(디지털미디어시티),발달상권,일식음식점,28,1,1,4,4.0,4.95,0.95
가락시장,발달상권,일식음식점,7,0,0,0,0.0,3.51,3.51
가락시장역,발달상권,일식음식점,23,0,0,0,0.0,4.61,4.61
가로수길,발달상권,일식음식점,52,1,2,4,4.0,5.47,1.47
가산디지털단지,발달상권,일식음식점,66,1,4,6,8.0,5.71,-2.29
"강남구청(청담역_8번, 강남세무서)",발달상권,일식음식점,8,0,0,0,0.0,3.62,3.62
강남구청역,발달상권,일식음식점,19,1,0,0,0.0,4.63,4.63
강남역,발달상권,일식음식점,95,1,2,2,2.0,6.06,4.06
강남을지병원,발달상권,일식음식점,24,0,2,8,0.0,4.59,4.59
강동구청역,발달상권,일식음식점,20,0,0,0,5.0,4.48,-0.52
강변역(테크노마트),발달상권,일식음식점,5,0,0,0,0.0,3.23,3.23
강서구청,발달상권,일식음식점,17,0,1,6,6.0,4.29,-1.71
개나리아파트,발달상권,일식음식점,5,0,2,40,0.0,2.91,2.91
개롱역,발달상권,일식음식점,6,0,0,0,0.0,3.38,3.38
개봉동 현대아파트,발달상권,일식음식점,4,0,0,0,0.0,3.03,3.03
거여역,발달상권,일식음식점,6,0,0,0,0.0,3.37,3.37
건대입구역(건대),발달상권,일식음식점,46,1,2,4,2.0,5.36,3.36
경기고교사거리(경기고교앞사거리),발달상권,일식음식점,5,0,1,20,25.0,3.06,-21.94
경복아파트교차로,발달상권,일식음식점,10,0,0,0,67.0,3.82,-63.18
경찰병원역,발달상권,일식음식점,14,1,0,0,8.0,4.43,-3.57
경희대학교(경희대),발달상권,일식음식점,16,0,0,0,14.0,4.27,-9.73
고덕역,발달상권,일식음식점,14,2,4,29,0.0,4.52,4.52
고속터미널(고속터미널역),발달상권,일식음식점,26,0,0,0,0.0,4.74,4.74
공덕역(공덕오거리),발달상권,일식음식점,20,2,0,0,0.0,4.89,4.89
공릉역,발달상권,일식음식점,10,1,0,0,0.0,4.22,4.22
광화문역,발달상권,일식음식점,37,2,2,5,5.0,5.25,0.25
교대역(법원.검찰청),발달상권,일식음식점,37,1,0,0,0.0,5.21,5.21
교대입구교차로,발달상권,일식음식점,9,2,1,11,0.0,4.56,4.56
교육개발원입구사거리,발달상권,일식음식점,2,0,0,0,0.0,2.5,2.5
구로구청,발달상권,일식음식점,2,0,0,0,0.0,2.5,2.5
구로디지털단지,발달상권,일식음식점,34,0,0,0,3.0,5.01,2.01
구로디지털단지역,발달상권,일식음식점,17,0,3,18,0.0,4.2,4.2
구로역,발달상권,일식음식점,9,0,1,11,29.0,3.66,-25.34
구로전화국,발달상권,일식음식점,3,0,0,0,50.0,2.81,-47.19
구삼강변맛길,발달상권,일식음식점,12,0,2,17,0.0,3.87,3.87
구역삼세무서,발달상권,일식음식점,8,0,0,0,0.0,3.61,3.61
구의사거리,발달상권,일식음식점,1,0,0,0,0.0,2.09,2.09
구의역,발달상권,일식음식점,14,0,0,0,0.0,4.15,4.15
구파발역,발달상권,일식음식점,8,0,0,0,0.0,3.63,3.63
국회의사당역(국회의사당),발달상권,일식음식점,36,0,1,3,0.0,5.04,5.04
군자역,발달상권,일식음식점,26,1,3,12,0.0,4.81,4.81
굽은다리역,발달상권,일식음식점,4,0,0,0,0.0,3.03,3.03
금호역,발달상권,일식음식점,3,0,0,0,0.0,2.79,2.79
길동역,발달상권,일식음식점,20,1,1,5,5.0,4.65,-0.35
김포공항역(김포공항),발달상권,일식음식점,8,0,0,0,0.0,3.65,3.65
까치산역,발달상권,일식음식점,3,0,0,0,0.0,2.84,2.84
남부터미널역,발달상권,일식음식점,11,0,0,0,0.0,3.9,3.9
남영동 먹자골목,발달상권,일식음식점,11,0,0,0,0.0,3.9,3.9
내방역,발달상권,일식음식점,9,0,0,0,0.0,3.72,3.72
노량진역(노량진),발달상권,일식음식점,10,0,0,0,0.0,3.82,3.82
노원역,발달상권,일식음식점,50,1,3,6,2.0,5.43,3.43
녹두거리(대학동),발달상권,일식음식점,7,1,1,14,0.0,3.97,3.97
논현역,발달상권,일식음식점,17,0,1,6,0.0,4.29,4.29
논현역 4번,발달상권,일식음식점,1,0,1,100,0.0,1.37,1.37
논현역 5번,발달상권,일식음식점,1,0,0,0,0.0,2.09,2.09
당산2동(영등포우체국),발달상권,일식음식점,3,0,0,0,0.0,2.81,2.81
당산역,발달상권,일식음식점,11,0,1,9,0.0,3.85,3.85
대림3동사거리,발달상권,일식음식점,1,0,0,0,0.0,2.09,2.09
대림역,발달상권,일식음식점,1,0,0,0,0.0,2.09,2.09
대치사거리,발달상권,일식음식점,5,0,0,0,0.0,3.23,3.23
대치역,발달상권,일식음식점,8,1,0,0,0.0,4.17,4.17
대학로(혜화역),발달상권,일식음식점,51,1,0,0,4.0,5.49,1.49
도곡1동,발달상권,일식음식점,9,0,0,0,13.0,3.72,-9.28
도산공원교차로,발달상권,일식음식점,17,0,0,0,0.0,4.32,4.32
도성초등학교,발달상권,일식음식점,7,0,0,0,0.0,3.5,3.5
독산동,발달상권,일식음식점,8,0,0,0,0.0,3.62,3.62
동대문역,발달상권,일식음식점,2,0,0,0,100.0,2.53,-97.47
동대문역사문화공원역,발달상권,일식음식점,13,0,0,0,0.0,4.07,4.07
둔촌역,발달상권,일식음식점,14,0,0,0,0.0,4.14,4.14
등나무근린공원,발달상권,일식음식점,6,0,0,0,0.0,3.4,3.4
등촌역,발달상권,일식음식점,11,0,1,9,10.0,3.86,-6.14
뚝섬역,발달상권,일식음식점,27,0,0,0,0.0,4.78,4.78
롯데백화점(시청광장 지하쇼핑센터),발달상권,일식음식점,11,0,2,18,0.0,3.78,3.78
르네상스호텔사거리,발달상권,일식음식점,7,0,1,14,0.0,3.4,3.4
마곡역(마곡),발달상권,일식음식점,28,0,2,7,4.0,4.76,0.76
마들역,발달상권,일식음식점,2,0,0,0,0.0,2.5,2.5
마포역,발달상권,일식음식점,9,0,1,11,0.0,3.66,3.66
망원역,발달상권,일식음식점,5,1,0,0,0.0,4.01,4.01
매봉역,발달상권,일식음식점,15,0,0,0,0.0,4.2,4.2
명동(명동거리),발달상권,일식음식점,16,0,0,0,0.0,4.27,4.27
명동역(명동재미로),발달상권,일식음식점,8,0,0,0,0.0,3.61,3.61
명일역,발달상권,일식음식점,8,0,1,13,0.0,3.54,3.54
목동사거리,발달상권,일식음식점,2,0,1,50,100.0,2.17,-97.83
목동신시가지,발달상권,일식음식점,22,1,0,0,0.0,4.79,4.79
목동역 8번출구,발달상권,일식음식점,11,0,0,0,0.0,3.92,3.92
몽촌토성역,발달상권,일식음식점,12,0,0,0,9.0,3.99,-5.01
문래동주민센터,발달상권,일식음식점,6,0,0,0,0.0,3.36,3.36
문래역(문래로데오거리),발달상권,일식음식점,5,0,0,0,0.0,3.2,3.2
문정역,발달상권,일식음식점,52,0,3,6,2.0,5.38,3.38
미아사거리,발달상권,일식음식점,5,0,0,0,0.0,3.2,3.2
미아사거리역,발달상권,일식음식점,13,0,0,0,8.0,4.09,-3.91
미아역,발달상권,일식음식점,4,0,1,25,0.0,2.84,2.84
발산역(마곡),발달상권,일식음식점,75,1,4,5,7.0,5.8,-1.2
방배동가구거리(사당동가구거리),발달상권,일식음식점,2,0,0,0,0.0,2.5,2.5
방배동카페골목,발달상권,일식음식점,9,0,0,0,0.0,3.74,3.74
방배역,발달상권,일식음식점,11,1,1,9,10.0,4.22,-5.78
방이동먹자골목,발달상권,일식음식점,39,0,0,0,3.0,5.14,2.14
방이역,발달상권,일식음식점,2,0,1,50,0.0,2.17,2.17
뱅뱅사거리,발달상권,일식음식점,20,0,0,0,0.0,4.48,4.48
보라매공원,발달상권,일식음식점,22,0,4,18,5.0,4.45,-0.55
보라매역,발달상권,일식음식점,1,0,0,0,0.0,2.09,2.09
본서부병원,발달상권,일식음식점,4,1,1,25,0.0,3.86,3.86
봉은사역,발달상권,일식음식점,6,0,1,17,0.0,3.25,3.25
북창동(시청역_6번),발달상권,일식음식점,10,0,0,0,0.0,3.84,3.84
북촌(안국역),발달상권,일식음식점,12,0,0,0,0.0,3.99,3.99
불광역,발달상권,일식음식점,3,0,0,0,0.0,2.79,2.79
사가정역,발달상권,일식음식점,2,0,0,0,0.0,2.5,2.5
사당역(사당),발달상권,일식음식점,31,0,1,3,0.0,4.89,4.89
삼각지역,발달상권,일식음식점,11,0,0,0,0.0,3.92,3.92
삼성역,발달상권,일식음식점,23,0,1,4,5.0,4.59,-0.41
삼성중앙역,발달상권,일식음식점,17,0,0,0,13.0,4.32,-8.68
삼청동,발달상권,일식음식점,4,0,0,0,0.0,3.02,3.02
삼호가든사거리,발달상권,일식음식점,8,0,0,0,0.0,3.62,3.62
상봉역,발달상권,일식음식점,13,0,0,0,8.0,4.08,-3.92
상수역(홍대),발달상권,일식음식점,23,0,2,9,10.0,4.56,-5.44
서교동(홍대),발달상권,일식음식점,17,0,0,0,0.0,4.32,4.32
서대문역,발달상권,일식음식점,11,1,0,0,0.0,4.29,4.29
서래마을카페거리(서래마을),발달상권,일식음식점,12,0,0,0,9.0,4.0,-5.0
서울고교교차로,발달상권,일식음식점,1,0,0,0,0.0,2.09,2.09
서울남부지방법원,발달상권,일식음식점,4,0,0,0,0.0,3.02,3.02
서울대입구역,발달상권,일식음식점,30,0,1,3,3.0,4.86,1.86
서울세관,발달상권,일식음식점,6,0,0,0,0.0,3.36,3.36
서울숲역,발달상권,일식음식점,2,0,0,0,0.0,2.5,2.5
서울시청,발달상권,일식음식점,16,0,0,0,0.0,4.27,4.27
서울시흥동우체국(홈플러스시흥점),발달상권,일식음식점,5,0,0,0,25.0,3.24,-21.76
서울역,발달상권,일식음식점,25,3,0,0,0.0,5.19,5.19
서초3동사거리,발달상권,일식음식점,9,0,0,0,0.0,3.74,3.74
서초역,발달상권,일식음식점,16,0,1,6,0.0,4.23,4.23
서촌(경복궁역),발달상권,일식음식점,10,0,0,0,0.0,3.82,3.82
석촌고분역,발달상권,일식음식점,5,0,0,0,0.0,3.2,3.2
석촌역(석촌호수),발달상권,일식음식점,7,1,7,100,14.0,3.35,-10.65
선릉역,발달상권,일식음식점,48,1,4,8,7.0,5.37,-1.63
선정릉역,발달상권,일식음식점,12,0,0,0,0.0,3.99,3.99
성북구청,발달상권,일식음식점,4,0,0,0,0.0,3.02,3.02
성수대교남단,발달상권,일식음식점,18,0,1,6,12.0,4.33,-7.67
성수역,발달상권,일식음식점,24,0,0,0,4.0,4.67,0.67
성신여대,발달상권,일식음식점,28,1,2,7,0.0,4.92,4.92
송정역,발달상권,일식음식점,1,0,0,0,0.0,2.09,2.09
송파나루역,발달상권,일식음식점,5,0,0,0,0.0,3.2,3.2
송파사거리(송파역),발달상권,일식음식점,4,1,0,0,0.0,4.03,4.03
수서역,발달상권,일식음식점,12,0,0,0,0.0,4.0,4.0
수유역,발달상권,일식음식점,30,0,2,7,11.0,4.83,-6.17
"숙대입구역(남영역, 남영동)",발달상권,일식음식점,3,0,1,33,0.0,2.55,2.55
시청역_1번,발달상권,일식음식점,1,0,0,0,0.0,2.09,2.09
시청역_8번,발달상권,일식음식점,7,0,1,14,33.0,3.42,-29.58
신논현역,발달상권,일식음식점,44,0,1,2,5.0,5.24,0.24
신논현역 1번,발달상권,일식음식점,1,0,0,0,0.0,2.09,2.09
신당역,발달상권,일식음식점,14,0,2,14,0.0,4.05,4.05
신대방삼거리역,발달상권,일식음식점,7,0,0,0,0.0,3.49,3.49
신도림역,발달상권,일식음식점,20,0,1,5,5.0,4.45,-0.55
신림역(신림),발달상권,일식음식점,18,1,0,0,6.0,4.63,-1.37
신사역,발달상권,일식음식점,35,0,0,0,3.0,5.03,2.03
신설동역,발달상권,일식음식점,9,1,0,0,29.0,4.16,-24.84
신용산역(용산역),발달상권,일식음식점,47,0,5,11,2.0,5.24,3.24
신정네거리역,발달상권,일식음식점,5,1,0,0,0.0,4.01,4.01
"신촌역(신촌역, 신촌로터리)",발달상권,일식음식점,61,0,2,3,5.0,5.56,0.56
아차산역,발달상권,일식음식점,7,0,0,0,0.0,3.51,3.51
안암역,발달상권,일식음식점,4,0,0,0,0.0,3.03,3.03
암사역,발달상권,일식음식점,5,0,0,0,0.0,3.2,3.2
압구정로데오역(압구정로데오),발달상권,일식음식점,42,1,3,7,5.0,5.24,0.24
압구정역,발달상권,일식음식점,33,0,0,0,6.0,4.97,-1.03
약수역,발달상권,일식음식점,10,0,0,0,0.0,3.84,3.84
"양재시민의숲역(양재동꽃시장, aT센터)",발달상권,일식음식점,6,0,0,0,0.0,3.36,3.36
양재역,발달상권,일식음식점,30,0,0,0,0.0,4.88,4.88
양재천카페거리,발달상권,일식음식점,1,0,0,0,0.0,2.09,2.09
양재화물트럭터미널앞,발달상권,일식음식점,2,0,0,0,0.0,2.5,2.5
양평역,발달상권,일식음식점,1,0,0,0,0.0,2.09,2.09
어린이대공원역,발달상권,일식음식점,15,1,0,0,0.0,4.49,4.49
언주역(차병원),발달상권,일식음식점,12,0,0,0,0.0,3.99,3.99
여의도역(여의도),발달상권,일식음식점,108,0,2,2,1.0,6.14,5.14
역삼역,발달상권,일식음식점,63,0,3,5,3.0,5.58,2.58
연남동(홍대),발달상권,일식음식점,98,1,4,4,7.0,6.07,-0.93
연신내역,발달상권,일식음식점,4,0,1,25,0.0,2.84,2.84
연희동,발달상권,일식음식점,8,0,0,0,0.0,3.63,3.63
영동대교남단교차로,발달상권,일식음식점,4,0,0,0,0.0,3.02,3.02
영등포구청역,발달상권,일식음식점,16,0,2,13,0.0,4.17,4.17
영등포역(영등포),발달상권,일식음식점,35,0,1,3,0.0,5.02,5.02
영등포청과시장교차로,발달상권,일식음식점,1,0,0,0,0.0,2.09,2.09
영중로,발달상권,일식음식점,4,0,0,0,0.0,3.03,3.03
오금역,발달상권,일식음식점,10,0,0,0,11.0,3.82,-7.18
오류동역,발달상권,일식음식점,3,0,0,0,0.0,2.81,2.81
오목교역,발달상권,일식음식점,22,0,0,0,0.0,4.58,4.58
올림픽대교북단,발달상권,일식음식점,1,0,0,0,0.0,2.09,2.09
왕십리역(왕십리),발달상권,일식음식점,19,0,0,0,6.0,4.45,-1.55
용산전자상가(용산역),발달상권,일식음식점,5,0,0,0,0.0,3.24,3.24
원남동사거리,발달상권,일식음식점,1,0,0,0,0.0,2.09,2.09
월곡역,발달상권,일식음식점,6,0,0,0,0.0,3.38,3.38
월드컵경기장역(월드컵경기장),발달상권,일식음식점,5,0,0,0,0.0,3.2,3.2
은마아파트,발달상권,일식음식점,7,0,1,14,0.0,3.42,3.42
은행사거리,발달상권,일식음식점,11,1,1,9,0.0,4.23,4.23
을지로2가,발달상권,일식음식점,3,0,0,0,0.0,2.84,2.84
을지로3가역,발달상권,일식음식점,32,0,1,3,7.0,4.91,-2.09
을지로4가역,발달상권,일식음식점,2,0,0,0,0.0,2.5,2.5
을지로입구역,발달상권,일식음식점,18,0,3,17,0.0,4.26,4.26
응암역,발달상권,일식음식점,3,0,1,33,0.0,2.6,2.6
이태원(이태원역),발달상권,일식음식점,22,0,2,9,10.0,4.5,-5.5
이화사거리,발달상권,일식음식점,2,0,0,0,0.0,2.5,2.5
"이화여대(이대역, 이대)",발달상권,일식음식점,11,1,0,0,0.0,4.27,4.27
인사동,발달상권,일식음식점,9,1,0,0,0.0,4.16,4.16
잠실새내역(신천),발달상권,일식음식점,36,0,2,6,6.0,5.03,-0.97
잠실역,발달상권,일식음식점,38,0,1,3,0.0,5.09,5.09
장승배기역,발달상권,일식음식점,4,0,0,0,0.0,3.05,3.05
장안동사거리,발달상권,일식음식점,11,0,1,9,0.0,3.86,3.86
장지역(가든파이브),발달상권,일식음식점,12,0,0,0,0.0,4.0,4.0
장충동족발거리(남소영길),발달상권,일식음식점,5,0,0,0,0.0,3.21,3.21
장한평역(장한평),발달상권,일식음식점,12,0,0,0,0.0,3.99,3.99
종각역,발달상권,일식음식점,45,1,0,0,7.0,5.37,-1.63
종로3가역,발달상권,일식음식점,27,0,1,4,0.0,4.74,4.74
종로4가,발달상권,일식음식점,2,0,0,0,100.0,2.53,-97.47
종로5가역,발달상권,일식음식점,6,0,0,0,0.0,3.37,3.37
종로6가,발달상권,일식음식점,2,0,0,0,0.0,2.5,2.5
종로구청,발달상권,일식음식점,11,0,0,0,10.0,3.91,-6.09
중구청(퇴계로4가),발달상권,일식음식점,2,0,0,0,0.0,2.5,2.5
중림동,발달상권,일식음식점,3,0,0,0,0.0,2.79,2.79
중부경찰서(영화인의거리),발달상권,일식음식점,12,0,0,0,18.0,3.99,-14.01
창동역,발달상권,일식음식점,4,0,2,50,0.0,2.66,2.66
천호역,발달상권,일식음식점,18,4,0,0,0.0,5.26,5.26
청담사거리(청담동명품거리),발달상권,일식음식점,36,0,0,0,0.0,5.05,5.05
청량리역(청량리),발달상권,일식음식점,14,0,0,0,8.0,4.16,-3.84
"총신대입구역(이수, 총신대)",발달상권,일식음식점,29,0,0,0,0.0,4.85,4.85
충무로역,발달상권,일식음식점,15,0,0,0,0.0,4.2,4.2
충정로역,발달상권,일식음식점,2,0,0,0,0.0,2.5,2.5
코엑스,발달상권,일식음식점,13,0,0,0,0.0,4.08,4.08
태릉입구역,발달상권,일식음식점,7,0,0,0,14.0,3.49,-10.51
퇴계로5가,발달상권,일식음식점,1,0,0,0,0.0,2.09,2.09
포스코사거리,발달상권,일식음식점,47,0,0,0,2.0,5.33,3.33
포이사거리(삼호물산),발달상권,일식음식점,12,0,0,0,0.0,4.0,4.0
학동사거리,발달상권,일식음식점,41,1,1,2,3.0,5.25,2.25
학동역,발달상권,일식음식점,12,0,0,0,0.0,3.99,3.99
한강성심병원,발달상권,일식음식점,1,0,0,0,0.0,2.09,2.09
한남오거리,발달상권,일식음식점,21,1,0,0,0.0,4.73,4.73
한성대입구역,발달상권,일식음식점,3,0,0,0,0.0,2.81,2.81
한티역,발달상권,일식음식점,17,1,1,6,0.0,4.52,4.52
합정역,발달상권,일식음식점,32,1,2,6,7.0,5.02,-1.98
홍대입구역(홍대),발달상권,일식음식점,106,1,3,3,3.0,6.15,3.15
홍제역,발달상권,일식음식점,2,0,0,0,0.0,2.5,2.5
화곡역,발달상권,일식음식점,8,1,0,0,33.0,4.14,-28.86
회기역,발달상권,일식음식점,3,0,0,0,0.0,2.79,2.79
회현역,발달상권,일식음식점,3,0,0,0,0.0,2.79,2.79
휘문고교사거리,발달상권,일식음식점,2,0,0,0,0.0,2.5,2.5
63빌딩,발달상권,제과점,3,0,0,0,0.0,2.48,2.48
DMC(디지털미디어시티),발달상권,제과점,15,1,0,0,0.0,4.2,4.2
가락시장,발달상권,제과점,2,0,0,0,0.0,2.26,2.26
가락시장역,발달상권,제과점,7,0,0,0,0.0,3.21,3.21
가로수길,발달상권,제과점,22,0,0,0,4.0,4.27,0.27
가산디지털단지,발달상권,제과점,33,1,1,3,6.0,4.78,-1.22
"강남구청(청담역_8번, 강남세무서)",발달상권,제과점,9,0,0,0,0.0,3.43,3.43
강남구청역,발달상권,제과점,13,0,0,0,8.0,3.78,-4.22
강남역,발달상권,제과점,35,2,2,6,19.0,4.94,-14.06
강남을지병원,발달상권,제과점,9,0,0,0,0.0,3.43,3.43
강동구청역,발달상권,제과점,11,0,0,0,0.0,3.62,3.62
강변역(테크노마트),발달상권,제과점,10,0,0,0,0.0,3.55,3.55
강서구청,발달상권,제과점,5,0,0,0,0.0,2.92,2.92
강서농산물도매시장,발달상권,제과점,2,0,0,0,0.0,2.19,2.19
개나리아파트,발달상권,제과점,5,0,0,0,0.0,2.92,2.92
개롱역,발달상권,제과점,2,0,0,0,0.0,2.22,2.22
개봉동 현대아파트,발달상권,제과점,10,0,0,0,0.0,3.52,3.52
거여역,발달상권,제과점,4,0,0,0,33.0,2.76,-30.24
건대입구역(건대),발달상권,제과점,19,1,0,0,0.0,4.33,4.33
경기고교사거리(경기고교앞사거리),발달상권,제과점,1,0,0,0,0.0,1.78,1.78
경복아파트교차로,발달상권,제과점,3,0,0,0,0.0,2.5,2.5
경찰병원역,발달상권,제과점,7,0,0,0,14.0,3.21,-10.79
경찰청앞교차로,발달상권,제과점,2,0,0,0,0.0,2.22,2.22
경희대학교(경희대),발달상권,제과점,10,0,0,0,0.0,3.51,3.51
고덕역,발달상권,제과점,11,0,0,0,9.0,3.63,-5.37
고속터미널(고속터미널역),발달상권,제과점,39,0,0,0,0.0,4.85,4.85
공덕역(공덕오거리),발달상권,제과점,15,0,0,0,7.0,3.93,-3.07
공릉역,발달상권,제과점,5,0,0,0,0.0,2.91,2.91
광화문역,발달상권,제과점,26,2,1,4,8.0,4.73,-3.27
교대역(법원.검찰청),발달상권,제과점,25,2,3,12,13.0,4.64,-8.36
교대입구교차로,발달상권,제과점,5,1,0,0,0.0,3.74,3.74
교육개발원입구사거리,발달상권,제과점,7,0,0,0,17.0,3.19,-13.81
구로구청,발달상권,제과점,3,0,0,0,0.0,2.53,2.53
구로디지털단지,발달상권,제과점,10,0,1,10,0.0,3.5,3.5
구로디지털단지역,발달상권,제과점,6,0,0,0,0.0,3.07,3.07
구로역,발달상권,제과점,14,0,1,7,0.0,3.8,3.8
구로전화국,발달상권,제과점,8,0,0,0,0.0,3.32,3.32
구산역,발달상권,제과점,3,0,0,0,0.0,2.55,2.55
구삼강변맛길,발달상권,제과점,2,0,0,0,0.0,2.19,2.19
구역삼세무서,발달상권,제과점,4,0,0,0,0.0,2.71,2.71
구의역,발달상권,제과점,5,0,0,0,0.0,2.92,2.92
구파발역,발달상권,제과점,13,1,0,0,0.0,4.1,4.1
국회의사당역(국회의사당),발달상권,제과점,10,0,0,0,9.0,3.53,-5.47
군자역,발달상권,제과점,19,1,0,0,0.0,4.33,4.33
굽은다리역,발달상권,제과점,6,0,0,0,0.0,3.09,3.09
금호역,발달상권,제과점,4,0,0,0,0.0,2.72,2.72
길동역,발달상권,제과점,10,0,0,0,0.0,3.53,3.53
김포공항역(김포공항),발달상권,제과점,19,0,1,5,17.0,4.12,-12.88
까치산역,발달상권,제과점,3,0,0,0,0.0,2.53,2.53
남부터미널역,발달상권,제과점,11,1,1,9,0.0,3.93,3.93
남영동 먹자골목,발달상권,제과점,5,0,0,0,0.0,2.89,2.89
내방역,발달상권,제과점,18,0,2,11,0.0,3.99,3.99
노량진역(노량진),발달상권,제과점,9,0,0,0,0.0,3.43,3.43
노원역,발달상권,제과점,37,2,3,8,9.0,4.93,-4.07
녹두거리(대학동),발달상권,제과점,10,0,0,0,25.0,3.52,-21.48
논현역,발달상권,제과점,9,0,0,0,0.0,3.43,3.43
논현역 4번,발달상권,제과점,2,0,0,0,0.0,2.19,2.19
당산2동(영등포우체국),발달상권,제과점,7,0,0,0,0.0,3.2,3.2
당산역,발달상권,제과점,4,0,1,25,0.0,2.53,2.53
대림3동사거리,발달상권,제과점,6,0,0,0,0.0,3.09,3.09
대림역,발달상권,제과점,3,0,1,33,50.0,2.29,-47.71
대치사거리,발달상권,제과점,1,0,0,0,0.0,1.78,1.78
대치역,발달상권,제과점,6,0,0,0,40.0,3.06,-36.94
대학로(혜화역),발달상권,제과점,25,0,0,0,4.0,4.4,0.4
도곡1동,발달상권,제과점,6,0,0,0,0.0,3.06,3.06
도산공원교차로,발달상권,제과점,6,0,0,0,17.0,3.06,-13.94
도성초등학교,발달상권,제과점,6,0,2,33,0.0,2.82,2.82
독산동,발달상권,제과점,7,0,0,0,0.0,3.23,3.23
동대문역,발달상권,제과점,1,0,0,0,0.0,1.78,1.78
동대문역사문화공원역,발달상권,제과점,9,0,0,0,0.0,3.43,3.43
동묘앞역(동묘),발달상권,제과점,3,0,0,0,0.0,2.5,2.5
둔촌역,발달상권,제과점,12,0,1,8,0.0,3.63,3.63
등나무근린공원,발달상권,제과점,6,0,0,0,0.0,3.09,3.09
등촌역,발달상권,제과점,8,0,0,0,0.0,3.34,3.34
뚝섬역,발달상권,제과점,23,0,1,4,4.0,4.27,0.27
롯데백화점(시청광장 지하쇼핑센터),발달상권,제과점,16,0,0,0,0.0,3.95,3.95
르네상스호텔사거리,발달상권,제과점,2,0,0,0,0.0,2.22,2.22
마곡역(마곡),발달상권,제과점,38,1,0,0,11.0,4.93,-6.07
마들역,발달상권,제과점,7,1,0,0,0.0,3.78,3.78
마포역,발달상권,제과점,4,0,1,25,0.0,2.56,2.56
망원역,발달상권,제과점,6,0,0,0,0.0,3.07,3.07
매봉역,발달상권,제과점,7,0,0,0,0.0,3.19,3.19
명동(명동거리),발달상권,제과점,22,1,1,5,0.0,4.43,4.43
명동역(명동재미로),발달상권,제과점,7,0,1,14,0.0,3.13,3.13
명일역,발달상권,제과점,18,1,2,11,0.0,4.25,4.25
목동사거리,발달상권,제과점,6,0,0,0,0.0,3.05,3.05
목동신시가지,발달상권,제과점,28,1,2,7,4.0,4.62,0.62
목동역 8번출구,발달상권,제과점,6,0,1,17,0.0,2.96,2.96
몽촌토성역,발달상권,제과점,5,0,0,0,0.0,2.92,2.92
문래역(문래로데오거리),발달상권,제과점,1,0,0,0,0.0,1.84,1.84
문정역,발달상권,제과점,24,0,0,0,5.0,4.35,-0.65
미아사거리,발달상권,제과점,3,0,0,0,0.0,2.5,2.5
미아사거리역,발달상권,제과점,9,0,0,0,0.0,3.43,3.43
미아역,발달상권,제과점,9,0,1,11,0.0,3.36,3.36
발산역(마곡),발달상권,제과점,40,0,0,0,10.0,4.86,-5.14
방배동가구거리(사당동가구거리),발달상권,제과점,1,0,0,0,0.0,1.78,1.78
방배동카페골목,발달상권,제과점,5,1,0,0,0.0,3.73,3.73
방배역,발달상권,제과점,18,1,0,0,0.0,4.33,4.33
방이동먹자골목,발달상권,제과점,2,0,0,0,50.0,2.19,-47.81
방이역,발달상권,제과점,2,0,0,0,0.0,2.26,2.26
뱅뱅사거리,발달상권,제과점,19,0,1,5,11.0,4.1,-6.9
보라매공원,발달상권,제과점,11,0,0,0,10.0,3.61,-6.39
보라매역,발달상권,제과점,3,0,0,0,0.0,2.55,2.55
본서부병원,발달상권,제과점,4,0,1,25,0.0,2.54,2.54
봉은사역,발달상권,제과점,3,0,0,0,50.0,2.53,-47.47
북창동(시청역_6번),발달상권,제과점,5,0,0,0,0.0,2.91,2.91
북촌(안국역),발달상권,제과점,22,0,0,0,5.0,4.26,-0.74
불광역,발달상권,제과점,2,0,0,0,0.0,2.22,2.22
사가정역,발달상권,제과점,7,0,0,0,0.0,3.24,3.24
사당역 11번(사당역먹자골목),발달상권,제과점,3,0,1,33,0.0,2.24,2.24
사당역(사당),발달상권,제과점,23,0,1,4,0.0,4.28,4.28
삼각지역,발달상권,제과점,14,0,0,0,0.0,3.83,3.83
삼성역,발달상권,제과점,26,1,0,0,8.0,4.6,-3.4
삼성중앙역,발달상권,제과점,7,0,0,0,0.0,3.19,3.19
삼청동,발달상권,제과점,10,0,0,0,0.0,3.51,3.51
삼호가든사거리,발달상권,제과점,3,0,0,0,0.0,2.53,2.53
상계백병원,발달상권,제과점,1,0,0,0,0.0,1.84,1.84
상봉역,발달상권,제과점,7,0,0,0,0.0,3.22,3.22
상수역(홍대),발달상권,제과점,16,0,0,0,0.0,3.95,3.95
서교동(홍대),발달상권,제과점,8,0,0,0,0.0,3.31,3.31
서대문역,발달상권,제과점,7,0,0,0,0.0,3.25,3.25
서래마을카페거리(서래마을),발달상권,제과점,15,1,0,0,7.0,4.18,-2.82
서울남부지방법원,발달상권,제과점,4,0,0,0,33.0,2.71,-30.29
서울대입구역,발달상권,제과점,12,1,0,0,0.0,4.03,4.03
서울세관,발달상권,제과점,4,1,0,0,0.0,3.77,3.77
서울숲역,발달상권,제과점,6,0,0,0,20.0,3.05,-16.95
서울시청,발달상권,제과점,5,0,0,0,20.0,2.91,-17.09
서울시흥동우체국(홈플러스시흥점),발달상권,제과점,4,1,0,0,0.0,3.75,3.75
서울역,발달상권,제과점,33,0,0,0,21.0,4.68,-16.32
서초3동사거리,발달상권,제과점,6,0,0,0,0.0,3.05,3.05
서초역,발달상권,제과점,9,0,0,0,0.0,3.43,3.43
서촌(경복궁역),발달상권,제과점,22,2,0,0,5.0,4.62,-0.38
석촌고분역,발달상권,제과점,8,0,1,13,0.0,3.24,3.24
석촌역(석촌호수),발달상권,제과점,15,2,0,0,7.0,4.43,-2.57
선릉역,발달상권,제과점,21,2,0,0,22.0,4.64,-17.36
선정릉역,발달상권,제과점,9,0,0,0,0.0,3.43,3.43
성북구청,발달상권,제과점,2,0,0,0,0.0,2.22,2.22
성수대교남단,발달상권,제과점,10,0,0,0,0.0,3.51,3.51
성수역,발달상권,제과점,15,0,0,0,0.0,3.91,3.91
성신여대,발달상권,제과점,19,0,0,0,12.0,4.13,-7.87
송정역,발달상권,제과점,1,0,0,0,0.0,1.84,1.84
송파나루역,발달상권,제과점,3,0,0,0,0.0,2.5,2.5
송파사거리(송파역),발달상권,제과점,8,0,0,0,0.0,3.32,3.32
수서역,발달상권,제과점,5,0,0,0,0.0,2.92,2.92
수유역,발달상권,제과점,17,0,0,0,6.0,4.05,-1.95
"숙대입구역(남영역, 남영동)",발달상권,제과점,4,0,1,25,0.0,2.53,2.53
시청역_1번,발달상권,제과점,5,0,0,0,0.0,2.92,2.92
시청역_8번,발달상권,제과점,5,0,0,0,0.0,2.91,2.91
신논현역,발달상권,제과점,17,1,0,0,6.0,4.27,-1.73
신논현역 1번,발달상권,제과점,3,0,0,0,0.0,2.48,2.48
신당역,발달상권,제과점,6,0,0,0,0.0,3.08,3.08
신대방삼거리역,발달상권,제과점,5,0,1,20,0.0,2.78,2.78
신도림역,발달상권,제과점,20,1,0,0,5.0,4.4,-0.6
신림역(신림),발달상권,제과점,14,0,0,0,0.0,3.85,3.85
신사역,발달상권,제과점,7,0,0,0,33.0,3.2,-29.8
신설동역,발달상권,제과점,7,0,1,14,0.0,3.11,3.11
신용산역(용산역),발달상권,제과점,54,1,1,2,4.0,5.23,1.23
신정네거리역,발달상권,제과점,7,0,0,0,0.0,3.18,3.18
"신촌역(신촌역, 신촌로터리)",발달상권,제과점,17,0,0,0,6.0,4.02,-1.98
아차산역,발달상권,제과점,9,0,0,0,0.0,3.43,3.43
안암역,발달상권,제과점,7,0,0,0,0.0,3.22,3.22
암사역,발달상권,제과점,5,0,0,0,0.0,2.92,2.92
압구정로데오역(압구정로데오),발달상권,제과점,26,0,0,0,0.0,4.42,4.42
압구정역,발달상권,제과점,32,1,1,3,0.0,4.74,4.74
약수역,발달상권,제과점,12,0,1,8,0.0,3.65,3.65
"양재시민의숲역(양재동꽃시장, aT센터)",발달상권,제과점,7,0,0,0,0.0,3.2,3.2
양재역,발달상권,제과점,18,0,0,0,27.0,4.09,-22.91
양재천카페거리,발달상권,제과점,8,0,0,0,0.0,3.3,3.3
양재화물트럭터미널앞,발달상권,제과점,2,0,0,0,50.0,2.22,-47.78
어린이대공원역,발달상권,제과점,7,0,0,0,0.0,3.23,3.23
언주역(차병원),발달상권,제과점,7,0,0,0,0.0,3.21,3.21
여의도역(여의도),발달상권,제과점,49,0,2,4,9.0,5.04,-3.96
역삼역,발달상권,제과점,34,1,1,3,3.0,4.81,1.81
연남동(홍대),발달상권,제과점,79,3,1,1,3.0,5.68,2.68
연신내역,발달상권,제과점,9,1,0,0,13.0,3.86,-9.14
연희동,발달상권,제과점,18,0,0,0,0.0,4.07,4.07
영동대교남단교차로,발달상권,제과점,3,0,0,0,0.0,2.48,2.48
영등포구청역,발달상권,제과점,12,1,0,0,0.0,4.02,4.02
영등포역(영등포),발달상권,제과점,19,1,0,0,0.0,4.34,4.34
영등포청과시장교차로,발달상권,제과점,3,0,0,0,0.0,2.53,2.53
영중로,발달상권,제과점,2,0,0,0,0.0,2.22,2.22
오금역,발달상권,제과점,6,0,0,0,0.0,3.08,3.08
오류동역,발달상권,제과점,2,0,0,0,0.0,2.19,2.19
오목교역,발달상권,제과점,19,1,0,0,11.0,4.32,-6.68
올림픽대교북단,발달상권,제과점,3,0,0,0,0.0,2.53,2.53
왕십리역(왕십리),발달상권,제과점,21,1,0,0,0.0,4.46,4.46
용산전자상가(용산역),발달상권,제과점,1,0,1,100,0.0,1.13,1.13
원남동사거리,발달상권,제과점,1,0,0,0,0.0,1.78,1.78
월곡역,발달상권,제과점,10,0,0,0,0.0,3.54,3.54
월드컵경기장역(월드컵경기장),발달상권,제과점,1,0,0,0,0.0,1.84,1.84
은마아파트,발달상권,제과점,11,0,2,18,0.0,3.49,3.49
은행사거리,발달상권,제과점,15,1,1,7,7.0,4.15,-2.85
을지로2가,발달상권,제과점,4,0,0,0,0.0,2.74,2.74
을지로3가역,발달상권,제과점,15,0,0,0,0.0,3.91,3.91
을지로4가역,발달상권,제과점,1,0,2,100,0.0,1.06,1.06
을지로입구역,발달상권,제과점,14,0,0,0,15.0,3.85,-11.15
응암역,발달상권,제과점,6,0,0,0,0.0,3.08,3.08
이태원(이태원역),발달상권,제과점,26,1,0,0,12.0,4.59,-7.41
이화사거리,발달상권,제과점,5,0,0,0,25.0,2.89,-22.11
"이화여대(이대역, 이대)",발달상권,제과점,13,0,0,0,0.0,3.77,3.77
인사동,발달상권,제과점,13,0,1,8,0.0,3.69,3.69
잠실새내역(신천),발달상권,제과점,28,0,0,0,8.0,4.51,-3.49
잠실역,발달상권,제과점,40,2,1,3,2.0,5.04,3.04
장승배기역,발달상권,제과점,5,2,0,0,0.0,4.54,4.54
장안동사거리,발달상권,제과점,8,1,0,0,0.0,3.86,3.86
장지역(가든파이브),발달상권,제과점,9,0,0,0,13.0,3.43,-9.57
장충동족발거리(남소영길),발달상권,제과점,4,0,0,0,0.0,2.71,2.71
장한평역(장한평),발달상권,제과점,7,0,0,0,40.0,3.21,-36.79
종각역,발달상권,제과점,22,3,2,9,0.0,4.77,4.77
종로3가역,발달상권,제과점,19,1,0,0,0.0,4.32,4.32
종로5가역,발달상권,제과점,2,0,0,0,0.0,2.19,2.19
종로6가,발달상권,제과점,1,0,0,0,0.0,1.78,1.78
종로구청,발달상권,제과점,3,0,1,33,0.0,2.27,2.27
중구청(퇴계로4가),발달상권,제과점,1,0,0,0,0.0,1.78,1.78
중림동,발달상권,제과점,5,0,0,0,0.0,2.89,2.89
중부경찰서(영화인의거리),발달상권,제과점,6,0,0,0,0.0,3.06,3.06
창동역,발달상권,제과점,5,0,0,0,0.0,2.93,2.93
천호역,발달상권,제과점,31,1,0,0,3.0,4.73,1.73
청담사거리(청담동명품거리),발달상권,제과점,12,0,0,0,0.0,3.69,3.69
청량리역(청량리),발달상권,제과점,18,0,1,6,6.0,4.05,-1.95
"총신대입구역(이수, 총신대)",발달상권,제과점,20,2,0,0,0.0,4.59,4.59
충무로역,발달상권,제과점,10,0,0,0,10.0,3.54,-6.46
충정로역,발달상권,제과점,1,0,0,0,0.0,1.84,1.84
코엑스,발달상권,제과점,8,0,0,0,0.0,3.32,3.32
태릉입구역,발달상권,제과점,3,0,0,0,0.0,2.48,2.48
포스코사거리,발달상권,제과점,5,0,0,0,0.0,2.93,2.93
포이사거리(삼호물산),발달상권,제과점,12,0,0,0,0.0,3.69,3.69
학동사거리,발달상권,제과점,17,0,0,0,0.0,4.02,4.02
학동역,발달상권,제과점,10,1,0,0,0.0,3.95,3.95
한강성심병원,발달상권,제과점,1,0,0,0,0.0,1.78,1.78
한남오거리,발달상권,제과점,10,0,0,0,10.0,3.54,-6.46
한성대입구역,발달상권,제과점,5,0,0,0,0.0,2.91,2.91
한티역,발달상권,제과점,17,1,0,0,6.0,4.27,-1.73
합정역,발달상권,제과점,22,3,3,14,0.0,4.74,4.74
홍대입구역(홍대),발달상권,제과점,37,1,3,8,3.0,4.84,1.84
홍제역,발달상권,제과점,11,1,0,0,0.0,3.98,3.98
화곡역,발달상권,제과점,11,1,2,18,0.0,3.87,3.87
회기역,발달상권,제과점,6,0,0,0,0.0,3.07,3.07
회현역,발달상권,제과점,3,0,0,0,0.0,2.48,2.48
휘문고교사거리,발달상권,제과점,1,0,0,0,0.0,1.84,1.84
63빌딩,발달상권,중식음식점,2,0,0,0,0.0,2.5,2.5
DMC(디지털미디어시티),발달상권,중식음식점,24,3,3,13,4.0,5.06,1.06
가락시장,발달상권,중식음식점,2,0,0,0,0.0,2.47,2.47
가락시장역,발달상권,중식음식점,8,1,2,25,0.0,3.94,3.94
가로수길,발달상권,중식음식점,10,0,1,10,0.0,3.72,3.72
가산디지털단지,발달상권,중식음식점,80,3,4,5,3.0,5.96,2.96
"강남구청(청담역_8번, 강남세무서)",발달상권,중식음식점,4,1,0,0,0.0,4.0,4.0
강남구청역,발달상권,중식음식점,9,0,0,0,13.0,3.7,-9.3
강남역,발달상권,중식음식점,54,2,3,6,2.0,5.55,3.55
강남을지병원,발달상권,중식음식점,8,0,0,0,0.0,3.59,3.59
강동구청역,발달상권,중식음식점,7,0,0,0,0.0,3.46,3.46
강변역(테크노마트),발달상권,중식음식점,4,0,0,0,0.0,2.98,2.98
강서구청,발달상권,중식음식점,8,0,2,25,0.0,3.43,3.43
개나리아파트,발달상권,중식음식점,3,0,0,0,0.0,2.76,2.76
개롱역,발달상권,중식음식점,10,0,0,0,10.0,3.81,-6.19
개봉동 현대아파트,발달상권,중식음식점,4,0,0,0,0.0,2.98,2.98
거여역,발달상권,중식음식점,4,0,0,0,0.0,3.0,3.0
건대입구역(건대),발달상권,중식음식점,54,2,2,4,6.0,5.56,-0.44
경기고교사거리(경기고교앞사거리),발달상권,중식음식점,2,0,0,0,0.0,2.47,2.47
경복아파트교차로,발달상권,중식음식점,1,0,0,0,0.0,2.05,2.05
경찰병원역,발달상권,중식음식점,8,0,0,0,0.0,3.59,3.59
경희대학교(경희대),발달상권,중식음식점,38,4,2,5,8.0,5.49,-2.51
고덕역,발달상권,중식음식점,7,0,0,0,0.0,3.48,3.48
고속터미널(고속터미널역),발달상권,중식음식점,19,0,0,0,0.0,4.42,4.42
공덕역(공덕오거리),발달상권,중식음식점,4,0,1,25,0.0,2.81,2.81
공릉역,발달상권,중식음식점,7,0,0,0,0.0,3.5,3.5
광화문역,발달상권,중식음식점,27,1,0,0,0.0,4.91,4.91
교대역(법원.검찰청),발달상권,중식음식점,30,0,1,3,7.0,4.83,-2.17
교대입구교차로,발달상권,중식음식점,11,1,2,18,20.0,4.11,-15.89
교육개발원입구사거리,발달상권,중식음식점,3,1,0,0,0.0,4.12,4.12
구로구청,발달상권,중식음식점,6,0,0,0,17.0,3.33,-13.67
구로디지털단지,발달상권,중식음식점,32,0,1,3,7.0,4.89,-2.11
구로디지털단지역,발달상권,중식음식점,16,0,0,0,6.0,4.24,-1.76
구로역,발달상권,중식음식점,10,0,0,0,0.0,3.79,3.79
구로전화국,발달상권,중식음식점,8,0,0,0,0.0,3.59,3.59
구삼강변맛길,발달상권,중식음식점,4,2,2,50,0.0,4.65,4.65
구역삼세무서,발달상권,중식음식점,10,0,0,0,11.0,3.79,-7.21
구의사거리,발달상권,중식음식점,2,0,0,0,0.0,2.5,2.5
구의역,발달상권,중식음식점,15,1,0,0,0.0,4.46,4.46
구파발역,발달상권,중식음식점,9,0,0,0,0.0,3.71,3.71
국회의사당역(국회의사당),발달상권,중식음식점,22,1,1,5,0.0,4.71,4.71
군자역,발달상권,중식음식점,16,1,2,13,0.0,4.39,4.39
굽은다리역,발달상권,중식음식점,5,0,1,20,0.0,3.04,3.04
금호역,발달상권,중식음식점,6,0,0,0,0.0,3.34,3.34
길동역,발달상권,중식음식점,11,0,0,0,0.0,3.91,3.91
김포공항역(김포공항),발달상권,중식음식점,3,0,0,0,0.0,2.76,2.76
까치산역,발달상권,중식음식점,8,0,0,0,0.0,3.62,3.62
남부터미널역,발달상권,중식음식점,10,0,0,0,0.0,3.79,3.79
남영동 먹자골목,발달상권,중식음식점,10,0,0,0,0.0,3.79,3.79
내방역,발달상권,중식음식점,11,1,0,0,10.0,4.24,-5.76
노량진역(노량진),발달상권,중식음식점,15,0,0,0,25.0,4.18,-20.82
노원역,발달상권,중식음식점,33,3,1,3,3.0,5.29,2.29
녹두거리(대학동),발달상권,중식음식점,6,1,1,17,0.0,3.89,3.89
논현역,발달상권,중식음식점,16,0,0,0,0.0,4.23,4.23
당산2동(영등포우체국),발달상권,중식음식점,7,0,0,0,17.0,3.48,-13.52
당산역,발달상권,중식음식점,14,2,1,7,0.0,4.63,4.63
대림3동사거리,발달상권,중식음식점,7,0,0,0,17.0,3.47,-13.53
대림역,발달상권,중식음식점,112,2,5,5,7.0,6.2,-0.8
대치사거리,발달상권,중식음식점,3,0,0,0,0.0,2.76,2.76
대치역,발달상권,중식음식점,3,0,0,0,0.0,2.76,2.76
대학로(혜화역),발달상권,중식음식점,38,2,1,3,0.0,5.26,5.26
도곡1동,발달상권,중식음식점,3,0,0,0,0.0,2.76,2.76
도산공원교차로,발달상권,중식음식점,6,0,0,0,0.0,3.35,3.35
도성초등학교,발달상권,중식음식점,5,0,0,0,25.0,3.21,-21.79
독산동,발달상권,중식음식점,17,0,0,0,0.0,4.29,4.29
동대문역,발달상권,중식음식점,8,0,0,0,0.0,3.58,3.58
동대문역사문화공원역,발달상권,중식음식점,10,0,1,10,11.0,3.73,-7.27
동묘앞역(동묘),발달상권,중식음식점,2,0,0,0,0.0,2.47,2.47
둔촌역,발달상권,중식음식점,5,0,0,0,0.0,3.18,3.18
등나무근린공원,발달상권,중식음식점,2,0,0,0,0.0,2.47,2.47
등촌역,발달상권,중식음식점,8,1,0,0,0.0,4.13,4.13
디지털단지오거리,발달상권,중식음식점,21,0,3,14,10.0,4.39,-5.61
뚝섬역,발달상권,중식음식점,5,1,0,0,0.0,3.98,3.98
롯데백화점(시청광장 지하쇼핑센터),발달상권,중식음식점,4,0,0,0,0.0,2.98,2.98
르네상스호텔사거리,발달상권,중식음식점,6,0,0,0,0.0,3.36,3.36
마곡역(마곡),발달상권,중식음식점,18,0,1,6,0.0,4.31,4.31
마들역,발달상권,중식음식점,3,0,0,0,0.0,2.8,2.8
마포역,발달상권,중식음식점,8,0,0,0,14.0,3.58,-10.42
망원역,발달상권,중식음식점,6,0,0,0,20.0,3.34,-16.66
매봉역,발달상권,중식음식점,6,0,0,0,0.0,3.34,3.34
명동(명동거리),발달상권,중식음식점,41,0,1,2,8.0,5.14,-2.86
명동역(명동재미로),발달상권,중식음식점,9,0,0,0,0.0,3.7,3.7
명일역,발달상권,중식음식점,4,0,0,0,0.0,2.98,2.98
목동사거리,발달상권,중식음식점,6,0,0,0,50.0,3.33,-46.67
목동신시가지,발달상권,중식음식점,22,0,0,0,5.0,4.55,-0.45
목동역 8번출구,발달상권,중식음식점,9,0,0,0,0.0,3.69,3.69
몽촌토성역,발달상권,중식음식점,4,0,0,0,0.0,3.0,3.0
문래동주민센터,발달상권,중식음식점,4,0,0,0,0.0,3.0,3.0
문래역(문래로데오거리),발달상권,중식음식점,2,0,0,0,0.0,2.5,2.5
문정역,발달상권,중식음식점,35,0,1,3,3.0,4.98,1.98
미아사거리,발달상권,중식음식점,7,0,0,0,0.0,3.46,3.46
미아사거리역,발달상권,중식음식점,5,0,0,0,0.0,3.21,3.21
미아역,발달상권,중식음식점,7,1,2,29,0.0,3.82,3.82
발산역(마곡),발달상권,중식음식점,30,2,2,7,7.0,5.09,-1.91
방배동카페골목,발달상권,중식음식점,3,0,1,33,0.0,2.52,2.52
방배역,발달상권,중식음식점,12,2,2,17,0.0,4.54,4.54
방이동먹자골목,발달상권,중식음식점,19,2,0,0,5.0,4.85,-0.15
방이역,발달상권,중식음식점,4,0,0,0,0.0,3.02,3.02
뱅뱅사거리,발달상권,중식음식점,14,1,0,0,0.0,4.4,4.4
보라매공원,발달상권,중식음식점,7,0,0,0,0.0,3.47,3.47
보라매역,발달상권,중식음식점,3,0,0,0,0.0,2.76,2.76
본서부병원,발달상권,중식음식점,6,0,0,0,0.0,3.35,3.35
봉은사역,발달상권,중식음식점,3,0,0,0,0.0,2.76,2.76
북창동(시청역_6번),발달상권,중식음식점,9,0,0,0,0.0,3.7,3.7
불광역,발달상권,중식음식점,2,0,0,0,0.0,2.47,2.47
사가정역,발달상권,중식음식점,3,0,0,0,0.0,2.8,2.8
사당역(사당),발달상권,중식음식점,20,0,0,0,0.0,4.46,4.46
삼각지역,발달상권,중식음식점,8,2,1,13,0.0,4.5,4.5
삼성역,발달상권,중식음식점,14,0,0,0,0.0,4.11,4.11
삼성중앙역,발달상권,중식음식점,8,0,1,13,0.0,3.49,3.49
삼청동,발달상권,중식음식점,2,0,0,0,0.0,2.47,2.47
삼호가든사거리,발달상권,중식음식점,3,0,0,0,0.0,2.78,2.78
상계백병원,발달상권,중식음식점,3,0,0,0,0.0,2.76,2.76
상봉역,발달상권,중식음식점,7,0,0,0,13.0,3.5,-9.5
상수역(홍대),발달상권,중식음식점,9,0,0,0,11.0,3.69,-7.31
서교동(홍대),발달상권,중식음식점,12,0,1,8,0.0,3.9,3.9
서대문역,발달상권,중식음식점,7,0,0,0,14.0,3.46,-10.54
서래마을카페거리(서래마을),발달상권,중식음식점,4,0,0,0,0.0,2.98,2.98
서울남부지방법원,발달상권,중식음식점,1,0,0,0,0.0,2.05,2.05
서울대입구역,발달상권,중식음식점,15,0,0,0,0.0,4.17,4.17
서울세관,발달상권,중식음식점,5,0,0,0,0.0,3.18,3.18
서울시청,발달상권,중식음식점,5,0,0,0,0.0,3.17,3.17
서울시흥동우체국(홈플러스시흥점),발달상권,중식음식점,5,1,0,0,25.0,3.99,-21.01
서울역,발달상권,중식음식점,16,0,0,0,0.0,4.25,4.25
서초3동사거리,발달상권,중식음식점,13,0,0,0,0.0,4.03,4.03
서초역,발달상권,중식음식점,11,0,0,0,0.0,3.91,3.91
서촌(경복궁역),발달상권,중식음식점,6,0,0,0,0.0,3.33,3.33
석촌고분역,발달상권,중식음식점,4,0,0,0,0.0,2.98,2.98
석촌역(석촌호수),발달상권,중식음식점,7,0,0,0,0.0,3.46,3.46
선릉역,발달상권,중식음식점,31,2,1,3,0.0,5.14,5.14
선정릉역,발달상권,중식음식점,4,0,0,0,0.0,2.98,2.98
성북구청,발달상권,중식음식점,4,0,0,0,0.0,2.98,2.98
성수대교남단,발달상권,중식음식점,5,0,0,0,0.0,3.17,3.17
성수역,발달상권,중식음식점,16,2,0,0,6.0,4.77,-1.23
성신여대,발달상권,중식음식점,26,1,0,0,8.0,4.88,-3.12
송정역,발달상권,중식음식점,1,0,0,0,0.0,2.05,2.05
송파나루역,발달상권,중식음식점,3,0,0,0,0.0,2.78,2.78
송파사거리(송파역),발달상권,중식음식점,11,3,0,0,0.0,4.99,4.99
수서역,발달상권,중식음식점,7,0,0,0,0.0,3.47,3.47
수유역,발달상권,중식음식점,18,1,1,6,0.0,4.56,4.56
"숙대입구역(남영역, 남영동)",발달상권,중식음식점,3,0,0,0,0.0,2.8,2.8
시청역_1번,발달상권,중식음식점,4,0,0,0,0.0,3.0,3.0
시청역_8번,발달상권,중식음식점,7,0,0,0,0.0,3.47,3.47
신논현역,발달상권,중식음식점,15,0,0,0,0.0,4.17,4.17
신논현역 1번,발달상권,중식음식점,1,0,0,0,0.0,2.05,2.05
신당역,발달상권,중식음식점,14,0,0,0,0.0,4.1,4.1
신대방삼거리역,발달상권,중식음식점,6,1,0,0,0.0,4.03,4.03
신도림역,발달상권,중식음식점,16,0,1,6,6.0,4.19,-1.81
신림역(신림),발달상권,중식음식점,17,1,1,6,0.0,4.51,4.51
신사역,발달상권,중식음식점,19,0,0,0,6.0,4.4,-1.6
신설동역,발달상권,중식음식점,8,0,0,0,0.0,3.58,3.58
신용산역(용산역),발달상권,중식음식점,24,0,0,0,0.0,4.63,4.63
신정네거리역,발달상권,중식음식점,12,0,0,0,0.0,3.97,3.97
"신촌역(신촌역, 신촌로터리)",발달상권,중식음식점,53,5,3,6,0.0,5.73,5.73
아차산역,발달상권,중식음식점,10,1,0,0,11.0,4.2,-6.8
안암역,발달상권,중식음식점,3,0,0,0,0.0,2.8,2.8
암사역,발달상권,중식음식점,5,0,0,0,0.0,3.17,3.17
압구정로데오역(압구정로데오),발달상권,중식음식점,12,0,0,0,0.0,3.97,3.97
압구정역,발달상권,중식음식점,18,2,0,0,6.0,4.8,-1.2
약수역,발달상권,중식음식점,4,0,0,0,33.0,3.02,-29.98
"양재시민의숲역(양재동꽃시장, aT센터)",발달상권,중식음식점,4,0,1,25,0.0,2.86,2.86
양재역,발달상권,중식음식점,16,0,0,0,14.0,4.24,-9.76
양재천카페거리,발달상권,중식음식점,3,0,0,0,50.0,2.76,-47.24
양재화물트럭터미널앞,발달상권,중식음식점,2,0,0,0,0.0,2.47,2.47
양평역,발달상권,중식음식점,1,0,0,0,0.0,2.05,2.05
어린이대공원역,발달상권,중식음식점,11,0,1,9,9.0,3.82,-5.18
언주역(차병원),발달상권,중식음식점,7,0,0,0,17.0,3.48,-13.52
여의도역(여의도),발달상권,중식음식점,49,0,2,4,2.0,5.31,3.31
역삼역,발달상권,중식음식점,49,6,2,4,4.0,5.79,1.79
연남동(홍대),발달상권,중식음식점,40,1,1,3,0.0,5.22,5.22
연신내역,발달상권,중식음식점,3,0,0,0,0.0,2.78,2.78
연희동,발달상권,중식음식점,10,0,1,10,0.0,3.71,3.71
영동대교남단교차로,발달상권,중식음식점,1,0,0,0,0.0,2.05,2.05
영등포구청역,발달상권,중식음식점,18,0,0,0,0.0,4.35,4.35
영등포역(영등포),발달상권,중식음식점,40,0,0,0,3.0,5.14,2.14
영등포청과시장교차로,발달상권,중식음식점,2,0,0,0,50.0,2.47,-47.53
영중로,발달상권,중식음식점,2,1,0,0,0.0,4.49,4.49
오금역,발달상권,중식음식점,6,0,0,0,0.0,3.34,3.34
오류동역,발달상권,중식음식점,5,0,0,0,0.0,3.17,3.17
오목교역,발달상권,중식음식점,15,0,0,0,7.0,4.18,-2.82
올림픽대교북단,발달상권,중식음식점,1,0,1,100,0.0,1.4,1.4
왕십리역(왕십리),발달상권,중식음식점,3,0,1,33,0.0,2.54,2.54
용산전자상가(용산역),발달상권,중식음식점,4,0,0,0,33.0,2.98,-30.02
원남동사거리,발달상권,중식음식점,2,0,0,0,0.0,2.47,2.47
월곡역,발달상권,중식음식점,4,0,0,0,0.0,3.0,3.0
월드컵경기장역(월드컵경기장),발달상권,중식음식점,2,0,0,0,0.0,2.53,2.53
은마아파트,발달상권,중식음식점,9,0,0,0,0.0,3.71,3.71
은행사거리,발달상권,중식음식점,8,0,0,0,14.0,3.59,-10.41
을지로2가,발달상권,중식음식점,2,0,1,50,0.0,2.11,2.11
을지로3가역,발달상권,중식음식점,19,1,0,0,5.0,4.61,-0.39
을지로4가역,발달상권,중식음식점,3,0,0,0,0.0,2.78,2.78
을지로입구역,발달상권,중식음식점,10,0,0,0,0.0,3.81,3.81
응암역,발달상권,중식음식점,2,0,0,0,0.0,2.5,2.5
이태원(이태원역),발달상권,중식음식점,16,0,1,6,0.0,4.19,4.19
이화사거리,발달상권,중식음식점,5,0,0,0,0.0,3.17,3.17
"이화여대(이대역, 이대)",발달상권,중식음식점,5,0,0,0,20.0,3.18,-16.82
인사동,발달상권,중식음식점,8,1,0,0,14.0,4.13,-9.87
잠실새내역(신천),발달상권,중식음식점,20,1,1,5,0.0,4.63,4.63
잠실역,발달상권,중식음식점,33,0,0,0,7.0,4.95,-2.05
장승배기역,발달상권,중식음식점,1,0,0,0,0.0,2.05,2.05
장안동사거리,발달상권,중식음식점,8,0,0,0,0.0,3.61,3.61
장지역(가든파이브),발달상권,중식음식점,7,0,0,0,0.0,3.47,3.47
장충동족발거리(남소영길),발달상권,중식음식점,1,0,0,0,0.0,2.05,2.05
장한평역(장한평),발달상권,중식음식점,11,1,1,9,0.0,4.19,4.19
종각역,발달상권,중식음식점,39,3,1,3,5.0,5.42,0.42
종로3가역,발달상권,중식음식점,15,1,1,7,0.0,4.4,4.4
종로4가,발달상권,중식음식점,4,0,0,0,0.0,2.98,2.98
종로5가역,발달상권,중식음식점,7,1,0,0,0.0,4.04,4.04
종로6가,발달상권,중식음식점,2,0,0,0,0.0,2.47,2.47
종로구청,발달상권,중식음식점,6,0,0,0,0.0,3.33,3.33
중림동,발달상권,중식음식점,4,0,0,0,0.0,2.98,2.98
중부경찰서(영화인의거리),발달상권,중식음식점,7,0,1,14,17.0,3.37,-13.63
창동역,발달상권,중식음식점,8,0,0,0,0.0,3.6,3.6
천호역,발달상권,중식음식점,11,0,0,0,0.0,3.89,3.89
청담사거리(청담동명품거리),발달상권,중식음식점,10,0,0,0,0.0,3.79,3.79
청량리역(청량리),발달상권,중식음식점,15,0,0,0,0.0,4.18,4.18
"총신대입구역(이수, 총신대)",발달상권,중식음식점,24,0,0,0,0.0,4.64,4.64
총신대학교,발달상권,중식음식점,1,0,0,0,0.0,2.05,2.05
충무로역,발달상권,중식음식점,20,0,0,0,5.0,4.44,-0.56
충정로역,발달상권,중식음식점,4,0,0,0,0.0,2.98,2.98
코엑스,발달상권,중식음식점,9,0,0,0,0.0,3.7,3.7
태릉입구역,발달상권,중식음식점,4,0,0,0,33.0,3.0,-30.0
포스코사거리,발달상권,중식음식점,22,0,0,0,20.0,4.55,-15.45
포이사거리(삼호물산),발달상권,중식음식점,10,0,1,10,0.0,3.71,3.71
학동사거리,발달상권,중식음식점,13,0,1,8,0.0,3.98,3.98
학동역,발달상권,중식음식점,7,0,0,0,0.0,3.47,3.47
한강성심병원,발달상권,중식음식점,1,0,0,0,0.0,2.05,2.05
한남오거리,발달상권,중식음식점,6,0,0,0,0.0,3.34,3.34
한성대입구역,발달상권,중식음식점,4,0,0,0,0.0,3.02,3.02
한티역,발달상권,중식음식점,6,1,0,0,0.0,4.05,4.05
합정역,발달상권,중식음식점,17,1,0,0,0.0,4.55,4.55
홍대입구역(홍대),발달상권,중식음식점,40,1,5,13,5.0,5.15,0.15
홍제역,발달상권,중식음식점,5,0,2,40,0.0,2.88,2.88
화곡역,발달상권,중식음식점,17,1,0,0,0.0,4.55,4.55
회기역,발달상권,중식음식점,2,0,0,0,0.0,2.47,2.47
회현역,발달상권,중식음식점,6,0,0,0,0.0,3.33,3.33
휘문고교사거리,발달상권,중식음식점,1,0,0,0,0.0,2.05,2.05
DMC(디지털미디어시티),발달상권,치킨전문점,1,0,0,0,0.0,2.54,2.54
가락시장,발달상권,치킨전문점,1,0,0,0,0.0,2.54,2.54
가락시장역,발달상권,치킨전문점,6,0,0,0,0.0,3.87,3.87
가로수길,발달상권,치킨전문점,7,0,0,0,0.0,3.99,3.99
가산디지털단지,발달상권,치킨전문점,20,1,2,10,0.0,5.1,5.1
"강남구청(청담역_8번, 강남세무서)",발달상권,치킨전문점,2,0,0,0,0.0,3.02,3.02
강남구청역,발달상권,치킨전문점,8,0,0,0,0.0,4.13,4.13
강남역,발달상권,치킨전문점,19,0,1,5,0.0,4.88,4.88
강남을지병원,발달상권,치킨전문점,4,0,0,0,0.0,3.54,3.54
강동구청역,발달상권,치킨전문점,2,0,0,0,0.0,3.02,3.02
강변역(테크노마트),발달상권,치킨전문점,3,0,0,0,0.0,3.29,3.29
강서구청,발달상권,치킨전문점,10,0,0,0,10.0,4.34,-5.66
강서농산물도매시장,발달상권,치킨전문점,1,0,0,0,0.0,2.61,2.61
개나리아파트,발달상권,치킨전문점,3,0,0,0,0.0,3.27,3.27
개롱역,발달상권,치킨전문점,6,0,1,17,0.0,3.75,3.75
개봉동 현대아파트,발달상권,치킨전문점,10,0,1,10,0.0,4.25,4.25
거여역,발달상권,치킨전문점,4,0,0,0,0.0,3.51,3.51
건대입구역(건대),발달상권,치킨전문점,10,0,1,10,0.0,4.27,4.27
경기고교사거리(경기고교앞사거리),발달상권,치킨전문점,1,0,0,0,0.0,2.61,2.61
경복아파트교차로,발달상권,치킨전문점,2,0,0,0,0.0,3.02,3.02
경찰병원역,발달상권,치킨전문점,10,0,0,0,10.0,4.32,-5.68
경희대학교(경희대),발달상권,치킨전문점,2,0,0,0,0.0,3.02,3.02
고덕역,발달상권,치킨전문점,2,0,0,0,0.0,3.02,3.02
고속터미널(고속터미널역),발달상권,치킨전문점,5,0,0,0,0.0,3.67,3.67
공덕역(공덕오거리),발달상권,치킨전문점,4,0,0,0,0.0,3.51,3.51
공릉역,발달상권,치킨전문점,3,0,0,0,0.0,3.29,3.29
광화문역,발달상권,치킨전문점,9,0,0,0,0.0,4.21,4.21
교대역(법원.검찰청),발달상권,치킨전문점,15,1,2,13,0.0,4.9,4.9
교대입구교차로,발달상권,치킨전문점,7,0,0,0,0.0,3.99,3.99
교육개발원입구사거리,발달상권,치킨전문점,3,0,0,0,0.0,3.29,3.29
구로구청,발달상권,치킨전문점,1,0,0,0,0.0,2.61,2.61
구로디지털단지,발달상권,치킨전문점,7,0,0,0,17.0,4.0,-13.0
구로디지털단지역,발달상권,치킨전문점,11,0,0,0,0.0,4.4,4.4
구로역,발달상권,치킨전문점,1,0,0,0,0.0,2.61,2.61
구로전화국,발달상권,치킨전문점,8,0,0,0,13.0,4.11,-8.89
구산역,발달상권,치킨전문점,5,0,0,0,0.0,3.69,3.69
구삼강변맛길,발달상권,치킨전문점,2,0,0,0,0.0,2.99,2.99
구역삼세무서,발달상권,치킨전문점,11,1,0,0,9.0,4.77,-4.23
구의사거리,발달상권,치킨전문점,6,0,1,17,0.0,3.74,3.74
구의역,발달상권,치킨전문점,3,0,0,0,0.0,3.29,3.29
구파발역,발달상권,치킨전문점,7,0,0,0,0.0,3.99,3.99
국회의사당역(국회의사당),발달상권,치킨전문점,14,0,1,7,8.0,4.58,-3.42
군자역,발달상권,치킨전문점,9,0,2,22,0.0,4.08,4.08
금호역,발달상권,치킨전문점,6,1,1,17,0.0,4.43,4.43
길동역,발달상권,치킨전문점,12,0,1,8,0.0,4.44,4.44
까치산역,발달상권,치킨전문점,6,0,0,0,0.0,3.86,3.86
남부터미널역,발달상권,치킨전문점,12,1,1,8,0.0,4.76,4.76
남영동 먹자골목,발달상권,치킨전문점,6,0,0,0,0.0,3.85,3.85
내방역,발달상권,치킨전문점,2,0,0,0,0.0,2.99,2.99
노량진역(노량진),발달상권,치킨전문점,12,0,0,0,0.0,4.5,4.5
노원역,발달상권,치킨전문점,19,0,1,5,5.0,4.88,-0.12
녹두거리(대학동),발달상권,치킨전문점,5,1,0,0,0.0,4.52,4.52
논현역,발달상권,치킨전문점,14,1,1,7,0.0,4.87,4.87
논현역 5번,발달상권,치킨전문점,3,0,0,0,0.0,3.32,3.32
당산2동(영등포우체국),발달상권,치킨전문점,4,0,0,0,0.0,3.53,3.53
당산역,발달상권,치킨전문점,7,0,0,0,0.0,3.98,3.98
대림3동사거리,발달상권,치킨전문점,3,0,0,0,0.0,3.29,3.29
대림역,발달상권,치킨전문점,3,0,0,0,0.0,3.29,3.29
대치사거리,발달상권,치킨전문점,9,0,0,0,29.0,4.22,-24.78
대치역,발달상권,치킨전문점,3,0,0,0,0.0,3.32,3.32
대학로(혜화역),발달상권,치킨전문점,8,0,1,13,0.0,4.04,4.04
도곡1동,발달상권,치킨전문점,7,0,1,14,0.0,3.91,3.91
도산공원교차로,발달상권,치킨전문점,1,0,0,0,0.0,2.61,2.61
도성초등학교,발달상권,치킨전문점,3,0,0,0,0.0,3.32,3.32
독산동,발달상권,치킨전문점,11,0,1,9,0.0,4.32,4.32
동대문역,발달상권,치킨전문점,5,0,2,40,0.0,3.39,3.39
동대문역사문화공원역,발달상권,치킨전문점,13,0,1,8,0.0,4.5,4.5
동묘앞역(동묘),발달상권,치킨전문점,2,0,0,0,0.0,3.02,3.02
둔촌역,발달상권,치킨전문점,13,0,0,0,0.0,4.55,4.55
등나무근린공원,발달상권,치킨전문점,5,0,0,0,25.0,3.67,-21.33
등촌역,발달상권,치킨전문점,17,1,1,6,6.0,5.02,-0.98
뚝섬역,발달상권,치킨전문점,4,0,0,0,0.0,3.49,3.49
롯데백화점(시청광장 지하쇼핑센터),발달상권,치킨전문점,1,0,0,0,0.0,2.54,2.54
르네상스호텔사거리,발달상권,치킨전문점,3,0,0,0,0.0,3.27,3.27
마곡역(마곡),발달상권,치킨전문점,10,0,1,10,0.0,4.26,4.26
마들역,발달상권,치킨전문점,3,0,0,0,0.0,3.25,3.25
마포역,발달상권,치킨전문점,3,1,0,0,50.0,4.63,-45.37
망원역,발달상권,치킨전문점,1,0,0,0,0.0,2.54,2.54
매봉역,발달상권,치킨전문점,5,1,1,20,67.0,4.39,-62.61
명동(명동거리),발달상권,치킨전문점,16,0,0,0,6.0,4.78,-1.22
명동역(명동재미로),발달상권,치킨전문점,4,0,0,0,0.0,3.53,3.53
명일역,발달상권,치킨전문점,10,0,0,0,10.0,4.32,-5.68
목동사거리,발달상권,치킨전문점,9,0,1,11,0.0,4.15,4.15
목동신시가지,발달상권,치킨전문점,11,0,0,0,0.0,4.38,4.38
목동역 8번출구,발달상권,치킨전문점,7,0,1,14,17.0,3.88,-13.12
몽촌토성역,발달상권,치킨전문점,4,0,0,0,0.0,3.53,3.53
문래동주민센터,발달상권,치킨전문점,2,0,0,0,0.0,3.02,3.02
문래역(문래로데오거리),발달상권,치킨전문점,1,0,0,0,0.0,2.61,2.61
문정역,발달상권,치킨전문점,10,0,1,10,0.0,4.25,4.25
미아사거리,발달상권,치킨전문점,2,0,0,0,100.0,2.99,-97.01
미아사거리역,발달상권,치킨전문점,3,0,0,0,0.0,3.32,3.32
미아역,발달상권,치킨전문점,5,0,0,0,0.0,3.69,3.69
발산역(마곡),발달상권,치킨전문점,15,1,1,7,0.0,4.94,4.94
방배동카페골목,발달상권,치킨전문점,4,0,1,25,0.0,3.35,3.35
방배역,발달상권,치킨전문점,7,1,0,0,0.0,4.57,4.57
방이동먹자골목,발달상권,치킨전문점,10,0,1,10,10.0,4.24,-5.76
방이역,발달상권,치킨전문점,1,0,0,0,0.0,2.61,2.61
뱅뱅사거리,발달상권,치킨전문점,11,1,0,0,0.0,4.77,4.77
보라매공원,발달상권,치킨전문점,6,0,0,0,0.0,3.87,3.87
보라매역,발달상권,치킨전문점,3,0,0,0,0.0,3.29,3.29
본서부병원,발달상권,치킨전문점,2,0,0,0,0.0,3.02,3.02
봉은사역,발달상권,치킨전문점,8,0,0,0,0.0,4.11,4.11
북창동(시청역_6번),발달상권,치킨전문점,5,0,0,0,0.0,3.71,3.71
북촌(안국역),발달상권,치킨전문점,5,0,0,0,67.0,3.69,-63.31
불광역,발달상권,치킨전문점,1,0,0,0,0.0,2.54,2.54
사가정역,발달상권,치킨전문점,5,0,0,0,25.0,3.71,-21.29
사당역 11번(사당역먹자골목),발달상권,치킨전문점,1,0,0,0,0.0,2.54,2.54
사당역(사당),발달상권,치킨전문점,14,0,0,0,0.0,4.63,4.63
삼각지역,발달상권,치킨전문점,4,0,0,0,0.0,3.51,3.51
삼성역,발달상권,치킨전문점,7,0,0,0,0.0,3.99,3.99
삼성중앙역,발달상권,치킨전문점,7,0,0,0,0.0,3.99,3.99
삼호가든사거리,발달상권,치킨전문점,4,0,0,0,0.0,3.51,3.51
상계백병원,발달상권,치킨전문점,1,0,0,0,0.0,2.61,2.61
상봉역,발달상권,치킨전문점,10,0,0,0,0.0,4.32,4.32
상수역(홍대),발달상권,치킨전문점,5,0,0,0,25.0,3.69,-21.31
서교동(홍대),발달상권,치킨전문점,5,0,0,0,0.0,3.7,3.7
서대문역,발달상권,치킨전문점,8,0,1,13,0.0,4.0,4.0
서래마을카페거리(서래마을),발달상권,치킨전문점,5,0,0,0,0.0,3.71,3.71
서울고교교차로,발달상권,치킨전문점,1,0,0,0,0.0,2.61,2.61
서울남부지방법원,발달상권,치킨전문점,5,0,0,0,0.0,3.71,3.71
서울대입구역,발달상권,치킨전문점,4,0,1,25,0.0,3.36,3.36
서울세관,발달상권,치킨전문점,2,0,0,0,0.0,3.02,3.02
서울시흥동우체국(홈플러스시흥점),발달상권,치킨전문점,6,1,1,17,0.0,4.44,4.44
서울역,발달상권,치킨전문점,6,0,0,0,0.0,3.87,3.87
서초역,발달상권,치킨전문점,1,0,0,0,0.0,2.54,2.54
서촌(경복궁역),발달상권,치킨전문점,2,0,0,0,0.0,2.99,2.99
석촌고분역,발달상권,치킨전문점,2,0,1,50,0.0,2.66,2.66
석촌역(석촌호수),발달상권,치킨전문점,3,0,0,0,0.0,3.29,3.29
선릉역,발달상권,치킨전문점,10,0,0,0,0.0,4.32,4.32
선정릉역,발달상권,치킨전문점,5,0,0,0,0.0,3.7,3.7
성수대교남단,발달상권,치킨전문점,2,0,0,0,0.0,3.02,3.02
성수역,발달상권,치킨전문점,5,0,0,0,0.0,3.71,3.71
성신여대,발달상권,치킨전문점,12,0,1,8,0.0,4.43,4.43
송정역,발달상권,치킨전문점,2,0,0,0,0.0,2.99,2.99
송파나루역,발달상권,치킨전문점,1,0,0,0,0.0,2.61,2.61
송파사거리(송파역),발달상권,치킨전문점,10,0,2,20,0.0,4.18,4.18
수서역,발달상권,치킨전문점,4,0,0,0,0.0,3.51,3.51
수유역,발달상권,치킨전문점,10,0,0,0,11.0,4.32,-6.68
"숙대입구역(남영역, 남영동)",발달상권,치킨전문점,3,0,0,0,0.0,3.27,3.27
시청역_8번,발달상권,치킨전문점,2,0,1,50,0.0,2.66,2.66
신논현역,발달상권,치킨전문점,11,0,0,0,0.0,4.39,4.39
신논현역 1번,발달상권,치킨전문점,3,0,0,0,0.0,3.32,3.32
신당역,발달상권,치킨전문점,4,0,0,0,0.0,3.53,3.53
신대방삼거리역,발달상권,치킨전문점,10,0,0,0,22.0,4.32,-17.68
신도림역,발달상권,치킨전문점,7,0,0,0,0.0,4.0,4.0
신림역(신림),발달상권,치킨전문점,10,0,0,0,20.0,4.31,-15.69
신사역,발달상권,치킨전문점,9,0,0,0,0.0,4.22,4.22
신설동역,발달상권,치킨전문점,6,0,0,0,0.0,3.87,3.87
신용산역(용산역),발달상권,치킨전문점,12,0,0,0,0.0,4.51,4.51
신정네거리역,발달상권,치킨전문점,11,0,0,0,0.0,4.41,4.41
"신촌역(신촌역, 신촌로터리)",발달상권,치킨전문점,22,0,1,5,0.0,5.04,5.04
아차산역,발달상권,치킨전문점,5,0,0,0,0.0,3.69,3.69
안암역,발달상권,치킨전문점,4,0,0,0,0.0,3.53,3.53
암사역,발달상권,치킨전문점,6,0,0,0,20.0,3.87,-16.13
압구정로데오역(압구정로데오),발달상권,치킨전문점,4,0,0,0,25.0,3.51,-21.49
압구정역,발달상권,치킨전문점,5,0,0,0,0.0,3.7,3.7
약수역,발달상권,치킨전문점,4,0,0,0,0.0,3.51,3.51
"양재시민의숲역(양재동꽃시장, aT센터)",발달상권,치킨전문점,8,1,0,0,0.0,4.63,4.63
양재역,발달상권,치킨전문점,10,0,0,0,0.0,4.31,4.31
양평역,발달상권,치킨전문점,1,0,0,0,0.0,2.61,2.61
어린이대공원역,발달상권,치킨전문점,18,1,0,0,19.0,5.09,-13.91
언주역(차병원),발달상권,치킨전문점,9,0,0,0,13.0,4.19,-8.81
여의도역(여의도),발달상권,치킨전문점,18,0,0,0,0.0,4.87,4.87
역삼역,발달상권,치킨전문점,20,2,1,5,0.0,5.35,5.35
연남동(홍대),발달상권,치킨전문점,13,2,0,0,8.0,5.15,-2.85
연신내역,발달상권,치킨전문점,6,0,0,0,0.0,3.86,3.86
연희동,발달상권,치킨전문점,4,0,0,0,0.0,3.54,3.54
영동대교남단교차로,발달상권,치킨전문점,1,0,0,0,0.0,2.61,2.61
영등포구청역,발달상권,치킨전문점,12,1,1,8,17.0,4.77,-12.23
영등포역(영등포),발달상권,치킨전문점,11,1,2,18,10.0,4.65,-5.35
영등포청과시장교차로,발달상권,치킨전문점,4,0,0,0,0.0,3.49,3.49
영중로,발달상권,치킨전문점,2,0,2,100,0.0,2.31,2.31
오금역,발달상권,치킨전문점,6,0,0,0,20.0,3.86,-16.14
오류동역,발달상권,치킨전문점,8,1,1,13,0.0,4.56,4.56
오목교역,발달상권,치킨전문점,6,0,0,0,0.0,3.87,3.87
왕십리역(왕십리),발달상권,치킨전문점,7,0,0,0,0.0,4.0,4.0
용산전자상가(용산역),발달상권,치킨전문점,3,0,0,0,0.0,3.29,3.29
월곡역,발달상권,치킨전문점,6,0,1,17,0.0,3.74,3.74
은마아파트,발달상권,치킨전문점,9,0,1,11,0.0,4.16,4.16
은행사거리,발달상권,치킨전문점,7,0,0,0,0.0,4.0,4.0
을지로3가역,발달상권,치킨전문점,7,1,0,0,0.0,4.57,4.57
을지로입구역,발달상권,치킨전문점,3,0,0,0,0.0,3.27,3.27
이태원(이태원역),발달상권,치킨전문점,5,0,0,0,0.0,3.66,3.66
이화사거리,발달상권,치킨전문점,1,0,0,0,0.0,2.61,2.61
"이화여대(이대역, 이대)",발달상권,치킨전문점,5,0,0,0,0.0,3.67,3.67
인사동,발달상권,치킨전문점,1,0,0,0,0.0,2.61,2.61
잠실새내역(신천),발달상권,치킨전문점,17,1,0,0,6.0,5.07,-0.93
잠실역,발달상권,치킨전문점,8,1,0,0,0.0,4.66,4.66
장승배기역,발달상권,치킨전문점,3,0,0,0,0.0,3.32,3.32
장안동사거리,발달상권,치킨전문점,8,2,0,0,0.0,5.13,5.13
장지역(가든파이브),발달상권,치킨전문점,1,0,0,0,0.0,2.61,2.61
장충동족발거리(남소영길),발달상권,치킨전문점,2,0,0,0,0.0,2.99,2.99
장한평역(장한평),발달상권,치킨전문점,5,0,0,0,0.0,3.73,3.73
종각역,발달상권,치킨전문점,14,0,1,7,0.0,4.59,4.59
종로3가역,발달상권,치킨전문점,16,0,2,13,0.0,4.67,4.67
종로4가,발달상권,치킨전문점,1,0,0,0,0.0,2.61,2.61
종로5가역,발달상권,치킨전문점,11,0,0,0,0.0,4.4,4.4
종로6가,발달상권,치킨전문점,2,0,0,0,0.0,2.99,2.99
종로구청,발달상권,치킨전문점,1,0,0,0,0.0,2.54,2.54
중림동,발달상권,치킨전문점,3,0,0,0,0.0,3.29,3.29
창동역,발달상권,치킨전문점,5,2,0,0,0.0,5.31,5.31
천호역,발달상권,치킨전문점,9,0,0,0,0.0,4.22,4.22
청담사거리(청담동명품거리),발달상권,치킨전문점,3,0,0,0,0.0,3.27,3.27
청량리역(청량리),발달상권,치킨전문점,8,0,0,0,0.0,4.11,4.11
"총신대입구역(이수, 총신대)",발달상권,치킨전문점,13,0,3,23,0.0,4.4,4.4
총신대학교,발달상권,치킨전문점,1,0,0,0,0.0,2.61,2.61
충무로역,발달상권,치킨전문점,8,1,0,0,33.0,4.63,-28.37
충정로역,발달상권,치킨전문점,1,0,0,0,0.0,2.54,2.54
태릉입구역,발달상권,치킨전문점,4,0,0,0,0.0,3.53,3.53
포스코사거리,발달상권,치킨전문점,6,0,0,0,0.0,3.88,3.88
포이사거리(삼호물산),발달상권,치킨전문점,13,0,0,0,0.0,4.56,4.56
학동사거리,발달상권,치킨전문점,5,0,0,0,0.0,3.71,3.71
학동역,발달상권,치킨전문점,5,0,0,0,25.0,3.69,-21.31
한강성심병원,발달상권,치킨전문점,1,0,0,0,0.0,2.54,2.54
한남오거리,발달상권,치킨전문점,3,0,0,0,0.0,3.27,3.27
한성대입구역,발달상권,치킨전문점,5,0,0,0,0.0,3.71,3.71
한티역,발달상권,치킨전문점,8,0,0,0,0.0,4.12,4.12
합정역,발달상권,치킨전문점,3,0,0,0,0.0,3.29,3.29
홍대입구역(홍대),발달상권,치킨전문점,15,1,0,0,0.0,4.98,4.98
홍제역,발달상권,치킨전문점,3,0,0,0,0.0,3.32,3.32
화곡역,발달상권,치킨전문점,11,0,0,0,9.0,4.4,-4.6
회기역,발달상권,치킨전문점,8,0,1,13,0.0,4.0,4.0
63빌딩,발달상권,커피-음료,11,0,0,0,10.0,3.8,-6.2
DMC(디지털미디어시티),발달상권,커피-음료,118,2,4,3,3.0,6.18,3.18
가락시장,발달상권,커피-음료,8,0,0,0,0.0,3.5,3.5
가락시장역,발달상권,커피-음료,27,0,1,4,4.0,4.63,0.63
가로수길,발달상권,커피-음료,97,2,3,3,5.0,5.97,0.97
가산디지털단지,발달상권,커피-음료,322,9,14,4,4.0,7.23,3.23
"강남구청(청담역_8번, 강남세무서)",발달상권,커피-음료,24,0,0,0,4.0,4.53,0.53
강남구청역,발달상권,커피-음료,58,4,1,2,2.0,5.67,3.67
강남역,발달상권,커피-음료,192,6,3,2,2.0,6.72,4.72
강남을지병원,발달상권,커피-음료,66,0,3,5,0.0,5.49,5.49
강동구청역,발달상권,커피-음료,44,0,0,0,2.0,5.12,3.12
강변역(테크노마트),발달상권,커피-음료,22,1,0,0,0.0,4.66,4.66
강서구청,발달상권,커피-음료,29,0,1,3,0.0,4.7,4.7
강서농산물도매시장,발달상권,커피-음료,3,0,0,0,50.0,2.67,-47.33
개나리아파트,발달상권,커피-음료,24,0,0,0,0.0,4.53,4.53
개롱역,발달상권,커피-음료,19,2,1,5,0.0,4.72,4.72
개봉동 현대아파트,발달상권,커피-음료,17,1,1,6,0.0,4.4,4.4
거여역,발달상권,커피-음료,10,0,0,0,0.0,3.73,3.73
건대입구역(건대),발달상권,커피-음료,118,3,6,5,1.0,6.2,5.2
경기고교사거리(경기고교앞사거리),발달상권,커피-음료,4,0,0,0,0.0,2.91,2.91
경복아파트교차로,발달상권,커피-음료,16,0,1,6,13.0,4.1,-8.9
경찰병원역,발달상권,커피-음료,29,0,0,0,10.0,4.72,-5.28
경찰청앞교차로,발달상권,커피-음료,13,0,0,0,18.0,3.95,-14.05
경희대학교(경희대),발달상권,커피-음료,43,1,2,5,2.0,5.15,3.15
고덕역,발달상권,커피-음료,27,0,1,4,0.0,4.63,4.63
고속터미널(고속터미널역),발달상권,커피-음료,52,0,0,0,0.0,5.31,5.31
공덕역(공덕오거리),발달상권,커피-음료,39,1,1,3,5.0,5.12,0.12
공릉역,발달상권,커피-음료,16,1,0,0,0.0,4.39,4.39
광화문역,발달상권,커피-음료,136,1,2,2,3.0,6.28,3.28
교대역(법원.검찰청),발달상권,커피-음료,110,0,0,0,5.0,6.05,1.05
교대입구교차로,발달상권,커피-음료,33,2,2,6,3.0,5.05,2.05
교육개발원입구사거리,발달상권,커피-음료,29,0,0,0,7.0,4.71,-2.29
구로구청,발달상권,커피-음료,22,0,0,0,9.0,4.47,-4.53
구로디지털단지,발달상권,커피-음료,123,3,8,7,4.0,6.2,2.2
구로디지털단지역,발달상권,커피-음료,22,0,0,0,0.0,4.47,4.47
구로역,발달상권,커피-음료,38,0,0,0,0.0,4.99,4.99
구로전화국,발달상권,커피-음료,19,1,1,5,0.0,4.47,4.47
구산역,발달상권,커피-음료,10,0,0,0,0.0,3.72,3.72
구삼강변맛길,발달상권,커피-음료,18,2,3,17,6.0,4.58,-1.42
구역삼세무서,발달상권,커피-음료,54,3,0,0,2.0,5.58,3.58
구의사거리,발달상권,커피-음료,10,1,1,10,9.0,4.03,-4.97
구의역,발달상권,커피-음료,30,0,2,7,0.0,4.7,4.7
구파발역,발달상권,커피-음료,25,1,2,8,0.0,4.69,4.69
국회의사당역(국회의사당),발달상권,커피-음료,121,2,1,1,2.0,6.22,4.22
군자역,발달상권,커피-음료,43,1,10,23,7.0,5.03,-1.97
굽은다리역,발달상권,커피-음료,11,1,1,9,0.0,4.12,4.12
금호역,발달상권,커피-음료,12,0,0,0,0.0,3.87,3.87
길동역,발달상권,커피-음료,26,1,1,4,0.0,4.76,4.76
김포공항역(김포공항),발달상권,커피-음료,19,0,0,0,0.0,4.31,4.31
까치산역,발달상권,커피-음료,26,0,1,4,4.0,4.58,0.58
남부터미널역,발달상권,커피-음료,56,2,1,2,0.0,5.52,5.52
남영동 먹자골목,발달상권,커피-음료,26,0,0,0,8.0,4.6,-3.4
내방역,발달상권,커피-음료,47,3,2,4,2.0,5.4,3.4
노량진역(노량진),발달상권,커피-음료,62,2,9,15,5.0,5.49,0.49
노원역,발달상권,커피-음료,93,3,4,4,1.0,5.98,4.98
녹두거리(대학동),발달상권,커피-음료,33,2,1,3,9.0,5.07,-3.93
논현역,발달상권,커피-음료,73,1,4,6,1.0,5.63,4.63
논현역 4번,발달상권,커피-음료,17,0,0,0,13.0,4.18,-8.82
논현역 5번,발달상권,커피-음료,2,0,0,0,0.0,2.36,2.36
당산2동(영등포우체국),발달상권,커피-음료,28,0,2,7,0.0,4.63,4.63
당산역,발달상권,커피-음료,33,0,0,0,3.0,4.85,1.85
대림3동사거리,발달상권,커피-음료,11,1,3,27,0.0,3.95,3.95
대림역,발달상권,커피-음료,25,0,2,8,0.0,4.52,4.52
대치사거리,발달상권,커피-음료,21,0,1,5,0.0,4.36,4.36
대치역,발달상권,커피-음료,11,1,1,9,0.0,4.1,4.1
대학로(혜화역),발달상권,커피-음료,127,3,1,1,4.0,6.27,2.27
도곡1동,발달상권,커피-음료,20,2,2,10,5.0,4.68,-0.32
도산공원교차로,발달상권,커피-음료,21,0,0,0,0.0,4.41,4.41
도성초등학교,발달상권,커피-음료,14,3,2,14,0.0,4.78,4.78
독산동,발달상권,커피-음료,33,0,1,3,3.0,4.84,1.84
동대문역,발달상권,커피-음료,10,0,1,10,0.0,3.63,3.63
동대문역사문화공원역,발달상권,커피-음료,55,1,3,6,2.0,5.39,3.39
동묘앞역(동묘),발달상권,커피-음료,10,0,0,0,0.0,3.7,3.7
둔촌역,발달상권,커피-음료,33,3,0,0,3.0,5.22,2.22
등나무근린공원,발달상권,커피-음료,19,0,1,5,0.0,4.3,4.3
등촌역,발달상권,커피-음료,24,0,0,0,0.0,4.54,4.54
디지털단지오거리,발달상권,커피-음료,1,0,0,0,0.0,1.95,1.95
뚝섬역,발달상권,커피-음료,74,4,5,7,3.0,5.79,2.79
롯데백화점(시청광장 지하쇼핑센터),발달상권,커피-음료,21,0,0,0,0.0,4.39,4.39
르네상스호텔사거리,발달상권,커피-음료,42,0,1,2,5.0,5.07,0.07
마곡역(마곡),발달상권,커피-음료,80,1,5,6,4.0,5.73,1.73
마들역,발달상권,커피-음료,5,0,0,0,0.0,3.12,3.12
마포역,발달상권,커피-음료,34,1,2,6,10.0,4.95,-5.05
망원역,발달상권,커피-음료,28,1,0,0,4.0,4.84,0.84
매봉역,발달상권,커피-음료,29,2,2,7,0.0,4.95,4.95
명동(명동거리),발달상권,커피-음료,95,1,6,6,7.0,5.9,-1.1
명동역(명동재미로),발달상권,커피-음료,39,2,2,5,8.0,5.18,-2.82
명일역,발달상권,커피-음료,28,3,3,11,0.0,5.06,5.06
목동사거리,발달상권,커피-음료,20,0,0,0,16.0,4.35,-11.65
목동신시가지,발달상권,커피-음료,79,2,4,5,3.0,5.81,2.81
목동역 8번출구,발달상권,커피-음료,23,0,0,0,0.0,4.49,4.49
몽촌토성역,발달상권,커피-음료,22,3,3,14,5.0,4.92,-0.08
문래동주민센터,발달상권,커피-음료,29,0,2,7,4.0,4.67,0.67
문래역(문래로데오거리),발달상권,커피-음료,5,0,0,0,0.0,3.09,3.09
문정역,발달상권,커피-음료,159,4,4,3,4.0,6.52,2.52
미아사거리,발달상권,커피-음료,13,0,1,8,0.0,3.88,3.88
미아사거리역,발달상권,커피-음료,17,2,0,0,6.0,4.71,-1.29
미아역,발달상권,커피-음료,25,0,1,4,8.0,4.55,-3.45
발산역(마곡),발달상권,커피-음료,143,7,9,6,3.0,6.47,3.47
방배동가구거리(사당동가구거리),발달상권,커피-음료,7,0,0,0,0.0,3.36,3.36
방배동카페골목,발달상권,커피-음료,20,0,1,5,5.0,4.32,-0.68
방배역,발달상권,커피-음료,49,1,2,4,0.0,5.28,5.28
방이동먹자골목,발달상권,커피-음료,27,1,0,0,13.0,4.82,-8.18
방이역,발달상권,커피-음료,16,0,2,13,0.0,4.06,4.06
뱅뱅사거리,발달상권,커피-음료,90,2,2,2,2.0,5.91,3.91
보라매공원,발달상권,커피-음료,42,1,1,2,13.0,5.16,-7.84
보라매역,발달상권,커피-음료,14,0,0,0,14.0,4.03,-9.97
본서부병원,발달상권,커피-음료,19,0,0,0,6.0,4.32,-1.68
봉은사역,발달상권,커피-음료,27,0,0,0,0.0,4.66,4.66
북창동(시청역_6번),발달상권,커피-음료,36,1,3,8,12.0,4.99,-7.01
북촌(안국역),발달상권,커피-음료,90,2,2,2,3.0,5.9,2.9
불광역,발달상권,커피-음료,8,0,0,0,0.0,3.49,3.49
사가정역,발달상권,커피-음료,17,1,1,6,0.0,4.41,4.41
사당역 11번(사당역먹자골목),발달상권,커피-음료,8,0,0,0,0.0,3.48,3.48
사당역(사당),발달상권,커피-음료,63,1,1,2,3.0,5.55,2.55
삼각지역,발달상권,커피-음료,40,3,3,8,0.0,5.29,5.29
삼성역,발달상권,커피-음료,75,2,2,3,3.0,5.76,2.76
삼성중앙역,발달상권,커피-음료,46,3,3,7,2.0,5.4,3.4
삼청동,발달상권,커피-음료,56,2,3,5,2.0,5.48,3.48
삼호가든사거리,발달상권,커피-음료,12,1,1,8,0.0,4.14,4.14
상계백병원,발달상권,커피-음료,7,0,0,0,0.0,3.39,3.39
상봉역,발달상권,커피-음료,32,0,0,0,3.0,4.84,1.84
상수역(홍대),발달상권,커피-음료,59,2,4,7,5.0,5.48,0.48
서교동(홍대),발달상권,커피-음료,82,0,5,6,8.0,5.69,-2.31
서대문역,발달상권,커피-음료,33,1,1,3,3.0,4.94,1.94
서래마을카페거리(서래마을),발달상권,커피-음료,18,0,0,0,6.0,4.24,-1.76
서울고교교차로,발달상권,커피-음료,10,0,0,0,0.0,3.7,3.7
서울남부지방법원,발달상권,커피-음료,25,1,1,4,8.0,4.7,-3.3
서울대입구역,발달상권,커피-음료,53,1,2,4,4.0,5.38,1.38
서울세관,발달상권,커피-음료,19,0,1,5,0.0,4.27,4.27
서울숲역,발달상권,커피-음료,15,0,0,0,0.0,4.07,4.07
서울시청,발달상권,커피-음료,31,1,0,0,3.0,4.91,1.91
서울시흥동우체국(홈플러스시흥점),발달상권,커피-음료,13,0,1,8,0.0,3.92,3.92
서울역,발달상권,커피-음료,63,3,5,8,8.0,5.64,-2.36
서초3동사거리,발달상권,커피-음료,37,1,1,3,0.0,5.06,5.06
서초역,발달상권,커피-음료,71,4,1,1,1.0,5.84,4.84
서촌(경복궁역),발달상권,커피-음료,81,2,2,3,2.0,5.82,3.82
석촌고분역,발달상권,커피-음료,21,1,1,5,5.0,4.58,-0.42
석촌역(석촌호수),발달상권,커피-음료,60,1,2,3,3.0,5.49,2.49
선릉역,발달상권,커피-음료,117,5,1,1,6.0,6.26,0.26
선정릉역,발달상권,커피-음료,48,1,2,4,6.0,5.26,-0.74
성북구청,발달상권,커피-음료,14,0,2,14,14.0,3.9,-10.1
성수대교남단,발달상권,커피-음료,28,0,1,4,4.0,4.65,0.65
성수역,발달상권,커피-음료,69,3,6,9,3.0,5.67,2.67
성신여대,발달상권,커피-음료,103,5,7,7,5.0,6.13,1.13
송정역,발달상권,커피-음료,7,0,0,0,0.0,3.4,3.4
송파나루역,발달상권,커피-음료,18,1,1,6,13.0,4.44,-8.56
송파사거리(송파역),발달상권,커피-음료,19,3,3,16,18.0,4.85,-13.15
수서역,발달상권,커피-음료,27,3,1,4,8.0,5.08,-2.92
수유역,발달상권,커피-음료,86,4,8,9,5.0,5.94,0.94
"숙대입구역(남영역, 남영동)",발달상권,커피-음료,15,0,0,0,27.0,4.08,-22.92
시청역_1번,발달상권,커피-음료,23,2,3,13,0.0,4.77,4.77
시청역_8번,발달상권,커피-음료,38,0,2,5,5.0,4.95,-0.05
신논현역,발달상권,커피-음료,118,4,4,3,5.0,6.22,1.22
신논현역 1번,발달상권,커피-음료,21,1,1,5,0.0,4.56,4.56
신당역,발달상권,커피-음료,40,3,3,8,2.0,5.3,3.3
신대방삼거리역,발달상권,커피-음료,18,1,0,0,0.0,4.49,4.49
신도림역,발달상권,커피-음료,47,0,0,0,2.0,5.2,3.2
신림역(신림),발달상권,커피-음료,45,1,2,4,2.0,5.21,3.21
신사역,발달상권,커피-음료,75,2,2,3,0.0,5.76,5.76
신설동역,발달상권,커피-음료,44,1,0,0,2.0,5.22,3.22
신용산역(용산역),발달상권,커피-음료,139,0,1,1,2.0,6.27,4.27
신정네거리역,발달상권,커피-음료,28,1,2,7,4.0,4.8,0.8
"신촌역(신촌역, 신촌로터리)",발달상권,커피-음료,139,2,3,2,3.0,6.31,3.31
아차산역,발달상권,커피-음료,25,0,0,0,0.0,4.58,4.58
안암역,발달상권,커피-음료,15,1,0,0,0.0,4.37,4.37
암사역,발달상권,커피-음료,18,0,0,0,0.0,4.26,4.26
압구정로데오역(압구정로데오),발달상권,커피-음료,68,5,2,3,1.0,5.82,4.82
압구정역,발달상권,커피-음료,60,2,1,2,11.0,5.55,-5.45
약수역,발달상권,커피-음료,28,0,1,4,0.0,4.65,4.65
"양재시민의숲역(양재동꽃시장, aT센터)",발달상권,커피-음료,26,2,2,8,8.0,4.88,-3.12
양재역,발달상권,커피-음료,73,3,1,1,8.0,5.8,-2.2
양재천카페거리,발달상권,커피-음료,21,0,0,0,0.0,4.38,4.38
양재화물트럭터미널앞,발달상권,커피-음료,12,0,0,0,0.0,3.86,3.86
양평역,발달상권,커피-음료,6,0,1,17,0.0,3.13,3.13
어린이대공원역,발달상권,커피-음료,34,1,0,0,3.0,5.0,2.0
언주역(차병원),발달상권,커피-음료,53,1,1,2,2.0,5.38,3.38
여의도역(여의도),발달상권,커피-음료,207,2,4,2,1.0,6.72,5.72
역삼역,발달상권,커피-음료,184,5,3,2,2.0,6.67,4.67
연남동(홍대),발달상권,커피-음료,215,6,6,3,5.0,6.81,1.81
연신내역,발달상권,커피-음료,21,1,2,10,0.0,4.55,4.55
연희동,발달상권,커피-음료,49,4,3,6,2.0,5.5,3.5
영동대교남단교차로,발달상권,커피-음료,12,0,0,0,0.0,3.85,3.85
영등포구청역,발달상권,커피-음료,65,2,4,6,6.0,5.59,-0.41
영등포역(영등포),발달상권,커피-음료,75,1,1,1,0.0,5.71,5.71
영등포청과시장교차로,발달상권,커피-음료,27,0,0,0,0.0,4.65,4.65
영중로,발달상권,커피-음료,10,1,1,10,0.0,4.05,4.05
오금역,발달상권,커피-음료,29,1,0,0,11.0,4.84,-6.16
오류동역,발달상권,커피-음료,13,1,1,8,7.0,4.22,-2.78
오목교역,발달상권,커피-음료,35,1,0,0,0.0,5.03,5.03
올림픽대교북단,발달상권,커피-음료,6,0,0,0,0.0,3.27,3.27
왕십리역(왕십리),발달상권,커피-음료,43,2,1,2,7.0,5.3,-1.7
용산전자상가(용산역),발달상권,커피-음료,32,1,0,0,7.0,4.92,-2.08
원남동사거리,발달상권,커피-음료,18,0,0,0,0.0,4.25,4.25
월곡역,발달상권,커피-음료,21,0,1,5,0.0,4.37,4.37
월드컵경기장역(월드컵경기장),발달상권,커피-음료,6,0,0,0,0.0,3.25,3.25
은마아파트,발달상권,커피-음료,35,0,1,3,8.0,4.89,-3.11
은행사거리,발달상권,커피-음료,38,1,0,0,0.0,5.13,5.13
을지로2가,발달상권,커피-음료,16,0,0,0,7.0,4.15,-2.85
을지로3가역,발달상권,커피-음료,89,4,2,2,1.0,6.01,5.01
을지로4가역,발달상권,커피-음료,21,1,2,10,5.0,4.54,-0.46
을지로입구역,발달상권,커피-음료,73,1,5,7,9.0,5.63,-3.37
응암역,발달상권,커피-음료,7,0,0,0,0.0,3.4,3.4
이태원(이태원역),발달상권,커피-음료,84,1,2,2,5.0,5.79,0.79
이화사거리,발달상권,커피-음료,23,1,1,4,0.0,4.61,4.61
"이화여대(이대역, 이대)",발달상권,커피-음료,45,1,3,7,2.0,5.18,3.18
인사동,발달상권,커피-음료,78,1,1,1,3.0,5.72,2.72
잠실새내역(신천),발달상권,커피-음료,72,3,10,14,4.0,5.69,1.69
잠실역,발달상권,커피-음료,139,0,1,1,0.0,6.28,6.28
장승배기역,발달상권,커피-음료,16,1,0,0,14.0,4.39,-9.61
장안동사거리,발달상권,커피-음료,40,2,4,10,5.0,5.18,0.18
장지역(가든파이브),발달상권,커피-음료,46,0,0,0,5.0,5.18,0.18
장충동족발거리(남소영길),발달상권,커피-음료,13,0,0,0,0.0,3.96,3.96
장한평역(장한평),발달상권,커피-음료,41,1,1,2,5.0,5.12,0.12
종각역,발달상권,커피-음료,137,3,3,2,3.0,6.34,3.34
종로3가역,발달상권,커피-음료,142,1,3,2,4.0,6.32,2.32
종로4가,발달상권,커피-음료,11,0,1,9,0.0,3.72,3.72
종로5가역,발달상권,커피-음료,38,1,1,3,0.0,5.08,5.08
종로6가,발달상권,커피-음료,14,0,0,0,7.0,4.01,-2.99
종로구청,발달상권,커피-음료,30,0,0,0,3.0,4.75,1.75
중구청(퇴계로4가),발달상권,커피-음료,15,1,0,0,0.0,4.35,4.35
중림동,발달상권,커피-음료,29,2,1,3,0.0,4.98,4.98
중부경찰서(영화인의거리),발달상권,커피-음료,50,4,0,0,4.0,5.58,1.58
창동역,발달상권,커피-음료,16,0,1,6,13.0,4.12,-8.88
천호역,발달상권,커피-음료,49,3,2,4,2.0,5.46,3.46
청담사거리(청담동명품거리),발달상권,커피-음료,49,1,1,2,4.0,5.3,1.3
청량리역(청량리),발달상권,커피-음료,36,0,2,6,0.0,4.89,4.89
"총신대입구역(이수, 총신대)",발달상권,커피-음료,51,3,4,8,4.0,5.46,1.46
총신대학교,발달상권,커피-음료,6,0,0,0,0.0,3.22,3.22
충무로역,발달상권,커피-음료,82,2,3,4,5.0,5.8,0.8
충정로역,발달상권,커피-음료,9,1,2,22,11.0,3.9,-7.1
코엑스,발달상권,커피-음료,22,1,1,5,0.0,4.62,4.62
태릉입구역,발달상권,커피-음료,21,0,0,0,0.0,4.41,4.41
퇴계로5가,발달상권,커피-음료,10,1,0,0,0.0,4.08,4.08
포스코사거리,발달상권,커피-음료,102,6,5,5,2.0,6.18,4.18
포이사거리(삼호물산),발달상권,커피-음료,64,2,2,3,2.0,5.6,3.6
학동사거리,발달상권,커피-음료,52,1,2,4,4.0,5.34,1.34
학동역,발달상권,커피-음료,50,0,2,4,4.0,5.23,1.23
한강성심병원,발달상권,커피-음료,14,0,0,0,7.0,4.03,-2.97
한남오거리,발달상권,커피-음료,27,0,2,7,3.0,4.6,1.6
한성대입구역,발달상권,커피-음료,20,1,0,0,11.0,4.56,-6.44
한티역,발달상권,커피-음료,32,0,0,0,7.0,4.82,-2.18
합정역,발달상권,커피-음료,82,2,1,1,4.0,5.82,1.82
홍대입구역(홍대),발달상권,커피-음료,259,5,11,4,6.0,6.95,0.95
홍제역,발달상권,커피-음료,12,0,0,0,0.0,3.88,3.88
화곡역,발달상권,커피-음료,25,1,1,4,8.0,4.71,-3.29
회기역,발달상권,커피-음료,19,0,0,0,0.0,4.31,4.31
회현역,발달상권,커피-음료,23,0,1,4,0.0,4.45,4.45
휘문고교사거리,발달상권,커피-음료,12,0,0,0,0.0,3.85,3.85
63빌딩,발달상권,패스트푸드점,2,0,1,50,0.0,2.75,2.75
DMC(디지털미디어시티),발달상권,패스트푸드점,24,2,4,17,0.0,5.51,5.51
가락시장,발달상권,패스트푸드점,1,0,0,0,0.0,2.7,2.7
가락시장역,발달상권,패스트푸드점,4,0,0,0,0.0,3.68,3.68
가로수길,발달상권,패스트푸드점,15,0,1,7,0.0,4.78,4.78
가산디지털단지,발달상권,패스트푸드점,44,0,2,5,0.0,5.86,5.86
"강남구청(청담역_8번, 강남세무서)",발달상권,패스트푸드점,3,0,0,0,0.0,3.45,3.45
강남구청역,발달상권,패스트푸드점,12,0,2,17,0.0,4.52,4.52
강남역,발달상권,패스트푸드점,59,2,3,5,9.0,6.27,-2.73
강남을지병원,발달상권,패스트푸드점,7,0,0,0,0.0,4.13,4.13
강동구청역,발달상권,패스트푸드점,4,0,0,0,0.0,3.68,3.68
강변역(테크노마트),발달상권,패스트푸드점,8,0,0,0,0.0,4.28,4.28
강서구청,발달상권,패스트푸드점,9,0,2,22,0.0,4.22,4.22
개나리아파트,발달상권,패스트푸드점,2,0,0,0,0.0,3.14,3.14
개롱역,발달상권,패스트푸드점,3,0,1,33,0.0,3.23,3.23
개봉동 현대아파트,발달상권,패스트푸드점,6,0,0,0,0.0,3.99,3.99
거여역,발달상권,패스트푸드점,8,0,1,13,0.0,4.18,4.18
건대입구역(건대),발달상권,패스트푸드점,38,2,2,5,3.0,5.92,2.92
경기고교사거리(경기고교앞사거리),발달상권,패스트푸드점,1,0,0,0,0.0,2.7,2.7
경복아파트교차로,발달상권,패스트푸드점,4,0,0,0,0.0,3.66,3.66
경찰병원역,발달상권,패스트푸드점,10,1,0,0,0.0,4.88,4.88
경찰청앞교차로,발달상권,패스트푸드점,3,0,0,0,0.0,3.45,3.45
경희대학교(경희대),발달상권,패스트푸드점,12,0,0,0,0.0,4.64,4.64
고덕역,발달상권,패스트푸드점,11,1,1,9,0.0,4.88,4.88
고속터미널(고속터미널역),발달상권,패스트푸드점,21,1,0,0,11.0,5.36,-5.64
공덕역(공덕오거리),발달상권,패스트푸드점,14,0,0,0,0.0,4.78,4.78
공릉역,발달상권,패스트푸드점,6,1,0,0,0.0,4.69,4.69
광화문역,발달상권,패스트푸드점,36,0,0,0,3.0,5.68,2.68
교대역(법원.검찰청),발달상권,패스트푸드점,36,0,0,0,3.0,5.7,2.7
교대입구교차로,발달상권,패스트푸드점,13,1,3,23,0.0,4.87,4.87
교육개발원입구사거리,발달상권,패스트푸드점,4,0,0,0,0.0,3.66,3.66
구로구청,발달상권,패스트푸드점,6,1,0,0,20.0,4.71,-15.29
구로디지털단지,발달상권,패스트푸드점,24,0,1,4,4.0,5.27,1.27
구로디지털단지역,발달상권,패스트푸드점,9,0,0,0,0.0,4.38,4.38
구로역,발달상권,패스트푸드점,10,1,0,0,0.0,4.89,4.89
구로전화국,발달상권,패스트푸드점,4,0,0,0,25.0,3.7,-21.3
구산역,발달상권,패스트푸드점,6,0,0,0,0.0,4.02,4.02
구삼강변맛길,발달상권,패스트푸드점,12,0,0,0,20.0,4.65,-15.35
구역삼세무서,발달상권,패스트푸드점,18,1,0,0,6.0,5.25,-0.75
구의사거리,발달상권,패스트푸드점,3,0,0,0,0.0,3.47,3.47
구의역,발달상권,패스트푸드점,7,0,0,0,0.0,4.15,4.15
구파발역,발달상권,패스트푸드점,15,0,0,0,7.0,4.86,-2.14
국회의사당역(국회의사당),발달상권,패스트푸드점,32,1,1,3,3.0,5.68,2.68
군자역,발달상권,패스트푸드점,13,0,0,0,25.0,4.72,-20.28
굽은다리역,발달상권,패스트푸드점,5,1,0,0,25.0,4.65,-20.35
금호역,발달상권,패스트푸드점,7,1,2,29,0.0,4.5,4.5
길동역,발달상권,패스트푸드점,12,0,0,0,0.0,4.65,4.65
김포공항역(김포공항),발달상권,패스트푸드점,8,1,0,0,0.0,4.79,4.79
까치산역,발달상권,패스트푸드점,9,1,0,0,0.0,4.85,4.85
남부터미널역,발달상권,패스트푸드점,13,0,0,0,0.0,4.72,4.72
남영동 먹자골목,발달상권,패스트푸드점,3,0,0,0,0.0,3.4,3.4
내방역,발달상권,패스트푸드점,3,0,0,0,0.0,3.4,3.4
노량진역(노량진),발달상권,패스트푸드점,17,1,1,6,0.0,5.18,5.18
노원역,발달상권,패스트푸드점,26,0,2,8,0.0,5.33,5.33
녹두거리(대학동),발달상권,패스트푸드점,16,0,1,6,0.0,4.87,4.87
논현역,발달상권,패스트푸드점,17,1,1,6,0.0,5.17,5.17
논현역 4번,발달상권,패스트푸드점,2,0,0,0,0.0,3.14,3.14
당산2동(영등포우체국),발달상권,패스트푸드점,5,0,1,20,0.0,3.7,3.7
당산역,발달상권,패스트푸드점,8,0,0,0,14.0,4.27,-9.73
대림3동사거리,발달상권,패스트푸드점,4,0,0,0,0.0,3.68,3.68
대림역,발달상권,패스트푸드점,5,1,0,0,25.0,4.69,-20.31
대치사거리,발달상권,패스트푸드점,14,0,0,0,0.0,4.78,4.78
대치역,발달상권,패스트푸드점,7,0,0,0,0.0,4.15,4.15
대학로(혜화역),발달상권,패스트푸드점,27,0,0,0,0.0,5.42,5.42
도곡1동,발달상권,패스트푸드점,1,0,0,0,0.0,2.77,2.77
도산공원교차로,발달상권,패스트푸드점,5,0,0,0,0.0,3.81,3.81
도성초등학교,발달상권,패스트푸드점,8,0,0,0,14.0,4.25,-9.75
독산동,발달상권,패스트푸드점,15,0,0,0,7.0,4.85,-2.15
동대문역,발달상권,패스트푸드점,2,0,0,0,0.0,3.18,3.18
동대문역사문화공원역,발달상권,패스트푸드점,14,0,0,0,0.0,4.78,4.78
동묘앞역(동묘),발달상권,패스트푸드점,3,1,0,0,50.0,4.76,-45.24
둔촌역,발달상권,패스트푸드점,9,0,0,0,0.0,4.38,4.38
등나무근린공원,발달상권,패스트푸드점,6,0,0,0,0.0,4.02,4.02
등촌역,발달상권,패스트푸드점,11,1,1,9,10.0,4.85,-5.15
뚝섬역,발달상권,패스트푸드점,13,0,0,0,0.0,4.69,4.69
롯데백화점(시청광장 지하쇼핑센터),발달상권,패스트푸드점,4,0,0,0,0.0,3.65,3.65
르네상스호텔사거리,발달상권,패스트푸드점,7,0,0,0,0.0,4.13,4.13
마곡역(마곡),발달상권,패스트푸드점,25,1,1,4,13.0,5.46,-7.54
마들역,발달상권,패스트푸드점,4,0,0,0,0.0,3.68,3.68
마포역,발달상권,패스트푸드점,13,0,0,0,0.0,4.71,4.71
망원역,발달상권,패스트푸드점,7,0,0,0,0.0,4.16,4.16
매봉역,발달상권,패스트푸드점,7,0,1,14,14.0,4.03,-9.97
명동(명동거리),발달상권,패스트푸드점,10,0,1,10,0.0,4.39,4.39
명동역(명동재미로),발달상권,패스트푸드점,5,0,0,0,0.0,3.85,3.85
명일역,발달상권,패스트푸드점,15,0,1,7,0.0,4.82,4.82
목동사거리,발달상권,패스트푸드점,8,0,0,0,0.0,4.28,4.28
목동신시가지,발달상권,패스트푸드점,31,2,1,3,3.0,5.82,2.82
목동역 8번출구,발달상권,패스트푸드점,10,0,0,0,10.0,4.48,-5.52
몽촌토성역,발달상권,패스트푸드점,12,0,0,0,0.0,4.64,4.64
문래동주민센터,발달상권,패스트푸드점,3,0,1,33,0.0,3.19,3.19
문래역(문래로데오거리),발달상권,패스트푸드점,2,0,0,0,0.0,3.11,3.11
문정역,발달상권,패스트푸드점,43,1,3,7,0.0,5.91,5.91
미아사거리,발달상권,패스트푸드점,6,1,1,17,0.0,4.58,4.58
미아사거리역,발달상권,패스트푸드점,10,0,0,0,0.0,4.47,4.47
미아역,발달상권,패스트푸드점,12,0,0,0,0.0,4.65,4.65
발산역(마곡),발달상권,패스트푸드점,29,3,4,14,4.0,5.79,1.79
방배동카페골목,발달상권,패스트푸드점,3,1,0,0,0.0,4.81,4.81
방배역,발달상권,패스트푸드점,17,2,0,0,0.0,5.47,5.47
방이동먹자골목,발달상권,패스트푸드점,3,0,2,67,0.0,2.94,2.94
방이역,발달상권,패스트푸드점,11,1,0,0,9.0,4.92,-4.08
뱅뱅사거리,발달상권,패스트푸드점,16,0,1,6,0.0,4.85,4.85
보라매공원,발달상권,패스트푸드점,19,0,0,0,11.0,5.09,-5.91
보라매역,발달상권,패스트푸드점,7,0,0,0,0.0,4.13,4.13
본서부병원,발달상권,패스트푸드점,14,0,0,0,15.0,4.79,-10.21
봉은사역,발달상권,패스트푸드점,4,0,0,0,0.0,3.7,3.7
북창동(시청역_6번),발달상권,패스트푸드점,5,1,1,20,25.0,4.51,-20.49
북촌(안국역),발달상권,패스트푸드점,10,0,0,0,0.0,4.44,4.44
사가정역,발달상권,패스트푸드점,5,0,0,0,0.0,3.85,3.85
사당역(사당),발달상권,패스트푸드점,18,1,0,0,6.0,5.26,-0.74
삼각지역,발달상권,패스트푸드점,2,1,0,0,0.0,5.17,5.17
삼성역,발달상권,패스트푸드점,16,0,0,0,0.0,4.9,4.9
삼성중앙역,발달상권,패스트푸드점,10,0,0,0,0.0,4.46,4.46
삼청동,발달상권,패스트푸드점,5,0,0,0,0.0,3.85,3.85
삼호가든사거리,발달상권,패스트푸드점,7,0,0,0,0.0,4.16,4.16
상계백병원,발달상권,패스트푸드점,1,0,0,0,0.0,2.7,2.7
상봉역,발달상권,패스트푸드점,8,0,1,13,11.0,4.18,-6.82
상수역(홍대),발달상권,패스트푸드점,13,1,0,0,8.0,5.04,-2.96
서교동(홍대),발달상권,패스트푸드점,10,0,0,0,0.0,4.46,4.46
서대문역,발달상권,패스트푸드점,10,0,0,0,11.0,4.48,-6.52
서래마을카페거리(서래마을),발달상권,패스트푸드점,7,0,0,0,17.0,4.14,-12.86
서울고교교차로,발달상권,패스트푸드점,1,0,0,0,0.0,2.77,2.77
서울남부지방법원,발달상권,패스트푸드점,13,1,0,0,0.0,5.04,5.04
서울대입구역,발달상권,패스트푸드점,22,2,0,0,5.0,5.58,0.58
서울세관,발달상권,패스트푸드점,1,0,1,100,0.0,1.98,1.98
서울숲역,발달상권,패스트푸드점,3,0,0,0,33.0,3.45,-29.55
서울시청,발달상권,패스트푸드점,7,0,1,14,0.0,4.04,4.04
서울시흥동우체국(홈플러스시흥점),발달상권,패스트푸드점,6,2,0,0,50.0,5.36,-44.64
서울역,발달상권,패스트푸드점,15,0,0,0,0.0,4.85,4.85
서초3동사거리,발달상권,패스트푸드점,2,0,0,0,0.0,3.14,3.14
서초역,발달상권,패스트푸드점,8,0,0,0,0.0,4.28,4.28
서촌(경복궁역),발달상권,패스트푸드점,2,0,0,0,0.0,3.11,3.11
석촌고분역,발달상권,패스트푸드점,9,0,0,0,29.0,4.38,-24.62
석촌역(석촌호수),발달상권,패스트푸드점,13,1,1,8,0.0,4.99,4.99
선릉역,발달상권,패스트푸드점,23,0,1,4,0.0,5.23,5.23
선정릉역,발달상권,패스트푸드점,15,2,1,7,7.0,5.31,-1.69
성북구청,발달상권,패스트푸드점,3,1,0,0,0.0,4.78,4.78
성수대교남단,발달상권,패스트푸드점,9,1,0,0,0.0,4.79,4.79
성수역,발달상권,패스트푸드점,20,1,0,0,0.0,5.31,5.31
성신여대,발달상권,패스트푸드점,22,0,2,9,10.0,5.15,-4.85
송정역,발달상권,패스트푸드점,4,0,0,0,0.0,3.65,3.65
송파나루역,발달상권,패스트푸드점,1,0,0,0,0.0,2.77,2.77
송파사거리(송파역),발달상권,패스트푸드점,9,0,1,11,0.0,4.29,4.29
수서역,발달상권,패스트푸드점,10,0,0,0,0.0,4.47,4.47
수유역,발달상권,패스트푸드점,16,1,0,0,0.0,5.16,5.16
"숙대입구역(남영역, 남영동)",발달상권,패스트푸드점,3,0,0,0,0.0,3.47,3.47
시청역_1번,발달상권,패스트푸드점,5,0,0,0,0.0,3.83,3.83
시청역_8번,발달상권,패스트푸드점,4,0,0,0,0.0,3.68,3.68
신논현역,발달상권,패스트푸드점,25,1,0,0,14.0,5.5,-8.5
신논현역 1번,발달상권,패스트푸드점,6,0,0,0,0.0,3.99,3.99
신당역,발달상권,패스트푸드점,13,0,1,8,0.0,4.65,4.65
신대방삼거리역,발달상권,패스트푸드점,12,0,0,0,0.0,4.64,4.64
신도림역,발달상권,패스트푸드점,12,1,0,0,8.0,4.95,-3.05
신림역(신림),발달상권,패스트푸드점,16,1,0,0,6.0,5.14,-0.86
신사역,발달상권,패스트푸드점,16,3,1,6,7.0,5.64,-1.36
신설동역,발달상권,패스트푸드점,10,1,0,0,11.0,4.87,-6.13
신용산역(용산역),발달상권,패스트푸드점,40,2,1,3,3.0,5.98,2.98
신정네거리역,발달상권,패스트푸드점,12,1,0,0,30.0,4.98,-25.02
"신촌역(신촌역, 신촌로터리)",발달상권,패스트푸드점,32,0,1,3,3.0,5.56,2.56
아차산역,발달상권,패스트푸드점,12,0,0,0,0.0,4.66,4.66
안암역,발달상권,패스트푸드점,6,0,0,0,0.0,3.99,3.99
암사역,발달상권,패스트푸드점,9,1,1,11,11.0,4.74,-6.26
압구정로데오역(압구정로데오),발달상권,패스트푸드점,15,0,1,7,7.0,4.77,-2.23
압구정역,발달상권,패스트푸드점,18,1,1,6,0.0,5.23,5.23
약수역,발달상권,패스트푸드점,4,0,0,0,0.0,3.66,3.66
"양재시민의숲역(양재동꽃시장, aT센터)",발달상권,패스트푸드점,3,0,0,0,0.0,3.45,3.45
양재역,발달상권,패스트푸드점,23,0,1,4,4.0,5.24,1.24
양재천카페거리,발달상권,패스트푸드점,3,0,1,33,0.0,3.21,3.21
양재화물트럭터미널앞,발달상권,패스트푸드점,3,0,0,0,0.0,3.42,3.42
양평역,발달상권,패스트푸드점,1,0,0,0,0.0,2.7,2.7
어린이대공원역,발달상권,패스트푸드점,16,0,0,0,0.0,4.91,4.91
언주역(차병원),발달상권,패스트푸드점,8,0,0,0,0.0,4.24,4.24
여의도역(여의도),발달상권,패스트푸드점,41,0,1,2,13.0,5.8,-7.2
역삼역,발달상권,패스트푸드점,46,0,1,2,5.0,5.91,0.91
연남동(홍대),발달상권,패스트푸드점,30,1,1,3,19.0,5.59,-13.41
연신내역,발달상권,패스트푸드점,6,0,0,0,0.0,4.03,4.03
연희동,발달상권,패스트푸드점,14,0,0,0,0.0,4.77,4.77
영동대교남단교차로,발달상권,패스트푸드점,1,0,0,0,0.0,2.7,2.7
영등포구청역,발달상권,패스트푸드점,15,0,3,20,0.0,4.71,4.71
영등포역(영등포),발달상권,패스트푸드점,16,0,1,6,0.0,4.86,4.86
영등포청과시장교차로,발달상권,패스트푸드점,4,0,0,0,0.0,3.66,3.66
영중로,발달상권,패스트푸드점,4,0,0,0,0.0,3.7,3.7
오금역,발달상권,패스트푸드점,4,1,0,0,0.0,4.67,4.67
오류동역,발달상권,패스트푸드점,7,1,0,0,0.0,4.73,4.73
오목교역,발달상권,패스트푸드점,7,0,1,14,0.0,4.07,4.07
올림픽대교북단,발달상권,패스트푸드점,7,0,0,0,17.0,4.16,-12.84
왕십리역(왕십리),발달상권,패스트푸드점,11,0,2,18,0.0,4.42,4.42
용산전자상가(용산역),발달상권,패스트푸드점,5,0,0,0,0.0,3.83,3.83
원남동사거리,발달상권,패스트푸드점,4,0,0,0,0.0,3.63,3.63
월곡역,발달상권,패스트푸드점,13,2,2,15,0.0,5.23,5.23
월드컵경기장역(월드컵경기장),발달상권,패스트푸드점,4,0,0,0,0.0,3.7,3.7
은마아파트,발달상권,패스트푸드점,8,0,0,0,0.0,4.28,4.28
은행사거리,발달상권,패스트푸드점,16,0,0,0,0.0,4.93,4.93
을지로2가,발달상권,패스트푸드점,2,0,0,0,0.0,3.14,3.14
을지로3가역,발달상권,패스트푸드점,10,0,1,10,0.0,4.39,4.39
을지로4가역,발달상권,패스트푸드점,2,0,1,50,0.0,2.78,2.78
을지로입구역,발달상권,패스트푸드점,7,0,0,0,0.0,4.12,4.12
응암역,발달상권,패스트푸드점,2,0,0,0,0.0,3.18,3.18
이태원(이태원역),발달상권,패스트푸드점,21,1,0,0,0.0,5.35,5.35
이화사거리,발달상권,패스트푸드점,3,0,0,0,0.0,3.42,3.42
"이화여대(이대역, 이대)",발달상권,패스트푸드점,13,0,0,0,0.0,4.69,4.69
인사동,발달상권,패스트푸드점,5,0,0,0,67.0,3.81,-63.19
잠실새내역(신천),발달상권,패스트푸드점,16,0,2,13,7.0,4.81,-2.19
잠실역,발달상권,패스트푸드점,54,0,2,4,4.0,6.07,2.07
장승배기역,발달상권,패스트푸드점,3,0,1,33,0.0,3.19,3.19
장안동사거리,발달상권,패스트푸드점,16,1,0,0,7.0,5.16,-1.84
장지역(가든파이브),발달상권,패스트푸드점,10,1,0,0,0.0,4.89,4.89
장충동족발거리(남소영길),발달상권,패스트푸드점,2,0,0,0,0.0,3.11,3.11
장한평역(장한평),발달상권,패스트푸드점,6,0,0,0,0.0,4.02,4.02
종각역,발달상권,패스트푸드점,26,0,1,4,0.0,5.34,5.34
종로3가역,발달상권,패스트푸드점,12,0,0,0,8.0,4.62,-3.38
종로4가,발달상권,패스트푸드점,1,0,0,0,0.0,2.7,2.7
종로5가역,발달상권,패스트푸드점,3,0,0,0,0.0,3.42,3.42
종로6가,발달상권,패스트푸드점,3,0,0,0,0.0,3.42,3.42
종로구청,발달상권,패스트푸드점,14,1,0,0,8.0,5.06,-2.94
중구청(퇴계로4가),발달상권,패스트푸드점,1,0,0,0,0.0,2.77,2.77
중림동,발달상권,패스트푸드점,4,0,1,25,0.0,3.45,3.45
중부경찰서(영화인의거리),발달상권,패스트푸드점,1,0,1,100,0.0,2.05,2.05
창동역,발달상권,패스트푸드점,6,0,0,0,0.0,4.03,4.03
천호역,발달상권,패스트푸드점,16,2,1,6,0.0,5.4,5.4
청담사거리(청담동명품거리),발달상권,패스트푸드점,5,1,1,20,0.0,4.51,4.51
청량리역(청량리),발달상권,패스트푸드점,12,0,0,0,0.0,4.65,4.65
"총신대입구역(이수, 총신대)",발달상권,패스트푸드점,23,0,0,0,0.0,5.25,5.25
총신대학교,발달상권,패스트푸드점,1,0,0,0,0.0,2.7,2.7
충무로역,발달상권,패스트푸드점,15,0,0,0,0.0,4.85,4.85
충정로역,발달상권,패스트푸드점,5,0,0,0,0.0,3.85,3.85
코엑스,발달상권,패스트푸드점,9,0,0,0,0.0,4.37,4.37
태릉입구역,발달상권,패스트푸드점,4,0,0,0,0.0,3.7,3.7
포스코사거리,발달상권,패스트푸드점,16,0,0,0,0.0,4.9,4.9
포이사거리(삼호물산),발달상권,패스트푸드점,18,2,1,6,0.0,5.42,5.42
학동사거리,발달상권,패스트푸드점,15,0,0,0,7.0,4.83,-2.17
학동역,발달상권,패스트푸드점,20,1,1,5,5.0,5.29,0.29
한강성심병원,발달상권,패스트푸드점,1,0,0,0,0.0,2.7,2.7
한남오거리,발달상권,패스트푸드점,5,0,0,0,0.0,3.87,3.87
한성대입구역,발달상권,패스트푸드점,7,0,0,0,0.0,4.17,4.17
한티역,발달상권,패스트푸드점,13,0,0,0,0.0,4.71,4.71
합정역,발달상권,패스트푸드점,13,1,1,8,17.0,4.97,-12.03
홍대입구역(홍대),발달상권,패스트푸드점,46,2,1,2,12.0,6.07,-5.93
홍제역,발달상권,패스트푸드점,6,0,0,0,0.0,4.04,4.04
화곡역,발달상권,패스트푸드점,11,2,0,0,0.0,5.31,5.31
회기역,발달상권,패스트푸드점,5,0,0,0,0.0,3.84,3.84
회현역,발달상권,패스트푸드점,2,0,0,0,0.0,3.18,3.18
63빌딩,발달상권,한식음식점,21,0,0,0,0.0,2.82,2.82
DMC(디지털미디어시티),발달상권,한식음식점,143,2,5,4,6.0,4.76,-1.24
가락시장,발달상권,한식음식점,77,1,1,1,3.0,4.14,1.14
가락시장역,발달상권,한식음식점,124,2,4,3,7.0,4.66,-2.34
가로수길,발달상권,한식음식점,111,1,0,0,7.0,4.52,-2.48
가산디지털단지,발달상권,한식음식점,534,28,16,3,3.0,6.26,3.26
"강남구청(청담역_8번, 강남세무서)",발달상권,한식음식점,22,1,0,0,0.0,3.07,3.07
강남구청역,발달상권,한식음식점,109,4,3,3,3.0,4.6,1.6
강남역,발달상권,한식음식점,484,12,14,3,2.0,6.07,4.07
강남을지병원,발달상권,한식음식점,100,4,3,3,0.0,4.51,4.51
강동구청역,발달상권,한식음식점,90,4,4,4,8.0,4.4,-3.6
강변역(테크노마트),발달상권,한식음식점,41,0,0,0,5.0,3.49,-1.51
강서구청,발달상권,한식음식점,167,11,7,4,7.0,5.15,-1.85
강서농산물도매시장,발달상권,한식음식점,13,0,0,0,0.0,2.37,2.37
개나리아파트,발달상권,한식음식점,46,3,2,4,9.0,3.86,-5.14
개롱역,발달상권,한식음식점,56,0,0,0,2.0,3.79,1.79
개봉동 현대아파트,발달상권,한식음식점,76,3,6,8,4.0,4.21,0.21
거여역,발달상권,한식음식점,56,1,4,7,4.0,3.83,-0.17
건대입구역(건대),발달상권,한식음식점,211,12,6,3,4.0,5.36,1.36
경기고교사거리(경기고교앞사거리),발달상권,한식음식점,20,0,0,0,0.0,2.78,2.78
경복아파트교차로,발달상권,한식음식점,50,7,3,6,29.0,4.2,-24.8
경찰병원역,발달상권,한식음식점,111,5,5,5,6.0,4.65,-1.35
경찰청앞교차로,발달상권,한식음식점,5,0,0,0,0.0,1.5,1.5
경희대학교(경희대),발달상권,한식음식점,77,2,5,7,4.0,4.19,0.19
고덕역,발달상권,한식음식점,36,1,2,6,0.0,3.45,3.45
고속터미널(고속터미널역),발달상권,한식음식점,98,2,0,0,0.0,4.45,4.45
공덕역(공덕오거리),발달상권,한식음식점,76,1,3,4,3.0,4.12,1.12
공릉역,발달상권,한식음식점,55,1,0,0,0.0,3.86,3.86
광화문역,발달상권,한식음식점,245,10,9,4,3.0,5.41,2.41
교대역(법원.검찰청),발달상권,한식음식점,283,8,7,3,4.0,5.53,1.53
교대입구교차로,발달상권,한식음식점,80,3,2,3,5.0,4.29,-0.71
교육개발원입구사거리,발달상권,한식음식점,22,0,1,5,0.0,2.83,2.83
구로구청,발달상권,한식음식점,41,2,3,7,2.0,3.64,1.64
구로디지털단지,발달상권,한식음식점,226,11,11,5,3.0,5.37,2.37
구로디지털단지역,발달상권,한식음식점,139,2,5,4,2.0,4.72,2.72
구로역,발달상권,한식음식점,123,1,2,2,0.0,4.61,4.61
구로전화국,발달상권,한식음식점,61,2,5,8,3.0,3.94,0.94
구산역,발달상권,한식음식점,24,2,1,4,9.0,3.25,-5.75
구삼강변맛길,발달상권,한식음식점,54,2,4,7,2.0,3.87,1.87
구역삼세무서,발달상권,한식음식점,132,7,6,5,8.0,4.82,-3.18
구의사거리,발달상권,한식음식점,32,1,3,9,0.0,3.3,3.3
구의역,발달상권,한식음식점,126,4,3,2,6.0,4.72,-1.28
구파발역,발달상권,한식음식점,44,2,2,5,2.0,3.74,1.74
국회의사당역(국회의사당),발달상권,한식음식점,277,10,8,3,5.0,5.55,0.55
군자역,발달상권,한식음식점,140,7,5,4,4.0,4.89,0.89
굽은다리역,발달상권,한식음식점,46,2,1,2,5.0,3.75,-1.25
금호역,발달상권,한식음식점,42,3,2,5,7.0,3.76,-3.24
길동역,발달상권,한식음식점,162,6,3,2,5.0,5.01,0.01
김포공항역(김포공항),발달상권,한식음식점,23,0,0,0,0.0,2.92,2.92
까치산역,발달상권,한식음식점,67,1,0,0,2.0,4.06,2.06
남부터미널역,발달상권,한식음식점,91,0,2,2,3.0,4.27,1.27
남영동 먹자골목,발달상권,한식음식점,90,4,4,4,1.0,4.4,3.4
내방역,발달상권,한식음식점,65,4,5,8,0.0,4.12,4.12
노량진역(노량진),발달상권,한식음식점,140,6,5,4,5.0,4.85,-0.15
노원역,발달상권,한식음식점,275,8,6,2,3.0,5.51,2.51
녹두거리(대학동),발달상권,한식음식점,60,5,5,8,7.0,4.13,-2.87
논현역,발달상권,한식음식점,160,9,7,4,3.0,5.06,2.06
논현역 4번,발달상권,한식음식점,20,4,1,5,0.0,3.55,3.55
논현역 5번,발달상권,한식음식점,2,0,0,0,0.0,0.8,0.8
당산2동(영등포우체국),발달상권,한식음식점,36,2,2,6,3.0,3.56,0.56
당산역,발달상권,한식음식점,105,2,2,2,5.0,4.49,-0.51
대림3동사거리,발달상권,한식음식점,54,1,1,2,10.0,3.82,-6.18
대림역,발달상권,한식음식점,47,3,0,0,6.0,3.86,-2.14
대치사거리,발달상권,한식음식점,31,2,0,0,0.0,3.49,3.49
대치역,발달상권,한식음식점,20,0,0,0,0.0,2.78,2.78
대학로(혜화역),발달상권,한식음식점,191,4,4,2,5.0,5.1,0.1
도곡1동,발달상권,한식음식점,39,0,1,3,3.0,3.42,0.42
도산공원교차로,발달상권,한식음식점,79,1,1,1,0.0,4.17,4.17
도성초등학교,발달상권,한식음식점,20,1,1,5,16.0,2.94,-13.06
독산동,발달상권,한식음식점,111,2,5,5,4.0,4.53,0.53
동대문역,발달상권,한식음식점,37,1,1,3,3.0,3.48,0.48
동대문역사문화공원역,발달상권,한식음식점,127,5,2,2,2.0,4.77,2.77
동묘앞역(동묘),발달상권,한식음식점,25,0,1,4,4.0,2.97,-1.03
둔촌역,발달상권,한식음식점,121,3,1,1,1.0,4.68,3.68
등나무근린공원,발달상권,한식음식점,30,2,2,7,7.0,3.42,-3.58
등촌역,발달상권,한식음식점,94,3,0,0,3.0,4.44,1.44
디지털단지오거리,발달상권,한식음식점,18,0,0,0,0.0,2.67,2.67
뚝섬역,발달상권,한식음식점,125,5,3,2,2.0,4.75,2.75
롯데백화점(시청광장 지하쇼핑센터),발달상권,한식음식점,26,0,0,0,0.0,3.04,3.04
르네상스호텔사거리,발달상권,한식음식점,53,2,1,2,2.0,3.89,1.89
마곡역(마곡),발달상권,한식음식점,148,8,10,7,8.0,4.93,-3.07
마들역,발달상권,한식음식점,22,0,0,0,4.0,2.88,-1.12
마포역,발달상권,한식음식점,82,6,4,5,12.0,4.43,-7.57
망원역,발달상권,한식음식점,31,2,0,0,6.0,3.49,-2.51
매봉역,발달상권,한식음식점,67,3,2,3,0.0,4.16,4.16
명동(명동거리),발달상권,한식음식점,210,6,7,3,1.0,5.23,4.23
명동역(명동재미로),발달상권,한식음식점,49,1,1,2,0.0,3.72,3.72
명일역,발달상권,한식음식점,76,3,3,4,3.0,4.24,1.24
목동사거리,발달상권,한식음식점,73,2,6,8,9.0,4.13,-4.87
목동신시가지,발달상권,한식음식점,141,3,3,2,1.0,4.8,3.8
목동역 8번출구,발달상권,한식음식점,86,4,3,4,8.0,4.4,-3.6
몽촌토성역,발달상권,한식음식점,36,4,1,3,0.0,3.78,3.78
문래동주민센터,발달상권,한식음식점,37,1,2,5,3.0,3.48,0.48
문래역(문래로데오거리),발달상권,한식음식점,31,1,0,0,3.0,3.34,0.34
문정역,발달상권,한식음식점,308,26,22,7,6.0,5.79,-0.21
미아사거리,발달상권,한식음식점,29,0,0,0,7.0,3.14,-3.86
미아사거리역,발달상권,한식음식점,74,2,2,3,3.0,4.18,1.18
미아역,발달상권,한식음식점,61,1,3,5,2.0,3.93,1.93
발산역(마곡),발달상권,한식음식점,390,14,17,4,5.0,5.89,0.89
방배동가구거리(사당동가구거리),발달상권,한식음식점,9,0,0,0,0.0,2.02,2.02
방배동카페골목,발달상권,한식음식점,61,1,1,2,3.0,3.95,0.95
방배역,발달상권,한식음식점,93,3,4,4,2.0,4.4,2.4
방이동먹자골목,발달상권,한식음식점,195,10,11,6,6.0,5.21,-0.79
방이역,발달상권,한식음식점,20,1,1,5,0.0,2.95,2.95
뱅뱅사거리,발달상권,한식음식점,176,4,2,1,3.0,5.02,2.02
보라매공원,발달상권,한식음식점,137,4,2,2,5.0,4.8,-0.2
보라매역,발달상권,한식음식점,25,0,0,0,0.0,3.01,3.01
본서부병원,발달상권,한식음식점,58,2,4,7,0.0,3.9,3.9
봉은사역,발달상권,한식음식점,58,0,1,2,4.0,3.82,-0.18
북창동(시청역_6번),발달상권,한식음식점,114,3,8,7,5.0,4.58,-0.42
북촌(안국역),발달상권,한식음식점,82,2,5,6,0.0,4.21,4.21
불광역,발달상권,한식음식점,40,1,0,0,8.0,3.58,-4.42
사가정역,발달상권,한식음식점,25,1,2,8,0.0,3.1,3.1
사당역 11번(사당역먹자골목),발달상권,한식음식점,6,0,0,0,20.0,1.66,-18.34
사당역(사당),발달상권,한식음식점,216,8,9,4,1.0,5.29,4.29
삼각지역,발달상권,한식음식점,90,7,9,10,3.0,4.52,1.52
삼성역,발달상권,한식음식점,110,4,4,4,1.0,4.6,3.6
삼성중앙역,발달상권,한식음식점,116,7,3,3,8.0,4.75,-3.25
삼청동,발달상권,한식음식점,56,4,3,5,0.0,4.04,4.04
삼호가든사거리,발달상권,한식음식점,11,0,0,0,0.0,2.23,2.23
상계백병원,발달상권,한식음식점,14,0,0,0,0.0,2.45,2.45
상봉역,발달상권,한식음식점,93,1,3,3,3.0,4.32,1.32
상수역(홍대),발달상권,한식음식점,60,2,3,5,0.0,3.95,3.95
서교동(홍대),발달상권,한식음식점,82,3,1,1,2.0,4.33,2.33
서대문역,발달상권,한식음식점,88,3,3,3,1.0,4.35,3.35
서래마을카페거리(서래마을),발달상권,한식음식점,39,1,1,3,3.0,3.54,0.54
서울고교교차로,발달상권,한식음식점,12,0,0,0,9.0,2.29,-6.71
서울남부지방법원,발달상권,한식음식점,50,0,1,2,6.0,3.67,-2.33
서울대입구역,발달상권,한식음식점,139,5,7,5,4.0,4.84,0.84
서울세관,발달상권,한식음식점,34,1,0,0,3.0,3.42,0.42
서울숲역,발달상권,한식음식점,15,0,1,7,0.0,2.45,2.45
서울시청,발달상권,한식음식점,59,2,1,2,3.0,3.96,0.96
서울시흥동우체국(홈플러스시흥점),발달상권,한식음식점,46,0,1,2,5.0,3.59,-1.41
서울역,발달상권,한식음식점,126,8,2,2,6.0,4.85,-1.15
서초3동사거리,발달상권,한식음식점,57,1,0,0,0.0,3.9,3.9
서초역,발달상권,한식음식점,119,6,3,3,3.0,4.73,1.73
서촌(경복궁역),발달상권,한식음식점,76,2,2,3,4.0,4.2,0.2
석촌고분역,발달상권,한식음식점,50,2,2,4,2.0,3.82,1.82
석촌역(석촌호수),발달상권,한식음식점,72,0,23,32,6.0,3.81,-2.19
선릉역,발달상권,한식음식점,275,12,17,6,3.0,5.52,2.52
선정릉역,발달상권,한식음식점,79,5,1,1,1.0,4.37,3.37
성북구청,발달상권,한식음식점,43,0,0,0,0.0,3.53,3.53
성수대교남단,발달상권,한식음식점,36,0,0,0,0.0,3.35,3.35
성수역,발달상권,한식음식점,160,6,4,3,4.0,4.99,0.99
성신여대,발달상권,한식음식점,184,8,5,3,3.0,5.13,2.13
송정역,발달상권,한식음식점,32,1,1,3,7.0,3.33,-3.67
송파나루역,발달상권,한식음식점,14,1,0,0,0.0,2.74,2.74
송파사거리(송파역),발달상권,한식음식점,40,1,5,13,8.0,3.49,-4.51
수서역,발달상권,한식음식점,58,1,2,3,2.0,3.9,1.9
수유역,발달상권,한식음식점,259,21,12,5,6.0,5.63,-0.37
"숙대입구역(남영역, 남영동)",발달상권,한식음식점,31,2,1,3,7.0,3.47,-3.53
시청역_1번,발달상권,한식음식점,38,1,3,8,3.0,3.47,0.47
시청역_8번,발달상권,한식음식점,61,2,1,2,3.0,3.99,0.99
신논현역,발달상권,한식음식점,280,8,4,1,4.0,5.53,1.53
신논현역 1번,발달상권,한식음식점,31,2,0,0,0.0,3.49,3.49
신당역,발달상권,한식음식점,122,9,4,3,2.0,4.83,2.83
신대방삼거리역,발달상권,한식음식점,61,0,3,5,2.0,3.85,1.85
신도림역,발달상권,한식음식점,112,1,3,3,3.0,4.51,1.51
신림역(신림),발달상권,한식음식점,145,10,4,3,10.0,5.01,-4.99
신사역,발달상권,한식음식점,207,5,7,3,3.0,5.17,2.17
신설동역,발달상권,한식음식점,155,5,3,2,5.0,4.92,-0.08
신용산역(용산역),발달상권,한식음식점,210,3,2,1,3.0,5.16,2.16
신정네거리역,발달상권,한식음식점,95,4,4,4,7.0,4.46,-2.54
"신촌역(신촌역, 신촌로터리)",발달상권,한식음식점,342,10,16,5,4.0,5.7,1.7
아차산역,발달상권,한식음식점,67,4,4,6,0.0,4.18,4.18
안암역,발달상권,한식음식점,26,0,0,0,0.0,3.04,3.04
암사역,발달상권,한식음식점,66,1,5,8,2.0,3.99,1.99
압구정로데오역(압구정로데오),발달상권,한식음식점,156,3,3,2,1.0,4.89,3.89
압구정역,발달상권,한식음식점,106,2,1,1,3.0,4.51,1.51
약수역,발달상권,한식음식점,69,4,3,4,3.0,4.22,1.22
"양재시민의숲역(양재동꽃시장, aT센터)",발달상권,한식음식점,70,3,2,3,1.0,4.16,3.16
양재역,발달상권,한식음식점,143,7,3,2,6.0,4.92,-1.08
양재천카페거리,발달상권,한식음식점,22,1,0,0,10.0,3.07,-6.93
양재화물트럭터미널앞,발달상권,한식음식점,21,1,1,5,0.0,3.0,3.0
양평역,발달상권,한식음식점,23,0,0,0,0.0,2.92,2.92
어린이대공원역,발달상권,한식음식점,107,4,1,1,6.0,4.6,-1.4
언주역(차병원),발달상권,한식음식점,110,5,5,5,5.0,4.64,-0.36
여의도역(여의도),발달상권,한식음식점,493,14,8,2,2.0,6.09,4.09
역삼역,발달상권,한식음식점,389,22,26,7,5.0,5.94,0.94
연남동(홍대),발달상권,한식음식점,219,10,9,4,3.0,5.34,2.34
연신내역,발달상권,한식음식점,44,0,3,7,2.0,3.51,1.51
연희동,발달상권,한식음식점,54,1,3,6,0.0,3.8,3.8
영동대교남단교차로,발달상권,한식음식점,16,0,0,0,0.0,2.56,2.56
영등포구청역,발달상권,한식음식점,154,4,7,5,1.0,4.9,3.9
영등포역(영등포),발달상권,한식음식점,307,13,13,4,3.0,5.64,2.64
영등포청과시장교차로,발달상권,한식음식점,27,3,4,15,0.0,3.41,3.41
영중로,발달상권,한식음식점,33,0,1,3,6.0,3.26,-2.74
오금역,발달상권,한식음식점,73,0,2,3,3.0,4.04,1.04
오류동역,발달상권,한식음식점,50,0,0,0,2.0,3.68,1.68
오목교역,발달상권,한식음식점,79,2,2,3,5.0,4.24,-0.76
올림픽대교북단,발달상권,한식음식점,11,0,1,9,10.0,2.16,-7.84
왕십리역(왕십리),발달상권,한식음식점,86,1,1,1,2.0,4.26,2.26
용산전자상가(용산역),발달상권,한식음식점,66,2,3,5,5.0,4.04,-0.96
원남동사거리,발달상권,한식음식점,28,1,1,4,0.0,3.24,3.24
월곡역,발달상권,한식음식점,43,3,4,9,7.0,3.75,-3.25
월드컵경기장역(월드컵경기장),발달상권,한식음식점,7,0,0,0,0.0,1.82,1.82
은마아파트,발달상권,한식음식점,48,1,1,2,2.0,3.72,1.72
은행사거리,발달상권,한식음식점,43,0,0,0,5.0,3.55,-1.45
을지로2가,발달상권,한식음식점,28,2,0,0,8.0,3.39,-4.61
을지로3가역,발달상권,한식음식점,185,19,6,3,3.0,5.38,2.38
을지로4가역,발달상권,한식음식점,21,1,0,0,4.0,3.03,-0.97
을지로입구역,발달상권,한식음식점,118,4,3,3,9.0,4.64,-4.36
응암역,발달상권,한식음식점,14,0,0,0,0.0,2.45,2.45
이태원(이태원역),발달상권,한식음식점,149,10,4,3,3.0,5.04,2.04
이화사거리,발달상권,한식음식점,20,0,0,0,0.0,2.78,2.78
"이화여대(이대역, 이대)",발달상권,한식음식점,46,3,3,7,2.0,3.83,1.83
인사동,발달상권,한식음식점,179,4,6,3,4.0,5.02,1.02
잠실새내역(신천),발달상권,한식음식점,231,6,9,4,6.0,5.32,-0.68
잠실역,발달상권,한식음식점,160,2,1,1,7.0,4.88,-2.12
장승배기역,발달상권,한식음식점,37,0,1,3,6.0,3.36,-2.64
장안동사거리,발달상권,한식음식점,133,3,8,6,3.0,4.7,1.7
장지역(가든파이브),발달상권,한식음식점,66,1,0,0,0.0,4.05,4.05
장충동족발거리(남소영길),발달상권,한식음식점,31,2,0,0,0.0,3.49,3.49
장한평역(장한평),발달상권,한식음식점,170,3,2,1,3.0,4.98,1.98
종각역,발달상권,한식음식점,324,19,14,4,2.0,5.78,3.78
종로3가역,발달상권,한식음식점,421,17,14,3,4.0,5.96,1.96
종로4가,발달상권,한식음식점,26,1,1,4,4.0,3.17,-0.83
종로5가역,발달상권,한식음식점,94,0,2,2,3.0,4.3,1.3
종로6가,발달상권,한식음식점,25,1,1,4,0.0,3.13,3.13
종로구청,발달상권,한식음식점,64,4,0,0,2.0,4.18,2.18
중구청(퇴계로4가),발달상권,한식음식점,23,0,0,0,0.0,2.92,2.92
중림동,발달상권,한식음식점,63,3,0,0,3.0,4.11,1.11
중부경찰서(영화인의거리),발달상권,한식음식점,91,3,4,4,1.0,4.37,3.37
창동역,발달상권,한식음식점,52,3,1,2,6.0,3.95,-2.05
천호역,발달상권,한식음식점,131,5,10,8,4.0,4.76,0.76
청담사거리(청담동명품거리),발달상권,한식음식점,109,7,2,2,3.0,4.69,1.69
청량리역(청량리),발달상권,한식음식점,107,7,1,1,4.0,4.72,0.72
"총신대입구역(이수, 총신대)",발달상권,한식음식점,164,8,7,4,7.0,5.05,-1.95
총신대학교,발달상권,한식음식점,2,0,0,0,0.0,0.8,0.8
충무로역,발달상권,한식음식점,183,12,4,2,3.0,5.25,2.25
충정로역,발달상권,한식음식점,34,1,1,3,6.0,3.4,-2.6
코엑스,발달상권,한식음식점,36,0,0,0,0.0,3.37,3.37
태릉입구역,발달상권,한식음식점,31,0,2,7,7.0,3.17,-3.83
퇴계로5가,발달상권,한식음식점,10,0,0,0,11.0,2.12,-8.88
포스코사거리,발달상권,한식음식점,224,9,11,5,3.0,5.32,2.32
포이사거리(삼호물산),발달상권,한식음식점,155,5,4,3,3.0,4.92,1.92
학동사거리,발달상권,한식음식점,125,5,0,0,5.0,4.76,-0.24
학동역,발달상권,한식음식점,74,4,1,1,4.0,4.27,0.27
한강성심병원,발달상권,한식음식점,19,2,2,11,0.0,3.09,3.09
한남오거리,발달상권,한식음식점,74,2,1,1,6.0,4.19,-1.81
한성대입구역,발달상권,한식음식점,41,1,0,0,2.0,3.57,1.57
한티역,발달상권,한식음식점,56,1,1,2,2.0,3.87,1.87
합정역,발달상권,한식음식점,106,3,2,2,2.0,4.54,2.54
홍대입구역(홍대),발달상권,한식음식점,352,21,29,8,4.0,5.83,1.83
홍제역,발달상권,한식음식점,53,2,1,2,2.0,3.9,1.9
화곡역,발달상권,한식음식점,86,6,3,4,6.0,4.49,-1.51
회기역,발달상권,한식음식점,43,1,0,0,2.0,3.62,1.62
회현역,발달상권,한식음식점,42,0,0,0,0.0,3.5,3.5
휘문고교사거리,발달상권,한식음식점,5,0,1,20,0.0,1.36,1.36
63빌딩,발달상권,호프-간이주점,1,0,0,0,0.0,1.54,1.54
DMC(디지털미디어시티),발달상권,호프-간이주점,4,0,0,0,0.0,2.42,2.42
가락시장,발달상권,호프-간이주점,8,0,0,0,14.0,3.01,-10.99
가락시장역,발달상권,호프-간이주점,46,2,3,7,0.0,4.8,4.8
가로수길,발달상권,호프-간이주점,58,0,4,7,4.0,4.86,0.86
가산디지털단지,발달상권,호프-간이주점,55,3,2,4,6.0,5.09,-0.91
"강남구청(청담역_8번, 강남세무서)",발달상권,호프-간이주점,5,0,1,20,25.0,2.46,-22.54
강남구청역,발달상권,호프-간이주점,21,2,1,5,5.0,4.28,-0.72
강남역,발달상권,호프-간이주점,136,7,7,5,3.0,5.95,2.95
강남을지병원,발달상권,호프-간이주점,35,0,1,3,9.0,4.39,-4.61
강동구청역,발달상권,호프-간이주점,15,1,0,0,0.0,3.88,3.88
강변역(테크노마트),발달상권,호프-간이주점,2,0,0,0,0.0,1.88,1.88
강서구청,발달상권,호프-간이주점,84,3,3,4,2.0,5.42,3.42
개나리아파트,발달상권,호프-간이주점,5,0,0,0,0.0,2.59,2.59
개롱역,발달상권,호프-간이주점,15,0,1,7,7.0,3.54,-3.46
개봉동 현대아파트,발달상권,호프-간이주점,16,0,0,0,0.0,3.65,3.65
거여역,발달상권,호프-간이주점,22,0,1,5,0.0,3.93,3.93
건대입구역(건대),발달상권,호프-간이주점,145,6,4,3,3.0,5.98,2.98
경기고교사거리(경기고교앞사거리),발달상권,호프-간이주점,3,0,1,33,0.0,1.94,1.94
경복아파트교차로,발달상권,호프-간이주점,7,0,0,0,0.0,2.9,2.9
경찰병원역,발달상권,호프-간이주점,15,0,0,0,7.0,3.6,-3.4
경희대학교(경희대),발달상권,호프-간이주점,42,0,1,2,5.0,4.58,-0.42
고덕역,발달상권,호프-간이주점,4,0,0,0,0.0,2.4,2.4
고속터미널(고속터미널역),발달상권,호프-간이주점,7,0,0,0,0.0,2.9,2.9
공덕역(공덕오거리),발달상권,호프-간이주점,18,0,1,6,0.0,3.73,3.73
공릉역,발달상권,호프-간이주점,22,0,0,0,5.0,3.96,-1.04
광화문역,발달상권,호프-간이주점,59,1,5,9,2.0,4.95,2.95
교대역(법원.검찰청),발달상권,호프-간이주점,58,3,2,3,7.0,5.1,-1.9
교대입구교차로,발달상권,호프-간이주점,25,2,1,4,9.0,4.37,-4.63
교육개발원입구사거리,발달상권,호프-간이주점,8,0,0,0,0.0,3.03,3.03
구로구청,발달상권,호프-간이주점,6,0,0,0,0.0,2.76,2.76
구로디지털단지,발달상권,호프-간이주점,17,2,0,0,6.0,4.19,-1.81
구로디지털단지역,발달상권,호프-간이주점,68,4,1,2,8.0,5.31,-2.69
구로역,발달상권,호프-간이주점,11,0,0,0,0.0,3.33,3.33
구로전화국,발달상권,호프-간이주점,39,1,1,3,0.0,4.62,4.62
구산역,발달상권,호프-간이주점,5,0,1,20,0.0,2.46,2.46
구삼강변맛길,발달상권,호프-간이주점,11,0,0,0,10.0,3.3,-6.7
구역삼세무서,발달상권,호프-간이주점,19,1,0,0,6.0,4.02,-1.98
구의사거리,발달상권,호프-간이주점,4,0,0,0,0.0,2.4,2.4
구의역,발달상권,호프-간이주점,49,0,2,4,2.0,4.72,2.72
구파발역,발달상권,호프-간이주점,7,1,0,0,17.0,3.47,-13.53
국회의사당역(국회의사당),발달상권,호프-간이주점,27,0,0,0,0.0,4.16,4.16
군자역,발달상권,호프-간이주점,68,0,3,4,8.0,5.05,-2.95
굽은다리역,발달상권,호프-간이주점,8,0,0,0,0.0,3.01,3.01
금호역,발달상권,호프-간이주점,17,0,2,12,13.0,3.61,-9.39
길동역,발달상권,호프-간이주점,60,1,3,5,9.0,4.99,-4.01
김포공항역(김포공항),발달상권,호프-간이주점,1,0,0,0,0.0,1.47,1.47
까치산역,발달상권,호프-간이주점,32,0,2,6,6.0,4.28,-1.72
남부터미널역,발달상권,호프-간이주점,20,0,1,5,0.0,3.85,3.85
남영동 먹자골목,발달상권,호프-간이주점,25,0,1,4,4.0,4.05,0.05
내방역,발달상권,호프-간이주점,11,0,0,0,10.0,3.31,-6.69
노량진역(노량진),발달상권,호프-간이주점,33,1,0,0,9.0,4.47,-4.53
노원역,발달상권,호프-간이주점,96,2,2,2,3.0,5.49,2.49
녹두거리(대학동),발달상권,호프-간이주점,23,0,2,9,15.0,3.93,-11.07
논현역,발달상권,호프-간이주점,43,3,1,2,5.0,4.89,-0.11
논현역 4번,발달상권,호프-간이주점,5,0,0,0,0.0,2.59,2.59
당산2동(영등포우체국),발달상권,호프-간이주점,2,0,0,0,100.0,1.92,-98.08
당산역,발달상권,호프-간이주점,38,2,0,0,0.0,4.69,4.69
대림3동사거리,발달상권,호프-간이주점,19,0,2,11,0.0,3.73,3.73
대림역,발달상권,호프-간이주점,49,2,3,6,9.0,4.86,-4.14
대치사거리,발달상권,호프-간이주점,7,1,0,0,17.0,3.45,-13.55
대치역,발달상권,호프-간이주점,3,0,0,0,0.0,2.17,2.17
대학로(혜화역),발달상권,호프-간이주점,70,1,3,4,1.0,5.11,4.11
도곡1동,발달상권,호프-간이주점,5,0,0,0,0.0,2.59,2.59
도산공원교차로,발달상권,호프-간이주점,15,0,0,0,0.0,3.59,3.59
도성초등학교,발달상권,호프-간이주점,4,0,0,0,25.0,2.4,-22.6
독산동,발달상권,호프-간이주점,24,1,0,0,9.0,4.2,-4.8
동대문역,발달상권,호프-간이주점,7,0,0,0,0.0,2.89,2.89
동대문역사문화공원역,발달상권,호프-간이주점,20,1,1,5,11.0,4.03,-6.97
동묘앞역(동묘),발달상권,호프-간이주점,17,2,0,0,0.0,4.19,4.19
둔촌역,발달상권,호프-간이주점,25,0,0,0,4.0,4.09,0.09
등나무근린공원,발달상권,호프-간이주점,7,0,1,14,0.0,2.8,2.8
등촌역,발달상권,호프-간이주점,29,0,2,7,7.0,4.18,-2.82
디지털단지오거리,발달상권,호프-간이주점,14,1,1,7,17.0,3.75,-13.25
뚝섬역,발달상권,호프-간이주점,26,2,0,0,8.0,4.45,-3.55
르네상스호텔사거리,발달상권,호프-간이주점,9,0,0,0,0.0,3.11,3.11
마곡역(마곡),발달상권,호프-간이주점,26,2,0,0,0.0,4.45,4.45
마들역,발달상권,호프-간이주점,4,0,1,25,0.0,2.22,2.22
마포역,발달상권,호프-간이주점,16,1,0,0,33.0,3.9,-29.1
망원역,발달상권,호프-간이주점,8,1,0,0,0.0,3.54,3.54
매봉역,발달상권,호프-간이주점,13,0,1,8,0.0,3.4,3.4
명동(명동거리),발달상권,호프-간이주점,21,0,0,0,0.0,3.91,3.91
명동역(명동재미로),발달상권,호프-간이주점,11,0,0,0,0.0,3.31,3.31
명일역,발달상권,호프-간이주점,22,0,0,0,10.0,3.96,-6.04
목동사거리,발달상권,호프-간이주점,28,0,0,0,0.0,4.19,4.19
목동신시가지,발달상권,호프-간이주점,9,0,0,0,0.0,3.1,3.1
목동역 8번출구,발달상권,호프-간이주점,25,2,0,0,0.0,4.41,4.41
몽촌토성역,발달상권,호프-간이주점,10,0,0,0,0.0,3.2,3.2
문래동주민센터,발달상권,호프-간이주점,2,0,0,0,0.0,1.88,1.88
문래역(문래로데오거리),발달상권,호프-간이주점,7,0,0,0,0.0,2.89,2.89
문정역,발달상권,호프-간이주점,50,3,2,4,4.0,4.99,0.99
미아사거리,발달상권,호프-간이주점,2,0,0,0,50.0,1.88,-48.12
미아사거리역,발달상권,호프-간이주점,50,1,2,4,0.0,4.82,4.82
미아역,발달상권,호프-간이주점,23,1,1,4,4.0,4.14,0.14
발산역(마곡),발달상권,호프-간이주점,108,1,6,6,4.0,5.54,1.54
방배동가구거리(사당동가구거리),발달상권,호프-간이주점,2,0,0,0,0.0,1.88,1.88
방배동카페골목,발달상권,호프-간이주점,14,0,1,7,0.0,3.47,3.47
방배역,발달상권,호프-간이주점,25,0,0,0,9.0,4.1,-4.9
방이동먹자골목,발달상권,호프-간이주점,87,5,3,3,7.0,5.54,-1.46
방이역,발달상권,호프-간이주점,11,1,1,9,0.0,3.59,3.59
뱅뱅사거리,발달상권,호프-간이주점,28,2,0,0,4.0,4.48,0.48
보라매공원,발달상권,호프-간이주점,16,0,0,0,0.0,3.65,3.65
보라매역,발달상권,호프-간이주점,6,0,0,0,0.0,2.76,2.76
본서부병원,발달상권,호프-간이주점,13,0,2,15,0.0,3.35,3.35
봉은사역,발달상권,호프-간이주점,8,0,0,0,0.0,3.01,3.01
북창동(시청역_6번),발달상권,호프-간이주점,28,0,2,7,0.0,4.14,4.14
북촌(안국역),발달상권,호프-간이주점,18,0,0,0,0.0,3.76,3.76
불광역,발달상권,호프-간이주점,8,0,0,0,0.0,3.01,3.01
사가정역,발달상권,호프-간이주점,19,1,1,5,0.0,3.99,3.99
사당역 11번(사당역먹자골목),발달상권,호프-간이주점,2,0,0,0,0.0,1.88,1.88
사당역(사당),발달상권,호프-간이주점,87,2,5,6,1.0,5.36,4.36
삼각지역,발달상권,호프-간이주점,30,0,0,0,3.0,4.26,1.26
삼성역,발달상권,호프-간이주점,5,0,0,0,0.0,2.6,2.6
삼성중앙역,발달상권,호프-간이주점,32,1,1,3,3.0,4.42,1.42
삼청동,발달상권,호프-간이주점,6,0,0,0,20.0,2.75,-17.25
삼호가든사거리,발달상권,호프-간이주점,3,0,0,0,0.0,2.17,2.17
상계백병원,발달상권,호프-간이주점,2,0,0,0,0.0,1.92,1.92
상봉역,발달상권,호프-간이주점,30,0,1,3,10.0,4.24,-5.76
상수역(홍대),발달상권,호프-간이주점,34,2,5,15,3.0,4.52,1.52
서교동(홍대),발달상권,호프-간이주점,17,0,0,0,6.0,3.71,-2.29
서대문역,발달상권,호프-간이주점,39,1,2,5,0.0,4.6,4.6
서래마을카페거리(서래마을),발달상권,호프-간이주점,17,0,1,6,6.0,3.66,-2.34
서울고교교차로,발달상권,호프-간이주점,1,0,0,0,0.0,1.47,1.47
서울남부지방법원,발달상권,호프-간이주점,6,0,1,17,0.0,2.62,2.62
서울대입구역,발달상권,호프-간이주점,62,1,4,7,9.0,5.01,-3.99
서울세관,발달상권,호프-간이주점,19,0,0,0,6.0,3.81,-2.19
서울숲역,발달상권,호프-간이주점,9,0,0,0,13.0,3.1,-9.9
서울시청,발달상권,호프-간이주점,7,0,0,0,17.0,2.89,-14.11
서울시흥동우체국(홈플러스시흥점),발달상권,호프-간이주점,14,0,2,14,0.0,3.42,3.42
서울역,발달상권,호프-간이주점,10,0,0,0,0.0,3.21,3.21
서초3동사거리,발달상권,호프-간이주점,14,0,0,0,0.0,3.53,3.53
서초역,발달상권,호프-간이주점,19,0,2,11,0.0,3.73,3.73
서촌(경복궁역),발달상권,호프-간이주점,26,1,0,0,0.0,4.28,4.28
석촌고분역,발달상권,호프-간이주점,10,2,0,0,0.0,4.01,4.01
석촌역(석촌호수),발달상권,호프-간이주점,18,0,1,6,12.0,3.71,-8.29
선릉역,발달상권,호프-간이주점,58,1,2,3,3.0,4.98,1.98
선정릉역,발달상권,호프-간이주점,12,0,0,0,0.0,3.39,3.39
성북구청,발달상권,호프-간이주점,6,0,0,0,20.0,2.74,-17.26
성수대교남단,발달상권,호프-간이주점,25,1,1,4,4.0,4.21,0.21
성수역,발달상권,호프-간이주점,27,0,2,7,4.0,4.11,0.11
성신여대,발달상권,호프-간이주점,85,3,7,8,5.0,5.41,0.41
송정역,발달상권,호프-간이주점,23,1,1,4,0.0,4.14,4.14
송파나루역,발달상권,호프-간이주점,9,0,1,11,0.0,3.03,3.03
송파사거리(송파역),발달상권,호프-간이주점,13,0,0,0,0.0,3.46,3.46
수서역,발달상권,호프-간이주점,9,0,0,0,0.0,3.13,3.13
수유역,발달상권,호프-간이주점,135,1,9,7,4.0,5.75,1.75
"숙대입구역(남영역, 남영동)",발달상권,호프-간이주점,13,0,1,8,0.0,3.39,3.39
시청역_1번,발달상권,호프-간이주점,3,0,0,0,0.0,2.17,2.17
시청역_8번,발달상권,호프-간이주점,4,0,0,0,0.0,2.4,2.4
신논현역,발달상권,호프-간이주점,84,4,1,1,2.0,5.48,3.48
신논현역 1번,발달상권,호프-간이주점,13,0,0,0,0.0,3.46,3.46
신당역,발달상권,호프-간이주점,28,1,0,0,4.0,4.36,0.36
신대방삼거리역,발달상권,호프-간이주점,14,0,0,0,8.0,3.52,-4.48
신도림역,발달상권,호프-간이주점,24,0,0,0,4.0,4.05,0.05
신림역(신림),발달상권,호프-간이주점,54,0,1,2,0.0,4.83,4.83
신사역,발달상권,호프-간이주점,46,1,5,11,5.0,4.68,-0.32
신설동역,발달상권,호프-간이주점,19,0,3,16,6.0,3.7,-2.3
신용산역(용산역),발달상권,호프-간이주점,40,0,0,0,5.0,4.54,-0.46
신정네거리역,발달상권,호프-간이주점,34,0,0,0,3.0,4.38,1.38
"신촌역(신촌역, 신촌로터리)",발달상권,호프-간이주점,172,0,10,6,7.0,5.96,-1.04
아차산역,발달상권,호프-간이주점,18,0,2,11,0.0,3.68,3.68
안암역,발달상권,호프-간이주점,17,0,2,12,6.0,3.61,-2.39
암사역,발달상권,호프-간이주점,9,0,0,0,0.0,3.13,3.13
압구정로데오역(압구정로데오),발달상권,호프-간이주점,88,3,13,15,10.0,5.34,-4.66
압구정역,발달상권,호프-간이주점,21,0,2,10,0.0,3.84,3.84
약수역,발달상권,호프-간이주점,29,0,1,3,4.0,4.21,0.21
"양재시민의숲역(양재동꽃시장, aT센터)",발달상권,호프-간이주점,17,1,0,0,6.0,3.96,-2.04
양재역,발달상권,호프-간이주점,40,0,0,0,3.0,4.55,1.55
양재천카페거리,발달상권,호프-간이주점,7,0,0,0,0.0,2.89,2.89
양평역,발달상권,호프-간이주점,2,0,0,0,0.0,1.88,1.88
어린이대공원역,발달상권,호프-간이주점,36,0,1,3,3.0,4.42,1.42
언주역(차병원),발달상권,호프-간이주점,20,1,2,10,11.0,3.99,-7.01
여의도역(여의도),발달상권,호프-간이주점,104,3,1,1,3.0,5.61,2.61
역삼역,발달상권,호프-간이주점,86,10,5,6,7.0,5.75,-1.25
연남동(홍대),발달상권,호프-간이주점,149,4,14,9,3.0,5.91,2.91
연신내역,발달상권,호프-간이주점,24,1,0,0,4.0,4.2,0.2
연희동,발달상권,호프-간이주점,35,1,0,0,6.0,4.53,-1.47
영동대교남단교차로,발달상권,호프-간이주점,2,0,1,50,0.0,1.52,1.52
영등포구청역,발달상권,호프-간이주점,59,1,1,2,2.0,5.0,3.0
영등포역(영등포),발달상권,호프-간이주점,81,3,2,3,1.0,5.39,4.39
영등포청과시장교차로,발달상권,호프-간이주점,8,0,0,0,0.0,3.0,3.0
영중로,발달상권,호프-간이주점,2,0,1,50,100.0,1.52,-98.48
오금역,발달상권,호프-간이주점,17,0,0,0,0.0,3.71,3.71
오류동역,발달상권,호프-간이주점,24,0,0,0,0.0,4.06,4.06
오목교역,발달상권,호프-간이주점,34,0,3,9,3.0,4.33,1.33
올림픽대교북단,발달상권,호프-간이주점,1,0,0,0,0.0,1.54,1.54
왕십리역(왕십리),발달상권,호프-간이주점,22,1,0,0,0.0,4.17,4.17
용산전자상가(용산역),발달상권,호프-간이주점,15,0,0,0,0.0,3.59,3.59
월곡역,발달상권,호프-간이주점,11,0,0,0,0.0,3.3,3.3
은마아파트,발달상권,호프-간이주점,7,0,0,0,0.0,2.89,2.89
은행사거리,발달상권,호프-간이주점,4,0,1,25,0.0,2.24,2.24
을지로2가,발달상권,호프-간이주점,2,0,0,0,0.0,1.88,1.88
을지로3가역,발달상권,호프-간이주점,90,2,1,1,6.0,5.42,-0.58
을지로4가역,발달상권,호프-간이주점,8,0,0,0,0.0,3.02,3.02
을지로입구역,발달상권,호프-간이주점,22,0,2,9,10.0,3.89,-6.11
응암역,발달상권,호프-간이주점,3,0,1,33,50.0,1.96,-48.04
이태원(이태원역),발달상권,호프-간이주점,142,5,13,9,1.0,5.9,4.9
이화사거리,발달상권,호프-간이주점,4,0,0,0,0.0,2.4,2.4
"이화여대(이대역, 이대)",발달상권,호프-간이주점,12,0,0,0,0.0,3.38,3.38
인사동,발달상권,호프-간이주점,24,0,0,0,4.0,4.04,0.04
잠실새내역(신천),발달상권,호프-간이주점,110,2,1,1,7.0,5.63,-1.37
잠실역,발달상권,호프-간이주점,14,0,1,7,0.0,3.49,3.49
장승배기역,발달상권,호프-간이주점,8,0,1,13,14.0,2.9,-11.1
장안동사거리,발달상권,호프-간이주점,32,0,0,0,7.0,4.33,-2.67
장지역(가든파이브),발달상권,호프-간이주점,1,0,1,100,0.0,0.75,0.75
장충동족발거리(남소영길),발달상권,호프-간이주점,3,0,0,0,0.0,2.2,2.2
장한평역(장한평),발달상권,호프-간이주점,23,1,2,9,4.0,4.1,0.1
종각역,발달상권,호프-간이주점,120,7,6,5,5.0,5.85,0.85
종로3가역,발달상권,호프-간이주점,179,2,8,5,5.0,6.05,1.05
종로4가,발달상권,호프-간이주점,4,0,0,0,0.0,2.4,2.4
종로5가역,발달상권,호프-간이주점,21,0,0,0,5.0,3.91,-1.09
종로6가,발달상권,호프-간이주점,4,0,0,0,0.0,2.4,2.4
종로구청,발달상권,호프-간이주점,6,0,0,0,0.0,2.75,2.75
중림동,발달상권,호프-간이주점,13,0,1,8,8.0,3.39,-4.61
중부경찰서(영화인의거리),발달상권,호프-간이주점,14,0,1,7,0.0,3.47,3.47
창동역,발달상권,호프-간이주점,22,0,1,5,0.0,3.93,3.93
천호역,발달상권,호프-간이주점,25,1,0,0,4.0,4.25,0.25
청담사거리(청담동명품거리),발달상권,호프-간이주점,29,2,0,0,7.0,4.51,-2.49
청량리역(청량리),발달상권,호프-간이주점,20,1,1,5,5.0,4.03,-0.97
"총신대입구역(이수, 총신대)",발달상권,호프-간이주점,60,0,5,8,7.0,4.89,-2.11
충무로역,발달상권,호프-간이주점,72,2,3,4,6.0,5.22,-0.78
충정로역,발달상권,호프-간이주점,2,0,0,0,0.0,1.88,1.88
태릉입구역,발달상권,호프-간이주점,10,0,0,0,10.0,3.21,-6.79
퇴계로5가,발달상권,호프-간이주점,1,1,0,0,0.0,5.52,5.52
포스코사거리,발달상권,호프-간이주점,51,2,3,6,2.0,4.91,2.91
포이사거리(삼호물산),발달상권,호프-간이주점,35,2,1,3,13.0,4.64,-8.36
학동사거리,발달상권,호프-간이주점,51,1,2,4,6.0,4.83,-1.17
학동역,발달상권,호프-간이주점,13,0,1,8,0.0,3.39,3.39
한강성심병원,발달상권,호프-간이주점,5,0,0,0,25.0,2.59,-22.41
한남오거리,발달상권,호프-간이주점,44,1,0,0,2.0,4.72,2.72
한성대입구역,발달상권,호프-간이주점,17,0,0,0,13.0,3.7,-9.3
한티역,발달상권,호프-간이주점,12,0,0,0,9.0,3.38,-5.62
합정역,발달상권,호프-간이주점,40,0,2,5,5.0,4.51,-0.49
홍대입구역(홍대),발달상권,호프-간이주점,270,7,21,8,3.0,6.52,3.52
홍제역,발달상권,호프-간이주점,20,0,1,5,5.0,3.83,-1.17
화곡역,발달상권,호프-간이주점,32,1,0,0,0.0,4.45,4.45
회기역,발달상권,호프-간이주점,20,1,1,5,11.0,4.03,-6.97
회현역,발달상권,호프-간이주점,6,0,0,0,0.0,2.74,2.74
가리봉시장,전통시장,분식전문점,2,0,0,0,0.0,3.62,3.62
강남개포시장,전통시장,분식전문점,13,0,0,0,0.0,5.2,5.2
강남골목시장,전통시장,분식전문점,1,0,0,0,0.0,3.21,3.21
강남시장(동작구 강남시장),전통시장,분식전문점,2,0,0,0,0.0,3.62,3.62
강남언주로,전통시장,분식전문점,2,0,0,0,0.0,3.65,3.65
강북북부시장,전통시장,분식전문점,1,0,0,0,0.0,3.21,3.21
강북종합전통시장(강북종합골목시장),전통시장,분식전문점,8,1,0,0,0.0,5.29,5.29
개봉중앙시장,전통시장,분식전문점,7,0,0,0,0.0,4.66,4.66
경동시장,전통시장,분식전문점,4,0,1,25,0.0,3.96,3.96
경창시장,전통시장,분식전문점,2,0,0,0,0.0,3.62,3.62
고덕 골목형상점가,전통시장,분식전문점,4,0,0,0,0.0,4.17,4.17
고분다리전통시장,전통시장,분식전문점,5,0,0,0,0.0,4.32,4.32
고척골목시장상점가(그라운드 고척),전통시장,분식전문점,4,1,1,25,0.0,4.99,4.99
고척근린시장,전통시장,분식전문점,9,2,0,0,0.0,5.75,5.75
공덕시장,전통시장,분식전문점,5,0,0,0,0.0,4.34,4.34
공릉동 도깨비시장,전통시장,분식전문점,10,0,0,0,0.0,4.97,4.97
관악신사시장,전통시장,분식전문점,2,0,1,50,0.0,3.26,3.26
관악종합시장(신원시장),전통시장,분식전문점,3,0,1,33,0.0,3.67,3.67
관악중부시장,전통시장,분식전문점,5,0,0,0,20.0,4.32,-15.68
광장시장(광장전통시장),전통시장,분식전문점,25,0,0,0,4.0,5.81,1.81
구로시장,전통시장,분식전문점,2,0,0,0,0.0,3.62,3.62
금남시장,전통시장,분식전문점,6,0,0,0,0.0,4.5,4.5
길동복조리시장,전통시장,분식전문점,10,0,1,10,0.0,4.89,4.89
까치산시장,전통시장,분식전문점,27,2,1,4,13.0,6.15,-6.85
꿈의숲 장곡 골목형상점가,전통시장,분식전문점,1,0,0,0,0.0,3.21,3.21
낙원시장(낙원지하시장(대일상가)),전통시장,분식전문점,2,1,0,0,0.0,5.64,5.64
남구로시장,전통시장,분식전문점,10,1,0,0,0.0,5.34,5.34
남대문시장(자유상가),전통시장,분식전문점,24,3,1,4,0.0,6.28,6.28
남문시장,전통시장,분식전문점,5,0,0,0,0.0,4.32,4.32
"남부골목시장(남부화곡시장, 남부시장)",전통시장,분식전문점,14,0,1,7,0.0,5.21,5.21
남부종합시장,전통시장,분식전문점,1,0,0,0,0.0,3.21,3.21
남성사계시장(남성시장),전통시장,분식전문점,15,0,0,0,7.0,5.33,-1.67
남성역골목시장,전통시장,분식전문점,5,0,0,0,0.0,4.34,4.34
노량진중앙시장,전통시장,분식전문점,4,0,0,0,0.0,4.14,4.14
능동로골목시장,전통시장,분식전문점,3,0,0,0,0.0,3.91,3.91
답십리시장,전통시장,분식전문점,4,0,0,0,0.0,4.14,4.14
답십리현대시장,전통시장,분식전문점,6,1,0,0,17.0,5.19,-11.81
"대림골목시장(대림시장, 양지시장)",전통시장,분식전문점,7,0,1,14,0.0,4.52,4.52
대림상가(청계상가),전통시장,분식전문점,2,0,0,0,0.0,3.62,3.62
대림중앙시장,전통시장,분식전문점,2,0,0,0,0.0,3.62,3.62
대명여울빛거리시장(대명시장),전통시장,분식전문점,8,0,0,0,0.0,4.75,4.75
대신시장,전통시장,분식전문점,2,0,0,0,0.0,3.62,3.62
대원종합시장,전통시장,분식전문점,1,0,0,0,0.0,3.21,3.21
대조시장,전통시장,분식전문점,11,0,0,0,10.0,5.03,-4.97
도곡시장,전통시장,분식전문점,1,0,0,0,0.0,3.28,3.28
도화동 상점가,전통시장,분식전문점,17,0,1,6,6.0,5.41,-0.59
독산동 맛나는거리상점가(독산동 맛나는거리),전통시장,분식전문점,4,0,1,25,0.0,3.98,3.98
돈암시장(돈암제일시장),전통시장,분식전문점,4,2,1,25,0.0,5.98,5.98
돌곶이시장(석관황금시장),전통시장,분식전문점,4,0,0,0,0.0,4.16,4.16
동대문문구완구거리(동대문문구완구시장),전통시장,분식전문점,3,0,0,0,0.0,3.91,3.91
동대문상가B동,전통시장,분식전문점,1,1,0,0,0.0,7.25,7.25
"동대문종합시장(동대문종합시장 신관, 동대문종합시장D동상가)",전통시장,분식전문점,4,0,0,0,0.0,4.16,4.16
동묘시장(동묘벼룩시장),전통시장,분식전문점,4,0,0,0,0.0,4.14,4.14
동북프라자,전통시장,분식전문점,1,0,0,0,0.0,3.28,3.28
동성타워프라자,전통시장,분식전문점,2,0,0,0,0.0,3.69,3.69
"동원전통종합시장(동원시장, 동원전통시장 상점가)",전통시장,분식전문점,21,1,0,0,0.0,5.85,5.85
동진시장,전통시장,분식전문점,1,0,0,0,0.0,3.21,3.21
동평화시장,전통시장,분식전문점,3,0,0,0,0.0,3.91,3.91
동화동 골목형상점가,전통시장,분식전문점,7,0,2,29,0.0,4.42,4.42
둔촌역전통시장,전통시장,분식전문점,6,0,0,0,0.0,4.51,4.51
뚝도시장,전통시장,분식전문점,12,1,0,0,0.0,5.43,5.43
뚝섬역상점가,전통시장,분식전문점,7,1,0,0,0.0,5.21,5.21
로데오거리상점가,전통시장,분식전문점,12,1,0,0,18.0,5.46,-12.54
마장축산물시장,전통시장,분식전문점,2,0,0,0,0.0,3.65,3.65
마천시장,전통시장,분식전문점,3,0,0,0,0.0,3.91,3.91
마천중앙시장,전통시장,분식전문점,6,0,0,0,0.0,4.5,4.5
마포농수산물시장,전통시장,분식전문점,3,0,1,33,100.0,3.67,-96.33
마포시장,전통시장,분식전문점,7,0,0,0,0.0,4.62,4.62
만리시장,전통시장,분식전문점,3,0,0,0,0.0,3.91,3.91
만양로상점가,전통시장,분식전문점,3,0,0,0,0.0,3.91,3.91
망원시장,전통시장,분식전문점,18,2,0,0,6.0,5.94,-0.06
망원월드컵시장,전통시장,분식전문점,3,0,0,0,0.0,3.91,3.91
면곡골목시장,전통시장,분식전문점,2,0,0,0,0.0,3.62,3.62
면목골목시장(면목시장),전통시장,분식전문점,15,0,1,7,0.0,5.27,5.27
모래내시장(서중시장),전통시장,분식전문점,2,0,0,0,0.0,3.62,3.62
목2동시장,전통시장,분식전문점,7,0,0,0,33.0,4.63,-28.37
목동깨비시장(목3동시장),전통시장,분식전문점,8,0,0,0,0.0,4.74,4.74
목사랑시장(목4동시장),전통시장,분식전문점,10,0,0,0,0.0,4.95,4.95
무학봉상점가,전통시장,분식전문점,5,0,0,0,0.0,4.34,4.34
묵1동도깨비시장,전통시장,분식전문점,5,0,0,0,0.0,4.34,4.34
문정동 로데오거리 상점가(문정동 로데오거리),전통시장,분식전문점,5,0,1,20,0.0,4.23,4.23
미성동 도깨비시장 골목형상점가,전통시장,분식전문점,5,0,0,0,0.0,4.32,4.32
방산종합시장(방산시장),전통시장,분식전문점,12,0,0,0,8.0,5.11,-2.89
방신전통시장,전통시장,분식전문점,5,0,0,0,0.0,4.32,4.32
방이시장,전통시장,분식전문점,14,0,0,0,0.0,5.28,5.28
방천골목시장,전통시장,분식전문점,2,0,0,0,0.0,3.62,3.62
방학동도깨비시장,전통시장,분식전문점,11,0,0,0,0.0,5.03,5.03
백운시장,전통시장,분식전문점,3,0,0,0,0.0,3.91,3.91
백학시장,전통시장,분식전문점,7,0,0,0,0.0,4.64,4.64
본동인정시장(기능상실),전통시장,분식전문점,1,0,0,0,0.0,3.21,3.21
봉일시장,전통시장,분식전문점,2,0,0,0,0.0,3.65,3.65
봉천제일종합시장,전통시장,분식전문점,2,0,0,0,0.0,3.65,3.65
봉천중앙시장,전통시장,분식전문점,3,0,1,33,0.0,3.67,3.67
봉천현대시장,전통시장,분식전문점,1,0,0,0,0.0,3.28,3.28
불광먹자골목 골목형상점가,전통시장,분식전문점,3,0,0,0,0.0,3.91,3.91
비단길현대시장(현대시장),전통시장,분식전문점,12,1,1,8,8.0,5.39,-2.61
사가정시장,전통시장,분식전문점,11,0,0,0,0.0,5.06,5.06
사당1동먹자골목상점가(사당1동먹자골목),전통시장,분식전문점,1,0,0,0,0.0,3.21,3.21
삼구시장(로타리상가),전통시장,분식전문점,2,0,0,0,0.0,3.62,3.62
삼성동 시장(삼성동시장),전통시장,분식전문점,6,0,0,0,20.0,4.48,-15.52
삼양골목시장(삼양시장),전통시장,분식전문점,6,1,0,0,20.0,5.19,-14.81
삼익패션타운(남대문시장),전통시장,분식전문점,1,0,1,100,0.0,2.49,2.49
상계역전종합상가,전통시장,분식전문점,2,1,1,50,0.0,5.28,5.28
상계주공1단지(가)상가,전통시장,분식전문점,2,0,0,0,0.0,3.62,3.62
상계중앙시장,전통시장,분식전문점,7,0,0,0,0.0,4.62,4.62
상도도깨비 골목형상점가,전통시장,분식전문점,2,0,0,0,0.0,3.62,3.62
상도약수골목형상점가,전통시장,분식전문점,1,0,0,0,0.0,3.21,3.21
상도전통시장,전통시장,분식전문점,7,0,0,0,0.0,4.63,4.63
상암동상점가,전통시장,분식전문점,9,1,1,11,0.0,5.22,5.22
새마을시장,전통시장,분식전문점,24,0,0,0,0.0,5.79,5.79
서교시장,전통시장,분식전문점,1,0,0,0,0.0,3.21,3.21
서서울 골목형상점가,전통시장,분식전문점,5,0,0,0,0.0,4.32,4.32
서울약령시장,전통시장,분식전문점,6,0,0,0,0.0,4.48,4.48
서울중앙시장(신중앙시장),전통시장,분식전문점,8,0,0,0,0.0,4.74,4.74
서원동상점가,전통시장,분식전문점,12,2,0,0,0.0,5.81,5.81
석관시장,전통시장,분식전문점,1,0,0,0,0.0,3.21,3.21
석촌시장,전통시장,분식전문점,11,0,1,9,9.0,4.97,-4.03
선유도역 골목형상점가,전통시장,분식전문점,4,0,2,50,0.0,3.83,3.83
성내전통시장,전통시장,분식전문점,6,1,0,0,0.0,5.19,5.19
성대전통시장(성대시장),전통시장,분식전문점,8,0,0,0,0.0,4.74,4.74
성동용답상가시장,전통시장,분식전문점,12,1,0,0,8.0,5.46,-2.54
세종마을음식문화거리(금천교시장),전통시장,분식전문점,6,0,0,0,0.0,4.51,4.51
"솔샘시장(미아6,7동골목시장)",전통시장,분식전문점,7,0,0,0,14.0,4.63,-9.37
송화벽화시장(송화골목시장),전통시장,분식전문점,16,1,2,13,7.0,5.56,-1.44
수유재래시장,전통시장,분식전문점,1,0,0,0,0.0,3.21,3.21
"수유전통시장(수유시장, 수유골목시장)",전통시장,분식전문점,14,0,0,0,0.0,5.26,5.26
수유중앙골목시장(수유중앙시장),전통시장,분식전문점,3,1,1,33,0.0,5.03,5.03
수일시장,전통시장,분식전문점,1,0,0,0,0.0,3.21,3.21
숭인시장,전통시장,분식전문점,9,0,0,0,0.0,4.86,4.86
시영2단지 무지개종합상가(중계 무지개2단지아파트상가),전통시장,분식전문점,2,0,0,0,0.0,3.62,3.62
시영B상가(중계 그린아파트 B 상가),전통시장,분식전문점,2,0,0,0,0.0,3.65,3.65
신곡종합시장(신월6동 골목시장),전통시장,분식전문점,3,0,0,0,0.0,3.91,3.91
신금호역 골목형상점가,전통시장,분식전문점,6,1,0,0,0.0,5.18,5.18
신당 미래유산 먹거리 골목형상점가,전통시장,분식전문점,13,0,0,0,0.0,5.18,5.18
신대방1동골목상권,전통시장,분식전문점,5,0,0,0,25.0,4.35,-20.65
신도봉시장,전통시장,분식전문점,2,0,0,0,100.0,3.62,-96.38
신사상가,전통시장,분식전문점,2,0,0,0,0.0,3.62,3.62
신성시장(신성골목시장),전통시장,분식전문점,2,1,0,0,0.0,5.68,5.68
신아타운,전통시장,분식전문점,2,0,0,0,0.0,3.65,3.65
신영시장,전통시장,분식전문점,6,1,0,0,0.0,5.17,5.17
신원시장,전통시장,분식전문점,9,0,0,0,0.0,4.84,4.84
신월3동 골목시장,전통시장,분식전문점,2,0,0,0,0.0,3.62,3.62
신정1동 골목시장(신정제일시장),전통시장,분식전문점,3,0,0,0,0.0,3.93,3.93
신정2동 골목시장(오목교중앙시장),전통시장,분식전문점,3,0,0,0,0.0,3.91,3.91
신정3동 골목시장,전통시장,분식전문점,1,0,0,0,0.0,3.21,3.21
신촌 상인회(신촌상점가),전통시장,분식전문점,1,0,0,0,0.0,3.28,3.28
신흥시장,전통시장,분식전문점,2,0,0,0,0.0,3.62,3.62
쌍문시장(쌍문역골목시장),전통시장,분식전문점,5,0,0,0,0.0,4.32,4.32
쌍문역동측상점가,전통시장,분식전문점,11,2,1,9,0.0,5.72,5.72
쌍문역둘리상점가,전통시장,분식전문점,4,0,0,0,0.0,4.16,4.16
아현시장,전통시장,분식전문점,7,0,0,0,0.0,4.63,4.63
암사종합시장,전통시장,분식전문점,17,0,0,0,0.0,5.46,5.46
약수시장,전통시장,분식전문점,5,0,0,0,0.0,4.34,4.34
양재시장,전통시장,분식전문점,1,0,0,0,0.0,3.21,3.21
연서시장,전통시장,분식전문점,10,0,0,0,0.0,4.95,4.95
연신내상점가(연빛거리),전통시장,분식전문점,20,0,2,10,11.0,5.54,-5.46
연희사러가,전통시장,분식전문점,3,0,0,0,0.0,3.93,3.93
영동전통시장,전통시장,분식전문점,11,2,0,0,0.0,5.76,5.76
영등포시장기계공구상가,전통시장,분식전문점,1,0,0,0,0.0,3.21,3.21
영등포역지하도상점가,전통시장,분식전문점,19,0,1,5,0.0,5.53,5.53
영등포유통상가,전통시장,분식전문점,2,0,0,0,0.0,3.62,3.62
영등포청과시장(조광시장),전통시장,분식전문점,4,0,0,0,0.0,4.16,4.16
영림시장,전통시장,분식전문점,19,2,0,0,5.0,6.01,1.01
영진시장A동,전통시장,분식전문점,1,0,0,0,0.0,3.21,3.21
영천시장,전통시장,분식전문점,9,1,1,11,0.0,5.22,5.22
오!도봉거리 상점가,전통시장,분식전문점,1,0,0,0,0.0,3.21,3.21
오류시장,전통시장,분식전문점,3,0,0,0,0.0,3.93,3.93
왕십리도선동상점가,전통시장,분식전문점,17,0,0,0,6.0,5.45,-0.55
용산용문시장,전통시장,분식전문점,15,1,1,7,0.0,5.56,5.56
우리시장,전통시장,분식전문점,4,0,0,0,0.0,4.14,4.14
우림골목시장,전통시장,분식전문점,11,1,0,0,0.0,5.42,5.42
우림시장,전통시장,분식전문점,4,0,0,0,0.0,4.14,4.14
우이골목시장(우이시장),전통시장,분식전문점,5,0,1,20,0.0,4.18,4.18
월정로시장,전통시장,분식전문점,2,0,0,0,100.0,3.62,-96.38
유영시장,전통시장,분식전문점,1,0,0,0,0.0,3.21,3.21
은행나무시장,전통시장,분식전문점,6,0,1,17,0.0,4.38,4.38
응암시장(신응암시장),전통시장,분식전문점,5,0,0,0,25.0,4.32,-20.68
응암오거리상점가,전통시장,분식전문점,5,0,0,0,0.0,4.35,4.35
이경시장,전통시장,분식전문점,1,0,0,0,0.0,3.21,3.21
이대 앞 스타트업 상점가,전통시장,분식전문점,3,1,1,33,0.0,5.01,5.01
이문제일시장,전통시장,분식전문점,1,0,0,0,0.0,3.21,3.21
이촌종합시장,전통시장,분식전문점,2,0,0,0,0.0,3.62,3.62
이태원시장,전통시장,분식전문점,3,0,0,0,0.0,3.93,3.93
"이화여대 3,5,7길 상점가",전통시장,분식전문점,21,1,2,10,0.0,5.78,5.78
인왕시장(홍제골목형상점가),전통시장,분식전문점,8,0,0,0,0.0,4.74,4.74
인헌시장(원당종합시장),전통시장,분식전문점,10,0,1,10,0.0,4.88,4.88
인현시장,전통시장,분식전문점,4,0,0,0,0.0,4.14,4.14
자양골목전통시장(자양골목시장),전통시장,분식전문점,11,0,0,0,0.0,5.05,5.05
장미원골목시장,전통시장,분식전문점,5,0,0,0,0.0,4.34,4.34
장미제일시장(중화동제일시장),전통시장,분식전문점,4,1,0,0,0.0,5.15,5.15
장신구 특화거리 상점가,전통시장,분식전문점,1,0,0,0,0.0,3.21,3.21
장위전통시장,전통시장,분식전문점,4,0,0,0,0.0,4.16,4.16
전곡시장,전통시장,분식전문점,4,0,0,0,0.0,4.16,4.16
전농로터리시장,전통시장,분식전문점,3,0,0,0,0.0,3.93,3.93
정릉골 골목형상점가,전통시장,분식전문점,4,0,0,0,33.0,4.14,-28.86
정릉시장,전통시장,분식전문점,23,1,1,4,0.0,5.88,5.88
정릉아리랑시장,전통시장,분식전문점,1,0,0,0,0.0,3.21,3.21
제일시장,전통시장,분식전문점,7,0,0,0,0.0,4.63,4.63
조양시장,전통시장,분식전문점,1,0,0,0,0.0,3.21,3.21
조원동 펭귄시장(신림중앙시장),전통시장,분식전문점,8,0,0,0,0.0,4.76,4.76
종로신진시장,전통시장,분식전문점,5,1,0,0,25.0,5.13,-19.87
"중곡제일시장(중곡제일골목시장, 광성시장)",전통시장,분식전문점,15,1,2,13,0.0,5.51,5.51
중랑동부시장,전통시장,분식전문점,18,1,0,0,13.0,5.75,-7.25
중랑동부시장(중랑교종합상가),전통시장,분식전문점,1,0,0,0,0.0,3.21,3.21
중부시장(신중부시장),전통시장,분식전문점,4,0,0,0,0.0,4.14,4.14
증산종합시장,전통시장,분식전문점,5,0,0,0,0.0,4.32,4.32
창동골목시장,전통시장,분식전문점,5,0,0,0,0.0,4.35,4.35
창동신창시장,전통시장,분식전문점,8,0,0,0,0.0,4.74,4.74
창동역상점가,전통시장,분식전문점,5,1,1,20,0.0,5.03,5.03
창신골목시장,전통시장,분식전문점,1,0,0,0,0.0,3.21,3.21
청계천공구상가,전통시장,분식전문점,1,0,0,0,0.0,3.21,3.21
청담삼익시장,전통시장,분식전문점,6,0,0,0,20.0,4.48,-15.52
청량리농수산물시장,전통시장,분식전문점,3,0,0,0,0.0,3.91,3.91
청량리전통시장,전통시장,분식전문점,6,1,0,0,0.0,5.17,5.17
청량리종합시장,전통시장,분식전문점,2,0,0,0,0.0,3.62,3.62
청량리청과물시장,전통시장,분식전문점,4,1,0,0,0.0,5.15,5.15
청량종합도매시장,전통시장,분식전문점,1,0,0,0,0.0,3.21,3.21
통인시장,전통시장,분식전문점,13,0,0,0,17.0,5.18,-11.82
"평화시장(남평화시장, 제일평화시장, 신평화패션타운)",전통시장,분식전문점,5,1,0,0,0.0,5.15,5.15
"평화시장(통일상가, 동화상가)",전통시장,분식전문점,12,0,1,8,9.0,5.09,-3.91
포방터시장,전통시장,분식전문점,6,0,0,0,0.0,4.48,4.48
풍납시장,전통시장,분식전문점,5,0,0,0,25.0,4.35,-20.65
필동 골목형상점가,전통시장,분식전문점,1,0,0,0,0.0,3.28,3.28
"한양대앞상점가(한양시장, 왕십리맛골목)",전통시장,분식전문점,10,0,0,0,8.0,4.96,-3.04
행당시장상점가,전통시장,분식전문점,14,1,0,0,0.0,5.54,5.54
홍대 걷고싶은 거리,전통시장,분식전문점,17,0,0,0,13.0,5.47,-7.53
홍대소상공인상점가,전통시장,분식전문점,17,0,1,6,0.0,5.4,5.4
화곡본동시장,전통시장,분식전문점,4,0,1,25,0.0,3.99,3.99
화곡중앙시장,전통시장,분식전문점,7,0,1,14,0.0,4.53,4.53
화양제일골목시장,전통시장,분식전문점,7,0,0,0,0.0,4.62,4.62
황학동주방가구거리상점가,전통시장,분식전문점,1,1,1,100,0.0,6.53,6.53
"황학시장(서울중앙시장, 신중앙시장)",전통시장,분식전문점,6,0,0,0,0.0,4.48,4.48
회기시장,전통시장,분식전문점,10,1,0,0,0.0,5.34,5.34
후암시장,전통시장,분식전문점,2,0,0,0,0.0,3.62,3.62
흑석시장,전통시장,분식전문점,2,0,0,0,100.0,3.62,-96.38
강남개포시장,전통시장,양식음식점,3,0,0,0,0.0,3.8,3.8
강남골목시장,전통시장,양식음식점,1,0,0,0,0.0,3.07,3.07
강남시장(강남구 강남시장),전통시장,양식음식점,1,0,0,0,0.0,3.07,3.07
강남언주로,전통시장,양식음식점,10,0,1,10,0.0,4.73,4.73
강북북부골목시장,전통시장,양식음식점,2,0,0,0,100.0,3.49,-96.51
강북종합전통시장(강북종합골목시장),전통시장,양식음식점,4,0,0,0,0.0,4.02,4.02
개봉중앙시장,전통시장,양식음식점,1,0,0,0,0.0,3.07,3.07
경동시장,전통시장,양식음식점,4,0,0,0,0.0,4.0,4.0
고덕 골목형상점가,전통시장,양식음식점,2,1,0,0,0.0,5.51,5.51
공덕시장,전통시장,양식음식점,1,0,0,0,0.0,3.07,3.07
공릉동 도깨비시장,전통시장,양식음식점,2,0,0,0,0.0,3.52,3.52
관악신사시장,전통시장,양식음식점,2,0,0,0,0.0,3.49,3.49
관악중부시장,전통시장,양식음식점,2,0,0,0,0.0,3.49,3.49
광장시장(광장전통시장),전통시장,양식음식점,3,0,0,0,0.0,3.78,3.78
금남시장,전통시장,양식음식점,1,0,1,100,0.0,2.35,2.35
길동복조리시장,전통시장,양식음식점,1,0,0,0,0.0,3.07,3.07
까치산시장,전통시장,양식음식점,2,0,0,0,0.0,3.55,3.55
낙원시장(낙원지하시장(대일상가)),전통시장,양식음식점,1,0,0,0,0.0,3.07,3.07
남대문시장(자유상가),전통시장,양식음식점,4,0,0,0,0.0,4.02,4.02
남문시장,전통시장,양식음식점,1,0,0,0,0.0,3.07,3.07
"남부골목시장(남부화곡시장, 남부시장)",전통시장,양식음식점,3,0,0,0,0.0,3.78,3.78
남성사계시장(남성시장),전통시장,양식음식점,3,0,0,0,0.0,3.8,3.8
노량진중앙시장,전통시장,양식음식점,1,0,0,0,0.0,3.07,3.07
답십리현대시장,전통시장,양식음식점,1,0,0,0,0.0,3.07,3.07
대림중앙시장,전통시장,양식음식점,1,0,0,0,0.0,3.07,3.07
대명여울빛거리시장(대명시장),전통시장,양식음식점,1,0,0,0,0.0,3.07,3.07
도화동 상점가,전통시장,양식음식점,14,0,1,7,0.0,5.08,5.08
돌곶이시장(석관황금시장),전통시장,양식음식점,2,0,0,0,0.0,3.52,3.52
"동대문종합시장(동대문종합시장 신관, 동대문종합시장D동상가)",전통시장,양식음식점,2,0,0,0,0.0,3.52,3.52
동묘시장(동묘벼룩시장),전통시장,양식음식점,1,0,0,0,0.0,3.14,3.14
"동원전통종합시장(동원시장, 동원전통시장 상점가)",전통시장,양식음식점,1,0,0,0,0.0,3.07,3.07
동화동 골목형상점가,전통시장,양식음식점,5,1,0,0,0.0,5.0,5.0
둔촌역전통시장,전통시장,양식음식점,1,0,0,0,0.0,3.07,3.07
뚝도시장,전통시장,양식음식점,5,0,0,0,25.0,4.19,-20.81
뚝섬역상점가,전통시장,양식음식점,7,0,0,0,0.0,4.48,4.48
로데오거리상점가,전통시장,양식음식점,6,0,0,0,0.0,4.37,4.37
마장축산물시장,전통시장,양식음식점,3,0,0,0,0.0,3.8,3.8
마포시장,전통시장,양식음식점,1,0,0,0,0.0,3.07,3.07
만양로상점가,전통시장,양식음식점,2,0,0,0,0.0,3.49,3.49
망원시장,전통시장,양식음식점,6,1,2,33,17.0,4.81,-12.19
면곡골목시장,전통시장,양식음식점,1,0,0,0,0.0,3.07,3.07
면목골목시장(면목시장),전통시장,양식음식점,1,0,0,0,0.0,3.07,3.07
명일전통시장,전통시장,양식음식점,1,0,0,0,0.0,3.07,3.07
목2동시장,전통시장,양식음식점,2,0,0,0,0.0,3.49,3.49
목동깨비시장(목3동시장),전통시장,양식음식점,1,0,0,0,0.0,3.07,3.07
무학봉상점가,전통시장,양식음식점,1,0,0,0,0.0,3.07,3.07
묵1동도깨비시장,전통시장,양식음식점,1,0,0,0,0.0,3.07,3.07
문정동 로데오거리 상점가(문정동 로데오거리),전통시장,양식음식점,8,0,1,13,33.0,4.52,-28.48
미성동 도깨비시장 골목형상점가,전통시장,양식음식점,1,0,0,0,0.0,3.07,3.07
방신전통시장,전통시장,양식음식점,1,0,0,0,0.0,3.07,3.07
방이시장,전통시장,양식음식점,3,0,0,0,0.0,3.78,3.78
방학동도깨비시장,전통시장,양식음식점,1,0,0,0,0.0,3.07,3.07
백학시장,전통시장,양식음식점,8,0,0,0,0.0,4.6,4.6
봉천제일종합시장,전통시장,양식음식점,2,1,1,50,0.0,5.15,5.15
사가정시장,전통시장,양식음식점,5,0,0,0,0.0,4.19,4.19
사당1동먹자골목상점가(사당1동먹자골목),전통시장,양식음식점,4,0,0,0,0.0,4.0,4.0
사당시장,전통시장,양식음식점,1,0,0,0,0.0,3.07,3.07
상계중앙시장,전통시장,양식음식점,1,0,0,0,0.0,3.07,3.07
상도약수골목형상점가,전통시장,양식음식점,2,0,0,0,0.0,3.49,3.49
상도전통시장,전통시장,양식음식점,5,1,0,0,0.0,5.0,5.0
상암동상점가,전통시장,양식음식점,22,0,1,5,0.0,5.52,5.52
새마을시장,전통시장,양식음식점,6,0,0,0,0.0,4.35,4.35
새석관시장,전통시장,양식음식점,1,0,0,0,0.0,3.07,3.07
서울약령시장,전통시장,양식음식점,1,0,0,0,0.0,3.07,3.07
서울중앙시장(신중앙시장),전통시장,양식음식점,4,0,2,50,0.0,3.64,3.64
서원동상점가,전통시장,양식음식점,6,0,0,0,0.0,4.35,4.35
석촌시장,전통시장,양식음식점,6,0,0,0,20.0,4.35,-15.65
선유도역 골목형상점가,전통시장,양식음식점,4,0,0,0,0.0,4.0,4.0
성대전통시장(성대시장),전통시장,양식음식점,4,0,0,0,0.0,4.0,4.0
성동용답상가시장,전통시장,양식음식점,2,1,0,0,0.0,5.51,5.51
성수역 골목형상점가,전통시장,양식음식점,1,0,0,0,0.0,3.07,3.07
세종마을음식문화거리(금천교시장),전통시장,양식음식점,6,0,1,17,0.0,4.22,4.22
"수유전통시장(수유시장, 수유골목시장)",전통시장,양식음식점,1,0,0,0,0.0,3.07,3.07
수유중앙골목시장(수유중앙시장),전통시장,양식음식점,1,0,0,0,0.0,3.14,3.14
숭인시장,전통시장,양식음식점,1,0,0,0,0.0,3.07,3.07
신곡종합시장(신월6동 골목시장),전통시장,양식음식점,1,0,0,0,0.0,3.07,3.07
신대방1동골목상권,전통시장,양식음식점,1,0,0,0,0.0,3.07,3.07
신동시장,전통시장,양식음식점,2,0,0,0,0.0,3.49,3.49
신아타운,전통시장,양식음식점,1,0,0,0,0.0,3.07,3.07
신정2동 골목시장(오목교중앙시장),전통시장,양식음식점,1,0,0,0,0.0,3.07,3.07
신촌 상인회(신촌상점가),전통시장,양식음식점,1,0,0,0,0.0,3.07,3.07
신흥시장,전통시장,양식음식점,18,2,0,0,0.0,5.81,5.81
쌍문시장(쌍문역골목시장),전통시장,양식음식점,2,0,0,0,0.0,3.49,3.49
쌍문역동측상점가,전통시장,양식음식점,4,0,0,0,0.0,4.02,4.02
쌍문역둘리상점가,전통시장,양식음식점,1,0,0,0,0.0,3.07,3.07
아현시장,전통시장,양식음식점,2,0,0,0,0.0,3.49,3.49
약수시장,전통시장,양식음식점,1,1,0,0,0.0,7.12,7.12
연서시장,전통시장,양식음식점,1,0,0,0,0.0,3.07,3.07
연신내상점가(연빛거리),전통시장,양식음식점,13,0,0,0,8.0,5.06,-2.94
영동전통시장,전통시장,양식음식점,10,1,0,0,0.0,5.21,5.21
영등포역지하도상점가,전통시장,양식음식점,9,0,0,0,13.0,4.73,-8.27
영등포유통상가,전통시장,양식음식점,2,0,0,0,100.0,3.52,-96.48
영등포청과시장(조광시장),전통시장,양식음식점,2,0,0,0,0.0,3.52,3.52
영림시장,전통시장,양식음식점,1,0,0,0,0.0,3.07,3.07
영일시장,전통시장,양식음식점,1,0,0,0,0.0,3.07,3.07
영천시장,전통시장,양식음식점,1,0,0,0,0.0,3.07,3.07
오!도봉거리 상점가,전통시장,양식음식점,1,0,0,0,0.0,3.07,3.07
왕십리도선동상점가,전통시장,양식음식점,6,0,1,17,0.0,4.24,4.24
용강동 상점가,전통시장,양식음식점,5,0,1,20,0.0,4.05,4.05
용산용문시장,전통시장,양식음식점,2,0,0,0,0.0,3.49,3.49
우림골목시장,전통시장,양식음식점,2,0,0,0,0.0,3.49,3.49
응암시장(신응암시장),전통시장,양식음식점,2,0,0,0,0.0,3.52,3.52
응암오거리상점가,전통시장,양식음식점,3,0,0,0,0.0,3.78,3.78
이대 앞 스타트업 상점가,전통시장,양식음식점,3,0,0,0,0.0,3.78,3.78
이촌종합시장,전통시장,양식음식점,2,0,0,0,0.0,3.52,3.52
이태원시장,전통시장,양식음식점,10,0,1,10,0.0,4.73,4.73
"이화여대 3,5,7길 상점가",전통시장,양식음식점,21,1,0,0,17.0,5.72,-11.28
인헌시장(원당종합시장),전통시장,양식음식점,2,0,0,0,0.0,3.49,3.49
인현시장,전통시장,양식음식점,4,1,0,0,0.0,5.02,5.02
장미제일시장(중화동제일시장),전통시장,양식음식점,1,0,0,0,0.0,3.07,3.07
정릉시장,전통시장,양식음식점,6,0,1,17,17.0,4.24,-12.76
제일시장,전통시장,양식음식점,2,0,0,0,0.0,3.49,3.49
"중곡제일시장(중곡제일골목시장, 광성시장)",전통시장,양식음식점,2,0,0,0,0.0,3.49,3.49
중랑동부시장,전통시장,양식음식점,2,0,0,0,0.0,3.52,3.52
중랑동부시장(중랑교종합상가),전통시장,양식음식점,1,0,0,0,0.0,3.07,3.07
창동역상점가,전통시장,양식음식점,2,0,0,0,100.0,3.52,-96.48
창신골목시장,전통시장,양식음식점,6,0,0,0,0.0,4.35,4.35
청담삼익시장,전통시장,양식음식점,1,0,0,0,0.0,3.07,3.07
청량리전통시장,전통시장,양식음식점,1,0,0,0,0.0,3.07,3.07
청량종합도매시장,전통시장,양식음식점,1,0,0,0,0.0,3.07,3.07
테크노상가(엘리시움),전통시장,양식음식점,1,0,0,0,0.0,3.07,3.07
통인시장,전통시장,양식음식점,10,0,0,0,0.0,4.81,4.81
"평화시장(통일상가, 동화상가)",전통시장,양식음식점,16,1,0,0,7.0,5.52,-1.48
"한양대앞상점가(한양시장, 왕십리맛골목)",전통시장,양식음식점,6,0,0,0,0.0,4.37,4.37
행당시장상점가,전통시장,양식음식점,6,0,0,0,0.0,4.36,4.36
홍대 걷고싶은 거리,전통시장,양식음식점,16,1,0,0,7.0,5.49,-1.51
홍대소상공인상점가,전통시장,양식음식점,19,3,0,0,0.0,6.07,6.07
화양제일골목시장,전통시장,양식음식점,3,0,0,0,0.0,3.78,3.78
"황학시장(서울중앙시장, 신중앙시장)",전통시장,양식음식점,5,0,0,0,0.0,4.2,4.2
회기시장,전통시장,양식음식점,2,0,0,0,50.0,3.52,-46.48
강남개포시장,전통시장,일식음식점,5,0,0,0,25.0,4.28,-20.72
강남시장(강남구 강남시장),전통시장,일식음식점,1,0,0,0,0.0,3.15,3.15
강남언주로,전통시장,일식음식점,7,0,1,14,0.0,4.46,4.46
강북종합전통시장(강북종합골목시장),전통시장,일식음식점,6,0,1,17,20.0,4.3,-15.7
경동시장,전통시장,일식음식점,3,0,0,0,0.0,3.86,3.86
경창시장,전통시장,일식음식점,2,0,0,0,0.0,3.57,3.57
고덕 골목형상점가,전통시장,일식음식점,2,0,0,0,0.0,3.6,3.6
고척골목시장상점가(그라운드 고척),전통시장,일식음식점,1,1,0,0,0.0,7.27,7.27
공릉동 도깨비시장,전통시장,일식음식점,1,0,0,0,0.0,3.22,3.22
관악종합시장(신원시장),전통시장,일식음식점,1,0,0,0,0.0,3.15,3.15
관악중부시장,전통시장,일식음식점,3,0,0,0,0.0,3.86,3.86
금남시장,전통시장,일식음식점,2,0,0,0,0.0,3.57,3.57
길동복조리시장,전통시장,일식음식점,1,0,0,0,0.0,3.15,3.15
까치산시장,전통시장,일식음식점,4,0,0,0,0.0,4.1,4.1
"남부골목시장(남부화곡시장, 남부시장)",전통시장,일식음식점,3,0,0,0,0.0,3.88,3.88
남성사계시장(남성시장),전통시장,일식음식점,6,0,0,0,20.0,4.47,-15.53
남성역골목시장,전통시장,일식음식점,2,0,1,50,0.0,3.21,3.21
노량진중앙시장,전통시장,일식음식점,3,0,0,0,0.0,3.86,3.86
답십리 건축자재시장,전통시장,일식음식점,1,0,0,0,0.0,3.15,3.15
답십리시장,전통시장,일식음식점,1,0,0,0,0.0,3.15,3.15
답십리현대시장,전통시장,일식음식점,1,0,0,0,0.0,3.15,3.15
대림상가(청계상가),전통시장,일식음식점,1,0,0,0,0.0,3.15,3.15
대명여울빛거리시장(대명시장),전통시장,일식음식점,1,0,1,100,0.0,2.44,2.44
도화동 상점가,전통시장,일식음식점,15,0,0,0,0.0,5.28,5.28
독산동 우시장,전통시장,일식음식점,1,0,0,0,0.0,3.15,3.15
돈암시장(돈암제일시장),전통시장,일식음식점,4,0,0,0,0.0,4.1,4.1
동대문문구완구거리(동대문문구완구시장),전통시장,일식음식점,3,0,0,0,50.0,3.93,-46.07
"동대문종합시장(동대문종합시장 신관, 동대문종합시장D동상가)",전통시장,일식음식점,5,0,0,0,0.0,4.3,4.3
동묘시장(동묘벼룩시장),전통시장,일식음식점,1,0,2,100,0.0,2.5,2.5
동북프라자,전통시장,일식음식점,1,0,0,0,0.0,3.15,3.15
"동원전통종합시장(동원시장, 동원전통시장 상점가)",전통시장,일식음식점,4,0,0,0,0.0,4.09,4.09
동진시장,전통시장,일식음식점,1,0,0,0,0.0,3.15,3.15
동화동 골목형상점가,전통시장,일식음식점,2,0,0,0,0.0,3.57,3.57
둔촌역전통시장,전통시장,일식음식점,2,0,0,0,0.0,3.57,3.57
뚝도시장,전통시장,일식음식점,5,0,0,0,0.0,4.27,4.27
뚝섬역상점가,전통시장,일식음식점,3,0,1,33,0.0,3.62,3.62
로데오거리상점가,전통시장,일식음식점,13,0,1,8,0.0,5.08,5.08
마천시장,전통시장,일식음식점,2,0,0,0,0.0,3.57,3.57
마포농수산물시장,전통시장,일식음식점,1,0,0,0,0.0,3.15,3.15
망원시장,전통시장,일식음식점,2,0,0,0,0.0,3.57,3.57
면목골목시장(면목시장),전통시장,일식음식점,1,0,0,0,0.0,3.15,3.15
목2동시장,전통시장,일식음식점,2,0,0,0,0.0,3.63,3.63
목동깨비시장(목3동시장),전통시장,일식음식점,5,0,0,0,25.0,4.3,-20.7
무학봉상점가,전통시장,일식음식점,1,0,0,0,0.0,3.15,3.15
묵1동도깨비시장,전통시장,일식음식점,3,0,0,0,0.0,3.86,3.86
문정동 로데오거리 상점가(문정동 로데오거리),전통시장,일식음식점,4,0,0,0,0.0,4.09,4.09
미성동 도깨비시장 골목형상점가,전통시장,일식음식점,1,0,0,0,0.0,3.15,3.15
방산종합시장(방산시장),전통시장,일식음식점,1,0,0,0,0.0,3.15,3.15
방이시장,전통시장,일식음식점,6,0,0,0,0.0,4.43,4.43
방학동도깨비시장,전통시장,일식음식점,1,0,1,100,0.0,2.5,2.5
백학시장,전통시장,일식음식점,4,0,0,0,0.0,4.1,4.1
본동인정시장(기능상실),전통시장,일식음식점,1,0,0,0,0.0,3.15,3.15
봉천제일종합시장,전통시장,일식음식점,2,0,0,0,0.0,3.57,3.57
불광먹자골목 골목형상점가,전통시장,일식음식점,2,0,0,0,0.0,3.57,3.57
비단길현대시장(현대시장),전통시장,일식음식점,1,0,0,0,0.0,3.15,3.15
사가정시장,전통시장,일식음식점,4,0,1,25,0.0,3.91,3.91
사당1동먹자골목상점가(사당1동먹자골목),전통시장,일식음식점,9,0,0,0,0.0,4.8,4.8
삼양골목시장(삼양시장),전통시장,일식음식점,1,0,0,0,0.0,3.15,3.15
상계주공1단지(가)상가,전통시장,일식음식점,1,0,0,0,0.0,3.15,3.15
상계중앙시장,전통시장,일식음식점,1,0,0,0,0.0,3.15,3.15
상도전통시장,전통시장,일식음식점,2,0,0,0,0.0,3.57,3.57
상암동상점가,전통시장,일식음식점,34,1,1,3,3.0,6.17,3.17
새마을시장,전통시장,일식음식점,10,0,0,0,0.0,4.89,4.89
서울중앙시장(신중앙시장),전통시장,일식음식점,6,0,0,0,0.0,4.43,4.43
서원동상점가,전통시장,일식음식점,12,0,0,0,0.0,5.06,5.06
석촌시장,전통시장,일식음식점,5,0,0,0,0.0,4.27,4.27
선유도역 골목형상점가,전통시장,일식음식점,6,0,0,0,0.0,4.44,4.44
성대전통시장(성대시장),전통시장,일식음식점,1,0,0,0,0.0,3.15,3.15
성동용답상가시장,전통시장,일식음식점,5,0,0,0,0.0,4.27,4.27
세종마을음식문화거리(금천교시장),전통시장,일식음식점,1,0,0,0,0.0,3.15,3.15
"솔샘시장(미아6,7동골목시장)",전통시장,일식음식점,1,0,0,0,0.0,3.15,3.15
송화벽화시장(송화골목시장),전통시장,일식음식점,1,0,0,0,0.0,3.15,3.15
수유중앙골목시장(수유중앙시장),전통시장,일식음식점,1,0,1,100,0.0,2.44,2.44
신금호역 골목형상점가,전통시장,일식음식점,3,0,0,0,50.0,3.86,-46.14
신성시장(신성골목시장),전통시장,일식음식점,1,0,0,0,0.0,3.15,3.15
신영시장,전통시장,일식음식점,3,0,0,0,0.0,3.86,3.86
신원시장,전통시장,일식음식점,1,0,0,0,0.0,3.15,3.15
신정2동 골목시장(오목교중앙시장),전통시장,일식음식점,1,0,0,0,0.0,3.15,3.15
쌍문시장(쌍문역골목시장),전통시장,일식음식점,6,0,0,0,20.0,4.44,-15.56
쌍문역동측상점가,전통시장,일식음식점,4,0,0,0,33.0,4.09,-28.91
쌍문역둘리상점가,전통시장,일식음식점,2,0,1,50,0.0,3.21,3.21
아현시장,전통시장,일식음식점,1,0,0,0,0.0,3.22,3.22
약수시장,전통시장,일식음식점,2,0,0,0,0.0,3.57,3.57
양재시장,전통시장,일식음식점,1,0,0,0,0.0,3.22,3.22
연서시장,전통시장,일식음식점,2,1,0,0,100.0,5.66,-94.34
연신내상점가(연빛거리),전통시장,일식음식점,23,1,2,9,0.0,5.79,5.79
연희사러가,전통시장,일식음식점,1,0,0,0,0.0,3.15,3.15
영동전통시장,전통시장,일식음식점,3,0,0,0,0.0,3.86,3.86
영등포역지하도상점가,전통시장,일식음식점,5,0,0,0,0.0,4.3,4.3
영등포유통상가,전통시장,일식음식점,2,0,0,0,0.0,3.57,3.57
영등포전통시장,전통시장,일식음식점,2,0,0,0,0.0,3.57,3.57
영등포청과시장(조광시장),전통시장,일식음식점,1,0,0,0,0.0,3.22,3.22
영림시장,전통시장,일식음식점,6,0,0,0,0.0,4.43,4.43
영천시장,전통시장,일식음식점,1,0,0,0,0.0,3.15,3.15
왕십리도선동상점가,전통시장,일식음식점,6,0,0,0,0.0,4.43,4.43
용강동 상점가,전통시장,일식음식점,7,0,0,0,0.0,4.58,4.58
우림골목시장,전통시장,일식음식점,2,0,0,0,0.0,3.57,3.57
은행나무시장,전통시장,일식음식점,2,0,0,0,0.0,3.57,3.57
응암오거리상점가,전통시장,일식음식점,2,0,0,0,0.0,3.57,3.57
이대 앞 스타트업 상점가,전통시장,일식음식점,6,0,0,0,20.0,4.43,-15.57
이문제일시장,전통시장,일식음식점,1,0,0,0,0.0,3.15,3.15
이촌종합시장,전통시장,일식음식점,7,0,0,0,17.0,4.57,-12.43
"이화여대 3,5,7길 상점가",전통시장,일식음식점,9,1,1,11,0.0,5.16,5.16
인헌시장(원당종합시장),전통시장,일식음식점,3,0,0,0,0.0,3.86,3.86
인현시장,전통시장,일식음식점,2,0,0,0,100.0,3.57,-96.43
자양골목전통시장(자양골목시장),전통시장,일식음식점,1,0,0,0,0.0,3.15,3.15
자양종합시장(기능상실),전통시장,일식음식점,1,0,0,0,0.0,3.15,3.15
장미제일시장(중화동제일시장),전통시장,일식음식점,1,0,0,0,0.0,3.15,3.15
정릉골 골목형상점가,전통시장,일식음식점,3,0,0,0,0.0,3.86,3.86
정릉시장,전통시장,일식음식점,2,0,0,0,0.0,3.57,3.57
정릉아리랑시장,전통시장,일식음식점,2,0,0,0,0.0,3.57,3.57
제일시장,전통시장,일식음식점,1,0,0,0,0.0,3.15,3.15
종로신진시장,전통시장,일식음식점,2,0,0,0,0.0,3.57,3.57
"중곡제일시장(중곡제일골목시장, 광성시장)",전통시장,일식음식점,1,0,0,0,0.0,3.15,3.15
중랑동부시장,전통시장,일식음식점,1,0,0,0,0.0,3.15,3.15
중랑동부시장(중랑교종합상가),전통시장,일식음식점,1,0,0,0,0.0,3.15,3.15
중부시장(신중부시장),전통시장,일식음식점,1,0,0,0,0.0,3.22,3.22
창동신창시장,전통시장,일식음식점,1,0,0,0,0.0,3.15,3.15
창동역상점가,전통시장,일식음식점,1,0,1,100,0.0,2.44,2.44
청계천공구상가,전통시장,일식음식점,1,0,0,0,0.0,3.15,3.15
청량리전통시장,전통시장,일식음식점,2,0,0,0,0.0,3.57,3.57
통인시장,전통시장,일식음식점,2,0,0,0,0.0,3.57,3.57
"평화시장(통일상가, 동화상가)",전통시장,일식음식점,8,0,0,0,0.0,4.68,4.68
포방터시장,전통시장,일식음식점,3,0,0,0,0.0,3.86,3.86
필동 골목형상점가,전통시장,일식음식점,1,0,0,0,0.0,3.15,3.15
한아름시장,전통시장,일식음식점,2,0,0,0,0.0,3.57,3.57
"한양대앞상점가(한양시장, 왕십리맛골목)",전통시장,일식음식점,6,0,0,0,20.0,4.45,-15.55
행당시장상점가,전통시장,일식음식점,6,0,1,17,0.0,4.3,4.3
홍대 걷고싶은 거리,전통시장,일식음식점,19,0,0,0,0.0,5.5,5.5
홍대소상공인상점가,전통시장,일식음식점,14,1,2,14,8.0,5.4,-2.6
화곡중앙시장,전통시장,일식음식점,3,0,0,0,0.0,3.86,3.86
화양제일골목시장,전통시장,일식음식점,1,0,0,0,0.0,3.15,3.15
"황학시장(서울중앙시장, 신중앙시장)",전통시장,일식음식점,1,0,0,0,0.0,3.15,3.15
회기시장,전통시장,일식음식점,3,0,0,0,0.0,3.86,3.86
후암시장,전통시장,일식음식점,1,0,0,0,0.0,3.15,3.15
강남개포시장,전통시장,제과점,1,0,0,0,0.0,2.91,2.91
강남시장(강남구 강남시장),전통시장,제과점,2,0,0,0,0.0,3.26,3.26
강남시장(동작구 강남시장),전통시장,제과점,1,0,0,0,0.0,2.85,2.85
강북북부골목시장,전통시장,제과점,1,0,0,0,0.0,2.85,2.85
강북북부시장,전통시장,제과점,1,0,0,0,0.0,2.91,2.91
강북종합전통시장(강북종합골목시장),전통시장,제과점,5,0,0,0,0.0,3.97,3.97
개봉중앙시장,전통시장,제과점,5,1,0,0,0.0,4.78,4.78
경동시장,전통시장,제과점,6,0,0,0,0.0,4.12,4.12
경창시장,전통시장,제과점,2,0,0,0,0.0,3.26,3.26
고덕 골목형상점가,전통시장,제과점,2,0,0,0,0.0,3.29,3.29
고분다리전통시장,전통시장,제과점,1,0,0,0,0.0,2.91,2.91
고척골목시장상점가(그라운드 고척),전통시장,제과점,1,0,0,0,0.0,2.91,2.91
고척근린시장,전통시장,제과점,2,0,0,0,0.0,3.26,3.26
고척프라자,전통시장,제과점,1,0,0,0,0.0,2.85,2.85
공덕시장,전통시장,제과점,1,0,0,0,0.0,2.85,2.85
공릉동 도깨비시장,전통시장,제과점,8,0,0,0,0.0,4.39,4.39
관악신사시장,전통시장,제과점,4,0,0,0,0.0,3.79,3.79
관악중부시장,전통시장,제과점,2,0,0,0,0.0,3.26,3.26
광장시장(광장전통시장),전통시장,제과점,5,0,0,0,20.0,3.99,-16.01
구로시장,전통시장,제과점,1,0,0,0,0.0,2.85,2.85
길동복조리시장,전통시장,제과점,1,0,0,0,0.0,2.85,2.85
까치산시장,전통시장,제과점,5,1,0,0,0.0,4.8,4.8
남구로시장,전통시장,제과점,3,0,0,0,0.0,3.55,3.55
남대문시장(자유상가),전통시장,제과점,5,0,0,0,0.0,3.97,3.97
남문시장,전통시장,제과점,1,0,0,0,0.0,2.85,2.85
"남부골목시장(남부화곡시장, 남부시장)",전통시장,제과점,4,0,0,0,0.0,3.79,3.79
남성사계시장(남성시장),전통시장,제과점,4,0,0,0,0.0,3.79,3.79
남성역골목시장,전통시장,제과점,5,0,1,20,0.0,3.84,3.84
노량진중앙시장,전통시장,제과점,1,0,0,0,0.0,2.91,2.91
능동로골목시장,전통시장,제과점,2,0,0,0,0.0,3.26,3.26
답십리 건축자재시장,전통시장,제과점,3,1,0,0,0.0,4.88,4.88
답십리시장,전통시장,제과점,3,0,0,0,0.0,3.57,3.57
대림중앙시장,전통시장,제과점,2,0,0,0,0.0,3.26,3.26
대명여울빛거리시장(대명시장),전통시장,제과점,2,0,0,0,0.0,3.26,3.26
대조시장,전통시장,제과점,4,0,1,25,0.0,3.6,3.6
도곡시장,전통시장,제과점,3,0,0,0,0.0,3.59,3.59
도화동 상점가,전통시장,제과점,9,1,0,0,13.0,4.96,-8.04
독산동 우시장,전통시장,제과점,2,0,0,0,0.0,3.26,3.26
돈암시장(돈암제일시장),전통시장,제과점,2,0,0,0,0.0,3.26,3.26
돌곶이시장(석관황금시장),전통시장,제과점,2,0,0,0,0.0,3.26,3.26
동대문문구완구거리(동대문문구완구시장),전통시장,제과점,1,0,0,0,0.0,2.85,2.85
"동대문종합시장(동대문종합시장 신관, 동대문종합시장D동상가)",전통시장,제과점,2,0,0,0,100.0,3.29,-96.71
동묘시장(동묘벼룩시장),전통시장,제과점,1,0,0,0,0.0,2.91,2.91
동부시장,전통시장,제과점,1,1,1,100,0.0,6.24,6.24
동북프라자,전통시장,제과점,1,0,0,0,0.0,2.85,2.85
동성타워프라자,전통시장,제과점,2,1,0,0,0.0,5.28,5.28
"동원전통종합시장(동원시장, 동원전통시장 상점가)",전통시장,제과점,4,0,0,0,0.0,3.79,3.79
동진시장,전통시장,제과점,1,0,0,0,0.0,2.85,2.85
동평화시장,전통시장,제과점,1,0,0,0,0.0,2.91,2.91
동화동 골목형상점가,전통시장,제과점,4,0,0,0,0.0,3.79,3.79
둔촌역전통시장,전통시장,제과점,2,0,0,0,0.0,3.26,3.26
뚝도시장,전통시장,제과점,1,0,0,0,0.0,2.85,2.85
뚝섬역상점가,전통시장,제과점,5,1,0,0,25.0,4.77,-20.23
로데오거리상점가,전통시장,제과점,5,0,0,0,0.0,3.99,3.99
마장축산물시장,전통시장,제과점,1,0,0,0,0.0,2.91,2.91
마천시장,전통시장,제과점,1,0,0,0,0.0,2.85,2.85
마천중앙시장,전통시장,제과점,3,0,0,0,0.0,3.55,3.55
망원시장,전통시장,제과점,4,0,0,0,0.0,3.78,3.78
망원월드컵시장,전통시장,제과점,1,0,0,0,0.0,2.91,2.91
면목골목시장(면목시장),전통시장,제과점,4,0,0,0,0.0,3.78,3.78
명일전통시장,전통시장,제과점,1,0,0,0,0.0,2.85,2.85
모래내시장(서중시장),전통시장,제과점,2,0,0,0,0.0,3.29,3.29
목2동시장,전통시장,제과점,2,0,1,50,0.0,2.97,2.97
목동깨비시장(목3동시장),전통시장,제과점,3,0,0,0,0.0,3.55,3.55
목사랑시장(목4동시장),전통시장,제과점,2,0,0,0,0.0,3.26,3.26
무학봉상점가,전통시장,제과점,6,0,0,0,20.0,4.13,-15.87
묵1동도깨비시장,전통시장,제과점,1,0,0,0,0.0,2.85,2.85
문정동 로데오거리 상점가(문정동 로데오거리),전통시장,제과점,1,0,0,0,0.0,2.85,2.85
미성동 도깨비시장 골목형상점가,전통시장,제과점,4,1,0,0,0.0,4.79,4.79
방신전통시장,전통시장,제과점,1,0,0,0,0.0,2.85,2.85
방이시장,전통시장,제과점,6,1,0,0,0.0,4.84,4.84
방천골목시장,전통시장,제과점,1,0,0,0,0.0,2.85,2.85
방학동도깨비시장,전통시장,제과점,4,0,0,0,0.0,3.78,3.78
백학시장,전통시장,제과점,4,0,0,0,0.0,3.79,3.79
보광시장,전통시장,제과점,1,0,0,0,0.0,2.85,2.85
봉일시장,전통시장,제과점,1,0,0,0,0.0,2.85,2.85
봉천중앙시장,전통시장,제과점,1,0,0,0,0.0,2.91,2.91
불광먹자골목 골목형상점가,전통시장,제과점,4,0,0,0,0.0,3.79,3.79
비단길현대시장(현대시장),전통시장,제과점,5,0,0,0,0.0,3.97,3.97
사가정시장,전통시장,제과점,4,0,0,0,0.0,3.78,3.78
사당1동먹자골목상점가(사당1동먹자골목),전통시장,제과점,1,0,0,0,0.0,2.91,2.91
삼양골목시장(삼양시장),전통시장,제과점,3,0,1,33,50.0,3.33,-46.67
상계중앙시장,전통시장,제과점,2,0,0,0,100.0,3.26,-96.74
상도도깨비 골목형상점가,전통시장,제과점,1,0,0,0,0.0,2.85,2.85
상도약수골목형상점가,전통시장,제과점,1,0,1,100,0.0,2.19,2.19
상도전통시장,전통시장,제과점,1,0,0,0,0.0,2.91,2.91
상암동상점가,전통시장,제과점,6,0,0,0,0.0,4.14,4.14
새마을시장,전통시장,제과점,12,0,0,0,0.0,4.75,4.75
서서울 골목형상점가,전통시장,제과점,1,0,0,0,0.0,2.85,2.85
서울약령시장,전통시장,제과점,2,0,0,0,0.0,3.26,3.26
서울중앙시장(신중앙시장),전통시장,제과점,1,0,0,0,0.0,2.91,2.91
서원동상점가,전통시장,제과점,6,0,0,0,0.0,4.14,4.14
석촌시장,전통시장,제과점,1,0,0,0,0.0,2.85,2.85
선유도역 골목형상점가,전통시장,제과점,1,0,1,100,0.0,2.13,2.13
성내전통시장,전통시장,제과점,2,0,0,0,0.0,3.26,3.26
성대전통시장(성대시장),전통시장,제과점,4,0,0,0,0.0,3.79,3.79
성동용답상가시장,전통시장,제과점,3,0,0,0,0.0,3.57,3.57
세종마을음식문화거리(금천교시장),전통시장,제과점,6,0,0,0,0.0,4.14,4.14
"솔샘시장(미아6,7동골목시장)",전통시장,제과점,1,0,0,0,0.0,2.85,2.85
송화벽화시장(송화골목시장),전통시장,제과점,4,0,0,0,0.0,3.78,3.78
수유재래시장,전통시장,제과점,1,0,0,0,0.0,2.85,2.85
"수유전통시장(수유시장, 수유골목시장)",전통시장,제과점,2,0,0,0,0.0,3.26,3.26
수유중앙골목시장(수유중앙시장),전통시장,제과점,2,0,0,0,0.0,3.26,3.26
숭인시장,전통시장,제과점,1,0,0,0,0.0,2.85,2.85
시영2단지 무지개종합상가(중계 무지개2단지아파트상가),전통시장,제과점,1,0,0,0,0.0,2.91,2.91
시영B상가(중계 그린아파트 B 상가),전통시장,제과점,1,0,0,0,0.0,2.85,2.85
신당 미래유산 먹거리 골목형상점가,전통시장,제과점,1,0,0,0,0.0,2.85,2.85
신대방1동골목상권,전통시장,제과점,3,0,0,0,0.0,3.57,3.57
신림중앙시장(조원동 펭귄시장),전통시장,제과점,1,0,0,0,0.0,2.85,2.85
신림현대종합상가,전통시장,제과점,2,0,0,0,0.0,3.26,3.26
신수시장,전통시장,제과점,1,0,0,0,0.0,2.85,2.85
신신림시장(삼성동시장),전통시장,제과점,1,0,0,0,0.0,2.85,2.85
신아타운,전통시장,제과점,2,0,0,0,0.0,3.29,3.29
신영시장,전통시장,제과점,2,0,0,0,0.0,3.29,3.29
신원시장,전통시장,제과점,1,0,1,100,0.0,2.13,2.13
"신월7동 골목시장(약수시장, 우성상가)",전통시장,제과점,1,0,0,0,0.0,2.85,2.85
신정1동 골목시장(신정제일시장),전통시장,제과점,2,0,0,0,0.0,3.26,3.26
신정3동 골목시장,전통시장,제과점,2,0,0,0,0.0,3.29,3.29
신흥시장,전통시장,제과점,7,0,0,0,0.0,4.25,4.25
쌍문시장(쌍문역골목시장),전통시장,제과점,5,0,0,0,0.0,3.99,3.99
쌍문역동측상점가,전통시장,제과점,5,0,1,20,0.0,3.84,3.84
쌍문역둘리상점가,전통시장,제과점,4,0,0,0,0.0,3.79,3.79
아현시장,전통시장,제과점,1,0,0,0,0.0,2.85,2.85
암사종합시장,전통시장,제과점,3,0,0,0,0.0,3.59,3.59
약수시장,전통시장,제과점,1,0,0,0,0.0,2.85,2.85
양재시장,전통시장,제과점,1,0,0,0,0.0,2.91,2.91
연서시장,전통시장,제과점,3,0,0,0,0.0,3.57,3.57
연신내상점가(연빛거리),전통시장,제과점,11,0,2,18,0.0,4.58,4.58
연희사러가,전통시장,제과점,2,0,0,0,0.0,3.26,3.26
영동전통시장,전통시장,제과점,1,0,0,0,0.0,2.85,2.85
영등포역지하도상점가,전통시장,제과점,10,0,0,0,0.0,4.62,4.62
영림시장,전통시장,제과점,7,3,0,0,17.0,5.99,-11.01
영신상가(제일상가),전통시장,제과점,1,0,0,0,0.0,2.85,2.85
영천시장,전통시장,제과점,5,0,0,0,0.0,3.97,3.97
오류시장,전통시장,제과점,3,0,0,0,0.0,3.57,3.57
왕십리도선동상점가,전통시장,제과점,2,0,1,50,0.0,2.97,2.97
용강동 상점가,전통시장,제과점,1,0,0,0,0.0,2.91,2.91
용산용문시장,전통시장,제과점,3,0,1,33,0.0,3.31,3.31
우리시장,전통시장,제과점,2,1,0,0,100.0,5.28,-94.72
우림골목시장,전통시장,제과점,5,0,0,0,25.0,3.96,-21.04
우이골목시장(우이시장),전통시장,제과점,1,0,0,0,0.0,2.85,2.85
유진상가,전통시장,제과점,1,0,0,0,0.0,2.85,2.85
은행나무시장,전통시장,제과점,3,0,0,0,0.0,3.57,3.57
응암오거리상점가,전통시장,제과점,1,0,0,0,0.0,2.91,2.91
이대 앞 스타트업 상점가,전통시장,제과점,1,1,0,0,0.0,6.89,6.89
이문제일시장,전통시장,제과점,1,0,0,0,0.0,2.91,2.91
이촌종합시장,전통시장,제과점,1,0,0,0,0.0,2.85,2.85
이태원시장,전통시장,제과점,2,0,0,0,0.0,3.26,3.26
"이화여대 3,5,7길 상점가",전통시장,제과점,5,0,0,0,0.0,3.96,3.96
인헌시장(원당종합시장),전통시장,제과점,1,0,1,100,0.0,2.13,2.13
자양골목전통시장(자양골목시장),전통시장,제과점,2,0,0,0,0.0,3.26,3.26
장미원골목시장,전통시장,제과점,1,0,0,0,0.0,2.85,2.85
장미제일시장(중화동제일시장),전통시장,제과점,1,0,0,0,0.0,2.85,2.85
장신구 특화거리 상점가,전통시장,제과점,4,0,0,0,33.0,3.78,-29.22
장위전통시장,전통시장,제과점,2,0,0,0,0.0,3.26,3.26
전곡시장,전통시장,제과점,1,0,0,0,0.0,2.85,2.85
전농로터리시장,전통시장,제과점,2,0,0,0,0.0,3.29,3.29
정릉골 골목형상점가,전통시장,제과점,1,0,0,0,0.0,2.85,2.85
정릉시장,전통시장,제과점,5,1,1,20,0.0,4.63,4.63
정릉아리랑시장,전통시장,제과점,3,0,0,0,0.0,3.57,3.57
제일시장,전통시장,제과점,4,0,0,0,0.0,3.79,3.79
조원동 펭귄시장(신림중앙시장),전통시장,제과점,2,0,0,0,0.0,3.26,3.26
종로신진시장,전통시장,제과점,3,0,0,0,0.0,3.57,3.57
"중곡제일시장(중곡제일골목시장, 광성시장)",전통시장,제과점,3,0,0,0,0.0,3.55,3.55
중랑동부시장,전통시장,제과점,2,0,0,0,0.0,3.29,3.29
증산종합시장,전통시장,제과점,1,0,0,0,0.0,2.85,2.85
창동골목시장,전통시장,제과점,5,0,0,0,0.0,3.99,3.99
창동신창시장,전통시장,제과점,1,0,0,0,0.0,2.85,2.85
창동역상점가,전통시장,제과점,3,0,0,0,0.0,3.62,3.62
창신골목시장,전통시장,제과점,2,0,0,0,100.0,3.29,-96.71
청담삼익시장,전통시장,제과점,1,0,0,0,0.0,2.85,2.85
청량리전통시장,전통시장,제과점,1,0,0,0,0.0,2.85,2.85
청량리종합시장,전통시장,제과점,1,0,0,0,0.0,2.85,2.85
청량리청과물시장,전통시장,제과점,1,0,0,0,0.0,2.85,2.85
청량종합도매시장,전통시장,제과점,1,0,0,0,0.0,2.85,2.85
통인시장,전통시장,제과점,4,0,0,0,0.0,3.78,3.78
"평화시장(통일상가, 동화상가)",전통시장,제과점,8,0,0,0,0.0,4.4,4.4
포방터시장,전통시장,제과점,1,0,0,0,0.0,2.91,2.91
풍납시장,전통시장,제과점,5,1,0,0,25.0,4.8,-20.2
"한양대앞상점가(한양시장, 왕십리맛골목)",전통시장,제과점,2,0,0,0,0.0,3.26,3.26
행당시장상점가,전통시장,제과점,4,0,0,0,0.0,3.78,3.78
홍대 걷고싶은 거리,전통시장,제과점,5,0,0,0,0.0,3.97,3.97
홍대소상공인상점가,전통시장,제과점,5,0,0,0,25.0,3.99,-21.01
화곡본동시장,전통시장,제과점,2,0,0,0,0.0,3.33,3.33
화곡중앙시장,전통시장,제과점,2,0,0,0,0.0,3.26,3.26
화양제일골목시장,전통시장,제과점,2,0,1,50,0.0,2.93,2.93
황학동주방가구거리상점가,전통시장,제과점,2,0,0,0,0.0,3.29,3.29
"황학시장(서울중앙시장, 신중앙시장)",전통시장,제과점,3,0,0,0,0.0,3.55,3.55
회기시장,전통시장,제과점,5,0,0,0,0.0,3.97,3.97
후암시장,전통시장,제과점,3,0,0,0,0.0,3.57,3.57
가리봉시장,전통시장,중식음식점,6,0,1,17,0.0,4.27,4.27
강남개포시장,전통시장,중식음식점,2,0,0,0,0.0,3.57,3.57
강남골목시장,전통시장,중식음식점,1,0,0,0,0.0,3.12,3.12
강남시장(강남구 강남시장),전통시장,중식음식점,1,0,0,0,0.0,3.12,3.12
강남언주로,전통시장,중식음식점,3,0,0,0,0.0,3.83,3.83
강북종합전통시장(강북종합골목시장),전통시장,중식음식점,4,0,0,0,0.0,4.07,4.07
개봉중앙시장,전통시장,중식음식점,3,0,1,33,0.0,3.61,3.61
경동시장,전통시장,중식음식점,1,0,0,0,0.0,3.12,3.12
경창시장,전통시장,중식음식점,1,0,0,0,0.0,3.12,3.12
고덕 골목형상점가,전통시장,중식음식점,4,1,0,0,0.0,5.08,5.08
공덕시장,전통시장,중식음식점,1,0,0,0,0.0,3.12,3.12
관악신사시장,전통시장,중식음식점,1,0,0,0,0.0,3.12,3.12
관악중부시장,전통시장,중식음식점,4,0,0,0,33.0,4.05,-28.95
구로시장,전통시장,중식음식점,3,1,0,0,0.0,5.16,5.16
금남시장,전통시장,중식음식점,1,0,0,0,0.0,3.12,3.12
까치산시장,전통시장,중식음식점,2,0,0,0,0.0,3.6,3.6
꿈의숲 장곡 골목형상점가,전통시장,중식음식점,1,0,0,0,0.0,3.12,3.12
남구로시장,전통시장,중식음식점,15,0,0,0,0.0,5.24,5.24
남대문시장(자유상가),전통시장,중식음식점,8,0,0,0,0.0,4.68,4.68
남문시장,전통시장,중식음식점,11,0,0,0,0.0,4.94,4.94
"남부골목시장(남부화곡시장, 남부시장)",전통시장,중식음식점,3,0,0,0,0.0,3.87,3.87
남성사계시장(남성시장),전통시장,중식음식점,4,0,0,0,0.0,4.05,4.05
노량진중앙시장,전통시장,중식음식점,5,0,0,0,0.0,4.27,4.27
답십리현대시장,전통시장,중식음식점,1,0,0,0,0.0,3.12,3.12
대림상가(청계상가),전통시장,중식음식점,1,0,0,0,0.0,3.12,3.12
대림중앙 골목형상점가,전통시장,중식음식점,13,0,0,0,0.0,5.1,5.1
대림중앙시장,전통시장,중식음식점,27,0,0,0,0.0,5.8,5.8
대명여울빛거리시장(대명시장),전통시장,중식음식점,2,0,0,0,0.0,3.54,3.54
도림시장,전통시장,중식음식점,1,0,0,0,0.0,3.12,3.12
도화동 상점가,전통시장,중식음식점,13,0,0,0,0.0,5.12,5.12
독산동 맛나는거리상점가(독산동 맛나는거리),전통시장,중식음식점,5,0,1,20,0.0,4.1,4.1
독산동 우시장,전통시장,중식음식점,1,0,0,0,0.0,3.12,3.12
돈암시장(돈암제일시장),전통시장,중식음식점,2,0,0,0,0.0,3.54,3.54
돌곶이시장(석관황금시장),전통시장,중식음식점,1,0,0,0,0.0,3.12,3.12
동대문문구완구거리(동대문문구완구시장),전통시장,중식음식점,1,0,0,0,0.0,3.12,3.12
"동대문종합시장(동대문종합시장 신관, 동대문종합시장D동상가)",전통시장,중식음식점,1,0,0,0,0.0,3.19,3.19
동문시장,전통시장,중식음식점,2,0,0,0,0.0,3.54,3.54
"동원전통종합시장(동원시장, 동원전통시장 상점가)",전통시장,중식음식점,3,1,1,33,0.0,4.95,4.95
동진시장,전통시장,중식음식점,2,0,0,0,0.0,3.54,3.54
동화동 골목형상점가,전통시장,중식음식점,1,0,0,0,0.0,3.12,3.12
둔촌역전통시장,전통시장,중식음식점,1,0,0,0,0.0,3.12,3.12
뚝도시장,전통시장,중식음식점,1,1,0,0,0.0,7.17,7.17
뚝섬역상점가,전통시장,중식음식점,3,0,0,0,0.0,3.83,3.83
로데오거리상점가,전통시장,중식음식점,3,0,0,0,0.0,3.87,3.87
마장축산물시장,전통시장,중식음식점,2,0,0,0,0.0,3.54,3.54
마천중앙시장,전통시장,중식음식점,2,0,0,0,0.0,3.54,3.54
마포시장,전통시장,중식음식점,1,0,0,0,0.0,3.12,3.12
망원시장,전통시장,중식음식점,3,0,0,0,0.0,3.85,3.85
망원월드컵시장,전통시장,중식음식점,1,0,0,0,0.0,3.12,3.12
면목골목시장(면목시장),전통시장,중식음식점,1,0,0,0,0.0,3.12,3.12
명일전통시장,전통시장,중식음식점,1,0,0,0,0.0,3.12,3.12
모래내시장(서중시장),전통시장,중식음식점,1,0,0,0,0.0,3.12,3.12
목2동시장,전통시장,중식음식점,4,0,1,25,0.0,3.87,3.87
목동깨비시장(목3동시장),전통시장,중식음식점,5,0,0,0,0.0,4.24,4.24
목사랑시장(목4동시장),전통시장,중식음식점,1,0,0,0,0.0,3.12,3.12
무학봉상점가,전통시장,중식음식점,3,0,0,0,0.0,3.87,3.87
묵1동도깨비시장,전통시장,중식음식점,1,0,0,0,0.0,3.12,3.12
문정동 로데오거리 상점가(문정동 로데오거리),전통시장,중식음식점,2,1,1,50,0.0,5.23,5.23
미성동 도깨비시장 골목형상점가,전통시장,중식음식점,1,0,0,0,0.0,3.12,3.12
방산종합시장(방산시장),전통시장,중식음식점,2,0,0,0,0.0,3.54,3.54
방이시장,전통시장,중식음식점,2,0,0,0,0.0,3.54,3.54
백련시장,전통시장,중식음식점,1,0,0,0,0.0,3.12,3.12
백학시장,전통시장,중식음식점,2,0,0,0,0.0,3.54,3.54
불광먹자골목 골목형상점가,전통시장,중식음식점,2,0,0,0,100.0,3.54,-96.46
비단길현대시장(현대시장),전통시장,중식음식점,13,0,0,0,0.0,5.11,5.11
사가정시장,전통시장,중식음식점,2,0,0,0,0.0,3.57,3.57
사당1동먹자골목상점가(사당1동먹자골목),전통시장,중식음식점,3,0,0,0,0.0,3.83,3.83
사당시장,전통시장,중식음식점,1,0,0,0,0.0,3.12,3.12
삼양골목시장(삼양시장),전통시장,중식음식점,1,0,0,0,0.0,3.12,3.12
상계중앙시장,전통시장,중식음식점,1,0,1,100,0.0,2.4,2.4
상도전통시장,전통시장,중식음식점,3,1,1,33,0.0,4.95,4.95
상암동상점가,전통시장,중식음식점,13,0,0,0,7.0,5.12,-1.88
새마을시장,전통시장,중식음식점,5,0,0,0,0.0,4.24,4.24
서교시장,전통시장,중식음식점,1,0,0,0,0.0,3.12,3.12
서서울 골목형상점가,전통시장,중식음식점,1,0,0,0,0.0,3.12,3.12
서울약령시장,전통시장,중식음식점,1,0,0,0,0.0,3.12,3.12
서울중앙시장(신중앙시장),전통시장,중식음식점,5,0,0,0,25.0,4.24,-20.76
서원동상점가,전통시장,중식음식점,7,0,1,14,17.0,4.45,-12.55
석관시장,전통시장,중식음식점,1,0,0,0,0.0,3.19,3.19
석촌시장,전통시장,중식음식점,4,0,0,0,0.0,4.05,4.05
선유도역 골목형상점가,전통시장,중식음식점,7,1,1,14,14.0,5.01,-8.99
성대전통시장(성대시장),전통시장,중식음식점,7,0,1,14,0.0,4.46,4.46
성동용답상가시장,전통시장,중식음식점,6,0,0,0,0.0,4.4,4.4
성수역 골목형상점가,전통시장,중식음식점,2,0,0,0,0.0,3.57,3.57
세종마을음식문화거리(금천교시장),전통시장,중식음식점,2,0,0,0,0.0,3.54,3.54
송화벽화시장(송화골목시장),전통시장,중식음식점,2,0,0,0,0.0,3.57,3.57
"수유전통시장(수유시장, 수유골목시장)",전통시장,중식음식점,1,0,0,0,0.0,3.12,3.12
수유중앙골목시장(수유중앙시장),전통시장,중식음식점,1,0,0,0,0.0,3.12,3.12
숭인시장,전통시장,중식음식점,1,0,0,0,0.0,3.12,3.12
시영2단지 무지개종합상가(중계 무지개2단지아파트상가),전통시장,중식음식점,1,0,0,0,0.0,3.12,3.12
시영B상가(중계 그린아파트 B 상가),전통시장,중식음식점,1,0,0,0,0.0,3.12,3.12
신금호역 골목형상점가,전통시장,중식음식점,5,3,1,20,0.0,6.55,6.55
신대방1동골목상권,전통시장,중식음식점,2,0,0,0,0.0,3.54,3.54
신도봉시장,전통시장,중식음식점,1,1,0,0,0.0,7.17,7.17
신림현대종합상가,전통시장,중식음식점,1,0,0,0,0.0,3.12,3.12
신영시장,전통시장,중식음식점,3,0,0,0,0.0,3.83,3.83
신원시장,전통시장,중식음식점,1,0,0,0,0.0,3.12,3.12
신흥시장,전통시장,중식음식점,1,0,0,0,0.0,3.12,3.12
쌍문시장(쌍문역골목시장),전통시장,중식음식점,1,0,0,0,0.0,3.12,3.12
쌍문역동측상점가,전통시장,중식음식점,3,0,0,0,0.0,3.83,3.83
쌍문역둘리상점가,전통시장,중식음식점,2,0,0,0,0.0,3.54,3.54
아현시장,전통시장,중식음식점,1,0,0,0,0.0,3.12,3.12
암사종합시장,전통시장,중식음식점,1,0,0,0,0.0,3.12,3.12
연서시장,전통시장,중식음식점,1,0,0,0,0.0,3.12,3.12
연신내상점가(연빛거리),전통시장,중식음식점,12,0,2,17,0.0,4.91,4.91
연희사러가,전통시장,중식음식점,1,0,0,0,0.0,3.12,3.12
영동전통시장,전통시장,중식음식점,5,0,0,0,25.0,4.25,-20.75
영등포역지하도상점가,전통시장,중식음식점,2,0,0,0,0.0,3.54,3.54
영등포유통상가,전통시장,중식음식점,3,0,0,0,0.0,3.83,3.83
영등포전통시장,전통시장,중식음식점,1,0,0,0,0.0,3.12,3.12
영등포청과시장(조광시장),전통시장,중식음식점,3,0,0,0,50.0,3.85,-46.15
영림시장,전통시장,중식음식점,8,0,0,0,50.0,4.67,-45.33
영천시장,전통시장,중식음식점,2,1,0,0,0.0,5.56,5.56
왕십리도선동상점가,전통시장,중식음식점,5,0,0,0,0.0,4.25,4.25
용강동 상점가,전통시장,중식음식점,3,1,0,0,0.0,5.16,5.16
용산용문시장,전통시장,중식음식점,1,0,0,0,0.0,3.12,3.12
우림골목시장,전통시장,중식음식점,1,0,0,0,0.0,3.19,3.19
우림시장,전통시장,중식음식점,1,0,0,0,0.0,3.12,3.12
우이골목시장(우이시장),전통시장,중식음식점,1,1,0,0,0.0,7.17,7.17
월정로시장,전통시장,중식음식점,2,0,0,0,100.0,3.54,-96.46
유영시장,전통시장,중식음식점,1,0,0,0,0.0,3.12,3.12
은행나무시장,전통시장,중식음식점,1,0,0,0,0.0,3.12,3.12
응암오거리상점가,전통시장,중식음식점,4,0,0,0,0.0,4.09,4.09
이대 앞 스타트업 상점가,전통시장,중식음식점,6,1,0,0,0.0,5.08,5.08
이촌종합시장,전통시장,중식음식점,2,0,0,0,0.0,3.54,3.54
"이화여대 3,5,7길 상점가",전통시장,중식음식점,14,0,0,0,0.0,5.18,5.18
인왕시장(홍제골목형상점가),전통시장,중식음식점,1,0,0,0,0.0,3.12,3.12
인헌시장(원당종합시장),전통시장,중식음식점,2,0,0,0,0.0,3.54,3.54
인현시장,전통시장,중식음식점,4,0,0,0,0.0,4.05,4.05
장미원골목시장,전통시장,중식음식점,1,0,0,0,0.0,3.12,3.12
장위전통시장,전통시장,중식음식점,1,0,0,0,0.0,3.12,3.12
전곡시장,전통시장,중식음식점,1,0,0,0,0.0,3.12,3.12
전농로터리시장,전통시장,중식음식점,2,0,0,0,0.0,3.54,3.54
정릉시장,전통시장,중식음식점,2,0,0,0,0.0,3.54,3.54
제일시장,전통시장,중식음식점,3,0,0,0,0.0,3.83,3.83
조양시장,전통시장,중식음식점,2,0,0,0,0.0,3.54,3.54
조원동 펭귄시장(신림중앙시장),전통시장,중식음식점,1,0,1,100,0.0,2.4,2.4
종로신진시장,전통시장,중식음식점,1,0,0,0,0.0,3.12,3.12
"중곡제일시장(중곡제일골목시장, 광성시장)",전통시장,중식음식점,2,0,0,0,0.0,3.54,3.54
중랑동부시장,전통시장,중식음식점,1,0,0,0,0.0,3.12,3.12
중부시장(신중부시장),전통시장,중식음식점,1,0,0,0,0.0,3.12,3.12
창동골목시장,전통시장,중식음식점,1,0,0,0,0.0,3.12,3.12
창동신창시장,전통시장,중식음식점,3,0,0,0,0.0,3.83,3.83
창동역상점가,전통시장,중식음식점,3,0,0,0,0.0,3.83,3.83
창신골목시장,전통시장,중식음식점,2,0,0,0,0.0,3.54,3.54
청계천공구상가,전통시장,중식음식점,2,0,0,0,0.0,3.54,3.54
청량리전통시장,전통시장,중식음식점,2,0,0,0,0.0,3.54,3.54
청량종합도매시장,전통시장,중식음식점,2,0,0,0,0.0,3.54,3.54
청평화시장,전통시장,중식음식점,1,0,0,0,0.0,3.12,3.12
테크노상가(엘리시움),전통시장,중식음식점,1,0,0,0,0.0,3.12,3.12
"평화시장(통일상가, 동화상가)",전통시장,중식음식점,8,0,1,13,33.0,4.57,-28.43
포방터시장,전통시장,중식음식점,1,0,0,0,0.0,3.12,3.12
풍납시장,전통시장,중식음식점,6,0,0,0,0.0,4.4,4.4
필동 골목형상점가,전통시장,중식음식점,1,0,0,0,0.0,3.12,3.12
"한양대앞상점가(한양시장, 왕십리맛골목)",전통시장,중식음식점,9,0,0,0,0.0,4.78,4.78
행당시장상점가,전통시장,중식음식점,3,0,1,33,50.0,3.59,-46.41
홍대 걷고싶은 거리,전통시장,중식음식점,20,1,0,0,0.0,5.73,5.73
홍대소상공인상점가,전통시장,중식음식점,7,0,0,0,14.0,4.57,-9.43
화곡본동시장,전통시장,중식음식점,1,1,0,0,0.0,7.17,7.17
화곡중앙시장,전통시장,중식음식점,2,0,1,50,0.0,3.18,3.18
회기시장,전통시장,중식음식점,6,0,0,0,0.0,4.41,4.41
후암시장,전통시장,중식음식점,1,0,0,0,0.0,3.12,3.12
가리봉시장,전통시장,치킨전문점,1,0,0,0,0.0,3.61,3.61
강남개포시장,전통시장,치킨전문점,4,0,0,0,0.0,4.6,4.6
강남시장(강남구 강남시장),전통시장,치킨전문점,1,0,0,0,0.0,3.68,3.68
강남언주로,전통시장,치킨전문점,1,0,0,0,0.0,3.61,3.61
강북북부골목시장,전통시장,치킨전문점,4,1,0,0,33.0,5.59,-27.41
강북종합전통시장(강북종합골목시장),전통시장,치킨전문점,5,1,2,40,0.0,5.29,5.29
개봉중앙시장,전통시장,치킨전문점,6,0,0,0,0.0,4.93,4.93
경창시장,전통시장,치킨전문점,5,0,0,0,0.0,4.77,4.77
고덕 골목형상점가,전통시장,치킨전문점,1,0,0,0,0.0,3.68,3.68
고분다리전통시장,전통시장,치킨전문점,5,0,0,0,0.0,4.74,4.74
고척골목시장상점가(그라운드 고척),전통시장,치킨전문점,2,0,0,0,0.0,4.06,4.06
고척근린시장,전통시장,치킨전문점,4,1,0,0,0.0,5.59,5.59
공릉동 도깨비시장,전통시장,치킨전문점,3,0,0,0,0.0,4.32,4.32
관악신사시장,전통시장,치킨전문점,2,0,0,0,0.0,4.06,4.06
관악종합시장(신원시장),전통시장,치킨전문점,1,0,0,0,0.0,3.61,3.61
관악중부시장,전통시장,치킨전문점,1,0,1,100,0.0,2.89,2.89
광장시장(광장전통시장),전통시장,치킨전문점,2,0,0,0,0.0,4.03,4.03
구로시장,전통시장,치킨전문점,1,0,0,0,0.0,3.61,3.61
금남시장,전통시장,치킨전문점,5,0,0,0,0.0,4.74,4.74
길동복조리시장,전통시장,치킨전문점,4,1,0,0,33.0,5.56,-27.44
까치산시장,전통시장,치킨전문점,4,0,0,0,0.0,4.56,4.56
남구로시장,전통시장,치킨전문점,1,0,0,0,0.0,3.61,3.61
남대문시장(자유상가),전통시장,치킨전문점,3,0,0,0,0.0,4.34,4.34
"남부골목시장(남부화곡시장, 남부시장)",전통시장,치킨전문점,4,0,0,0,0.0,4.56,4.56
남성사계시장(남성시장),전통시장,치킨전문점,3,0,0,0,0.0,4.32,4.32
남성역골목시장,전통시장,치킨전문점,3,0,0,0,0.0,4.36,4.36
노량진중앙시장,전통시장,치킨전문점,1,0,0,0,0.0,3.61,3.61
노룬산시장(노룬산골목시장),전통시장,치킨전문점,1,0,0,0,0.0,3.68,3.68
능동로골목시장,전통시장,치킨전문점,2,0,0,0,0.0,4.03,4.03
답십리 건축자재시장,전통시장,치킨전문점,1,0,0,0,0.0,3.61,3.61
답십리시장,전통시장,치킨전문점,2,0,0,0,0.0,4.06,4.06
"대림골목시장(대림시장, 양지시장)",전통시장,치킨전문점,3,0,0,0,0.0,4.32,4.32
대림중앙 골목형상점가,전통시장,치킨전문점,1,0,0,0,0.0,3.61,3.61
대림중앙시장,전통시장,치킨전문점,2,0,0,0,0.0,4.03,4.03
대명여울빛거리시장(대명시장),전통시장,치킨전문점,2,0,0,0,0.0,4.09,4.09
대신시장,전통시장,치킨전문점,1,0,0,0,0.0,3.68,3.68
대조시장,전통시장,치킨전문점,2,0,0,0,0.0,4.03,4.03
도화동 상점가,전통시장,치킨전문점,6,0,1,17,40.0,4.8,-35.2
독산동 맛나는거리상점가(독산동 맛나는거리),전통시장,치킨전문점,10,0,0,0,0.0,5.41,5.41
독산동 우시장,전통시장,치킨전문점,1,0,0,0,0.0,3.68,3.68
돈암시장(돈암제일시장),전통시장,치킨전문점,3,0,0,0,0.0,4.34,4.34
돌곶이시장(석관황금시장),전통시장,치킨전문점,5,0,0,0,0.0,4.74,4.74
동묘시장(동묘벼룩시장),전통시장,치킨전문점,2,0,0,0,100.0,4.03,-95.97
"동원전통종합시장(동원시장, 동원전통시장 상점가)",전통시장,치킨전문점,7,1,0,0,0.0,5.61,5.61
동평화시장,전통시장,치킨전문점,2,0,0,0,0.0,4.09,4.09
동화동 골목형상점가,전통시장,치킨전문점,4,0,0,0,0.0,4.58,4.58
둔촌역전통시장,전통시장,치킨전문점,5,0,0,0,0.0,4.76,4.76
뚝도시장,전통시장,치킨전문점,8,0,0,0,13.0,5.16,-7.84
뚝섬역상점가,전통시장,치킨전문점,5,0,0,0,0.0,4.8,4.8
로데오거리상점가,전통시장,치킨전문점,7,0,0,0,0.0,5.05,5.05
마천시장,전통시장,치킨전문점,1,0,0,0,0.0,3.61,3.61
마천중앙시장,전통시장,치킨전문점,3,0,0,0,0.0,4.32,4.32
마포시장,전통시장,치킨전문점,5,1,1,20,0.0,5.41,5.41
만리시장,전통시장,치킨전문점,1,0,0,0,0.0,3.61,3.61
만양로상점가,전통시장,치킨전문점,1,0,0,0,0.0,3.68,3.68
망원시장,전통시장,치킨전문점,5,0,0,0,50.0,4.74,-45.26
망원월드컵시장,전통시장,치킨전문점,1,0,0,0,0.0,3.68,3.68
면목골목시장(면목시장),전통시장,치킨전문점,4,0,1,25,0.0,4.38,4.38
명일전통시장,전통시장,치킨전문점,1,0,0,0,0.0,3.61,3.61
목2동시장,전통시장,치킨전문점,2,0,0,0,0.0,4.09,4.09
목동깨비시장(목3동시장),전통시장,치킨전문점,1,0,0,0,0.0,3.68,3.68
목사랑시장(목4동시장),전통시장,치킨전문점,3,0,0,0,0.0,4.36,4.36
무학봉상점가,전통시장,치킨전문점,4,0,0,0,0.0,4.58,4.58
묵1동도깨비시장,전통시장,치킨전문점,1,0,0,0,0.0,3.68,3.68
문정동 로데오거리 상점가(문정동 로데오거리),전통시장,치킨전문점,4,1,1,25,0.0,5.43,5.43
미성동 도깨비시장 골목형상점가,전통시장,치킨전문점,2,0,0,0,50.0,4.03,-45.97
방신전통시장,전통시장,치킨전문점,2,0,0,0,0.0,4.09,4.09
방이시장,전통시장,치킨전문점,9,1,0,0,10.0,5.73,-4.27
방천골목시장,전통시장,치킨전문점,2,0,0,0,0.0,4.03,4.03
방학동도깨비시장,전통시장,치킨전문점,4,0,0,0,0.0,4.56,4.56
백운시장,전통시장,치킨전문점,1,0,0,0,0.0,3.61,3.61
백학시장,전통시장,치킨전문점,8,1,0,0,14.0,5.7,-8.3
봉천중앙시장,전통시장,치킨전문점,1,0,0,0,0.0,3.68,3.68
불광먹자골목 골목형상점가,전통시장,치킨전문점,5,0,0,0,0.0,4.74,4.74
비단길현대시장(현대시장),전통시장,치킨전문점,7,0,0,0,17.0,5.04,-11.96
사가정시장,전통시장,치킨전문점,1,0,0,0,0.0,3.61,3.61
사당1동먹자골목상점가(사당1동먹자골목),전통시장,치킨전문점,7,0,0,0,0.0,5.05,5.05
삼양골목시장(삼양시장),전통시장,치킨전문점,2,0,0,0,0.0,4.09,4.09
상계주공1단지(가)상가,전통시장,치킨전문점,1,0,0,0,0.0,3.61,3.61
상계중앙시장,전통시장,치킨전문점,3,0,0,0,0.0,4.34,4.34
상도약수골목형상점가,전통시장,치킨전문점,2,0,0,0,0.0,4.06,4.06
상도전통시장,전통시장,치킨전문점,7,0,1,14,0.0,4.98,4.98
상암동상점가,전통시장,치킨전문점,10,1,0,0,11.0,5.79,-5.21
새마을시장,전통시장,치킨전문점,13,0,2,15,0.0,5.51,5.51
서서울 골목형상점가,전통시장,치킨전문점,1,1,0,0,0.0,7.66,7.66
서울약령시장,전통시장,치킨전문점,2,0,0,0,0.0,4.03,4.03
서울중앙시장(신중앙시장),전통시장,치킨전문점,3,0,0,0,0.0,4.32,4.32
서원동상점가,전통시장,치킨전문점,3,0,0,0,0.0,4.36,4.36
석촌시장,전통시장,치킨전문점,5,0,0,0,0.0,4.78,4.78
선유도역 골목형상점가,전통시장,치킨전문점,3,0,0,0,0.0,4.36,4.36
성내전통시장,전통시장,치킨전문점,2,0,0,0,50.0,4.06,-45.94
성대전통시장(성대시장),전통시장,치킨전문점,5,0,0,0,25.0,4.76,-20.24
성동용답상가시장,전통시장,치킨전문점,6,0,0,0,0.0,4.92,4.92
세종마을음식문화거리(금천교시장),전통시장,치킨전문점,2,0,0,0,0.0,4.06,4.06
송화벽화시장(송화골목시장),전통시장,치킨전문점,4,0,0,0,0.0,4.56,4.56
"수유전통시장(수유시장, 수유골목시장)",전통시장,치킨전문점,3,0,1,33,0.0,4.08,4.08
숭인시장,전통시장,치킨전문점,1,0,0,0,0.0,3.61,3.61
시영2단지 무지개종합상가(중계 무지개2단지아파트상가),전통시장,치킨전문점,1,0,0,0,0.0,3.68,3.68
시영B상가(중계 그린아파트 B 상가),전통시장,치킨전문점,4,0,0,0,0.0,4.61,4.61
신곡종합시장(신월6동 골목시장),전통시장,치킨전문점,1,0,0,0,0.0,3.61,3.61
신금호역 골목형상점가,전통시장,치킨전문점,4,0,2,50,0.0,4.24,4.24
신당 미래유산 먹거리 골목형상점가,전통시장,치킨전문점,1,0,0,0,0.0,3.61,3.61
신대방1동골목상권,전통시장,치킨전문점,2,0,0,0,0.0,4.03,4.03
신도봉시장,전통시장,치킨전문점,2,0,0,0,0.0,4.06,4.06
신성시장(신성골목시장),전통시장,치킨전문점,1,0,0,0,0.0,3.61,3.61
신영시장,전통시장,치킨전문점,7,0,0,0,0.0,5.05,5.05
신원시장,전통시장,치킨전문점,4,0,0,0,0.0,4.56,4.56
신월3동 골목시장,전통시장,치킨전문점,1,0,0,0,0.0,3.68,3.68
신정1동 골목시장(신정제일시장),전통시장,치킨전문점,1,1,0,0,0.0,7.66,7.66
신흥시장,전통시장,치킨전문점,1,0,0,0,0.0,3.61,3.61
쌍문시장(쌍문역골목시장),전통시장,치킨전문점,10,1,0,0,0.0,5.76,5.76
쌍문역동측상점가,전통시장,치킨전문점,5,0,0,0,0.0,4.78,4.78
쌍문역둘리상점가,전통시장,치킨전문점,1,0,0,0,0.0,3.68,3.68
아현가구거리상점가,전통시장,치킨전문점,1,0,0,0,0.0,3.61,3.61
아현시장,전통시장,치킨전문점,4,0,0,0,0.0,4.56,4.56
암사종합시장,전통시장,치킨전문점,6,0,0,0,0.0,4.89,4.89
약수시장,전통시장,치킨전문점,4,0,0,0,0.0,4.58,4.58
양재시장,전통시장,치킨전문점,1,0,0,0,0.0,3.61,3.61
연서시장,전통시장,치킨전문점,1,0,0,0,0.0,3.61,3.61
연신내상점가(연빛거리),전통시장,치킨전문점,8,0,1,13,29.0,5.08,-23.92
영동교골목시장,전통시장,치킨전문점,2,0,0,0,0.0,4.09,4.09
영동전통시장,전통시장,치킨전문점,4,0,0,0,0.0,4.54,4.54
영등포역지하도상점가,전통시장,치킨전문점,10,0,0,0,0.0,5.36,5.36
영등포유통상가,전통시장,치킨전문점,1,0,0,0,0.0,3.68,3.68
영등포청과시장(조광시장),전통시장,치킨전문점,2,0,0,0,0.0,4.06,4.06
영림시장,전통시장,치킨전문점,7,1,0,0,0.0,5.61,5.61
영신상가(제일상가),전통시장,치킨전문점,1,0,0,0,0.0,3.61,3.61
영천시장,전통시장,치킨전문점,2,0,0,0,0.0,4.06,4.06
오류시장,전통시장,치킨전문점,1,0,0,0,0.0,3.68,3.68
왕십리도선동상점가,전통시장,치킨전문점,9,0,0,0,0.0,5.29,5.29
용강동 상점가,전통시장,치킨전문점,2,0,0,0,0.0,4.09,4.09
용두시장,전통시장,치킨전문점,1,0,0,0,0.0,3.61,3.61
용산용문시장,전통시장,치킨전문점,7,0,0,0,0.0,5.04,5.04
우리시장,전통시장,치킨전문점,1,0,0,0,0.0,3.61,3.61
우림골목시장,전통시장,치킨전문점,1,0,0,0,0.0,3.68,3.68
우림시장,전통시장,치킨전문점,2,0,0,0,0.0,4.09,4.09
우이골목시장(우이시장),전통시장,치킨전문점,6,1,0,0,20.0,5.62,-14.38
은행나무시장,전통시장,치킨전문점,4,0,0,0,0.0,4.58,4.58
응암시장(신응암시장),전통시장,치킨전문점,1,0,0,0,0.0,3.61,3.61
응암오거리상점가,전통시장,치킨전문점,9,1,0,0,11.0,5.75,-5.25
이문제일시장,전통시장,치킨전문점,1,0,0,0,0.0,3.61,3.61
이촌종합시장,전통시장,치킨전문점,3,0,0,0,0.0,4.36,4.36
이태원시장,전통시장,치킨전문점,1,0,0,0,0.0,3.61,3.61
"이화여대 3,5,7길 상점가",전통시장,치킨전문점,6,0,0,0,0.0,4.94,4.94
인왕시장(홍제골목형상점가),전통시장,치킨전문점,1,0,0,0,0.0,3.61,3.61
인헌시장(원당종합시장),전통시장,치킨전문점,8,0,0,0,14.0,5.18,-8.82
인현시장,전통시장,치킨전문점,2,0,0,0,0.0,4.06,4.06
자양골목전통시장(자양골목시장),전통시장,치킨전문점,7,0,0,0,0.0,5.04,5.04
장미원골목시장,전통시장,치킨전문점,3,0,1,33,0.0,4.1,4.1
장미제일시장(중화동제일시장),전통시장,치킨전문점,3,1,0,0,0.0,5.65,5.65
장위전통시장,전통시장,치킨전문점,1,0,0,0,0.0,3.61,3.61
전농로터리시장,전통시장,치킨전문점,1,0,0,0,0.0,3.61,3.61
정릉골 골목형상점가,전통시장,치킨전문점,3,0,0,0,0.0,4.36,4.36
정릉시장,전통시장,치킨전문점,9,0,0,0,0.0,5.29,5.29
정릉아리랑시장,전통시장,치킨전문점,1,0,0,0,0.0,3.61,3.61
제일시장,전통시장,치킨전문점,1,0,0,0,0.0,3.68,3.68
조원동 펭귄시장(신림중앙시장),전통시장,치킨전문점,4,0,1,25,0.0,4.43,4.43
종로신진시장,전통시장,치킨전문점,2,0,0,0,0.0,4.03,4.03
"중곡제일시장(중곡제일골목시장, 광성시장)",전통시장,치킨전문점,3,0,1,33,0.0,4.08,4.08
중랑동부시장,전통시장,치킨전문점,4,0,0,0,0.0,4.58,4.58
중랑동부시장(중랑교종합상가),전통시장,치킨전문점,1,0,0,0,0.0,3.61,3.61
중부시장(신중부시장),전통시장,치킨전문점,2,0,0,0,0.0,4.06,4.06
창동골목시장,전통시장,치킨전문점,3,0,0,0,0.0,4.36,4.36
창동신창시장,전통시장,치킨전문점,3,0,0,0,0.0,4.32,4.32
창동역상점가,전통시장,치킨전문점,7,0,0,0,0.0,5.07,5.07
창신골목시장,전통시장,치킨전문점,2,0,0,0,0.0,4.06,4.06
청량리전통시장,전통시장,치킨전문점,3,0,0,0,0.0,4.32,4.32
청량리청과물시장,전통시장,치킨전문점,8,0,0,0,0.0,5.14,5.14
테크노상가(엘리시움),전통시장,치킨전문점,1,0,0,0,0.0,3.68,3.68
포방터시장,전통시장,치킨전문점,2,0,0,0,0.0,4.09,4.09
풍납시장,전통시장,치킨전문점,3,0,0,0,0.0,4.36,4.36
"한양대앞상점가(한양시장, 왕십리맛골목)",전통시장,치킨전문점,7,0,1,14,0.0,4.95,4.95
행당시장상점가,전통시장,치킨전문점,6,0,0,0,17.0,4.91,-12.09
홍대 걷고싶은 거리,전통시장,치킨전문점,9,1,0,0,0.0,5.75,5.75
홍대소상공인상점가,전통시장,치킨전문점,1,0,0,0,0.0,3.68,3.68
화곡본동시장,전통시장,치킨전문점,1,0,1,100,0.0,2.89,2.89
화곡중앙시장,전통시장,치킨전문점,3,0,0,0,0.0,4.34,4.34
화양제일골목시장,전통시장,치킨전문점,4,0,0,0,0.0,4.54,4.54
"황학시장(서울중앙시장, 신중앙시장)",전통시장,치킨전문점,1,0,0,0,0.0,3.68,3.68
회기시장,전통시장,치킨전문점,1,0,0,0,0.0,3.68,3.68
흑석시장,전통시장,치킨전문점,1,0,0,0,0.0,3.61,3.61
team204(팀204),전통시장,커피-음료,3,0,0,0,0.0,3.77,3.77
강남개포시장,전통시장,커피-음료,8,0,0,0,14.0,4.58,-9.42
강남골목시장,전통시장,커피-음료,4,0,0,0,0.0,3.98,3.98
강남시장(강남구 강남시장),전통시장,커피-음료,1,0,0,0,0.0,3.09,3.09
강남시장(동작구 강남시장),전통시장,커피-음료,1,0,0,0,0.0,3.09,3.09
강남언주로,전통시장,커피-음료,8,0,1,13,14.0,4.46,-9.54
강북북부골목시장,전통시장,커피-음료,1,0,0,0,0.0,3.09,3.09
강북종합전통시장(강북종합골목시장),전통시장,커피-음료,6,1,0,0,0.0,4.99,4.99
개봉중앙시장,전통시장,커피-음료,11,1,0,0,10.0,5.24,-4.76
경동광성상가(경동시장),전통시장,커피-음료,1,0,0,0,0.0,3.02,3.02
경동시장,전통시장,커피-음료,3,0,0,0,0.0,3.72,3.72
경창시장,전통시장,커피-음료,5,0,0,0,20.0,4.13,-15.87
고덕 골목형상점가,전통시장,커피-음료,9,0,0,0,25.0,4.67,-20.33
고분다리전통시장,전통시장,커피-음료,2,0,0,0,0.0,3.43,3.43
고척골목시장상점가(그라운드 고척),전통시장,커피-음료,5,1,0,0,0.0,4.98,4.98
고척근린시장,전통시장,커피-음료,1,0,0,0,0.0,3.02,3.02
공덕시장,전통시장,커피-음료,4,0,0,0,0.0,4.02,4.02
공릉동 도깨비시장,전통시장,커피-음료,16,0,1,6,0.0,5.16,5.16
관악신사시장,전통시장,커피-음료,8,0,1,13,60.0,4.47,-55.53
관악중부시장,전통시장,커피-음료,5,0,0,0,25.0,4.15,-20.85
광장시장(광장전통시장),전통시장,커피-음료,11,1,1,9,0.0,5.16,5.16
구로시장,전통시장,커피-음료,5,0,0,0,0.0,4.13,4.13
금남시장,전통시장,커피-음료,1,0,0,0,0.0,3.02,3.02
길동복조리시장,전통시장,커피-음료,3,0,0,0,0.0,3.74,3.74
까치산시장,전통시장,커피-음료,6,1,2,33,0.0,4.77,4.77
꿈의숲 장곡 골목형상점가,전통시장,커피-음료,4,1,0,0,0.0,4.96,4.96
낙원시장(낙원지하시장(대일상가)),전통시장,커피-음료,1,0,0,0,0.0,3.02,3.02
난곡 골목형상점가,전통시장,커피-음료,1,0,1,100,0.0,2.3,2.3
남구로시장,전통시장,커피-음료,5,0,0,0,0.0,4.13,4.13
남대문시장(자유상가),전통시장,커피-음료,41,0,0,0,2.0,6.12,4.12
남문시장,전통시장,커피-음료,1,0,0,0,0.0,3.02,3.02
"남부골목시장(남부화곡시장, 남부시장)",전통시장,커피-음료,16,0,0,0,13.0,5.2,-7.8
남성사계시장(남성시장),전통시장,커피-음료,16,1,1,6,0.0,5.42,5.42
남성역골목시장,전통시장,커피-음료,1,0,1,100,0.0,2.37,2.37
노량진중앙시장,전통시장,커피-음료,4,0,0,0,0.0,3.96,3.96
능동로골목시장,전통시장,커피-음료,4,0,0,0,33.0,3.95,-29.05
답십리 건축자재시장,전통시장,커피-음료,2,0,0,0,50.0,3.43,-46.57
답십리시장,전통시장,커피-음료,3,0,0,0,0.0,3.74,3.74
답십리현대시장,전통시장,커피-음료,1,0,0,0,0.0,3.02,3.02
"대림골목시장(대림시장, 양지시장)",전통시장,커피-음료,2,0,0,0,0.0,3.46,3.46
대림상가(청계상가),전통시장,커피-음료,8,0,0,0,14.0,4.54,-9.46
대명여울빛거리시장(대명시장),전통시장,커피-음료,8,0,0,0,0.0,4.58,4.58
대조시장,전통시장,커피-음료,7,0,0,0,0.0,4.44,4.44
도곡시장,전통시장,커피-음료,2,0,0,0,0.0,3.43,3.43
도림시장,전통시장,커피-음료,2,0,0,0,0.0,3.43,3.43
도화동 상점가,전통시장,커피-음료,40,1,1,3,5.0,6.22,1.22
독산동 맛나는거리상점가(독산동 맛나는거리),전통시장,커피-음료,3,0,0,0,0.0,3.72,3.72
독산동 우시장,전통시장,커피-음료,3,0,0,0,0.0,3.77,3.77
돈암시장(돈암제일시장),전통시장,커피-음료,6,0,0,0,0.0,4.32,4.32
돌곶이시장(석관황금시장),전통시장,커피-음료,1,0,0,0,0.0,3.09,3.09
동대문문구완구거리(동대문문구완구시장),전통시장,커피-음료,4,0,1,25,0.0,3.77,3.77
동대문상가A동,전통시장,커피-음료,2,1,0,0,100.0,5.52,-94.48
동대문상가B동,전통시장,커피-음료,2,0,0,0,0.0,3.43,3.43
"동대문종합시장(동대문종합시장 신관, 동대문종합시장D동상가)",전통시장,커피-음료,17,0,0,0,0.0,5.26,5.26
동묘시장(동묘벼룩시장),전통시장,커피-음료,2,0,0,0,0.0,3.43,3.43
동성타워프라자,전통시장,커피-음료,2,0,0,0,0.0,3.43,3.43
"동원전통종합시장(동원시장, 동원전통시장 상점가)",전통시장,커피-음료,8,0,0,0,0.0,4.59,4.59
동진시장,전통시장,커피-음료,3,0,0,0,50.0,3.72,-46.28
동평화시장,전통시장,커피-음료,8,1,0,0,0.0,5.1,5.1
동화동 골목형상점가,전통시장,커피-음료,9,0,0,0,0.0,4.67,4.67
둔촌역전통시장,전통시장,커피-음료,3,1,2,67,0.0,4.57,4.57
뚝도시장,전통시장,커피-음료,6,0,3,50,0.0,3.93,3.93
뚝섬역상점가,전통시장,커피-음료,25,0,2,8,0.0,5.58,5.58
로데오거리상점가,전통시장,커피-음료,16,0,1,6,7.0,5.17,-1.83
마장축산물시장,전통시장,커피-음료,4,1,0,0,0.0,4.98,4.98
마전교지하쇼핑센터(구 한일상가),전통시장,커피-음료,1,0,0,0,0.0,3.02,3.02
마천중앙시장,전통시장,커피-음료,5,0,0,0,50.0,4.13,-45.87
마포농수산물시장,전통시장,커피-음료,4,1,0,0,0.0,4.96,4.96
마포시장,전통시장,커피-음료,1,0,0,0,0.0,3.02,3.02
만리시장,전통시장,커피-음료,2,0,0,0,0.0,3.43,3.43
망원시장,전통시장,커피-음료,10,0,0,0,11.0,4.77,-6.23
망원월드컵시장,전통시장,커피-음료,7,1,0,0,17.0,5.0,-12.0
면목골목시장(면목시장),전통시장,커피-음료,5,0,0,0,0.0,4.17,4.17
명일전통시장,전통시장,커피-음료,2,0,0,0,0.0,3.43,3.43
모래내시장(서중시장),전통시장,커피-음료,2,1,0,0,0.0,5.52,5.52
목2동시장,전통시장,커피-음료,8,1,0,0,0.0,5.12,5.12
목동깨비시장(목3동시장),전통시장,커피-음료,8,0,0,0,0.0,4.59,4.59
목사랑시장(목4동시장),전통시장,커피-음료,3,0,0,0,0.0,3.74,3.74
무학봉상점가,전통시장,커피-음료,11,0,0,0,0.0,4.84,4.84
묵1동도깨비시장,전통시장,커피-음료,3,0,0,0,0.0,3.74,3.74
문정동 로데오거리 상점가(문정동 로데오거리),전통시장,커피-음료,17,0,0,0,0.0,5.27,5.27
미성동 도깨비시장 골목형상점가,전통시장,커피-음료,6,0,0,0,0.0,4.31,4.31
밤나무골시장,전통시장,커피-음료,1,0,0,0,0.0,3.02,3.02
방산종합시장(방산시장),전통시장,커피-음료,27,5,0,0,4.0,6.47,2.47
방신전통시장,전통시장,커피-음료,1,0,0,0,0.0,3.02,3.02
방이시장,전통시장,커피-음료,14,0,0,0,15.0,5.08,-9.92
방천골목시장,전통시장,커피-음료,2,0,0,0,0.0,3.46,3.46
방학동도깨비시장,전통시장,커피-음료,6,0,0,0,0.0,4.3,4.3
백학시장,전통시장,커피-음료,6,0,0,0,0.0,4.34,4.34
보광시장,전통시장,커피-음료,1,0,0,0,0.0,3.02,3.02
봉천제일종합시장,전통시장,커피-음료,1,0,0,0,0.0,3.02,3.02
봉천중앙시장,전통시장,커피-음료,4,1,0,0,0.0,4.98,4.98
불광먹자골목 골목형상점가,전통시장,커피-음료,8,0,0,0,0.0,4.56,4.56
비단길현대시장(현대시장),전통시장,커피-음료,8,0,0,0,0.0,4.58,4.58
사가정시장,전통시장,커피-음료,8,0,0,0,0.0,4.56,4.56
사당1동먹자골목상점가(사당1동먹자골목),전통시장,커피-음료,8,1,0,0,0.0,5.08,5.08
사당시장,전통시장,커피-음료,2,0,0,0,0.0,3.43,3.43
삼구시장(로타리상가),전통시장,커피-음료,3,0,0,0,0.0,3.72,3.72
삼양골목시장(삼양시장),전통시장,커피-음료,7,0,0,0,0.0,4.45,4.45
삼익패션타운(남대문시장),전통시장,커피-음료,3,1,0,0,0.0,5.08,5.08
상계역전종합상가,전통시장,커피-음료,2,0,0,0,0.0,3.43,3.43
상계주공1단지(가)상가,전통시장,커피-음료,1,0,0,0,0.0,3.02,3.02
상계중앙시장,전통시장,커피-음료,8,0,0,0,0.0,4.57,4.57
상도도깨비 골목형상점가,전통시장,커피-음료,2,0,0,0,0.0,3.43,3.43
상도약수골목형상점가,전통시장,커피-음료,4,0,0,0,0.0,3.95,3.95
상도전통시장,전통시장,커피-음료,7,0,0,0,0.0,4.43,4.43
상암동상점가,전통시장,커피-음료,59,2,0,0,2.0,6.6,4.6
새마을시장,전통시장,커피-음료,14,0,0,0,0.0,5.08,5.08
서교시장,전통시장,커피-음료,1,0,0,0,0.0,3.09,3.09
서서울 골목형상점가,전통시장,커피-음료,2,0,0,0,0.0,3.43,3.43
서울약령시장,전통시장,커피-음료,13,0,0,0,0.0,5.0,5.0
서울중앙시장(신중앙시장),전통시장,커피-음료,8,1,0,0,0.0,5.08,5.08
서원동상점가,전통시장,커피-음료,27,1,1,4,8.0,5.86,-2.14
석관시장,전통시장,커피-음료,1,0,0,0,0.0,3.02,3.02
석촌시장,전통시장,커피-음료,9,0,1,11,0.0,4.6,4.6
선유도역 골목형상점가,전통시장,커피-음료,14,2,1,7,7.0,5.6,-1.4
성내전통시장,전통시장,커피-음료,1,0,1,100,0.0,2.3,2.3
성대전통시장(성대시장),전통시장,커피-음료,12,0,0,0,0.0,4.96,4.96
성동용답상가시장,전통시장,커피-음료,18,0,0,0,0.0,5.33,5.33
성수역 골목형상점가,전통시장,커피-음료,2,0,0,0,0.0,3.46,3.46
세운상가가동,전통시장,커피-음료,1,0,0,0,0.0,3.02,3.02
세종마을음식문화거리(금천교시장),전통시장,커피-음료,13,0,2,15,8.0,4.92,-3.08
"솔샘시장(미아6,7동골목시장)",전통시장,커피-음료,1,1,0,0,0.0,7.13,7.13
송화벽화시장(송화골목시장),전통시장,커피-음료,6,0,0,0,0.0,4.32,4.32
"수유전통시장(수유시장, 수유골목시장)",전통시장,커피-음료,5,0,0,0,0.0,4.17,4.17
수유중앙골목시장(수유중앙시장),전통시장,커피-음료,2,0,0,0,0.0,3.43,3.43
숭인시장,전통시장,커피-음료,2,0,0,0,0.0,3.46,3.46
시영2단지 무지개종합상가(중계 무지개2단지아파트상가),전통시장,커피-음료,1,0,0,0,0.0,3.02,3.02
시영B상가(중계 그린아파트 B 상가),전통시장,커피-음료,3,0,0,0,0.0,3.72,3.72
신곡종합시장(신월6동 골목시장),전통시장,커피-음료,3,1,1,33,0.0,4.86,4.86
신금호역 골목형상점가,전통시장,커피-음료,3,0,0,0,0.0,3.74,3.74
신당 미래유산 먹거리 골목형상점가,전통시장,커피-음료,1,0,0,0,0.0,3.09,3.09
신대방1동골목상권,전통시장,커피-음료,5,0,0,0,0.0,4.19,4.19
신도봉시장,전통시장,커피-음료,2,0,0,0,100.0,3.43,-96.57
신림현대종합상가,전통시장,커피-음료,1,0,0,0,0.0,3.02,3.02
신성시장(신성골목시장),전통시장,커피-음료,3,0,0,0,0.0,3.79,3.79
신아타운,전통시장,커피-음료,4,0,1,25,0.0,3.82,3.82
신영시장,전통시장,커피-음료,5,0,0,0,0.0,4.16,4.16
신원시장,전통시장,커피-음료,4,1,0,0,0.0,4.96,4.96
"신월7동 골목시장(약수시장, 우성상가)",전통시장,커피-음료,1,0,0,0,0.0,3.09,3.09
신월중앙시장,전통시장,커피-음료,1,0,0,0,0.0,3.09,3.09
신정2동 골목시장(오목교중앙시장),전통시장,커피-음료,1,0,0,0,0.0,3.02,3.02
신정3동 골목시장,전통시장,커피-음료,2,0,0,0,0.0,3.5,3.5
신촌 상인회(신촌상점가),전통시장,커피-음료,4,0,0,0,0.0,3.98,3.98
신흥시장,전통시장,커피-음료,18,0,0,0,12.0,5.3,-6.7
쌍문시장(쌍문역골목시장),전통시장,커피-음료,11,2,1,9,0.0,5.53,5.53
쌍문역동측상점가,전통시장,커피-음료,7,0,0,0,0.0,4.44,4.44
쌍문역둘리상점가,전통시장,커피-음료,1,0,0,0,0.0,3.02,3.02
아현가구거리상점가,전통시장,커피-음료,6,0,0,0,0.0,4.3,4.3
아현시장,전통시장,커피-음료,3,0,0,0,33.0,3.74,-29.26
암사종합시장,전통시장,커피-음료,2,0,0,0,0.0,3.5,3.5
약수시장,전통시장,커피-음료,8,0,0,0,0.0,4.57,4.57
양재시장,전통시장,커피-음료,2,0,0,0,0.0,3.43,3.43
연서시장,전통시장,커피-음료,1,0,0,0,0.0,3.02,3.02
연신내상점가(연빛거리),전통시장,커피-음료,28,0,0,0,4.0,5.75,1.75
연희사러가,전통시장,커피-음료,1,0,0,0,0.0,3.02,3.02
영동전통시장,전통시장,커피-음료,6,1,0,0,0.0,4.99,4.99
영등포시장기계공구상가,전통시장,커피-음료,4,1,0,0,0.0,4.99,4.99
영등포역지하도상점가,전통시장,커피-음료,21,0,0,0,0.0,5.48,5.48
영등포유통상가,전통시장,커피-음료,7,0,1,14,14.0,4.34,-9.66
영등포전통시장,전통시장,커피-음료,1,1,0,0,0.0,7.06,7.06
영등포청과시장(조광시장),전통시장,커피-음료,8,0,0,0,33.0,4.56,-28.44
영림시장,전통시장,커피-음료,15,1,1,7,7.0,5.39,-1.61
영일시장,전통시장,커피-음료,1,0,0,0,0.0,3.02,3.02
영진시장,전통시장,커피-음료,1,0,0,0,0.0,3.02,3.02
영진시장A동,전통시장,커피-음료,3,0,0,0,0.0,3.72,3.72
영천시장,전통시장,커피-음료,2,0,0,0,0.0,3.46,3.46
오!도봉거리 상점가,전통시장,커피-음료,3,0,0,0,0.0,3.72,3.72
오류시장,전통시장,커피-음료,3,1,0,0,0.0,5.1,5.1
왕십리도선동상점가,전통시장,커피-음료,18,0,1,6,18.0,5.27,-12.73
용강동 상점가,전통시장,커피-음료,7,0,0,0,17.0,4.43,-12.57
용산용문시장,전통시장,커피-음료,9,0,0,0,0.0,4.7,4.7
우림골목시장,전통시장,커피-음료,11,1,1,9,22.0,5.17,-16.83
우이골목시장(우이시장),전통시장,커피-음료,3,0,0,0,0.0,3.77,3.77
월정로시장,전통시장,커피-음료,2,0,0,0,0.0,3.46,3.46
유영시장,전통시장,커피-음료,2,0,0,0,0.0,3.43,3.43
유진상가,전통시장,커피-음료,1,0,0,0,0.0,3.02,3.02
은행나무시장,전통시장,커피-음료,3,0,0,0,0.0,3.77,3.77
응암시장(신응암시장),전통시장,커피-음료,2,0,0,0,0.0,3.46,3.46
응암오거리상점가,전통시장,커피-음료,8,0,0,0,0.0,4.56,4.56
이경시장,전통시장,커피-음료,1,0,1,100,0.0,2.3,2.3
이대 앞 스타트업 상점가,전통시장,커피-음료,7,0,1,14,0.0,4.34,4.34
이촌종합시장,전통시장,커피-음료,4,0,0,0,0.0,3.96,3.96
이태원시장,전통시장,커피-음료,1,0,0,0,0.0,3.02,3.02
"이화여대 3,5,7길 상점가",전통시장,커피-음료,48,1,2,4,0.0,6.34,6.34
인왕시장(홍제골목형상점가),전통시장,커피-음료,2,0,0,0,0.0,3.5,3.5
인헌시장(원당종합시장),전통시장,커피-음료,11,0,0,0,0.0,4.84,4.84
인현시장,전통시장,커피-음료,8,0,0,0,0.0,4.54,4.54
자양골목전통시장(자양골목시장),전통시장,커피-음료,3,0,0,0,0.0,3.72,3.72
장미제일시장(중화동제일시장),전통시장,커피-음료,6,0,0,0,0.0,4.29,4.29
장신구 특화거리 상점가,전통시장,커피-음료,5,0,0,0,0.0,4.13,4.13
전곡시장,전통시장,커피-음료,2,0,0,0,0.0,3.46,3.46
전농로터리시장,전통시장,커피-음료,5,0,0,0,0.0,4.15,4.15
정릉골 골목형상점가,전통시장,커피-음료,2,0,1,50,0.0,3.07,3.07
정릉시장,전통시장,커피-음료,8,0,0,0,0.0,4.56,4.56
정릉아리랑시장,전통시장,커피-음료,3,0,0,0,0.0,3.74,3.74
제일시장,전통시장,커피-음료,15,0,0,0,0.0,5.17,5.17
조원동 펭귄시장(신림중앙시장),전통시장,커피-음료,3,0,1,33,0.0,3.48,3.48
종로신진시장,전통시장,커피-음료,13,0,1,8,8.0,4.95,-3.05
"중곡제일시장(중곡제일골목시장, 광성시장)",전통시장,커피-음료,5,0,0,0,0.0,4.13,4.13
중랑동부시장,전통시장,커피-음료,13,0,1,8,8.0,4.98,-3.02
중부시장(신중부시장),전통시장,커피-음료,16,0,0,0,0.0,5.21,5.21
창동골목시장,전통시장,커피-음료,5,0,0,0,25.0,4.13,-20.87
창동신창시장,전통시장,커피-음료,6,0,0,0,50.0,4.31,-45.69
창동역상점가,전통시장,커피-음료,13,2,0,0,0.0,5.63,5.63
창신골목시장,전통시장,커피-음료,4,1,0,0,0.0,4.98,4.98
청계천공구상가,전통시장,커피-음료,2,0,0,0,0.0,3.43,3.43
청담삼익시장,전통시장,커피-음료,2,0,0,0,0.0,3.43,3.43
청량리농수산물시장,전통시장,커피-음료,1,0,0,0,0.0,3.09,3.09
청량리전통시장,전통시장,커피-음료,4,0,0,0,0.0,3.96,3.96
청량리종합시장,전통시장,커피-음료,2,0,0,0,0.0,3.43,3.43
청량리청과물시장,전통시장,커피-음료,9,0,0,0,0.0,4.65,4.65
청량종합도매시장,전통시장,커피-음료,2,0,0,0,0.0,3.43,3.43
청평화시장,전통시장,커피-음료,3,0,0,0,0.0,3.77,3.77
태능엔터피아(태릉시장),전통시장,커피-음료,1,0,0,0,0.0,3.02,3.02
테크노상가(엘리시움),전통시장,커피-음료,1,0,0,0,0.0,3.02,3.02
통인시장,전통시장,커피-음료,24,1,0,0,0.0,5.74,5.74
"평화시장(남평화시장, 제일평화시장, 신평화패션타운)",전통시장,커피-음료,8,1,0,0,14.0,5.1,-8.9
"평화시장(통일상가, 동화상가)",전통시장,커피-음료,34,0,1,3,10.0,5.92,-4.08
포방터시장,전통시장,커피-음료,2,0,1,50,0.0,3.07,3.07
풍납시장,전통시장,커피-음료,5,1,0,0,0.0,4.94,4.94
한아름시장,전통시장,커피-음료,2,0,0,0,0.0,3.46,3.46
"한양대앞상점가(한양시장, 왕십리맛골목)",전통시장,커피-음료,17,1,0,0,0.0,5.52,5.52
행당시장상점가,전통시장,커피-음료,10,0,0,0,11.0,4.78,-6.22
홍대 걷고싶은 거리,전통시장,커피-음료,58,1,1,2,5.0,6.53,1.53
홍대소상공인상점가,전통시장,커피-음료,35,3,0,0,9.0,6.33,-2.67
화곡본동시장,전통시장,커피-음료,1,0,0,0,0.0,3.02,3.02
화곡중앙시장,전통시장,커피-음료,6,1,0,0,0.0,5.0,5.0
화양제일골목시장,전통시장,커피-음료,3,0,1,33,0.0,3.51,3.51
황학동주방가구거리상점가,전통시장,커피-음료,4,0,0,0,0.0,3.96,3.96
"황학시장(서울중앙시장, 신중앙시장)",전통시장,커피-음료,4,1,3,75,0.0,4.44,4.44
회기시장,전통시장,커피-음료,10,0,0,0,0.0,4.75,4.75
후암시장,전통시장,커피-음료,3,0,0,0,0.0,3.74,3.74
강남개포시장,전통시장,패스트푸드점,5,0,0,0,0.0,4.92,4.92
강남시장(강남구 강남시장),전통시장,패스트푸드점,2,1,0,0,0.0,6.2,6.2
강남시장(동작구 강남시장),전통시장,패스트푸드점,1,0,0,0,0.0,3.84,3.84
강남언주로,전통시장,패스트푸드점,2,0,0,0,0.0,4.18,4.18
강북북부골목시장,전통시장,패스트푸드점,5,0,0,0,0.0,4.95,4.95
강북종합전통시장(강북종합골목시장),전통시장,패스트푸드점,2,0,0,0,0.0,4.18,4.18
개봉중앙시장,전통시장,패스트푸드점,4,1,0,0,0.0,5.76,5.76
경동시장,전통시장,패스트푸드점,1,0,1,100,0.0,3.05,3.05
경창시장,전통시장,패스트푸드점,1,0,0,0,0.0,3.84,3.84
고덕 골목형상점가,전통시장,패스트푸드점,3,0,1,33,33.0,4.26,-28.74
고분다리전통시장,전통시장,패스트푸드점,1,1,0,0,0.0,7.81,7.81
고척골목시장상점가(그라운드 고척),전통시장,패스트푸드점,2,0,0,0,0.0,4.21,4.21
공릉동 도깨비시장,전통시장,패스트푸드점,1,0,0,0,0.0,3.77,3.77
관악중부시장,전통시장,패스트푸드점,4,1,0,0,0.0,5.71,5.71
광장시장(광장전통시장),전통시장,패스트푸드점,2,0,0,0,0.0,4.18,4.18
금남시장,전통시장,패스트푸드점,1,0,0,0,0.0,3.77,3.77
길동복조리시장,전통시장,패스트푸드점,3,0,0,0,0.0,4.49,4.49
까치산시장,전통시장,패스트푸드점,6,0,0,0,20.0,5.1,-14.9
남대문시장(자유상가),전통시장,패스트푸드점,5,0,1,20,0.0,4.79,4.79
"남부골목시장(남부화곡시장, 남부시장)",전통시장,패스트푸드점,3,0,0,0,0.0,4.49,4.49
남부종합시장,전통시장,패스트푸드점,1,0,0,0,0.0,3.77,3.77
남성사계시장(남성시장),전통시장,패스트푸드점,3,0,0,0,0.0,4.54,4.54
남성역골목시장,전통시장,패스트푸드점,3,0,0,0,0.0,4.52,4.52
노룬산시장(노룬산골목시장),전통시장,패스트푸드점,1,0,0,0,0.0,3.77,3.77
논현종합시장,전통시장,패스트푸드점,1,0,0,0,0.0,3.84,3.84
답십리시장,전통시장,패스트푸드점,2,0,0,0,0.0,4.21,4.21
대림상가(청계상가),전통시장,패스트푸드점,1,0,0,0,0.0,3.77,3.77
대명여울빛거리시장(대명시장),전통시장,패스트푸드점,4,0,0,0,25.0,4.77,-20.23
대조시장,전통시장,패스트푸드점,1,0,0,0,0.0,3.77,3.77
도곡시장,전통시장,패스트푸드점,1,0,0,0,0.0,3.84,3.84
도화동 상점가,전통시장,패스트푸드점,9,1,0,0,0.0,5.86,5.86
독산동 맛나는거리상점가(독산동 맛나는거리),전통시장,패스트푸드점,1,0,0,0,0.0,3.77,3.77
독산동 우시장,전통시장,패스트푸드점,1,0,0,0,0.0,3.84,3.84
동대문문구완구거리(동대문문구완구시장),전통시장,패스트푸드점,1,0,0,0,0.0,3.77,3.77
"동대문종합시장(동대문종합시장 신관, 동대문종합시장D동상가)",전통시장,패스트푸드점,2,0,0,0,0.0,4.25,4.25
동북프라자,전통시장,패스트푸드점,1,0,0,0,0.0,3.84,3.84
"동원전통종합시장(동원시장, 동원전통시장 상점가)",전통시장,패스트푸드점,2,0,0,0,0.0,4.25,4.25
동평화시장,전통시장,패스트푸드점,1,0,0,0,0.0,3.84,3.84
동화동 골목형상점가,전통시장,패스트푸드점,2,0,0,0,0.0,4.21,4.21
둔촌역전통시장,전통시장,패스트푸드점,2,0,0,0,0.0,4.21,4.21
뚝섬역상점가,전통시장,패스트푸드점,3,0,0,0,0.0,4.49,4.49
로데오거리상점가,전통시장,패스트푸드점,5,0,1,20,0.0,4.77,4.77
마천중앙시장,전통시장,패스트푸드점,1,0,0,0,0.0,3.84,3.84
망원시장,전통시장,패스트푸드점,2,0,0,0,100.0,4.21,-95.79
망원월드컵시장,전통시장,패스트푸드점,1,0,0,0,0.0,3.77,3.77
면목골목시장(면목시장),전통시장,패스트푸드점,1,0,0,0,0.0,3.77,3.77
명일전통시장,전통시장,패스트푸드점,1,0,0,0,0.0,3.77,3.77
목2동시장,전통시장,패스트푸드점,4,0,0,0,0.0,4.73,4.73
목동깨비시장(목3동시장),전통시장,패스트푸드점,1,0,0,0,0.0,3.77,3.77
목사랑시장(목4동시장),전통시장,패스트푸드점,1,0,0,0,0.0,3.77,3.77
무학봉상점가,전통시장,패스트푸드점,1,0,0,0,0.0,3.84,3.84
문정동 로데오거리 상점가(문정동 로데오거리),전통시장,패스트푸드점,4,0,0,0,0.0,4.75,4.75
미성동 도깨비시장 골목형상점가,전통시장,패스트푸드점,2,0,0,0,0.0,4.25,4.25
방산종합시장(방산시장),전통시장,패스트푸드점,5,0,0,0,0.0,4.91,4.91
방이시장,전통시장,패스트푸드점,7,0,2,29,0.0,5.01,5.01
백운시장,전통시장,패스트푸드점,1,0,1,100,0.0,3.12,3.12
백학시장,전통시장,패스트푸드점,3,0,0,0,0.0,4.52,4.52
봉천중앙시장,전통시장,패스트푸드점,1,0,0,0,0.0,3.84,3.84
불광먹자골목 골목형상점가,전통시장,패스트푸드점,3,0,0,0,0.0,4.52,4.52
사가정시장,전통시장,패스트푸드점,1,0,0,0,0.0,3.84,3.84
사당1동먹자골목상점가(사당1동먹자골목),전통시장,패스트푸드점,2,0,0,0,0.0,4.21,4.21
삼양골목시장(삼양시장),전통시장,패스트푸드점,1,0,0,0,0.0,3.77,3.77
상계중앙시장,전통시장,패스트푸드점,4,0,0,0,0.0,4.73,4.73
상도도깨비 골목형상점가,전통시장,패스트푸드점,1,0,0,0,0.0,3.77,3.77
상도약수골목형상점가,전통시장,패스트푸드점,1,0,0,0,0.0,3.77,3.77
상도전통시장,전통시장,패스트푸드점,4,0,0,0,0.0,4.77,4.77
상암동상점가,전통시장,패스트푸드점,9,1,0,0,0.0,5.87,5.87
새마을시장,전통시장,패스트푸드점,3,0,0,0,25.0,4.52,-20.48
서교시장,전통시장,패스트푸드점,1,0,0,0,0.0,3.77,3.77
서서울 골목형상점가,전통시장,패스트푸드점,2,0,0,0,0.0,4.18,4.18
서울중앙시장(신중앙시장),전통시장,패스트푸드점,2,0,0,0,0.0,4.18,4.18
서원동상점가,전통시장,패스트푸드점,5,0,2,40,0.0,4.62,4.62
석촌시장,전통시장,패스트푸드점,4,1,1,25,0.0,5.6,5.6
선유도역 골목형상점가,전통시장,패스트푸드점,2,0,0,0,0.0,4.18,4.18
성대전통시장(성대시장),전통시장,패스트푸드점,2,0,0,0,0.0,4.25,4.25
성동용답상가시장,전통시장,패스트푸드점,2,0,0,0,0.0,4.25,4.25
성수역 골목형상점가,전통시장,패스트푸드점,1,0,0,0,0.0,3.84,3.84
세종마을음식문화거리(금천교시장),전통시장,패스트푸드점,6,0,0,0,0.0,5.07,5.07
"솔샘시장(미아6,7동골목시장)",전통시장,패스트푸드점,3,0,0,0,0.0,4.49,4.49
송화벽화시장(송화골목시장),전통시장,패스트푸드점,3,1,0,0,0.0,5.85,5.85
"수유전통시장(수유시장, 수유골목시장)",전통시장,패스트푸드점,1,0,0,0,0.0,3.84,3.84
수유중앙골목시장(수유중앙시장),전통시장,패스트푸드점,1,0,0,0,0.0,3.77,3.77
숭인시장,전통시장,패스트푸드점,3,0,1,33,0.0,4.26,4.26
시영B상가(중계 그린아파트 B 상가),전통시장,패스트푸드점,1,0,0,0,0.0,3.84,3.84
신곡종합시장(신월6동 골목시장),전통시장,패스트푸드점,1,0,0,0,0.0,3.84,3.84
신금호역 골목형상점가,전통시장,패스트푸드점,4,0,0,0,33.0,4.75,-28.25
신노량진시장(기능상실),전통시장,패스트푸드점,1,0,0,0,0.0,3.77,3.77
신대방1동골목상권,전통시장,패스트푸드점,1,0,0,0,0.0,3.84,3.84
신림현대종합상가,전통시장,패스트푸드점,1,0,0,0,0.0,3.77,3.77
신사상가,전통시장,패스트푸드점,1,0,0,0,0.0,3.77,3.77
신영시장,전통시장,패스트푸드점,1,0,0,0,0.0,3.77,3.77
신흥시장,전통시장,패스트푸드점,2,0,0,0,0.0,4.21,4.21
쌍문시장(쌍문역골목시장),전통시장,패스트푸드점,4,0,0,0,0.0,4.75,4.75
쌍문역동측상점가,전통시장,패스트푸드점,4,0,0,0,0.0,4.73,4.73
쌍문역둘리상점가,전통시장,패스트푸드점,1,0,0,0,0.0,3.84,3.84
아현가구거리상점가,전통시장,패스트푸드점,1,0,0,0,0.0,3.84,3.84
약수시장,전통시장,패스트푸드점,4,0,0,0,0.0,4.75,4.75
연신내상점가(연빛거리),전통시장,패스트푸드점,10,0,0,0,0.0,5.52,5.52
영동전통시장,전통시장,패스트푸드점,1,0,0,0,0.0,3.84,3.84
영등포역지하도상점가,전통시장,패스트푸드점,7,0,0,0,0.0,5.24,5.24
영등포청과시장(조광시장),전통시장,패스트푸드점,5,0,0,0,0.0,4.9,4.9
영림시장,전통시장,패스트푸드점,3,0,0,0,0.0,4.54,4.54
영일시장,전통시장,패스트푸드점,1,0,0,0,0.0,3.77,3.77
왕십리도선동상점가,전통시장,패스트푸드점,2,0,0,0,0.0,4.25,4.25
용강동 상점가,전통시장,패스트푸드점,1,0,0,0,0.0,3.77,3.77
용산용문시장,전통시장,패스트푸드점,4,0,0,0,0.0,4.77,4.77
우림골목시장,전통시장,패스트푸드점,5,0,0,0,0.0,4.94,4.94
응암시장(신응암시장),전통시장,패스트푸드점,1,0,0,0,0.0,3.77,3.77
응암오거리상점가,전통시장,패스트푸드점,3,0,0,0,0.0,4.49,4.49
이대 앞 스타트업 상점가,전통시장,패스트푸드점,5,0,0,0,0.0,4.88,4.88
이촌종합시장,전통시장,패스트푸드점,1,0,0,0,0.0,3.77,3.77
이태원시장,전통시장,패스트푸드점,1,0,0,0,0.0,3.84,3.84
"이화여대 3,5,7길 상점가",전통시장,패스트푸드점,13,0,0,0,0.0,5.78,5.78
인헌시장(원당종합시장),전통시장,패스트푸드점,2,0,0,0,0.0,4.18,4.18
인현시장,전통시장,패스트푸드점,1,0,0,0,0.0,3.77,3.77
장미제일시장(중화동제일시장),전통시장,패스트푸드점,2,0,0,0,0.0,4.18,4.18
전농로터리시장,전통시장,패스트푸드점,2,0,0,0,0.0,4.21,4.21
정릉골 골목형상점가,전통시장,패스트푸드점,2,0,0,0,0.0,4.21,4.21
정릉시장,전통시장,패스트푸드점,6,0,1,17,0.0,4.96,4.96
정릉아리랑시장,전통시장,패스트푸드점,2,0,0,0,0.0,4.21,4.21
제일시장,전통시장,패스트푸드점,2,0,0,0,0.0,4.21,4.21
조원동 펭귄시장(신림중앙시장),전통시장,패스트푸드점,2,0,0,0,0.0,4.25,4.25
중랑동부시장,전통시장,패스트푸드점,2,0,0,0,0.0,4.25,4.25
중부시장(신중부시장),전통시장,패스트푸드점,3,0,0,0,0.0,4.52,4.52
창동골목시장,전통시장,패스트푸드점,4,0,0,0,0.0,4.75,4.75
창동신창시장,전통시장,패스트푸드점,2,0,0,0,0.0,4.25,4.25
창동역상점가,전통시장,패스트푸드점,3,1,0,0,0.0,5.83,5.83
창신골목시장,전통시장,패스트푸드점,2,0,0,0,0.0,4.18,4.18
통인시장,전통시장,패스트푸드점,1,0,0,0,0.0,3.77,3.77
"평화시장(남평화시장, 제일평화시장, 신평화패션타운)",전통시장,패스트푸드점,2,0,0,0,0.0,4.25,4.25
"평화시장(통일상가, 동화상가)",전통시장,패스트푸드점,5,0,0,0,0.0,4.91,4.91
포방터시장,전통시장,패스트푸드점,1,0,0,0,0.0,3.84,3.84
풍납시장,전통시장,패스트푸드점,4,0,0,0,67.0,4.75,-62.25
"한양대앞상점가(한양시장, 왕십리맛골목)",전통시장,패스트푸드점,5,0,0,0,0.0,4.91,4.91
행당시장상점가,전통시장,패스트푸드점,1,1,0,0,0.0,7.81,7.81
홍대 걷고싶은 거리,전통시장,패스트푸드점,7,0,0,0,0.0,5.19,5.19
홍대소상공인상점가,전통시장,패스트푸드점,5,1,1,20,0.0,5.58,5.58
화곡본동시장,전통시장,패스트푸드점,2,0,1,50,0.0,3.85,3.85
"황학시장(서울중앙시장, 신중앙시장)",전통시장,패스트푸드점,1,1,0,0,0.0,7.81,7.81
회기시장,전통시장,패스트푸드점,2,0,0,0,0.0,4.18,4.18
가리봉시장,전통시장,한식음식점,3,0,0,0,50.0,2.16,-47.84
강남개포시장,전통시장,한식음식점,32,0,0,0,3.0,4.31,1.31
강남골목시장,전통시장,한식음식점,10,0,0,0,10.0,3.19,-6.81
강남시장(강남구 강남시장),전통시장,한식음식점,19,0,0,0,6.0,3.8,-2.2
강남시장(동작구 강남시장),전통시장,한식음식점,4,0,0,0,0.0,2.38,2.38
강남언주로,전통시장,한식음식점,55,1,2,4,0.0,4.89,4.89
강북북부골목시장,전통시장,한식음식점,6,0,0,0,0.0,2.74,2.74
강북종합전통시장(강북종합골목시장),전통시장,한식음식점,77,6,5,7,8.0,5.46,-2.54
개봉중앙시장,전통시장,한식음식점,12,0,1,8,0.0,3.31,3.31
경동광성상가(경동시장),전통시장,한식음식점,10,1,1,10,10.0,3.52,-6.48
경동시장,전통시장,한식음식점,30,3,0,0,3.0,4.64,1.64
경창시장,전통시장,한식음식점,13,0,0,0,0.0,3.44,3.44
고덕 골목형상점가,전통시장,한식음식점,17,3,4,24,0.0,4.27,4.27
고분다리전통시장,전통시장,한식음식점,19,1,0,0,12.0,4.01,-7.99
고척골목시장상점가(그라운드 고척),전통시장,한식음식점,11,2,1,9,0.0,3.94,3.94
고척근린시장,전통시장,한식음식점,16,0,0,0,0.0,3.63,3.63
고척프라자,전통시장,한식음식점,2,0,0,0,0.0,1.87,1.87
공덕시장,전통시장,한식음식점,25,0,2,8,0.0,4.01,4.01
공릉동 도깨비시장,전통시장,한식음식점,38,1,0,0,0.0,4.6,4.6
공항시장,전통시장,한식음식점,7,0,0,0,17.0,2.86,-14.14
관악신사시장,전통시장,한식음식점,23,0,0,0,4.0,3.98,-0.02
관악중부시장,전통시장,한식음식점,19,4,2,11,0.0,4.57,4.57
광장시장(광장전통시장),전통시장,한식음식점,52,2,4,8,2.0,4.89,2.89
구로시장,전통시장,한식음식점,19,0,1,5,0.0,3.76,3.76
금남시장,전통시장,한식음식점,36,2,0,0,0.0,4.66,4.66
길동복조리시장,전통시장,한식음식점,15,0,0,0,7.0,3.57,-3.43
길음시장,전통시장,한식음식점,6,0,0,0,0.0,2.73,2.73
까치산시장,전통시장,한식음식점,37,2,1,3,0.0,4.63,4.63
꿈의숲 장곡 골목형상점가,전통시장,한식음식점,12,0,0,0,0.0,3.36,3.36
낙원시장(낙원지하시장(대일상가)),전통시장,한식음식점,4,0,0,0,0.0,2.4,2.4
난곡 골목형상점가,전통시장,한식음식점,3,0,0,0,0.0,2.16,2.16
남구로시장,전통시장,한식음식점,37,2,1,3,3.0,4.63,1.63
남대문시장(자유상가),전통시장,한식음식점,88,0,1,1,0.0,5.3,5.3
남문시장,전통시장,한식음식점,14,1,1,7,0.0,3.73,3.73
"남부골목시장(남부화곡시장, 남부시장)",전통시장,한식음식점,63,1,2,3,3.0,5.03,2.03
남부종합시장,전통시장,한식음식점,2,0,0,0,0.0,1.87,1.87
남서울상가,전통시장,한식음식점,2,0,0,0,0.0,1.87,1.87
남성사계시장(남성시장),전통시장,한식음식점,59,3,3,5,5.0,5.08,0.08
남성역골목시장,전통시장,한식음식점,18,1,1,6,6.0,3.95,-2.05
노량진중앙시장,전통시장,한식음식점,9,0,1,11,0.0,3.04,3.04
노룬산시장(노룬산골목시장),전통시장,한식음식점,8,0,0,0,0.0,2.98,2.98
논현종합시장,전통시장,한식음식점,3,0,0,0,0.0,2.16,2.16
능동로골목시장,전통시장,한식음식점,20,0,0,0,0.0,3.85,3.85
답십리 건축자재시장,전통시장,한식음식점,3,0,0,0,0.0,2.16,2.16
답십리시장,전통시장,한식음식점,16,0,0,0,0.0,3.63,3.63
답십리현대시장,전통시장,한식음식점,15,0,0,0,7.0,3.57,-3.43
"대림골목시장(대림시장, 양지시장)",전통시장,한식음식점,38,0,1,3,0.0,4.45,4.45
대림상가(청계상가),전통시장,한식음식점,1,0,0,0,0.0,1.52,1.52
대림중앙 골목형상점가,전통시장,한식음식점,2,0,0,0,0.0,1.87,1.87
대림중앙시장,전통시장,한식음식점,6,0,0,0,0.0,2.74,2.74
대명여울빛거리시장(대명시장),전통시장,한식음식점,63,1,1,2,2.0,5.05,3.05
대원종합시장,전통시장,한식음식점,1,0,0,0,0.0,1.45,1.45
대조시장,전통시장,한식음식점,45,1,3,7,5.0,4.67,-0.33
도곡시장,전통시장,한식음식점,2,0,0,0,0.0,1.87,1.87
도림시장,전통시장,한식음식점,3,0,0,0,0.0,2.16,2.16
도화동 상점가,전통시장,한식음식점,137,2,2,2,5.0,5.82,0.82
독산동 맛나는거리상점가(독산동 맛나는거리),전통시장,한식음식점,33,1,0,0,3.0,4.47,1.47
독산동 우시장,전통시장,한식음식점,18,2,2,11,0.0,4.11,4.11
돈암시장(돈암제일시장),전통시장,한식음식점,41,2,1,2,13.0,4.74,-8.26
돌곶이시장(석관황금시장),전통시장,한식음식점,15,2,2,13,0.0,4.0,4.0
동남상가,전통시장,한식음식점,9,0,0,0,0.0,3.09,3.09
동대문문구완구거리(동대문문구완구시장),전통시장,한식음식점,17,0,3,18,6.0,3.56,-2.44
"동대문종합시장(동대문종합시장 신관, 동대문종합시장D동상가)",전통시장,한식음식점,7,0,0,0,0.0,2.89,2.89
동묘시장(동묘벼룩시장),전통시장,한식음식점,13,0,0,0,0.0,3.43,3.43
동문시장,전통시장,한식음식점,6,0,0,0,0.0,2.73,2.73
동부시장,전통시장,한식음식점,7,0,0,0,0.0,2.87,2.87
동북프라자,전통시장,한식음식점,8,0,0,0,0.0,2.98,2.98
동성타워프라자,전통시장,한식음식점,2,0,0,0,0.0,1.93,1.93
"동원전통종합시장(동원시장, 동원전통시장 상점가)",전통시장,한식음식점,87,1,1,1,1.0,5.33,4.33
동평화시장,전통시장,한식음식점,7,0,0,0,0.0,2.88,2.88
동화동 골목형상점가,전통시장,한식음식점,28,0,0,0,4.0,4.18,0.18
둔촌역전통시장,전통시장,한식음식점,37,0,0,0,3.0,4.44,1.44
등마루시장,전통시장,한식음식점,3,0,0,0,0.0,2.16,2.16
뚝도시장,전통시장,한식음식점,52,0,0,0,2.0,4.78,2.78
뚝섬역상점가,전통시장,한식음식점,39,1,0,0,0.0,4.63,4.63
로데오거리상점가,전통시장,한식음식점,61,1,1,2,2.0,5.02,3.02
마장축산물시장,전통시장,한식음식점,65,0,3,5,2.0,4.97,2.97
마천시장,전통시장,한식음식점,9,0,0,0,13.0,3.09,-9.91
마천중앙시장,전통시장,한식음식점,38,0,1,3,6.0,4.46,-1.54
마포농수산물시장,전통시장,한식음식점,14,1,0,0,15.0,3.78,-11.22
마포시장,전통시장,한식음식점,29,1,2,7,0.0,4.28,4.28
만리시장,전통시장,한식음식점,10,0,0,0,0.0,3.19,3.19
만양로상점가,전통시장,한식음식점,21,1,0,0,10.0,4.1,-5.9
망원시장,전통시장,한식음식점,17,4,0,0,0.0,4.66,4.66
망원월드컵시장,전통시장,한식음식점,19,1,0,0,6.0,4.0,-2.0
면곡골목시장,전통시장,한식음식점,7,0,0,0,0.0,2.86,2.86
면목골목시장(면목시장),전통시장,한식음식점,45,0,1,2,2.0,4.62,2.62
명일전통시장,전통시장,한식음식점,4,0,0,0,0.0,2.38,2.38
모래내시장(서중시장),전통시장,한식음식점,21,0,1,5,5.0,3.85,-1.15
목2동시장,전통시장,한식음식점,36,2,0,0,6.0,4.66,-1.34
목동깨비시장(목3동시장),전통시장,한식음식점,44,3,1,2,7.0,4.89,-2.11
목사랑시장(목4동시장),전통시장,한식음식점,15,0,1,7,0.0,3.52,3.52
무학봉상점가,전통시장,한식음식점,29,0,1,3,0.0,4.19,4.19
묵1동도깨비시장,전통시장,한식음식점,19,0,0,0,6.0,3.8,-2.2
문정동 로데오거리 상점가(문정동 로데오거리),전통시장,한식음식점,34,4,1,3,3.0,4.84,1.84
미성동 도깨비시장 골목형상점가,전통시장,한식음식점,20,2,2,10,0.0,4.19,4.19
밤나무골시장,전통시장,한식음식점,4,0,0,0,33.0,2.38,-30.62
방산종합시장(방산시장),전통시장,한식음식점,53,4,2,4,6.0,5.1,-0.9
방신전통시장,전통시장,한식음식점,14,0,1,7,0.0,3.45,3.45
방이시장,전통시장,한식음식점,53,3,3,6,2.0,5.01,3.01
방천골목시장,전통시장,한식음식점,14,0,0,0,8.0,3.5,-4.5
방학동도깨비시장,전통시장,한식음식점,20,1,0,0,5.0,4.05,-0.95
백련시장,전통시장,한식음식점,5,0,0,0,0.0,2.57,2.57
백운시장,전통시장,한식음식점,2,0,0,0,0.0,1.87,1.87
백학시장,전통시장,한식음식점,47,0,1,2,2.0,4.67,2.67
번동시장,전통시장,한식음식점,1,0,0,0,0.0,1.45,1.45
본동인정시장(기능상실),전통시장,한식음식점,4,0,0,0,33.0,2.38,-30.62
봉일시장,전통시장,한식음식점,4,1,0,0,0.0,3.4,3.4
봉천제일종합시장,전통시장,한식음식점,4,1,0,0,20.0,3.4,-16.6
봉천중앙시장,전통시장,한식음식점,14,0,0,0,0.0,3.5,3.5
봉천현대시장,전통시장,한식음식점,4,0,0,0,20.0,2.42,-17.58
불광먹자골목 골목형상점가,전통시장,한식음식점,47,0,1,2,2.0,4.67,2.67
비단길현대시장(현대시장),전통시장,한식음식점,38,0,0,0,9.0,4.47,-4.53
사가정시장,전통시장,한식음식점,48,0,0,0,2.0,4.71,2.71
사당1동먹자골목상점가(사당1동먹자골목),전통시장,한식음식점,49,2,1,2,2.0,4.87,2.87
사당시장,전통시장,한식음식점,2,0,0,0,0.0,1.9,1.9
삼구시장(로타리상가),전통시장,한식음식점,10,0,0,0,0.0,3.19,3.19
삼성동 시장(삼성동시장),전통시장,한식음식점,12,0,0,0,0.0,3.36,3.36
삼양골목시장(삼양시장),전통시장,한식음식점,22,2,2,9,20.0,4.25,-15.75
삼익패션타운(남대문시장),전통시장,한식음식점,1,0,0,0,0.0,1.45,1.45
상계주공1단지(가)상가,전통시장,한식음식점,4,0,1,25,0.0,2.22,2.22
상계중앙시장,전통시장,한식음식점,37,3,3,8,9.0,4.72,-4.28
상도도깨비 골목형상점가,전통시장,한식음식점,9,1,0,0,0.0,3.53,3.53
상도약수골목형상점가,전통시장,한식음식점,12,0,0,0,0.0,3.36,3.36
상도전통시장,전통시장,한식음식점,28,1,1,4,0.0,4.31,4.31
상암동상점가,전통시장,한식음식점,164,4,8,5,6.0,5.99,-0.01
새마을시장,전통시장,한식음식점,77,1,0,0,1.0,5.22,4.22
서교시장,전통시장,한식음식점,5,0,0,0,0.0,2.58,2.58
서서울 골목형상점가,전통시장,한식음식점,18,0,1,6,12.0,3.7,-8.3
서울약령시장,전통시장,한식음식점,38,2,2,5,0.0,4.64,4.64
서울중앙시장(신중앙시장),전통시장,한식음식점,93,2,7,8,0.0,5.39,5.39
서원동상점가,전통시장,한식음식점,116,2,1,1,4.0,5.67,1.67
석관시장,전통시장,한식음식점,3,0,0,0,0.0,2.2,2.2
석촌시장,전통시장,한식음식점,59,2,1,2,2.0,5.03,3.03
선유도역 골목형상점가,전통시장,한식음식점,50,2,2,4,0.0,4.88,4.88
성내전통시장,전통시장,한식음식점,15,0,0,0,0.0,3.57,3.57
성대전통시장(성대시장),전통시장,한식음식점,27,0,0,0,4.0,4.14,0.14
성동용답상가시장,전통시장,한식음식점,70,1,3,4,6.0,5.1,-0.9
성수역 골목형상점가,전통시장,한식음식점,10,0,0,0,0.0,3.19,3.19
세종마을음식문화거리(금천교시장),전통시장,한식음식점,78,2,0,0,1.0,5.31,4.31
"솔샘시장(미아6,7동골목시장)",전통시장,한식음식점,23,1,1,4,4.0,4.12,0.12
송화벽화시장(송화골목시장),전통시장,한식음식점,22,1,0,0,0.0,4.14,4.14
수유북부골목시장,전통시장,한식음식점,1,0,0,0,0.0,1.45,1.45
수유재래시장,전통시장,한식음식점,4,0,0,0,0.0,2.38,2.38
"수유전통시장(수유시장, 수유골목시장)",전통시장,한식음식점,43,2,0,0,2.0,4.8,2.8
수유중앙골목시장(수유중앙시장),전통시장,한식음식점,25,1,2,8,17.0,4.16,-12.84
수일시장,전통시장,한식음식점,10,1,0,0,0.0,3.6,3.6
숭인시장,전통시장,한식음식점,22,0,0,0,15.0,3.94,-11.06
시영2단지 무지개종합상가(중계 무지개2단지아파트상가),전통시장,한식음식점,9,0,0,0,0.0,3.1,3.1
시영B상가(중계 그린아파트 B 상가),전통시장,한식음식점,6,0,1,17,0.0,2.6,2.6
신곡종합시장(신월6동 골목시장),전통시장,한식음식점,9,0,0,0,11.0,3.1,-7.9
신금호역 골목형상점가,전통시장,한식음식점,22,0,0,0,0.0,3.94,3.94
신노량진시장(기능상실),전통시장,한식음식점,4,1,2,50,0.0,3.04,3.04
신당 미래유산 먹거리 골목형상점가,전통시장,한식음식점,2,0,0,0,0.0,1.87,1.87
신대방1동골목상권,전통시장,한식음식점,19,2,1,5,6.0,4.21,-1.79
신도봉시장,전통시장,한식음식점,6,0,0,0,0.0,2.75,2.75
신동시장,전통시장,한식음식점,3,0,0,0,0.0,2.16,2.16
신림현대종합상가,전통시장,한식음식점,4,0,1,25,33.0,2.2,-30.8
신사상가,전통시장,한식음식점,2,0,0,0,0.0,1.87,1.87
신성시장(신성골목시장),전통시장,한식음식점,16,1,0,0,6.0,3.87,-2.13
신수시장,전통시장,한식음식점,2,0,0,0,0.0,1.87,1.87
신아타운,전통시장,한식음식점,7,1,1,14,0.0,3.33,3.33
신영시장,전통시장,한식음식점,30,2,1,3,7.0,4.5,-2.5
신원시장,전통시장,한식음식점,33,1,2,6,3.0,4.41,1.41
"신월7동 골목시장(약수시장, 우성상가)",전통시장,한식음식점,5,0,0,0,0.0,2.57,2.57
신월중앙시장,전통시장,한식음식점,10,1,2,20,0.0,3.45,3.45
신정1동 골목시장(신정제일시장),전통시장,한식음식점,18,1,1,6,0.0,3.94,3.94
신정2동 골목시장(오목교중앙시장),전통시장,한식음식점,6,1,0,0,0.0,3.41,3.41
신정3동 골목시장,전통시장,한식음식점,9,0,0,0,0.0,3.11,3.11
신촌 상인회(신촌상점가),전통시장,한식음식점,3,0,0,0,0.0,2.18,2.18
신흥시장,전통시장,한식음식점,10,0,0,0,0.0,3.19,3.19
쌍문시장(쌍문역골목시장),전통시장,한식음식점,41,2,0,0,10.0,4.76,-5.24
쌍문역동측상점가,전통시장,한식음식점,25,1,3,12,8.0,4.15,-3.85
쌍문역둘리상점가,전통시장,한식음식점,16,0,0,0,0.0,3.64,3.64
아현가구거리상점가,전통시장,한식음식점,8,0,0,0,0.0,2.99,2.99
아현시장,전통시장,한식음식점,32,0,0,0,0.0,4.3,4.3
암사종합시장,전통시장,한식음식점,21,0,0,0,5.0,3.89,-1.11
약수시장,전통시장,한식음식점,23,0,0,0,5.0,3.98,-1.02
양재시장,전통시장,한식음식점,15,0,1,7,0.0,3.52,3.52
역촌중앙시장,전통시장,한식음식점,1,0,0,0,0.0,1.45,1.45
연서시장,전통시장,한식음식점,49,0,0,0,0.0,4.72,4.72
연신내상점가(연빛거리),전통시장,한식음식점,139,8,6,4,2.0,5.99,3.99
연희사러가,전통시장,한식음식점,3,1,0,0,50.0,3.49,-46.51
영동교골목시장,전통시장,한식음식점,8,1,0,0,0.0,3.51,3.51
영동전통시장,전통시장,한식음식점,76,4,2,3,3.0,5.35,2.35
영등포시장기계공구상가,전통시장,한식음식점,6,0,1,17,0.0,2.6,2.6
영등포역지하도상점가,전통시장,한식음식점,25,1,0,0,0.0,4.23,4.23
영등포유통상가,전통시장,한식음식점,7,0,0,0,0.0,2.87,2.87
영등포전통시장,전통시장,한식음식점,35,0,1,3,0.0,4.37,4.37
영등포청과시장(조광시장),전통시장,한식음식점,32,1,2,6,0.0,4.39,4.39
영림시장,전통시장,한식음식점,67,6,2,3,8.0,5.38,-2.62
영신상가(제일상가),전통시장,한식음식점,5,0,1,20,0.0,2.43,2.43
영일시장,전통시장,한식음식점,2,0,0,0,0.0,1.87,1.87
영진시장,전통시장,한식음식점,2,0,0,0,0.0,1.87,1.87
영진시장A동,전통시장,한식음식점,3,0,0,0,0.0,2.16,2.16
영천시장,전통시장,한식음식점,21,1,1,5,4.0,4.06,0.06
오!도봉거리 상점가,전통시장,한식음식점,6,0,0,0,0.0,2.73,2.73
오류시장,전통시장,한식음식점,10,0,0,0,0.0,3.19,3.19
왕십리도선동상점가,전통시장,한식음식점,88,2,2,2,3.0,5.38,2.38
용강동 상점가,전통시장,한식음식점,63,0,1,2,2.0,4.97,2.97
용두시장,전통시장,한식음식점,2,0,0,0,0.0,1.87,1.87
용산용문시장,전통시장,한식음식점,47,1,0,0,7.0,4.77,-2.23
우리시장,전통시장,한식음식점,10,0,1,10,0.0,3.11,3.11
우림골목시장,전통시장,한식음식점,61,2,0,0,7.0,5.06,-1.94
우림시장,전통시장,한식음식점,8,0,0,0,0.0,2.99,2.99
우이골목시장(우이시장),전통시장,한식음식점,18,1,1,6,13.0,3.94,-9.06
월정로시장,전통시장,한식음식점,8,0,0,0,0.0,2.98,2.98
유진상가,전통시장,한식음식점,6,1,0,0,0.0,3.41,3.41
은행나무시장,전통시장,한식음식점,13,2,1,8,0.0,3.99,3.99
응암시장(신응암시장),전통시장,한식음식점,12,0,1,8,0.0,3.3,3.3
응암오거리상점가,전통시장,한식음식점,50,0,4,8,6.0,4.69,-1.31
이경시장,전통시장,한식음식점,1,0,0,0,0.0,1.45,1.45
이대 앞 스타트업 상점가,전통시장,한식음식점,13,0,0,0,0.0,3.44,3.44
이문제일시장,전통시장,한식음식점,4,0,0,0,0.0,2.4,2.4
이촌종합시장,전통시장,한식음식점,27,0,1,4,0.0,4.11,4.11
이태원시장,전통시장,한식음식점,4,0,0,0,0.0,2.4,2.4
"이화여대 3,5,7길 상점가",전통시장,한식음식점,47,0,0,0,0.0,4.69,4.69
인왕시장(홍제골목형상점가),전통시장,한식음식점,41,1,3,7,0.0,4.58,4.58
인헌시장(원당종합시장),전통시장,한식음식점,28,0,4,14,4.0,4.07,0.07
인현시장,전통시장,한식음식점,44,0,0,0,2.0,4.62,2.62
자양골목전통시장(자양골목시장),전통시장,한식음식점,29,1,0,0,0.0,4.33,4.33
장미원골목시장,전통시장,한식음식점,9,0,0,0,13.0,3.1,-9.9
장미제일시장(중화동제일시장),전통시장,한식음식점,5,0,0,0,0.0,2.57,2.57
장신구 특화거리 상점가,전통시장,한식음식점,2,0,0,0,0.0,1.87,1.87
장위전통시장,전통시장,한식음식점,12,1,0,0,9.0,3.68,-5.32
전곡시장,전통시장,한식음식점,12,1,0,0,8.0,3.7,-4.3
전농로터리시장,전통시장,한식음식점,18,2,1,6,6.0,4.14,-1.86
정릉골 골목형상점가,전통시장,한식음식점,10,0,0,0,22.0,3.19,-18.81
정릉시장,전통시장,한식음식점,45,6,4,9,2.0,5.11,3.11
정릉아리랑시장,전통시장,한식음식점,9,0,0,0,13.0,3.09,-9.91
제일시장,전통시장,한식음식점,17,0,0,0,5.0,3.69,-1.31
조양시장,전통시장,한식음식점,1,0,0,0,0.0,1.45,1.45
조원동 펭귄시장(신림중앙시장),전통시장,한식음식점,19,3,1,5,6.0,4.41,-1.59
종로신진시장,전통시장,한식음식점,76,1,2,3,3.0,5.18,2.18
"중곡제일시장(중곡제일골목시장, 광성시장)",전통시장,한식음식점,32,0,1,3,0.0,4.28,4.28
중랑동부시장,전통시장,한식음식점,55,0,1,2,6.0,4.83,-1.17
중랑동부시장(중랑교종합상가),전통시장,한식음식점,2,0,0,0,0.0,1.87,1.87
중부시장(신중부시장),전통시장,한식음식점,32,1,1,3,7.0,4.4,-2.6
증산종합시장,전통시장,한식음식점,13,0,0,0,0.0,3.43,3.43
창동골목시장,전통시장,한식음식점,18,0,1,6,0.0,3.7,3.7
창동신창시장,전통시장,한식음식점,25,2,3,12,9.0,4.3,-4.7
창동역상점가,전통시장,한식음식점,47,3,1,2,6.0,4.92,-1.08
창신골목시장,전통시장,한식음식점,44,1,0,0,2.0,4.7,2.7
청계천공구상가,전통시장,한식음식점,4,0,0,0,0.0,2.38,2.38
청담삼익시장,전통시장,한식음식점,7,0,0,0,0.0,2.86,2.86
청량리농수산물시장,전통시장,한식음식점,30,3,1,3,3.0,4.62,1.62
청량리수산시장,전통시장,한식음식점,6,1,1,17,0.0,3.29,3.29
청량리전통시장,전통시장,한식음식점,68,1,2,3,8.0,5.11,-2.89
청량리종합시장,전통시장,한식음식점,13,1,1,8,0.0,3.7,3.7
청량리청과물시장,전통시장,한식음식점,40,3,1,3,3.0,4.83,1.83
청량종합도매시장,전통시장,한식음식점,16,1,0,0,6.0,3.87,-2.13
충신시장,전통시장,한식음식점,1,0,0,0,0.0,1.45,1.45
태능엔터피아(태릉시장),전통시장,한식음식점,6,0,0,0,0.0,2.74,2.74
테크노상가(엘리시움),전통시장,한식음식점,1,0,0,0,0.0,1.45,1.45
통인시장,전통시장,한식음식점,24,1,0,0,0.0,4.18,4.18
"평화시장(남평화시장, 제일평화시장, 신평화패션타운)",전통시장,한식음식점,5,0,1,20,0.0,2.44,2.44
"평화시장(통일상가, 동화상가)",전통시장,한식음식점,30,1,3,10,0.0,4.3,4.3
포방터시장,전통시장,한식음식점,20,0,2,10,0.0,3.77,3.77
풍납시장,전통시장,한식음식점,25,0,1,4,0.0,4.04,4.04
한아름시장,전통시장,한식음식점,5,0,1,20,0.0,2.44,2.44
"한양대앞상점가(한양시장, 왕십리맛골목)",전통시장,한식음식점,73,1,2,3,3.0,5.15,2.15
행당시장상점가,전통시장,한식음식점,65,2,5,8,3.0,5.08,2.08
홍대 걷고싶은 거리,전통시장,한식음식점,88,0,4,5,2.0,5.29,3.29
홍대소상공인상점가,전통시장,한식음식점,52,2,1,2,4.0,4.94,0.94
화곡본동시장,전통시장,한식음식점,23,0,0,0,0.0,3.99,3.99
화곡중앙시장,전통시장,한식음식점,14,0,1,7,0.0,3.45,3.45
화양제일골목시장,전통시장,한식음식점,16,1,0,0,13.0,3.87,-9.13
황학동주방가구거리상점가,전통시장,한식음식점,15,0,0,0,23.0,3.58,-19.42
"황학시장(서울중앙시장, 신중앙시장)",전통시장,한식음식점,29,0,0,0,3.0,4.21,1.21
회기시장,전통시장,한식음식점,13,0,1,8,0.0,3.38,3.38
후암시장,전통시장,한식음식점,21,1,1,5,5.0,4.06,-0.94
흑석시장,전통시장,한식음식점,15,0,0,0,0.0,3.57,3.57
가리봉시장,전통시장,호프-간이주점,5,0,0,0,0.0,3.65,3.65
강남개포시장,전통시장,호프-간이주점,7,0,0,0,0.0,3.96,3.96
강남골목시장,전통시장,호프-간이주점,4,0,0,0,0.0,3.47,3.47
강남시장(강남구 강남시장),전통시장,호프-간이주점,3,0,0,0,0.0,3.24,3.24
강남언주로,전통시장,호프-간이주점,8,0,0,0,0.0,4.07,4.07
강북북부골목시장,전통시장,호프-간이주점,3,0,0,0,0.0,3.24,3.24
강북북부시장,전통시장,호프-간이주점,1,0,0,0,0.0,2.54,2.54
강북종합전통시장(강북종합골목시장),전통시장,호프-간이주점,14,0,1,7,0.0,4.53,4.53
개봉중앙시장,전통시장,호프-간이주점,9,0,0,0,0.0,4.17,4.17
경동시장,전통시장,호프-간이주점,5,0,0,0,0.0,3.65,3.65
경창시장,전통시장,호프-간이주점,7,0,1,14,0.0,3.85,3.85
고덕 골목형상점가,전통시장,호프-간이주점,3,0,1,33,0.0,3.03,3.03
고분다리전통시장,전통시장,호프-간이주점,4,0,0,0,0.0,3.49,3.49
고척근린시장,전통시장,호프-간이주점,2,0,0,0,0.0,2.95,2.95
공덕시장,전통시장,호프-간이주점,6,0,0,0,0.0,3.82,3.82
공항시장,전통시장,호프-간이주점,2,0,0,0,0.0,2.95,2.95
관악신사시장,전통시장,호프-간이주점,3,0,0,0,0.0,3.24,3.24
관악중부시장,전통시장,호프-간이주점,4,0,0,0,100.0,3.47,-96.53
광장시장(광장전통시장),전통시장,호프-간이주점,8,1,0,0,0.0,4.59,4.59
구로시장,전통시장,호프-간이주점,19,0,0,0,6.0,4.88,-1.12
금남시장,전통시장,호프-간이주점,6,0,0,0,20.0,3.81,-16.19
길동복조리시장,전통시장,호프-간이주점,1,0,0,0,0.0,2.54,2.54
길음시장,전통시장,호프-간이주점,4,0,0,0,0.0,3.47,3.47
까치산시장,전통시장,호프-간이주점,9,0,0,0,0.0,4.17,4.17
꿈의숲 장곡 골목형상점가,전통시장,호프-간이주점,3,0,0,0,0.0,3.24,3.24
낙원시장(낙원지하시장(대일상가)),전통시장,호프-간이주점,2,0,0,0,0.0,2.95,2.95
남구로시장,전통시장,호프-간이주점,7,0,0,0,0.0,3.95,3.95
남대문시장(자유상가),전통시장,호프-간이주점,5,0,0,0,0.0,3.67,3.67
남문시장,전통시장,호프-간이주점,5,2,0,0,0.0,5.27,5.27
"남부골목시장(남부화곡시장, 남부시장)",전통시장,호프-간이주점,4,0,0,0,0.0,3.47,3.47
남성사계시장(남성시장),전통시장,호프-간이주점,12,0,0,0,0.0,4.46,4.46
남성역골목시장,전통시장,호프-간이주점,7,2,0,0,0.0,5.12,5.12
노량진중앙시장,전통시장,호프-간이주점,10,0,0,0,11.0,4.3,-6.7
노룬산시장(노룬산골목시장),전통시장,호프-간이주점,2,0,0,0,0.0,2.95,2.95
능동로골목시장,전통시장,호프-간이주점,6,1,0,0,0.0,4.5,4.5
답십리시장,전통시장,호프-간이주점,6,0,0,0,20.0,3.81,-16.19
답십리현대시장,전통시장,호프-간이주점,3,0,0,0,0.0,3.24,3.24
"대림골목시장(대림시장, 양지시장)",전통시장,호프-간이주점,4,0,0,0,0.0,3.47,3.47
대림상가(청계상가),전통시장,호프-간이주점,2,0,0,0,0.0,2.95,2.95
대림중앙 골목형상점가,전통시장,호프-간이주점,5,0,2,40,0.0,3.37,3.37
대림중앙시장,전통시장,호프-간이주점,7,0,0,0,0.0,3.95,3.95
대명여울빛거리시장(대명시장),전통시장,호프-간이주점,27,0,1,4,8.0,5.21,-2.79
대원종합시장,전통시장,호프-간이주점,1,0,0,0,0.0,2.54,2.54
대조시장,전통시장,호프-간이주점,11,1,1,9,38.0,4.66,-33.34
도림시장,전통시장,호프-간이주점,1,0,0,0,0.0,2.54,2.54
도화동 상점가,전통시장,호프-간이주점,54,0,2,4,2.0,5.89,3.89
독산동 맛나는거리상점가(독산동 맛나는거리),전통시장,호프-간이주점,16,0,0,0,0.0,4.71,4.71
독산동 우시장,전통시장,호프-간이주점,5,0,0,0,0.0,3.65,3.65
돈암시장(돈암제일시장),전통시장,호프-간이주점,11,0,0,0,0.0,4.36,4.36
돌곶이시장(석관황금시장),전통시장,호프-간이주점,4,0,0,0,0.0,3.49,3.49
동남상가,전통시장,호프-간이주점,1,0,0,0,0.0,2.54,2.54
동대문문구완구거리(동대문문구완구시장),전통시장,호프-간이주점,5,1,0,0,20.0,4.46,-15.54
동대문상가A동,전통시장,호프-간이주점,1,0,0,0,0.0,2.61,2.61
동대문상가C동,전통시장,호프-간이주점,1,0,0,0,0.0,2.61,2.61
동묘시장(동묘벼룩시장),전통시장,호프-간이주점,4,0,0,0,0.0,3.47,3.47
동부시장,전통시장,호프-간이주점,1,0,0,0,0.0,2.54,2.54
동북프라자,전통시장,호프-간이주점,2,0,0,0,0.0,2.95,2.95
"동원전통종합시장(동원시장, 동원전통시장 상점가)",전통시장,호프-간이주점,7,0,0,0,0.0,3.95,3.95
동진시장,전통시장,호프-간이주점,1,0,0,0,0.0,2.54,2.54
동화동 골목형상점가,전통시장,호프-간이주점,4,0,0,0,0.0,3.49,3.49
둔촌역전통시장,전통시장,호프-간이주점,4,0,0,0,0.0,3.47,3.47
뚝도시장,전통시장,호프-간이주점,10,0,1,10,0.0,4.21,4.21
뚝섬역상점가,전통시장,호프-간이주점,6,0,1,17,0.0,3.7,3.7
로데오거리상점가,전통시장,호프-간이주점,52,1,0,0,2.0,5.96,3.96
마장축산물시장,전통시장,호프-간이주점,6,0,0,0,0.0,3.83,3.83
마천중앙시장,전통시장,호프-간이주점,4,0,0,0,0.0,3.47,3.47
마포시장,전통시장,호프-간이주점,7,0,0,0,17.0,3.95,-13.05
만리시장,전통시장,호프-간이주점,2,0,0,0,0.0,2.95,2.95
만양로상점가,전통시장,호프-간이주점,5,0,0,0,0.0,3.67,3.67
망원시장,전통시장,호프-간이주점,1,0,1,100,0.0,1.82,1.82
면목골목시장(면목시장),전통시장,호프-간이주점,5,0,0,0,0.0,3.65,3.65
명일전통시장,전통시장,호프-간이주점,2,0,0,0,100.0,2.95,-97.05
모래내시장(서중시장),전통시장,호프-간이주점,1,0,3,100,0.0,1.82,1.82
목2동시장,전통시장,호프-간이주점,12,0,0,0,0.0,4.45,4.45
목동깨비시장(목3동시장),전통시장,호프-간이주점,13,0,2,15,8.0,4.42,-3.58
무학봉상점가,전통시장,호프-간이주점,3,0,1,33,0.0,3.01,3.01
묵1동도깨비시장,전통시장,호프-간이주점,4,0,0,0,0.0,3.47,3.47
문정동 로데오거리 상점가(문정동 로데오거리),전통시장,호프-간이주점,5,0,0,0,0.0,3.67,3.67
미성동 도깨비시장 골목형상점가,전통시장,호프-간이주점,4,0,1,25,0.0,3.29,3.29
방산종합시장(방산시장),전통시장,호프-간이주점,7,0,0,0,0.0,3.95,3.95
방신전통시장,전통시장,호프-간이주점,2,0,0,0,0.0,2.95,2.95
방이시장,전통시장,호프-간이주점,11,0,0,0,0.0,4.36,4.36
방천골목시장,전통시장,호프-간이주점,5,0,0,0,25.0,3.65,-21.35
방학동도깨비시장,전통시장,호프-간이주점,3,0,0,0,0.0,3.24,3.24
백련시장,전통시장,호프-간이주점,1,0,0,0,0.0,2.54,2.54
백학시장,전통시장,호프-간이주점,22,0,1,5,0.0,4.98,4.98
봉천제일종합시장,전통시장,호프-간이주점,1,1,0,0,0.0,6.59,6.59
불광먹자골목 골목형상점가,전통시장,호프-간이주점,13,2,1,8,8.0,5.09,-2.91
비단길현대시장(현대시장),전통시장,호프-간이주점,6,0,0,0,0.0,3.81,3.81
사가정시장,전통시장,호프-간이주점,16,0,0,0,0.0,4.71,4.71
사당1동먹자골목상점가(사당1동먹자골목),전통시장,호프-간이주점,29,0,1,3,0.0,5.27,5.27
사당시장,전통시장,호프-간이주점,1,0,0,0,0.0,2.54,2.54
삼구시장(로타리상가),전통시장,호프-간이주점,2,0,0,0,0.0,2.95,2.95
삼양골목시장(삼양시장),전통시장,호프-간이주점,7,1,0,0,17.0,4.54,-12.46
상계주공1단지(가)상가,전통시장,호프-간이주점,1,0,0,0,0.0,2.54,2.54
상계중앙시장,전통시장,호프-간이주점,14,0,1,7,8.0,4.53,-3.47
상도도깨비 골목형상점가,전통시장,호프-간이주점,3,0,0,0,0.0,3.27,3.27
상도약수골목형상점가,전통시장,호프-간이주점,2,0,0,0,0.0,2.95,2.95
상도전통시장,전통시장,호프-간이주점,4,0,0,0,0.0,3.5,3.5
상암동상점가,전통시장,호프-간이주점,48,1,4,8,2.0,5.82,3.82
새마을시장,전통시장,호프-간이주점,17,1,0,0,0.0,5.02,5.02
서서울 골목형상점가,전통시장,호프-간이주점,4,0,0,0,0.0,3.47,3.47
서울약령시장,전통시장,호프-간이주점,6,0,0,0,20.0,3.81,-16.19
서울중앙시장(신중앙시장),전통시장,호프-간이주점,21,0,4,19,10.0,4.84,-5.16
서원동상점가,전통시장,호프-간이주점,78,2,3,4,8.0,6.38,-1.62
석촌시장,전통시장,호프-간이주점,5,0,0,0,0.0,3.67,3.67
선유도역 골목형상점가,전통시장,호프-간이주점,10,0,0,0,0.0,4.3,4.3
성내전통시장,전통시장,호프-간이주점,4,0,0,0,0.0,3.47,3.47
성대전통시장(성대시장),전통시장,호프-간이주점,4,0,0,0,0.0,3.47,3.47
성동용답상가시장,전통시장,호프-간이주점,19,0,0,0,0.0,4.89,4.89
세종마을음식문화거리(금천교시장),전통시장,호프-간이주점,22,0,1,5,0.0,4.99,4.99
"솔샘시장(미아6,7동골목시장)",전통시장,호프-간이주점,5,0,0,0,0.0,3.65,3.65
송화벽화시장(송화골목시장),전통시장,호프-간이주점,1,0,0,0,0.0,2.54,2.54
"수유전통시장(수유시장, 수유골목시장)",전통시장,호프-간이주점,3,0,0,0,0.0,3.24,3.24
수유중앙골목시장(수유중앙시장),전통시장,호프-간이주점,4,0,0,0,0.0,3.47,3.47
수일시장,전통시장,호프-간이주점,10,0,0,0,11.0,4.27,-6.73
숭인시장,전통시장,호프-간이주점,6,0,0,0,0.0,3.82,3.82
시영B상가(중계 그린아파트 B 상가),전통시장,호프-간이주점,1,0,0,0,0.0,2.54,2.54
신곡종합시장(신월6동 골목시장),전통시장,호프-간이주점,1,0,0,0,0.0,2.54,2.54
신금호역 골목형상점가,전통시장,호프-간이주점,6,0,0,0,0.0,3.82,3.82
신노량진시장(기능상실),전통시장,호프-간이주점,2,0,1,50,0.0,2.59,2.59
신당 미래유산 먹거리 골목형상점가,전통시장,호프-간이주점,1,0,0,0,0.0,2.54,2.54
신대방1동골목상권,전통시장,호프-간이주점,5,1,0,0,0.0,4.46,4.46
신성시장(신성골목시장),전통시장,호프-간이주점,4,0,0,0,0.0,3.5,3.5
신영시장,전통시장,호프-간이주점,4,0,0,0,0.0,3.49,3.49
신원시장,전통시장,호프-간이주점,9,0,0,0,0.0,4.17,4.17
신월중앙시장,전통시장,호프-간이주점,1,0,0,0,0.0,2.54,2.54
신정1동 골목시장(신정제일시장),전통시장,호프-간이주점,6,0,0,0,20.0,3.81,-16.19
신정2동 골목시장(오목교중앙시장),전통시장,호프-간이주점,1,0,0,0,0.0,2.54,2.54
신정3동 골목시장,전통시장,호프-간이주점,1,0,0,0,0.0,2.54,2.54
신촌 상인회(신촌상점가),전통시장,호프-간이주점,2,1,0,0,0.0,4.97,4.97
신흥시장,전통시장,호프-간이주점,6,0,0,0,0.0,3.81,3.81
쌍문시장(쌍문역골목시장),전통시장,호프-간이주점,14,0,1,7,0.0,4.53,4.53
쌍문역동측상점가,전통시장,호프-간이주점,6,0,1,17,0.0,3.7,3.7
쌍문역둘리상점가,전통시장,호프-간이주점,6,0,0,0,0.0,3.82,3.82
아현가구거리상점가,전통시장,호프-간이주점,2,0,0,0,0.0,2.99,2.99
아현시장,전통시장,호프-간이주점,9,0,0,0,0.0,4.17,4.17
암사종합시장,전통시장,호프-간이주점,7,0,0,0,14.0,3.97,-10.03
약수시장,전통시장,호프-간이주점,2,0,0,0,0.0,2.95,2.95
양재시장,전통시장,호프-간이주점,3,0,0,0,0.0,3.27,3.27
연서시장,전통시장,호프-간이주점,8,0,0,0,14.0,4.07,-9.93
연신내상점가(연빛거리),전통시장,호프-간이주점,70,2,4,6,9.0,6.25,-2.75
영동교골목시장,전통시장,호프-간이주점,2,0,1,50,0.0,2.59,2.59
영동전통시장,전통시장,호프-간이주점,20,1,0,0,5.0,5.14,0.14
영등포시장기계공구상가,전통시장,호프-간이주점,2,0,0,0,0.0,2.95,2.95
영등포역지하도상점가,전통시장,호프-간이주점,2,0,0,0,0.0,2.99,2.99
영등포유통상가,전통시장,호프-간이주점,2,0,0,0,0.0,3.02,3.02
영등포전통시장,전통시장,호프-간이주점,3,0,0,0,0.0,3.24,3.24
영등포청과시장(조광시장),전통시장,호프-간이주점,2,0,0,0,0.0,2.95,2.95
영림시장,전통시장,호프-간이주점,25,1,4,16,8.0,5.19,-2.81
영신상가(제일상가),전통시장,호프-간이주점,2,0,0,0,0.0,2.95,2.95
영천시장,전통시장,호프-간이주점,2,0,0,0,0.0,2.95,2.95
오!도봉거리 상점가,전통시장,호프-간이주점,7,0,0,0,0.0,3.95,3.95
오류시장,전통시장,호프-간이주점,5,0,0,0,25.0,3.65,-21.35
왕십리도선동상점가,전통시장,호프-간이주점,30,0,0,0,3.0,5.32,2.32
용강동 상점가,전통시장,호프-간이주점,23,1,2,9,4.0,5.16,1.16
용산용문시장,전통시장,호프-간이주점,16,0,1,6,0.0,4.67,4.67
우리시장,전통시장,호프-간이주점,2,0,0,0,0.0,2.95,2.95
우림골목시장,전통시장,호프-간이주점,24,1,0,0,4.0,5.28,1.28
우림시장,전통시장,호프-간이주점,2,0,0,0,0.0,2.95,2.95
월정로시장,전통시장,호프-간이주점,1,0,0,0,0.0,2.54,2.54
응암오거리상점가,전통시장,호프-간이주점,36,0,3,8,3.0,5.46,2.46
이대 앞 스타트업 상점가,전통시장,호프-간이주점,2,0,0,0,0.0,2.95,2.95
이문제일시장,전통시장,호프-간이주점,2,0,0,0,0.0,2.95,2.95
이촌종합시장,전통시장,호프-간이주점,13,0,0,0,8.0,4.53,-3.47
"이화여대 3,5,7길 상점가",전통시장,호프-간이주점,7,0,0,0,0.0,3.97,3.97
인왕시장(홍제골목형상점가),전통시장,호프-간이주점,6,0,0,0,0.0,3.81,3.81
인헌시장(원당종합시장),전통시장,호프-간이주점,7,0,0,0,0.0,3.95,3.95
인현시장,전통시장,호프-간이주점,19,0,0,0,12.0,4.89,-7.11
자양골목전통시장(자양골목시장),전통시장,호프-간이주점,1,0,0,0,0.0,2.54,2.54
장미제일시장(중화동제일시장),전통시장,호프-간이주점,3,0,0,0,0.0,3.24,3.24
장신구 특화거리 상점가,전통시장,호프-간이주점,3,0,0,0,50.0,3.24,-46.76
장위전통시장,전통시장,호프-간이주점,1,0,0,0,0.0,2.54,2.54
전곡시장,전통시장,호프-간이주점,2,1,0,0,0.0,4.97,4.97
전농로터리시장,전통시장,호프-간이주점,3,0,0,0,0.0,3.24,3.24
정릉골 골목형상점가,전통시장,호프-간이주점,3,0,1,33,0.0,3.01,3.01
정릉시장,전통시장,호프-간이주점,4,0,0,0,0.0,3.49,3.49
정릉아리랑시장,전통시장,호프-간이주점,2,0,0,0,0.0,2.95,2.95
제일시장,전통시장,호프-간이주점,7,0,0,0,0.0,3.97,3.97
종로신진시장,전통시장,호프-간이주점,14,1,0,0,0.0,4.87,4.87
"중곡제일시장(중곡제일골목시장, 광성시장)",전통시장,호프-간이주점,9,0,0,0,0.0,4.17,4.17
중랑동부시장,전통시장,호프-간이주점,16,0,0,0,6.0,4.72,-1.28
중랑동부시장(중랑교종합상가),전통시장,호프-간이주점,3,0,0,0,50.0,3.29,-46.71
중부시장(신중부시장),전통시장,호프-간이주점,8,1,0,0,0.0,4.59,4.59
증산골목시장,전통시장,호프-간이주점,1,0,0,0,0.0,2.54,2.54
증산종합시장,전통시장,호프-간이주점,1,0,0,0,0.0,2.54,2.54
창동골목시장,전통시장,호프-간이주점,11,0,0,0,0.0,4.36,4.36
창동신창시장,전통시장,호프-간이주점,2,0,0,0,0.0,2.95,2.95
창동역상점가,전통시장,호프-간이주점,23,1,2,9,5.0,5.17,0.17
창신골목시장,전통시장,호프-간이주점,10,0,0,0,0.0,4.27,4.27
청계천공구상가,전통시장,호프-간이주점,14,0,0,0,14.0,4.59,-9.41
청량리농수산물시장,전통시장,호프-간이주점,1,0,0,0,0.0,2.54,2.54
청량리수산시장,전통시장,호프-간이주점,1,0,0,0,0.0,2.54,2.54
청량리전통시장,전통시장,호프-간이주점,12,0,0,0,0.0,4.44,4.44
청량리종합시장,전통시장,호프-간이주점,2,0,0,0,0.0,2.95,2.95
청량리청과물시장,전통시장,호프-간이주점,4,0,0,0,0.0,3.47,3.47
청량종합도매시장,전통시장,호프-간이주점,8,0,0,0,0.0,4.07,4.07
청평화시장,전통시장,호프-간이주점,2,0,0,0,0.0,3.02,3.02
태능엔터피아(태릉시장),전통시장,호프-간이주점,1,0,0,0,0.0,2.54,2.54
통인시장,전통시장,호프-간이주점,2,0,1,50,0.0,2.59,2.59
"평화시장(통일상가, 동화상가)",전통시장,호프-간이주점,4,0,0,0,0.0,3.52,3.52
포방터시장,전통시장,호프-간이주점,4,0,0,0,0.0,3.5,3.5
풍납시장,전통시장,호프-간이주점,8,1,0,0,14.0,4.63,-9.37
"한양대앞상점가(한양시장, 왕십리맛골목)",전통시장,호프-간이주점,36,2,1,3,6.0,5.74,-0.26
합정시장,전통시장,호프-간이주점,2,0,0,0,0.0,2.99,2.99
행당시장상점가,전통시장,호프-간이주점,13,2,1,8,0.0,5.07,5.07
홍대 걷고싶은 거리,전통시장,호프-간이주점,40,0,1,3,8.0,5.59,-2.41
홍대소상공인상점가,전통시장,호프-간이주점,20,0,0,0,10.0,4.93,-5.07
화곡본동시장,전통시장,호프-간이주점,10,0,1,10,0.0,4.21,4.21
화곡중앙시장,전통시장,호프-간이주점,6,0,0,0,0.0,3.81,3.81
화양제일골목시장,전통시장,호프-간이주점,3,0,1,33,0.0,3.01,3.01
황학동주방가구거리상점가,전통시장,호프-간이주점,1,0,0,0,0.0,2.54,2.54
"황학시장(서울중앙시장, 신중앙시장)",전통시장,호프-간이주점,6,0,1,17,0.0,3.7,3.7
회기시장,전통시장,호프-간이주점,1,0,0,0,0.0,2.54,2.54
후암시장,전통시장,호프-간이주점,4,0,0,0,0.0,3.47,3.47
흑석시장,전통시장,호프-간이주점,1,0,0,0,0.0,2.54,2.54
