"product_id","product_name","last_category","actual_price","actual_price_krw","discounted_price","discounted_price_krw","rating","rating_count"
"B09ZHCJDP1","Amazon Basics Wireless Mouse | 2.4 GHz Connection, 1600 DPI | Type - C Adapter | Upto 12 Months of Battery Life | Ambidextrous Design | Suitable for PC/Mac/Laptop","Mice","1000.00","14400.0","499.00","7185.6","5.0","23"
"B0BP7XLX48","Syncwire LTG to USB Cable for Fast Charging Compatible with Phone 5/ 5C/ 5S/ 6/ 6S/ 7/8/ X/XR/XS Max/ 11/12/ 13 Series and Pad Air/Mini, Pod & Other Devices (1.1 Meter, White)","USBCables","1999.00","28785.6","399.00","5745.6","5.0","5"
"B0BQRJ3C47","REDTECH USB-C to Lightning Cable 3.3FT, [Apple MFi Certified] Lightning to Type C Fast Charging Cord Compatible with iPhone 14/13/13 pro/Max/12/11/X/XS/XR/8, Supports Power Delivery - White","USBCables","999.00","14385.6","249.00","3585.6","5.0",""
"B002PD61Y4","D-Link DWA-131 300 Mbps Wireless Nano USB Adapter (Black)","WirelessUSBAdapters","1208.00","17395.2","507.00","7300.8","4.0","8131"
"B002SZEOLG","TP-Link Nano USB WiFi Dongle 150Mbps High Gain Wireless Network Wi-Fi Adapter for PC Desktop and Laptops, Supports Windows 10/8.1/8/7/XP, Linux, Mac OS X (TL-WN722N)","WirelessUSBAdapters","1339.00","19281.6","749.00","10785.6","4.0","179692"
"B003B00484","Duracell Plus AAA Rechargeable Batteries (750 mAh) Pack of 4","RechargeableBatteries","499.00","7185.6","399.00","5745.6","4.0","27201"
"B003L62T7W","Logitech B100 Wired USB Mouse, 3 yr Warranty, 800 DPI Optical Tracking, Ambidextrous PC/Mac/Laptop - Black","Mice","375.00","5400.0","279.00","4017.6","4.0","31534"
"B004IO5BMQ","Logitech M235 Wireless Mouse, 1000 DPI Optical Tracking, 12 Month Life Battery, Compatible with Windows, Mac, Chromebook/PC/Laptop","Mice","995.00","14328.0","699.00","10065.6","4.0","54405"
"B005FYNT3G","SanDisk Cruzer Blade 32GB USB Flash Drive","PenDrives","650.00","9360.0","289.00","4161.6","4.0","253105"
"B005LJQMCK","BlueRigger Digital Optical Audio Toslink Cable (3.3 Feet / 1 Meter) With 8 Channel (7.1) Audio Support (for Home Theatre, Xbox, Playstation etc.)","OpticalCables","599.00","8625.6","416.00","5990.4","4.0","30023"
"B005LJQMZC","BlueRigger Digital Optical Audio Toslink Cable (6 Feet / 1.8 Meter) With 8 Channel (7.1) Audio Support (for Home Theatre, Xbox, Playstation etc.)","OpticalCables","1999.00","28785.6","486.00","6998.4","4.0","30023"
"B006LW0WDQ","Amazon Basics 16-Gauge Speaker Wire - 50 Feet","SpeakerCables","795.00","11448.0","399.00","5745.6","4.0","12091"
"B0073QGKAS","Bajaj ATX 4 750-Watt Pop-up Toaster (White)","Pop-upToasters","1499.00","21585.6","1499.00","21585.6","4.0","9331"
"B0083T231O","Belkin Essential Series 4-Socket Surge Protector Universal Socket with 5ft Heavy Duty Cable (Grey)","SurgeProtectors","1499.00","21585.6","1289.00","18561.6","4.0","20668"
"B0085IATT6","D-Link DIR-615 Wi-fi Ethernet-N300 Single_band 300Mbps Router, Mobile App Support, Router | AP | Repeater | Client Modes(Black)","Routers","1800.00","25920.0","899.00","12945.6","4.0","22375"
"B0085W2MUQ","Orpat HHB-100E 250-Watt Hand Blender (White)","HandBlenders","970.00","13968.0","765.00","11016.0","4.0","6055"
"B0088TKTY2","TP-LINK WiFi Dongle 300 Mbps Mini Wireless Network USB Wi-Fi Adapter for PC Desktop Laptop(Supports Windows 11/10/8.1/8/7/XP, Mac OS 10.9-10.15 and Linux, WPS, Soft AP Mode, USB 2.0) (TL-WN823N),Black","WirelessUSBAdapters","1399.00","20145.6","649.00","9345.6","4.0","179691"
"B008FWZGSG","Samsung Original Type C to C Cable - 3.28 Feet (1 Meter), White","USBCables","599.00","8625.6","599.00","8625.6","4.0","355"
"B008IFXQFU","TP-Link USB WiFi Adapter for PC(TL-WN725N), N150 Wireless Network Adapter for Desktop - Nano Size WiFi Dongle Compatible with Windows 11/10/7/8/8.1/XP/ Mac OS 10.9-10.15 Linux Kernel 2.6.18-4.4.3","WirelessUSBAdapters","999.00","14385.6","499.00","7185.6","4.0","179691"
"B008LN8KDM","Philips GC1920/28 1440-Watt Non-Stick Soleplate Steam Iron","SteamIrons","2095.00","30168.0","1849.00","26625.6","4.0","7681"
"B008QS9J6Y","Logitech C270 Digital HD Webcam with Widescreen HD Video Calling, HD Light Correction, Noise-Reducing Mic, for Skype, FaceTime, Hangouts, WebEx, PC/Mac/Laptop/MacBook/Tablet - (Black, HD 720p/30fps)","Webcams","2595.00","37368.0","1990.00","28656.0","4.0","20398"
"B008QTK47Q","Philips GC1905 1440-Watt Steam Iron with Spray (Blue)","SteamIrons","1745.00","25128.0","1614.00","23241.6","4.0","37974"
"B008YW3CYM","USHA EI 1602 1000 W Lightweight Dry Iron with Non-Stick Soleplate (Multi-colour)","DryIrons","1190.00","17136.0","616.00","8870.4","4.0","37126"
"B008YW8M0G","Bajaj DX-7 1000W Dry Iron with Advance Soleplate and Anti-bacterial German Coating Technology, White","DryIrons","875.00","12600.0","775.00","11160.0","4.0","46647"
"B00935MGHS","Prestige PSMFB 800 Watt Sandwich Toaster with Fixed Plates, Black","SandwichMakers","1795.00","25848.0","1199.00","17265.6","4.0","5967"
"B009P2L7CO","Bajaj DHX-9 1000W Heavy Weight Dry Iron with Advance Soleplate and Anti-Bacterial German Coating Technology, Ivory","DryIrons","1920.00","27648.0","1099.00","15825.6","4.0","9772"
"B009P2LITG","Bajaj Majesty RX11 2000 Watts Heat Convector Room Heater (White, ISI Approved)","ElectricHeaters","3279.00","47217.6","2169.00","31233.6","4.0","1716"
"B009P2LK08","Bajaj Minor 1000 Watts Radiant Room Heater (Steel, ISI Approved)","ElectricHeaters","1129.00","16257.6","749.00","10785.6","4.0","2446"
"B009UORDX4","Philips Hi113 1000-Watt Plastic Body Ptfe Coating Dry Iron, Pack of 1","DryIrons","975.00","14040.0","949.00","13665.6","4.0","7223"
"B009VCGPSY","HP X1000 Wired USB Mouse with 3 Handy Buttons, Fast-Moving Scroll Wheel and Optical Sensor works on most Surfaces (H2C21AA, Black/Grey)","Mice","649.00","9345.6","269.00","3873.6","4.0","54315"
"B00A0VCJPI","TP-Link TL-WA850RE Single_Band 300Mbps RJ45 Wireless Range Extender, Broadband/Wi-Fi Extender, Wi-Fi Booster/Hotspot with 1 Ethernet Port, Plug and Play, Built-in Access Point Mode, White","Repeaters&Extenders","2499.00","35985.6","1469.00","21153.6","4.0","156638"
"B00A328ENA","Panasonic SR-WA22H (E) Automatic Rice Cooker, Apple Green, 2.2 Liters","Rice&PastaCookers","3945.00","56808.0","2976.00","42854.4","4.0","3740"
"B00A7PLVU6","Orpat HHB-100E WOB 250-Watt Hand Blender (White)","HandBlenders","899.00","12945.6","753.00","10843.2","4.0","18462"
"B00ABMASXG","Bajaj Immersion Rod Water Heater 1500 Watts, Silver","ImmersionRods","720.00","10368.0","539.00","7761.6","4.0","36017"
"B00AXHBBXU","Casio FX-82MS 2nd Gen Non-Programmable Scientific Calculator, 240 Functions and 2-line Display, Black","Scientific","550.00","7920.0","522.00","7516.8","4.0","12179"
"B00B3VFJY2","HUL Pureit Germkill kit for Advanced 23 L water purifier - 3000 L Capacity, Sand, Multicolour","WaterPurifierAccessories","980.00","14112.0","980.00","14112.0","4.0","4740"
"B00B7GKXMG","Wipro Smartlife Super Deluxe Dry Iron- 1000W","DryIrons","850.00","12240.0","699.00","10065.6","4.0","1106"
"B00C3GBCIS","GIZGA Club-laptop Neoprene Reversible for 15.6-inches Laptop Sleeve - Black-Red","LaptopSleeves&Slipcases","499.00","7185.6","249.00","3585.6","4.0","22860"
"B00CEQEGPI","Logitech MK270r USB Wireless Keyboard and Mouse Set for Windows, 2.4 GHz Wireless, Spill-resistant Design, 8 Multimedia & Shortcut Keys, 2-Year Battery Life, PC/Laptop- Black","Keyboard&MouseSets","2295.00","33048.0","1345.00","19368.0","4.0","17413"
"B00DJ5N9VK","Faber-Castell Connector Pen Set - Pack of 25 (Assorted)","ColouringPens&Markers","150.00","2160.0","150.00","2160.0","4.0","15867"
"B00E3DVQFS","Duracell Rechargeable AA 2500mAh Batteries, 4 Pcs","DisposableBatteries","1109.00","15969.6","879.00","12657.6","4.0","31599"
"B00E9G8KOY","HUL Pureit Germkill kit for Classic 23 L water purifier - 1500 L Capacity","WaterPurifierAccessories","600.00","8640.0","600.00","8640.0","4.0","10907"
"B00EDJJ7FS","Philips Viva Collection HD4928/01 2100-Watt Induction Cooktop with Feather Touch Sensor and Crystal Glass Plate (Black)","InductionCooktop","5295.00","76248.0","3229.00","46497.6","4.0","39724"
"B00EYW1U68","TP-Link TL-WA855RE 300 Mbps Wi-Fi Range Extender (White)","Repeaters&Extenders","3599.00","51825.6","1599.00","23025.6","4.0","16182"
"B00F159RIK","Bajaj DX-2 600W Dry Iron with Advance Soleplate and Anti-bacterial German Coating Technology, Black","DryIrons","625.00","9000.0","499.00","7185.6","4.0","5355"
"B00GE55L22","Storite USB 3.0 Cable A to Micro B high Speed Upto 5 Gbps Data Transfer Cable for Portable External Hard Drive - (20cm), Black","USBCables","699.00","10065.6","299.00","4305.6","4.0","2957"
"B00GG59HU2","BlueRigger High Speed HDMI Cable with Ethernet - Supports 3D, 4K 60Hz and Audio Return - Latest Version (3 Feet / 0.9 Meter)","HDMICables","599.00","8625.6","467.00","6724.8","4.0","44054"
"B00GHL8VP2","USHA 1212 PTC with Adjustable Thermostat Fan Heater (Black/Brown, 1500-Watts).","ElectricHeaters","4990.00","71856.0","3487.00","50212.8","4.0","1127"
"B00GZLB57U","Quantum RJ45 Ethernet Patch Cable/LAN Router Cable with Heavy Duty Gold Plated Connectors Supports Hi-Speed Gigabit Upto 1000Mbps, Waterproof and Durable,1-Year Warranty-32.8 Feet (10 Meters)(White)","EthernetCables","699.00","10065.6","238.00","3427.2","4.0","8372"
"B00H3H03Q4","HUL Pureit Germkill kit for Classic 23 L water purifier - 3000 L Capacity","WaterCartridges","1130.00","16272.0","1130.00","16272.0","4.0","13250"
"B00HVXS7WC","Bajaj Rex 500W Mixer Grinder with Nutri-Pro Feature, 3 Jars, White","MixerGrinders","3210.00","46224.0","1999.00","28785.6","4.0","41349"
"B00HZIOGXW","Crompton IHL 152 1500-Watt Immersion Water Heater with Copper Heating Element (Black)","ImmersionRods","825.00","11880.0","610.00","8784.0","4.0","13165"
"B00J4YG0PC","Classmate Long Notebook - 140 Pages, Single Line, 297mm x 210mm (Pack of 12)","CompositionNotebooks","720.00","10368.0","561.00","8078.4","4.0","3182"
"B00J5DYCCA","Havells Ventil Air DSP 230mm Exhaust Fan (Pista Green)","ExhaustFans","1890.00","27216.0","1399.00","20145.6","4.0","8031"
"B00JBNZPFM","Karcher WD3 EU Wet and Dry Vacuum Cleaner, 1000 Watts Powerful Suction, 17 L Capacity, Blower Function, Easy Filter Removal for Home and Garden Cleaning  (Yellow/Black)","Wet-DryVacuums","10999.00","158385.6","6199.00","89265.6","4.0","10429"
"B00K32PEW4","Casio MJ-120D 150 Steps Check and Correct Desktop Calculator with Tax Keys, Black","Financial&Business","535.00","7704.0","535.00","7704.0","4.0","4426"
"B00K57MR22","Sujata Dynamix DX Mixer Grinder, 900W, 3 Jars (White)","MixerGrinders","8478.00","122083.2","6120.00","88128.0","4.0","6550"
"B00KIDSU8S","Havells Ventil Air DX 200mm Exhaust Fan (White)","ExhaustFans","2360.00","33984.0","1999.00","28785.6","4.0","7801"
"B00KIE28X0","Camel Artist Acrylic Color Box - 9ml Tubes, 12 Shades","Paints","310.00","4464.0","310.00","4464.0","4.0","5882"
"B00KXULGJQ","TP-Link AC750 Wifi Range Extender | Up to 750Mbps | Dual Band WiFi Extender, Repeater, Wifi Signal Booster, Access Point| Easy Set-Up | Extends Wifi to Smart Home & Alexa Devices (RE200)","Repeaters&Extenders","5499.00","79185.6","1889.00","27201.6","4.0","49551"
"B00LHZW3XY","Luxor 5 Subject Single Ruled Notebook - A5 Size, 70 GSM, 300 Pages","CompositionNotebooks","180.00","2592.0","125.00","1800.0","4.0","8053"
"B00LHZWD0C","Luxor 5 Subject Single Ruled Notebook - A4, 70 GSM, 300 pages","CompositionNotebooks","315.00","4536.0","252.00","3628.8","4.0","3785"
"B00LM4W1N2","Parker Classic Gold Gold Trim Ball Pen","RetractableBallpointPens","600.00","8640.0","480.00","6912.0","4.0","5719"
"B00LM4X0KU","Parker Quink Ink Bottle, Blue","BottledInk","100.00","1440.0","100.00","1440.0","4.0","3095"
"B00LM4X3XE","Parker Quink Ink Bottle (Black)","BottledInk","100.00","1440.0","90.00","1296.0","4.0","3061"
"B00LOD70SC","Pilot V7 Liquid Ink Roller Ball Pen (2 Blue + 1 Black)","RetractableBallpointPens","210.00","3024.0","178.00","2563.2","4.0","2450"
"B00LP9RFSU","Eureka Forbes Aquasure Amrit Twin Cartridge (Pack of 2), White","WaterPurifierAccessories","825.00","11880.0","825.00","11880.0","4.0","3246"
"B00LVMTA2A","Panasonic CR-2032/5BE Lithium Coin Battery - Pack of 5","GeneralPurposeBatteries&BatteryChargers","250.00","3600.0","225.00","3240.0","4.0","26556"
"B00LXTFMRS","PIDILITE Fevicryl Acrylic Colours Sunflower Kit (10 Colors x 15 ml) DIY Paint, Rich Pigment, Non-Craking Paint for Canvas, Wood, Leather, Earthenware, Metal, Diwali Gifts for Diwali","Paints","225.00","3240.0","191.00","2750.4","4.0","7203"
"B00LY12TH6","Camel Oil Pastel with Reusable Plastic Box - 50 Shades","PaintingMaterials","230.00","3312.0","230.00","3312.0","4.0","9427"
"B00LY17RHI","Camlin Elegante Fountain Pen - Black/Blue/Red","FountainPens","225.00","3240.0","225.00","3240.0","4.0","4798"
"B00LY1FN1K","Camel Fabrica Acrylic Ultra Color - 15ml each, 10 Shades","Paints","230.00","3312.0","200.00","2880.0","4.0","10170"
"B00LZLPYHW","Classmate 2100117 Soft Cover 6 Subject Spiral Binding Notebook, Single Line, 300 Pages","WireboundNotebooks","160.00","2304.0","137.00","1972.8","4.0","6537"
"B00LZLQ624","Classmate Soft Cover 6 Subject Spiral Binding Notebook, Single Line, 300 Pages","WireboundNotebooks","160.00","2304.0","157.00","2260.8","4.0","8618"
"B00LZPQVMK","Parker Vector Standard Chrome Trim Ball Pen (Ink - Black)","StickBallpointPens","320.00","4608.0","272.00","3916.8","4.0","3686"
"B00MUTWLW4","Logitech K480 Wireless Multi-Device Keyboard for Windows, macOS, iPadOS, Android or Chrome OS, Bluetooth, Compact, Compatible with PC, Mac, Laptop, Smartphone, Tablet - Black","Keyboards","3295.00","47448.0","2595.00","37368.0","4.0","22618"
"B00N1U7JXM","3M Post-it Sticky Note Cube, 200 Sheets (4 Colors x 50 Sheets) | 3"" x 3"" Size | For notes, reminders, study, school and organizing","Notepads&MemoBooks","175.00","2520.0","90.00","1296.0","4.0","7429"
"B00NFD0ETQ","Logitech G402 Hyperion Fury USB Wired Gaming Mouse, 4,000 DPI, Lightweight, 8 Programmable Buttons, Compatible for PC/Mac - Black","GamingMice","2895.00","41688.0","1995.00","28728.0","4.0","10760"
"B00NH11KIK","AmazonBasics USB 2.0 Cable - A-Male to B-Male - for Personal Computer, Printer- 6 Feet (1.8 Meters), Black","USBCables","695.00","10008.0","209.00","3009.6","4.0","107686"
"B00NH11PEY","AmazonBasics USB 2.0 - A-Male to A-Female Extension Cable for Personal Computer, Printer (Black, 9.8 Feet/3 Meters)","USBCables","750.00","10800.0","199.00","2865.6","4.0","74976"
"B00NH12R1O","Amazon Basics USB 3.0 Cable - A Male to Micro B - 6 Feet (1.8 Meters), Black","USBCables","485.00","6984.0","299.00","4305.6","4.0","10911"
"B00NH13Q8W","AmazonBasics USB 2.0 Extension Cable for Personal Computer, Printer, 2-Pack - A-Male to A-Female - 3.3 Feet (1 Meter, Black)","USBCables","800.00","11520.0","299.00","4305.6","4.0","74977"
"B00NM6MO26","Prestige PIC 16.0+ 1900W Induction Cooktop with Soft Touch Push Buttons (Black)","InductionCooktop","3945.00","56808.0","2698.00","38851.2","4.0","15034"
"B00NNQMYNE","AirCase Rugged Hard Drive Case for 2.5-inch Western Digital, Seagate, Toshiba, Portable Storage Shell for Gadget Hard Disk USB Cable Power Bank Mobile Charger Earphone, Waterproof (Black)","HardDiskBags","499.00","7185.6","299.00","4305.6","4.0","21010"
"B00O24PUO6","Orpat OEH-1260 2000-Watt Fan Heater (Grey)","FanHeaters","1650.00","23760.0","1464.00","21081.6","4.0","14120"
"B00O2R38C4","Luminous Vento Deluxe 150 mm Exhaust Fan for Kitchen, Bathroom with Strong Air Suction, Rust Proof Body and Dust Protection Shutters (2-Year Warranty, White)","ExhaustFans","1490.00","21456.0","999.00","14385.6","4.0","12999"
"B00OFM6PEO","Storite USB Extension Cable USB 3.0 Male to Female Extension Cable High Speed 5GBps Extension Cable Data Transfer for Keyboard, Mouse, Flash Drive, Hard Drive, Printer and More- 1.5M - Blue","USBCables","799.00","11505.6","299.00","4305.6","4.0","1902"
"B00P0R95EA","Usha IH2415 1500-Watt Immersion Heater (Silver)","ImmersionRods","640.00","9216.0","510.00","7344.0","4.0","7229"
"B00P93X0VO","Classmate Pulse 6 Subject Notebook - Unruled, 300 Pages, Spiral Binding, 240mm*180mm","WireboundNotebooks","120.00","1728.0","114.00","1641.6","4.0","8938"
"B00P93X2H6","Classmate Pulse Spiral Notebook - 240 mm x 180 mm, Soft Cover, 200 Pages, Unruled","CompositionNotebooks","75.00","1080.0","67.00","964.8","4.0","1269"
"B00P93X6EK","Classmate Soft Cover 6 Subject Spiral Binding Notebook, Unruled, 300 Pages","WireboundNotebooks","160.00","2304.0","157.00","2260.8","4.0","4428"
"B00PVT30YI","Kitchen Mart Stainless Steel South Indian Filter Coffee Drip Maker, Madras Kappi, Drip Decotion Maker160ml (2 Cup)","DripCoffeeMachines","499.00","7185.6","292.00","4204.8","4.0","4238"
"B00R1P3B4O","Fujifilm Instax Mini Single Pack 10 Sheets Instant Film for Fuji Instant Cameras","Film","549.00","7905.6","549.00","7905.6","4.0","4875"
"B00RGLI0ZS","Amkette 30 Pin to USB Charging & Data Sync Cable for iPhone 3G/3GS/4/4s/iPad 1/2/3, iPod Nano 5th/6th Gen and iPod Touch 3rd/4th Gen -1.5m (Black)","USBCables","599.00","8625.6","449.00","6465.6","4.0","3231"
"B00S2SEV7K","Pilot Frixion Clicker Roller Pen (Blue), (9000019529)","LiquidInkRollerballPens","100.00","1440.0","90.00","1296.0","4.0","6199"
"B00S9BSJC8","Philips Viva Collection HR1832/00 1.5-Litre400-Watt Juicer (Ink Black)","Juicers","8995.00","129528.0","6499.00","93585.6","4.0","2810"
"B00SH18114","Ikea 903.391.72 Polypropylene Plastic Solid Bevara Sealing Clip (Multicolour) - 30 Pack, Adjustable","VacuumSealers","299.00","4305.6","160.00","2304.0","4.0","2781"
"B00SMFPJG0","Kent Gold, Optima, Gold+ Spare Kit","WaterCartridges","670.00","9648.0","649.00","9345.6","4.0","7786"
"B00SMJPA9C","Bajaj DX-2 600W Dry Iron with Advance Soleplate and Anti-Bacterial German Coating Technology, Grey","DryIrons","940.00","13536.0","499.00","7185.6","4.0","3036"
"B00TDD0YM4","Philips GC026/30 Fabric Shaver, Lint Remover for Woolen Sweaters, Blankets, Jackets/Burr Remover Pill Remover from Carpets, Curtains (White)","LintShavers","1695.00","24408.0","1490.00","21456.0","4.0","3543"
"B00TI8E7BI","Philips HD9306/06 1.5-Litre Electric Kettle (Multicolor)","ElectricKettles","2695.00","38808.0","2695.00","38808.0","4.0","2518"
"B00UGZWM2I","COI Note Pad/Memo Book with Sticky Notes & Clip Holder with Pen for Gifting","Notepads&MemoBooks","800.00","11520.0","198.00","2851.2","4.0","9344"
"B00V4BGDKU","TP-Link UE300 USB 3.0 to RJ45 Gigabit Ethernet Network Adapter - Plug and Play","WirelessUSBAdapters","1899.00","27345.6","1099.00","15825.6","4.0","22420"
"B00VA7YYUO","Apsara Platinum Pencils Value Pack - Pack of 20","WoodenPencils","99.00","1425.6","99.00","1425.6","4.0","5036"
"B00W56GLOQ","Wonderchef Nutri-blend Mixer, Grinder & Blender | Powerful 400W 22000 RPM motor | Stainless steel Blades | 2 unbreakable jars | 2 Years warranty | Online recipe book by Chef Sanjeev Kapoor | Black","JuicerMixerGrinders","5000.00","72000.0","2699.00","38865.6","4.0","26164"
"B00Y4ORQ46","Logitech H111 Wired On Ear Headphones With Mic Black","On-Ear","795.00","11448.0","745.00","10728.0","4.0","13797"
"B00YMJ0OI8","Prestige PIC 20 1600 Watt Induction Cooktop with Push button (Black)","InductionCooktop","3645.00","52488.0","2148.00","30931.2","4.0","31388"
"B00YQLG7GK","PHILIPS HL1655/00 Hand Blender, White Jar 250W","HandBlenders","1695.00","24408.0","1695.00","24408.0","4.0","14290"
"B00ZRBWPA0","Eveready Red 1012 AAA Batteries - Pack of 10","DisposableBatteries","180.00","2592.0","159.00","2289.6","4.0","989"
"B00ZYLMQH0","Dell KB216 Wired Multimedia USB Keyboard with Super Quite Plunger Keys with Spill-Resistant – Black","Keyboards","1799.00","25905.6","549.00","7905.6","4.0","28829"
"B0116MIKKC","Goldmedal Curve Plus 202042 Plastic Spice 3-Pin 240V Universal Travel Adaptor (White)","WallChargers","171.00","2462.4","99.00","1425.6","4.0","11339"
"B0123P3PWE","Rico IRPRO 1500 Watt Japanese Technology Electric Water Heater Immersion Rod Shockproof Protection & Stainless Steel Heating Element for Instant Heating| ISI Certified 1 Year Replacement Warranty","ImmersionRods","1075.00","15480.0","999.00","14385.6","4.0","9275"
"B012ELCYUG","Preethi MGA-502 0.4-Litre Grind and Store Jar (White), stainless steel, Set of 1","StandMixerAccessories","635.00","9144.0","635.00","9144.0","4.0","4570"
"B012MQS060","Logitech MK215 Wireless Keyboard and Mouse Combo for Windows, 2.4 GHz Wireless, Compact Design, 2-Year Battery Life(Keyboard),5 Month Battery Life(Mouse) PC/Laptop- Black","Keyboard&MouseSets","1795.00","25848.0","1295.00","18648.0","4.0","25771"
"B013B2WGT6","HealthSense Chef-Mate KS 33 Digital Kitchen Weighing Scale & Food Weight Machine for Health, Fitness, Home Baking & Cooking with Free Bowl, 1 Year Warranty & Batteries Included","DigitalKitchenScales","1899.00","27345.6","1099.00","15825.6","4.0","15276"
"B01486F4G6","Borosil Jumbo 1000-Watt Grill Sandwich Maker (Black)","SandwichMakers","3690.00","53136.0","2863.00","41227.2","4.0","6987"
"B0148NPH9I","Logitech K380 Wireless Multi-Device Keyboard for Windows, Apple iOS, Apple TV Android or Chrome, Bluetooth, Compact Space-Saving Design, PC/Mac/Laptop/Smartphone/Tablet (Dark Grey)","Keyboards","3195.00","46008.0","2640.00","38016.0","4.0","16146"
"B014I8SSD0","Amazon Basics High-Speed HDMI Cable, 6 Feet - Supports Ethernet, 3D, 4K video,Black","HDMICables","475.00","6840.0","309.00","4449.6","4.0","426973"
"B014I8SX4Y","Amazon Basics High-Speed HDMI Cable, 6 Feet (2-Pack),Black","HDMICables","1400.00","20160.0","309.00","4449.6","4.0","426973"
"B014SZO90Y","Duracell Ultra Alkaline AA Battery, 8 Pcs","DisposableBatteries","315.00","4536.0","266.00","3830.4","4.0","28030"
"B014SZPBM4","Duracell Ultra Alkaline D Battery, 2 Pcs","DisposableBatteries","400.00","5760.0","380.00","5472.0","4.0","2111"
"B015OW3M1W","AmazonBasics 6-Feet DisplayPort (not USB port) to HDMI Cable Black","HDMICables","1700.00","24480.0","799.00","11505.6","4.0","28638"
"B015ZXUDD0","Duracell Rechargeable AA 1300mAh Batteries, 4Pcs","RechargeableBatteries","599.00","8625.6","479.00","6897.6","4.0","11687"
"B0162K34H2","boAt LTG 500 Apple MFI Certified for iPhone, iPad and iPod 2Mtr Data Cable(Space Grey)","USBCables","999.00","14385.6","849.00","12225.6","4.0","6736"
"B0162LYSFS","boAt LTG 500 Apple MFI Certified for iPhone, iPad and iPod 2Mtr Data Cable(Metallic Silver)","USBCables","1749.00","25185.6","799.00","11505.6","4.0","5626"
"B016MDK4F4","Technotech High Speed HDMI Cable 5 Meter V1.4 - Supports Full HD 1080p (Color May Vary)","HDMICables","499.00","7185.6","185.00","2664.0","4.0","25"
"B017NC2IPM","RESONATE RouterUPS CRU12V2A | Zero Drop | UPS for WiFi Router | Mini UPS | Up to 4 Hours PowerBackup | Battery Replacement Program | Router UPS Compatible with 12V <2A Routers, FTTH, Modem, Set Top Box, Alexa, Mini Camera","Routers","2911.00","41918.4","1799.00","25905.6","4.0","20342"
"B017PDR9N0","GIZGA Essentials Portable Tabletop Tablet Stand Mobile Holder, Desktop Stand, Cradle, Dock for iPad, Smartphone, Kindle, E-Reader, Fully Foldable, Adjustable Angle, Anti-Slip Pads, Black","Stands","499.00","7185.6","149.00","2145.6","4.0","25607"
"B0187F2IOK","Bajaj HM-01 Powerful 250W Hand Mixer, Black","HandMixers","2199.00","31665.6","1499.00","21585.6","4.0","6531"
"B0188KPKB2","Preethi Blue Leaf Diamond MG-214 mixer grinder 750 watt (Blue/White), 3 jars & Flexi Lid, FBT motor with 2yr Guarantee & Lifelong Free Service","MixerGrinders","9455.00","136152.0","3599.00","51825.6","4.0","11828"
"B01892MIPA","AO Smith HSE-VAS-X-015 Storage 15 Litre Vertical Water Heater (Geyser) White 4 Star","StorageWaterHeaters","10900.00","156960.0","7349.00","105825.6","4.0","11957"
"B018SJJ0GE","Libra Roti Maker Electric Automatic | chapati Maker Electric Automatic | roti Maker Machine with 900 Watts for Making Roti/Chapati/Parathas - Stainless Steel","RotiMakers","2999.00","43185.6","1999.00","28785.6","4.0","388"
"B01C8P29N0","Bajaj DX-6 1000W Dry Iron with Advance Soleplate and Anti-bacterial German Coating Technology, White","DryIrons","1400.00","20160.0","625.00","9000.0","4.0","23316"
"B01C8P29T4","Bajaj Majesty DX-11 1000W Dry Iron with Advance Soleplate and Anti-bacterial German Coating Technology, White and Blue","DryIrons","785.00","11304.0","599.00","8625.6","4.0","24247"
"B01CS4A5V4","Monitor AC Stand/Heavy Duty Air Conditioner Outdoor Unit Mounting Bracket","FanParts&Accessories","1690.00","24336.0","699.00","10065.6","4.0","3524"
"B01D5H8LDM","AmazonBasics 3.5mm to 2-Male RCA Adapter Cable For Tablet, Smartphone (Black, 15 feet)","RCACables","1200.00","17280.0","489.00","7041.6","4.0","69538"
"B01D5H8ZI8","AmazonBasics 3 Feet High Speed HDMI Male to Female 2.0 Extension Cable","HDMICables","595.00","8568.0","229.00","3297.6","4.0","12835"
"B01D5H90L4","AmazonBasics - High-Speed Male to Female HDMI Extension Cable - 6 Feet","HDMICables","700.00","10080.0","299.00","4305.6","4.0","8714"
"B01DEWVZ2C","JBL C100SI Wired In Ear Headphones with Mic, JBL Pure Bass Sound, One Button Multi-function Remote, Angled Buds for Comfort fit (Black)","In-Ear","999.00","14385.6","599.00","8625.6","4.0","192590"
"B01DF26V7A","JBL C100SI Wired In Ear Headphones with Mic, JBL Pure Bass Sound, One Button Multi-function Remote, Premium Metallic Finish, Angled Buds for Comfort fit (Red)","In-Ear","1299.00","18705.6","599.00","8625.6","4.0","192589"
"B01DGVKBC6","FEDUS Cat6 Ethernet Cable, 10 Meter High Speed 550MHZ / 10 Gigabit Speed UTP LAN Cable, Network Cable Internet Cable RJ45 Cable LAN Wire, Patch Computer Cord Gigabit Category 6 Wires for Modem, Router","EthernetCables","499.00","7185.6","287.00","4132.8","4.0","8076"
"B01DJJVFPC","Duracell Ultra Alkaline AAA Battery, 8 Pcs","DisposableBatteries","315.00","4536.0","269.00","3873.6","4.0","17810"
"B01EY310UM","Philips GC181 Heavy Weight 1000-Watt Dry Iron, Pack of 1","DryIrons","1545.00","22248.0","1321.00","19022.4","4.0","15453"
"B01EZ0X3L8","SanDisk Ultra 64 GB USB Pen Drives (SDDDC2-064G-I35, Black, Silver)","PenDrives","1650.00","23760.0","729.00","10497.6","4.0","82356"
"B01F25X6RQ","Samsung Ehs64 Ehs64Avfwecinu Hands-Free Wired In Ear Earphones With Mic With Remote Note (White)","In-Ear","499.00","7185.6","499.00","7185.6","4.0","31539"
"B01F262EUU","Samsung Original EHS64 Wired in Ear Earphones with Mic, Black","In-Ear","999.00","14385.6","949.00","13665.6","4.0","31539"
"B01F7B2JCI","Dynore Stainless Steel Set of 4 Measuring Cup and 4 Measuring Spoon","MeasuringSpoons","450.00","6480.0","184.00","2649.6","4.0","4971"
"B01FSYQ2A4","boAt Rockerz 400 Bluetooth On Ear Headphones With Mic With Upto 8 Hours Playback & Soft Padded Ear Cushions(Grey/Green)","On-Ear","2990.00","43056.0","1399.00","20145.6","4.0","97175"
"B01GGKYKQM","Amazon Basics USB Type-C to USB-A 2.0 Male Fast Charging Cable for Laptop - 3 Feet (0.9 Meters), Black","USBCables","700.00","10080.0","219.00","3153.6","4.0","20052"
"B01GGKZ0V6","AmazonBasics USB Type-C to USB Type-C 2.0 Cable - 3 Feet Laptop (0.9 Meters) - White","USBCables","845.00","12168.0","329.00","4737.6","4.0","29746"
"B01GGKZ4NU","AmazonBasics USB Type-C to USB Type-C 2.0 Cable for Charging Adapter, Smartphone - 9 Feet (2.7 Meters) - White","USBCables","995.00","14328.0","549.00","7905.6","4.0","29746"
"B01GZSQJPA","Philips HL7756/00 Mixer Grinder, 750W, 3 Jars (Black)","MixerGrinders","4295.00","61848.0","3699.00","53265.6","4.0","26543"
"B01HGCLUH6","TP-link N300 WiFi Wireless Router TL-WR845N | 300Mbps Wi-Fi Speed | Three 5dBi high gain Antennas | IPv6 Compatible | AP/RE/WISP Mode | Parental Control | Guest Network","Routers","1699.00","24465.6","1149.00","16545.6","4.0","122478"
"B01HJI0FS2","Dell MS116 1000Dpi USB Wired Optical Mouse, Led Tracking, Scrolling Wheel, Plug and Play.","Mice","650.00","9360.0","299.00","4305.6","4.0","33176"
"B01IBRHE3E","Gizga Essentials Professional 3-in-1 Cleaning Kit for Camera, Lens, Binocular, Laptop, TV, Monitor, Smartphone, Tablet (Includes: Cleaning Liquid 100ml, Plush Microfiber Cloth, Dust Removal Brush)","CleaningKits","499.00","7185.6","299.00","4305.6","4.0","24432"
"B01IOZUHRS","Gizga Essentials Laptop Power Cable Cord- 3 Pin Adapter Isi Certified(1 Meter/3.3 Feet)","LaptopChargers&PowerSupplies","499.00","7185.6","179.00","2577.6","4.0","10174"
"B01J0XWYKQ","Logitech B170 Wireless Mouse, 2.4 GHz with USB Nano Receiver, Optical Tracking, 12-Months Battery Life, Ambidextrous, PC/Mac/Laptop - Black","Mice","895.00","12888.0","599.00","8625.6","4.0","61314"
"B01J1CFO5I","Redgear MP35 Speed-Type Gaming Mousepad (Black/Red)","Gamepads","550.00","7920.0","299.00","4305.6","4.0","33434"
"B01J8S6X2I","AmazonBasics 6 Feet DisplayPort to DisplayPort Cable - (Not HDMI Cable) (Gold)","DVICables","1100.00","15840.0","499.00","7185.6","4.0","25177"
"B01KCSGBU2","Philips Air Purifier Ac2887/20,Vitashield Intelligent Purification,Long Hepa Filter Life Upto 17000 Hours,Removes 99.9% Airborne Viruses & Bacteria,99.97% Airborne Pollutants,Ideal For Master Bedroom","HEPAAirPurifiers","23559.00","339249.6","14499.00","208785.6","4.0","2026"
"B01KK0HU3Y","HP Z3700 Wireless Optical Mouse with USB Receiver and 2.4GHz Wireless Connection/ 1200DPI / 16 Months Long Battery Life /Ambidextrous and Slim Design (Modern Gold)","Mice","1499.00","21585.6","899.00","12945.6","4.0","23174"
"B01L6MT7E0","Philips AC1215/20 Air purifier, removes 99.97% airborne pollutants, 4-stage filtration with True HEPA filter (white)","HEPAAirPurifiers","11995.00","172728.0","8799.00","126705.6","4.0","4157"
"B01L7C4IU2","Havells Ambrose 1200mm Ceiling Fan (Pearl White Wood)","CeilingFans","3045.00","43848.0","2199.00","31665.6","4.0","2686"
"B01L8ZNWN2","HP v236w USB 2.0 64GB Pen Drive, Metal","PenDrives","1500.00","21600.0","475.00","6840.0","4.0","64273"
"B01LONQBDG","AmazonBasics USB Type-C to Micro-B 2.0 Cable - 6 Inches (15.2 Centimeters) - White","USBCables","899.00","12945.6","349.00","5025.6","4.0","14896"
"B01LWYDEQ7","Pigeon Polypropylene Mini Handy and Compact Chopper with 3 Blades for Effortlessly Chopping Vegetables and Fruits for Your Kitchen (12420, Green, 400 ml)","Choppers","495.00","7128.0","199.00","2865.6","4.0","270563"
"B01LY9W8AF","Cello Eliza Plastic Laundry Bag/Basket, 50 litres, Light Grey","LaundryBaskets","1282.00","18460.8","998.00","14371.2","4.0","7274"
"B01LYLJ99X","HP v222w 64GB USB 2.0 Pen Drive (Silver)","PenDrives","1300.00","18720.0","449.00","6465.6","4.0","4959"
"B01LYU3BZF","Havells Ambrose 1200mm Ceiling Fan (Gold Mist Wood)","CeilingFans","3190.00","45936.0","2199.00","31665.6","4.0","9650"
"B01M0505SJ","Orient Electric Apex-FX 1200mm Ultra High Speed 400 RPM Ceiling Fan (Brown)","CeilingFans","2485.00","35784.0","1400.00","20160.0","4.0","19998"
"B01M265AAK","Morphy Richards Aristo 2000 Watts PTC Room Heater (White)","ElectricHeaters","4495.00","64728.0","3711.00","53438.4","4.0","356"
"B01M4GGIVU","Tizum High Speed HDMI Cable with Ethernet | Supports 3D 4K | for All HDMI Devices Laptop Computer Gaming Console TV Set Top Box (1.5 Meter/ 5 Feet)","HDMICables","699.00","10065.6","199.00","2865.6","4.0","12153"
"B01M5967SY","TIZUM High Speed HDMI Cable Aura -Gold Plated-High Speed Data 10.2Gbps, 3D, 4K, HD 1080P (10 Ft/ 3 M)","HDMICables","999.00","14385.6","379.00","5457.6","4.0","12153"
"B01M5B0TPW","Borosil Chef Delite BCH20DBB21 300-Watt Chopper (Black)","MiniFoodProcessors&Choppers","2490.00","35856.0","1819.00","26193.6","4.0","7946"
"B01M5F614J","Morphy Richards OFR Room Heater, 09 Fin 2000 Watts Oil Filled Room Heater , ISI Approved (OFR 9 Grey)","RoomHeaters","13999.00","201585.6","6549.00","94305.6","4.0","2961"
"B01M6453MB","Prestige Delight PRWO Electric Rice Cooker (1 L, White)","Rice&PastaCookers","3045.00","43848.0","2280.00","32832.0","4.0","4118"
"B01M69WCZ6","Allin Exporters J66 Ultrasonic Humidifier Cool Mist Air Purifier for Dryness, Cold & Cough Large Capacity for Room, Baby, Plants, Bedroom (2.4 L) (1 Year Warranty)","Humidifiers","3550.00","51120.0","2249.00","32385.6","4.0","3973"
"B01M72LILF","Logitech M221 Wireless Mouse, Silent Buttons, 2.4 GHz with USB Mini Receiver, 1000 DPI Optical Tracking, 18-Month Battery Life, Ambidextrous PC / Mac / Laptop - Charcoal Grey","Mice","1295.00","18648.0","799.00","11505.6","4.0","34852"
"B01MF8MB65","boAt Bassheads 225 in Ear Wired Earphones with Mic(Blue)","In-Ear","999.00","14385.6","699.00","10065.6","4.0","273189"
"B01MQ2A86A","Logitech M331 Silent Plus Wireless Mouse, 2.4GHz with USB Nano Receiver, 1000 DPI Optical Tracking, 3 Buttons, 24 Month Life Battery, PC/Mac/Laptop - Black","Mice","1645.00","23688.0","1295.00","18648.0","4.0","12375"
"B01MRARGBW","Eco Crystal J 5 inch Cartridge (Pack of 2)","WaterPurifierAccessories","400.00","5760.0","199.00","2865.6","4.0","1379"
"B01MUAUOCX","Sujata Chutney Steel Jar, 400 ml, (White), Stainless Steel","SmallApplianceParts&Accessories","747.00","10756.8","688.00","9907.2","4.0","2280"
"B01MY839VW","Orient Electric Fabrijoy DIFJ10BP 1000-Watt Dry Iron, Non-Stick (White and Blue)","DryIrons","1090.00","15696.0","549.00","7905.6","4.0","13029"
"B01N1XVVLC","Bajaj OFR Room Heater, 13 Fin 2900 Watts Oil Filled Room Heater with 400W PTC Ceramic Fan Heater, ISI Approved (Majesty 13F Plus Black)","FanHeaters","15999.00","230385.6","9590.00","138096.0","4.0","1017"
"B01N4EV2TL","Logitech MK240 Nano Wireless USB Keyboard and Mouse Set, 12 Function Keys 2.4GHz Wireless, 1000DPI, Spill-Resistant Design, PC/Mac, Black/Chartreuse Yellow","Keyboard&MouseSets","1995.00","28728.0","1495.00","21528.0","4.0","7241"
"B01N6IJG0F","Morphy Richards Daisy 1000W Dry Iron with American Heritage Non-Stick Coated Soleplate, White","DryIrons","1010.00","14544.0","559.00","8049.6","4.0","17325"
"B01N6LU1VF","SanDisk Ultra Dual 64 GB USB 3.0 OTG Pen Drive (Black)","PenDrives","1400.00","20160.0","579.00","8337.6","4.0","189104"
"B01NBX5RSB","HP 65W AC Laptops Charger Adapter 4.5mm for HP Pavilion Black (Without Power Cable)","LaptopChargers&PowerSupplies","1547.00","22276.8","770.00","11088.0","4.0","2585"
"B01NCVJMKX","SHOPTOSHOP Electric Lint Remover, Best Lint Shaver for Clothes,Lint Remover for Woolen Clothes ,Lint Remover for Sweaters","LintShavers","999.00","14385.6","499.00","7185.6","4.0","4859"
"B06XDKWLJH","Western Digital WD 1.5TB Elements Portable Hard Disk Drive, USB 3.0, Compatible with PC, PS4 and Xbox, External HDD (WDBU6Y0015BBK-WESN)","ExternalHardDisks","5734.00","82569.6","4449.00","64065.6","4.0","25006"
"B06XFTHCNY","CableCreation RCA to 3.5mm Male Audio Cable, 3.5mm to 2RCA Cable Male RCA Cable,Y Splitter Stereo Jack Cable for Home Theater,Subwoofer, Receiver, Speakers and More (3Feet/0.9Meter,Black)","RCACables","758.00","10915.2","439.00","6321.6","4.0","4296"
"B06XPYRWV5","Pigeon by Stovekraft 2 Slice Auto Pop up Toaster. A Smart Bread Toaster for Your Home (750 Watt) (black)","Pop-upToasters","1795.00","25848.0","1099.00","15825.6","4.0","4244"
"B06XR9PR5X","Amazon Basics HDMI Coupler,Black","Adapters","600.00","8640.0","209.00","3009.6","4.0","18872"
"B06XSK3XL6","boAt Dual Port Rapid Car Charger (Qualcomm Certified) with Quick Charge 3.0 + Free Micro USB Cable - (Black)","AutomobileChargers","999.00","14385.6","571.00","8222.4","4.0","38221"
"B06Y36JKC3","Abode Kitchen Essential Measuring Cup & Spoon for Spices | for Cooking and Baking Cake | Multipurpose Tablespoon Cups with Ring Holder | (Black)","MeasuringSpoons","300.00","4320.0","149.00","2145.6","4.0","4074"
"B071113J7M","Sujata Powermatic Plus 900 Watts Juicer Mixer Grinder","JuicerMixerGrinders","7506.00","108086.4","5890.00","84816.0","4.0","7241"
"B0711PVX6Z","AmazonBasics Micro USB Fast Charging Cable for Android Phones with Gold Plated Connectors (3 Feet, Black)","USBCables","500.00","7200.0","179.00","2577.6","4.0","92595"
"B0718ZN31Q","Rts™ High Speed 3D Full HD 1080p Support (10 Meters) HDMI Male to HDMI Male Cable TV Lead 1.4V for All Hdmi Devices- Black (10M - 30 FEET)","HDMICables","4999.00","71985.6","598.00","8611.2","4.0","910"
"B071SDRGWL","boAt Type-c A400 Type-c to USB A Cable for All Type C Phones (Lg nexus 5x), 1Mtr(Black)","USBCables","699.00","10065.6","349.00","5025.6","4.0","20850"
"B071VNHMX2","Philips Daily Collection HD2582/00 830-Watt 2-Slice Pop-up Toaster (White)","Pop-upToasters","2095.00","30168.0","2095.00","30168.0","4.0","7949"
"B071Z8M4KX","boAt BassHeads 100 in-Ear Wired Headphones with Mic (Black)","In-Ear","999.00","14385.6","365.00","5256.0","4.0","363711"
"B07222HQKP","Orico 2.5""(6.3cm) USB 3.0 HDD Enclosure Case Cover for SATA SSD HDD | SATA SSD HDD Enclosure High Speed USB 3.0 | Tool Free Installation | Black","ExternalHardDisks","999.00","14385.6","657.00","9460.8","4.0","13944"
"B07232M876","Amazonbasics Micro Usb Fast Charging Cable For Android Smartphone,Personal Computer,Printer With Gold Plated Connectors (6 Feet, Black)","USBCables","395.00","5688.0","199.00","2865.6","4.0","92595"
"B072J83V9W","Philips PowerPro FC9352/01 Compact Bagless Vacuum Cleaner (Blue)","CanisterVacuums","9995.00","143928.0","8999.00","129585.6","4.0","17994"
"B072NCN9M4","AMERICAN MICRONIC- Imported Wet & Dry Vacuum Cleaner, 21 Litre Stainless Steel with Blower & HEPA filter, 1600 Watts 100% Copper Motor 28 KPa suction with washable reusable dust bag (Red/Black/Steel)-AMI-VCD21-1600WDx","Wet-DryVacuums","11850.00","170640.0","8886.00","127958.4","4.0","3065"
"B073BRXPZX","Lenovo 300 Wired Plug & Play USB Mouse, High Resolution 1600 DPI Optical Sensor, 3-Button Design with clickable Scroll Wheel, Ambidextrous, Ergonomic Mouse for Comfortable All-Day Grip (GX30M39704)","Mice","590.00","8496.0","289.00","4161.6","4.0","25886"
"B0746N6WML","Parker Vector Camouflage Gift Set - Roller Ball Pen & Parker Logo Keychain (Black Body, Blue Ink), 2 Piece Set","StickBallpointPens","450.00","6480.0","341.00","4910.4","4.0","2493"
"B0747VDH9L","INALSA Hand Blender 1000 Watt with Chopper, Whisker, 600 ml Multipurpose Jar|Variable Speed And Turbo Speed Function |100% Copper Motor |Low Noise |ANTI-SPLASH TECHNOLOGY|2 Year Warranty","HandBlenders","3995.00","57528.0","2742.00","39484.8","4.0","11148"
"B074CWD7MS","Digitek DTR 550 LW (67 Inch) Tripod For DSLR, Camera |Operating Height: 5.57 Feet | Maximum Load Capacity up to 4.5kg | Portable Lightweight Aluminum Tripod with 360 Degree Ball Head | Carry Bag Included (Black) (DTR 550LW)","CompleteTripodUnits","2495.00","35928.0","1549.00","22305.6","4.0","15137"
"B0752LL57V","Casio MJ-12D 150 Steps Check and Correct Desktop Calculator","Basic","440.00","6336.0","440.00","6336.0","4.0","8610"
"B0756CLQWL","Redgear Pro Wireless Gamepad with 2.4GHz Wireless Technology, Integrated Dual Intensity Motor, Illuminated Keys for PC(Compatible with Windows 7/8/8.1/10 only)","Gamepads","3999.00","57585.6","1699.00","24465.6","4.0","25488"
"B0756KCV5K","Prestige PIC 15.0+ 1900-Watt Induction Cooktop (Black)","InductionCooktop","5295.00","76248.0","3180.00","45792.0","4.0","6919"
"B0758F7KK7","Caprigo Heavy Duty TV Wall Mount Bracket for 14 to 32 Inch LED/HD/Smart TV’s, Universal Fixed TV Wall Mount Stand (M452)","TVWall&CeilingMounts","999.00","14385.6","399.00","5745.6","4.0","1236"
"B0759QMF85","TP-Link AC750 Dual Band Wireless Cable Router, 4 10/100 LAN + 10/100 WAN Ports, Support Guest Network and Parental Control, 750Mbps Speed Wi-Fi, 3 Antennas (Archer C20) Blue, 2.4 GHz","Routers","2399.00","34545.6","1529.00","22017.6","4.0","68409"
"B075DB1F13","Panasonic Eneloop BQ-CC55N Advanced, Smart and Quick Charger for AA & AAA Rechargeable Batteries, White","GeneralPurposeBatteries&BatteryChargers","1500.00","21600.0","1500.00","21600.0","4.0","25996"
"B075JJ5NQC","Butterfly Smart Mixer Grinder, 750W, 4 Jars (Grey)","MixerGrinders","4999.00","71985.6","3199.00","46065.6","4.0","20869"
"B075K76YW1","Inalsa Hand Blender| Hand Mixer|Beater - Easy Mix, Powerful 250 Watt Motor | Variable 7 Speed Control | 1 Year Warranty | (White/Red)","HandMixers","1395.00","20088.0","979.00","14097.6","4.0","15252"
"B075S9FVRY","Sujata Supermix, Mixer Grinder, 900 Watts, 3 Jars (White)","MixerGrinders","7200.00","103680.0","5490.00","79056.0","4.0","1408"
"B075TJHWVC","Airtel Digital TV HD Set Top Box with 1 Month Basic Pack with Recording + Free Standard Installation","SatelliteReceivers","2299.00","33105.6","917.00","13204.8","4.0","3300"
"B075ZTJ9XR","AmazonBasics High-Speed Braided HDMI Cable - 3 Feet - Supports Ethernet, 3D, 4K and Audio Return (Black)","HDMICables","650.00","9360.0","269.00","3873.6","4.0","35877"
"B0763K5HLQ","InstaCuppa Milk Frother for Coffee - Handheld Battery-Operated Electric Milk and Coffee Frother, Stainless Steel Whisk and Stand, Portable Foam Maker for Coffee, Cappuccino, Lattes, and Egg Beaters","MilkFrothers","1499.00","21585.6","1099.00","15825.6","4.0","4401"
"B0765B3TH7","Gizga Essentials Hard Drive Case Shell, 6.35cm/2.5-inch, Portable Storage Organizer Bag for Earphone USB Cable Power Bank Mobile Charger Digital Gadget Hard Disk, Water Resistance Material, Black","HardDiskBags","599.00","8625.6","199.00","2865.6","4.0","13568"
"B076B8G5D8","Boya ByM1 Auxiliary Omnidirectional Lavalier Condenser Microphone with 20ft Audio Cable (Black)","Condenser","1995.00","28728.0","798.00","11491.2","4.0","68664"
"B076VQS87V","Syska SDI-07 1000 W Stellar with Golden American Heritage Soleplate Dry Iron (Blue)","DryIrons","799.00","11505.6","457.00","6580.8","4.0","1868"
"B077Z65HSD","boAt A400 USB Type-C to USB-A 2.0 Male Data Cable, 2 Meter (Black)","USBCables","999.00","14385.6","299.00","4305.6","4.0","20850"
"B0789LZTCJ","boAt Rugged v3 Extra Tough Unbreakable Braided Micro USB Cable 1.5 Meter (Black)","USBCables","799.00","11505.6","299.00","4305.6","4.0","94363"
"B078G6ZF5Z","Oraimo 18W USB & Type-C Dual Output Super Fast Charger Wall Adapter PE2.0&Quick Charge 3.0 & Power Delivery 3.0 Compatible for iPhone 13/13 Mini/13 Pro Max/12/12 Pro Max, iPad Mini/Pro, Pixel, Galaxy, Airpods Pro","WallChargers","1199.00","17265.6","699.00","10065.6","4.0","14403"
"B078HRR1XV","Wacom One by CTL-472/K0-CX Digital Drawing Graphics Pen Tablet (Red & Black) Small (6-inch x 3.5-inch)(15x8cm) | Battery Free Cordless Pen with 2048 Pressure Level","GraphicTablets","4699.00","67665.6","3303.00","47563.2","4.0","13544"
"B078JBK4GX","Havells Instanio 1-Litre 3KW Instant Water Heater (Geyser), White Blue","InstantWaterHeaters","4560.00","65664.0","2599.00","37425.6","4.0","646"
"B078JDNZJ8","Havells Instanio 3-Litre Instant Geyser (White/Blue)","InstantWaterHeaters","6190.00","89136.0","3600.00","51840.0","4.0","11924"
"B078JF6X9B","Havells Instanio 3-Litre 4.5KW Instant Water Heater (Geyser), White Blue","InstantWaterHeaters","6070.00","87408.0","3645.00","52488.0","4.0","561"
"B078JT7LTD","Sujata Dynamix, Mixer Grinder, 900 Watts, 3 Jars (White)","MixerGrinders","8073.00","116251.2","6120.00","88128.0","4.0","2751"
"B078V8R9BS","Butterfly EKN 1.5-Litre Electric Kettle (Silver with Black)","Kettle&ToasterSets","1111.00","15998.4","749.00","10785.6","4.0","35693"
"B078W65FJ7","boAt BassHeads 900 On-Ear Wired Headphones with Mic (White)","On-Ear","2490.00","35856.0","849.00","12225.6","4.0","91188"
"B078WB1VWJ","Usha EI 3710 Heavy Weight 1000-Watt Dry Iron with Golden American Heritage Soleplate, 1.75 Kg(White)","DryIrons","1599.00","23025.6","1110.00","15984.0","4.0","4022"
"B07924P3C5","Storite High Speed Micro USB 3.0 Cable A to Micro B for External & Desktop Hard Drives 45cm","USBCables","799.00","11505.6","299.00","4305.6","4.0","2117"
"B07966M8XH","Model-P4 6 Way Swivel Tilt Wall Mount 32-55-inch Full Motion Cantilever for LED,LCD and Plasma TV's","TVWall&CeilingMounts","2999.00","43185.6","1599.00","23025.6","4.0","2727"
"B0798PJPCL","Portronics My buddy plus Adjustable Laptop cooling Table (Brown)","Lapdesks","2699.00","38865.6","1889.00","27201.6","4.0","17394"
"B079S811J3","Redgear Cosmo 7,1 Usb Gaming Wired Over Ear Headphones With Mic With Virtual Surround Sound,50Mm Driver, Rgb Leds & Remote Control(Black)","Headsets","2999.00","43185.6","1990.00","28656.0","4.0","14237"
"B07B5XJ572","iBELL MPK120L Premium Stainless Steel Multi Purpose Kettle/Cooker with Inner Pot 1.2 Litre (Silver)","ElectricKettles","3190.00","45936.0","1456.00","20966.4","4.0","1776"
"B07B88KQZ8","JBL Go 2, Wireless Portable Bluetooth Speaker with Mic, JBL Signature Sound, Vibrant Color Options with IPX7 Waterproof & AUX (Blue)","BluetoothSpeakers","2999.00","43185.6","1999.00","28785.6","4.0","63899"
"B07BKSSDR2","Dr Trust Electronic Kitchen Digital Scale Weighing Machine (Blue)","DigitalBathroomScales","1900.00","27360.0","899.00","12945.6","4.0","3663"
"B07BRKK9JQ","Zebronics Zeb-Transformer Gaming Keyboard and Mouse Combo (USB, Braided Cable)","Keyboard&MouseSets","1599.00","23025.6","1299.00","18705.6","4.0","27223"
"B07CD2BN46","Xiaomi Mi Wired in Ear Earphones with Mic Basic with Ultra Deep Bass & Aluminum Alloy Sound Chamber (Black)","In-Ear","599.00","8625.6","429.00","6177.6","4.0","119466"
"B07CRL2GY6","boAt Rugged V3 Braided Micro USB Cable (Pearl White)","USBCables","799.00","11505.6","299.00","4305.6","4.0","94363"
"B07CVR2L5K","INALSA Electric Chopper Bullet- 400 Watts with 100% Pure Copper Motor| Chop, Mince, Puree, Dice | Twin Blade Technology| 900 ml Capacity| One Touch Operation, 1.30mtr Long Power Cord (Black/Silver)","MiniFoodProcessors&Choppers","2695.00","38808.0","1656.00","23846.4","4.0","6027"
"B07CWDX49D","AmazonBasics Double Braided Nylon USB Type-C to Type-C 2.0 Cable, Charging Adapter, Smartphone 6 feet, Dark Grey","USBCables","1600.00","23040.0","649.00","9345.6","4.0","5451"
"B07CWNJLPC","AmazonBasics Double Braided Nylon USB Type-C to Type-C 2.0 Cable Smartphone (Dark Grey, 3 feet)","USBCables","1200.00","17280.0","499.00","7185.6","4.0","5451"
"B07D2NMTTV","Black + Decker BD BXIR2201IN 2200-Watt Cord & Cordless Steam Iron (Green)","SteamIrons","3500.00","50400.0","3199.00","46065.6","4.0","1899"
"B07D8VBYB4","SUJATA Powermatic Plus, Juicer Mixer Grinder, 900 Watts, 2 Jars (White)","JuicerMixerGrinders","7776.00","111974.4","5865.00","84456.0","4.0","2737"
"B07DC4RZPY","Amazon Basics USB A to Lightning MFi Certified Charging Cable (White, 1.2 meter)","USBCables","1999.00","28785.6","709.00","10209.6","4.0","178817"
"B07DFYJRQV","JBL C200SI, Premium in Ear Wired Earphones with Mic, Signature Sound, One Button Multi-Function Remote, Angled Earbuds for Comfort fit (Blue)","In-Ear","1499.00","21585.6","799.00","11505.6","4.0","53648"
"B07DJ5KYDZ","Lenovo GX20L29764 65W Laptop Adapter/Charger with Power Cord for Select Models of Lenovo (Round pin) (Black)","LaptopChargers&PowerSupplies","2796.00","40262.4","1249.00","17985.6","4.0","4598"
"B07DJLFMPS","HP 32GB Class 10 MicroSD Memory Card (U1 TF Card 32GB)","MicroSD","1600.00","23040.0","369.00","5313.6","4.0","32625"
"B07DKZCZ89","Gizga Essentials Earphone Carrying Case, Multi-Purpose Pocket Storage Travel Organizer for Earphones, Headset, Pen Drives, SD Cards, Shock-Proof Ballistic Nylon, Soft Fabric, Mesh Pocket, Green","Cases","499.00","7185.6","119.00","1713.6","4.0","15032"
"B07DL1KC3H","Isoelite Remote Compatible for Samsung LED/LCD Remote Control Works with All Samsung LED/LCD TV Model No :- BN59-607A (Please Match The Image with Your Old Remote)","RemoteControls","899.00","12945.6","299.00","4305.6","4.0","1588"
"B07DWFX9YS","Amazon Basics USB A to Lightning PVC Molded Nylon MFi Certified Charging Cable (Black, 1.2 meter)","USBCables","1999.00","28785.6","789.00","11361.6","4.0","34540"
"B07DZ986Q2","Philips EasyTouch Plus Standing Garment Steamer GC523/60 - 1600 Watt, 5 Steam Settings, Up to 32 g/min steam, with Double Pole","SteamIrons","8995.00","129528.0","7799.00","112305.6","4.0","3160"
"B07F1P8KNV","Wayona Nylon Braided Usb Type C 3Ft 1M 3A Fast Charger Cable For Samsung Galaxy S9 S8 (Wc3Cb1, Black)","USBCables","1099.00","15825.6","325.00","4680.0","4.0","10576"
"B07F1T31ZZ","Raffles Premium Stainless Steel South Indian Coffee Filter/Drip Coffee Maker, 2-3 Cups, 150 ml","DripCoffeeMachines","400.00","5760.0","249.00","3585.6","4.0","693"
"B07F366Z51","Singer Aroma 1.8 Liter Electric Kettle High Grade Stainless Steel with Cool and Touch Body and Cordless Base, 1500 watts, Auto Shut Off with Dry Boiling (Silver/Black)","ElectricKettles","2385.00","34344.0","949.00","13665.6","4.0","2311"
"B07F6GXNPB","Eureka Forbes Euroclean Paper Vacuum Cleaner Dust Bags for Excel, Ace, 300, Jet Models - Set of 10","HandheldBags","500.00","7200.0","253.00","3643.2","4.0","2664"
"B07FJNNZCJ","V-Guard Zenora RO+UF+MB Water Purifier | Suitable for water with TDS up to 2000 ppm | 8 Stage Purification with World-class RO Membrane and Advanced UF Membrane | Free PAN India Installation & 1-Year Comprehensive Warranty | 7 Litre, Black","WaterFilters&Purifiers","13049.00","187905.6","8699.00","125265.6","4.0","5891"
"B07FXLC2G2","Tata Swach Bulb 6000-Litre Cartridge, 1 Piece, White, Hollow Fiber Membrane","WaterFilters&Purifiers","699.00","10065.6","698.00","10051.2","4.0","3160"
"B07G147SZD","NEXOMS Instant Heating Water Tap Wall Mounted with 3 Pin Indian Plug (16Amp)","InstantWaterHeaters","3799.00","54705.6","2699.00","38865.6","4.0","727"
"B07G3YNLJB","Crucial BX500 240GB 3D NAND SATA 6.35 cm (2.5-inch) SSD (CT240BX500SSD1)","InternalSolidStateDrives","3100.00","44640.0","1815.00","26136.0","4.0","92925"
"B07GLS2563","Cello Quick Boil Popular Electric Kettle 1 Litre 1200 Watts | Stainless Steel body | Boiler for Water, Silver","Kettle&ToasterSets","1899.00","27345.6","1199.00","17265.6","4.0","3858"
"B07GMFY9QM","SOFLIN Egg Boiler Electric Automatic Off 7 Egg Poacher for Steaming, Cooking, Boiling and Frying (400 Watts, Blue)","EggBoilers","999.00","14385.6","379.00","5457.6","4.0","3096"
"B07GNC2592","Portronics CLAMP X Car-Vent Mobile Holder 360 Degree Rotational(Black)","Cradles","999.00","14385.6","599.00","8625.6","4.0","18654"
"B07GPXXNNG","boAt Bassheads 100 in Ear Wired Earphones with Mic(Taffy Pink)","In-Ear","999.00","14385.6","349.00","5025.6","4.0","363713"
"B07GQD4K6L","boAt Bassheads 100 in Ear Wired Earphones with Mic(Furious Red)","In-Ear","999.00","14385.6","379.00","5457.6","4.0","363713"
"B07GVGTSLN","Wayona Usb Type C Fast Charger Cable Fast Charging Usb C Cable/Cord Compatible For Samsung Galaxy S10E S10 S9 S8 Plus S10+,Note 10 Note 9 Note 8,S20,M31S,M40,Realme X3,Pixel 2 Xl (3 Ft Pack Of 1,Grey)","USBCables","1299.00","18705.6","325.00","4680.0","4.0","10576"
"B07GVR9TG7","TP-Link Archer AC1200 Archer C6 Wi-Fi Speed Up to 867 Mbps/5 GHz + 400 Mbps/2.4 GHz, 5 Gigabit Ports, 4 External Antennas, MU-MIMO, Dual Band, WiFi Coverage with Access Point Mode, Black","Routers","4999.00","71985.6","2499.00","35985.6","4.0","35024"
"B07GWTWFS2","KENT 16025 Sandwich Grill 700W | Non-Toxic Ceramic Coating | Automatic Temperature Cut-off with LED Indicator | Adjustable Height Control, Metallic Silver, Standard","SandwichMakers","1975.00","28440.0","1699.00","24465.6","4.0","4716"
"B07GXHC691","STRIFF PS2_01 Multi Angle Mobile/Tablet Tabletop Stand. Phone Holder for iPhone, Android, Samsung, OnePlus, Xiaomi. Portable, Foldable Cell Phone Stand. Perfect for Bed, Office, Home & Desktop (Black)","Stands","499.00","7185.6","99.00","1425.6","4.0","42641"
"B07H1S7XW8","STRIFF Wall Mount Phone Holder Wall Mount with Adhesive Strips, Charging Holder Compatible with iPhone, Smartphone and Mini Tablet (Pack of 1) (White)","Shower&WallMounts","499.00","7185.6","89.00","1281.6","4.0","9340"
"B07H3N8RJH","AmazonBasics Cylinder Bagless Vacuum Cleaner with Power Suction, Low Sound, High Energy Efficiency and 2 Years Warranty (1.5L, Black)","CanisterVacuums","6000.00","86400.0","3799.00","54705.6","4.0","11935"
"B07H3WDC4X","Simxen Egg Boiler Electric Automatic Off 7 Egg Poacher for Steaming, Cooking Also Boiling and Frying 400 W (Blue, Pink)","EggBoilers","999.00","14385.6","349.00","5025.6","4.0","15646"
"B07H8W9PB6","KLAM LCD Writing Tablet Screenwriting Toys Board Smart Digital E-Note Pad 8.5 Inch Light Weight Magic Slate for Drawing Playing Noting by Kids and Adults Best Birthday Gift Girls Boys, Multicolor","GraphicTablets","499.00","7185.6","175.00","2520.0","4.0","21"
"B07J2NGB69","Lenovo 400 Wireless Mouse, 1200DPI Optical Sensor, 2.4GHz Wireless Nano USB, 3-Button (Left,Right,Scroll) Upto 8M Left/Right & 100K Scroll clicks & 1yr Battery, Ambidextrous, Ergonomic GY50R91293","Mice","1390.00","20016.0","629.00","9057.6","4.0","6301"
"B07JB2Y4SR","Classmate Octane Colour Burst-Multicolour Gel Pens (Pack of 10) | Gold & Silver Glitter Sparkle Pens|10 colour ink shades for art lovers and kids|Fun at home essentials","Pens","100.00","1440.0","90.00","1296.0","4.0","10718"
"B07JGCGNDG","Crompton Amica 15-L 5 Star Rated Storage Water Heater (Geyser) with Free Installation (White)","StorageWaterHeaters","11500.00","165600.0","6800.00","97920.0","4.0","10308"
"B07JGDB5M1","Wayona Nylon Braided 2M / 6Ft Fast Charge Usb To Lightning Data Sync And Charging Cable For Iphone, Ipad Tablet (6 Ft Pack Of 1, Grey)","USBCables","1299.00","18705.6","449.00","6465.6","4.0","24269"
"B07JH1C41D","Wayona Nylon Braided (2 Pack) Lightning Fast Usb Data Cable Fast Charger Cord For Iphone, Ipad Tablet (3 Ft Pack Of 2, Grey)","USBCables","1999.00","28785.6","649.00","9345.6","4.0","24269"
"B07JH1CBGW","Wayona Nylon Braided Usb Syncing And Charging Cable Sync And Charging Cable For Iphone, Ipad (3 Ft, Black) - Pack Of 2","USBCables","1999.00","28785.6","649.00","9345.6","4.0","24269"
"B07JJFSG2B","SanDisk Ultra 128 GB USB 3.0 Pen Drive (Black)","PenDrives","2500.00","36000.0","889.00","12801.6","4.0","55747"
"B07JNVF678","Wayona Nylon Braided USB Data Sync and Fast Charging 3A Short Power Bank Cable For iPhones, iPad Air, iPad mini, iPod Nano and iPod Touch (Grey)","USBCables","999.00","14385.6","349.00","5025.6","4.0","13120"
"B07JPJJZ2H","Wayona Nylon Braided Lightning USB Data Sync & 3A Charging Cable for iPhones, iPad Air, iPad Mini, iPod Nano and iPod Touch (3 FT Pack of 1, Grey)","USBCables","1299.00","18705.6","399.00","5745.6","4.0","13120"
"B07JPX9CR7","Dell WM118 Wireless Mouse, 2.4 Ghz with USB Nano Receiver, Optical Tracking, 12-Months Battery Life, Ambidextrous, Pc/Mac/Laptop - Black.","Mice","1299.00","18705.6","569.00","8193.6","4.0","9275"
"B07JW1Y6XV","Wayona Nylon Braided 3A Lightning to USB A Syncing and Fast Charging Data Cable for iPhone, Ipad (3 FT Pack of 1, Black)","USBCables","1099.00","15825.6","399.00","5745.6","4.0","24269"
"B07JW9H4J1","Wayona Nylon Braided USB to Lightning Fast Charging and Data Sync Cable Compatible for iPhone 13, 12,11, X, 8, 7, 6, 5, iPad Air, Pro, Mini (3 FT Pack of 1, Grey)","USBCables","1099.00","15825.6","399.00","5745.6","4.0","24270"
"B07JZSG42Y","Borosil Prime Grill Sandwich Maker (Grey)","SandwichMakers","2590.00","37296.0","1928.00","27763.2","4.0","2377"
"B07K2HVKLL","Crompton IHL 251 1500-Watt Immersion Water Heater with Copper Heating Element and IP 68 Protection","ImmersionRods","1020.00","14688.0","640.00","9216.0","4.0","5059"
"B07KCMR8D6","Classmate Octane Neon- Blue Gel Pens(Pack of 5)|Smooth Writing Pen|Attractive body colour for Boys & Girls|Waterproof ink for smudge free writing|Preferred by Students for Exam|Study at home essential","GelInkRollerballPens","50.00","720.0","50.00","720.0","4.0","5792"
"B07KKJPTWB","Brayden Chopro, Electric Vegetable Chopper for Kitchen with 500 ML Capacity, 400 Watts Copper Motor and 4 Bi-Level SS Blades (Black)","MiniFoodProcessors&Choppers","1999.00","28785.6","1599.00","23025.6","4.0","1558"
"B07KNM95JK","Foxin FTC 12A / Q2612A Black Laser Toner Cartridge Compatible with Laserjet 1020,M1005,1018,1010,1012,1015,1020 Plus,1022,3015,3020,3030,3050, 3050Z, 3052,3055 (Black)","TonerCartridges","1150.00","16560.0","598.00","8611.2","4.0","2535"
"B07KRCW6LZ","TP-Link Nano AC600 USB Wi-Fi Adapter(Archer T2U Nano)- 2.4G/5G Dual Band Wireless Network Adapter for PC Desktop Laptop, Mini Travel Size, Supports Windows 11,10, 8.1, 8, 7, XP/Mac OS 10.9-10.15","WirelessUSBAdapters","1599.00","23025.6","999.00","14385.6","4.0","12093"
"B07KSB1MLX","AmazonBasics Digital Optical Coax to Analog RCA Audio Converter Adapter with Fiber Cable","OpticalCables","1600.00","23040.0","1089.00","15681.6","4.0","3565"
"B07KSMBL2H","AmazonBasics Flexible Premium HDMI Cable (Black, 4K@60Hz, 18Gbps), 3-Foot","HDMICables","700.00","10080.0","219.00","3153.6","4.0","426973"
"B07KY3FNQP","boAt Bassheads 152 in Ear Wired Earphones with Mic(Active Black)","In-Ear","1290.00","18576.0","449.00","6465.6","4.0","91770"
"B07L5L4GTB","Epson 003 65 ml for EcoTank L1110/L3100/L3101/L3110/L3115/L3116/L3150/L3151/L3152/L3156/L5190 Black Ink Bottle","InkjetInkCartridges","404.00","5817.6","309.00","4449.6","4.0","8614"
"B07L9FW9GF","Zebronics Zeb-Power Wired USB Mouse, 3-Button, 1200 DPI Optical Sensor, Plug & Play, for Windows/Mac","Mice","249.00","3585.6","149.00","2145.6","4.0","5057"
"B07LDN9Q2P","Havells D'zire 1000 watt Dry Iron With American Heritage Sole Plate, Aerodynamic Design, Easy Grip Temperature Knob & 2 years Warranty. (Mint)","DryIrons","1295.00","18648.0","889.00","12801.6","4.0","6400"
"B07LDPLSZC","Havells Glydo 1000 watt Dry Iron With American Heritage Non Stick Sole Plate, Aerodynamic Design, Easy Grip Temperature Knob & 2 years Warranty. (Charcoal Blue)","DryIrons","1190.00","17136.0","849.00","12225.6","4.0","4184"
"B07LFQLKFZ","Parker Moments Vector Timecheck Gold Trim Roller Ball Pen (Black)","LiquidInkRollerballPens","420.00","6048.0","420.00","6048.0","4.0","1926"
"B07LFWP97N","Gizga Essentials Laptop Bag Sleeve Case Cover Pouch with Handle for 14.1 Inch Laptop for Men & Women, Padded Laptop Compartment, Premium Zipper Closure, Water Repellent Nylon Fabric, Grey","LaptopSleeves&Slipcases","1099.00","15825.6","269.00","3873.6","4.0","1092"
"B07LGT55SJ","Wayona Usb Nylon Braided Data Sync And Charging Cable For Iphone, Ipad Tablet (Red, Black)","USBCables","1099.00","15825.6","399.00","5745.6","4.0","24269"
"B07M69276N","TP-Link AC1300 USB WiFi Adapter (Archer T3U) - 2.4G/5G Dual Band Mini Wireless Network Adapter for PC Desktop, MU-MIMO Wi-Fi Dongle, USB 3.0, Supports Windows 11,10, 8.1, 8, 7, XP/Mac OS 10.15 and earlier","WirelessUSBAdapters","2499.00","35985.6","1399.00","20145.6","4.0","23169"
"B07MDRGHWQ","VW 60 cm (24 inches) Premium Series HD Ready LED TV VW24A (Black)","StandardTelevisions","11000.00","158400.0","5699.00","82065.6","4.0","4003"
"B07MKFNHKG","VW 80 cm (32 inches) Frameless Series HD Ready LED TV VW32A (Black)","StandardTelevisions","12999.00","187185.6","6999.00","100785.6","4.0","4003"
"B07MKMFKPG","Bosch Pro 1000W Mixer Grinder MGM8842MIN - Black","MixerGrinders","10590.00","152496.0","6999.00","100785.6","4.0","11499"
"B07MP21WJD","Lint Roller with 40 Paper Sheets, 22 x 5 cm (Grey)","LintShavers","299.00","4305.6","245.00","3528.0","4.0","1660"
"B07N2MGB3G","AGARO Marvel 9 Liters Oven Toaster Griller, Cake Baking OTG (Black)","OvenToasterGrills","1999.00","28785.6","1699.00","24465.6","4.0","8873"
"B07N42JB4S","SYVO WT 3130 Aluminum Tripod (133CM), Universal Lightweight Tripod with Mobile Phone Holder Mount & Carry Bag for All Smart Phones, Gopro, Cameras - Brown","Tabletop&TravelTripods","3990.00","57456.0","799.00","11505.6","4.0","27139"
"B07N8RQ6W7","Portronics MODESK POR-122 Universal Mobile Tabletop Holder (Black)","Stands","699.00","10065.6","134.00","1929.6","4.0","16685"
"B07NC12T2R","boAt Stone 650 10W Bluetooth Speaker with Upto 7 Hours Playback, IPX5 and Integrated Controls (Blue)","BluetoothSpeakers","4990.00","71856.0","1799.00","25905.6","4.0","41226"
"B07NCKMXVZ","StyleHouse Lint Remover for Woolen Clothes, Electric Lint Remover, Best Lint Shaver for Clothes","LintShavers","999.00","14385.6","455.00","6552.0","4.0","3578"
"B07NKNBTT3","Pick Ur Needs® Lint Remover for Clothes High Range Rechargeable Lint Shaver for All Types of Clothes, Fabrics, Blanket with 1 Extra Blade Multicolor (Rechargeable)","LintShavers","1230.00","17712.0","799.00","11505.6","4.0","2138"
"B07NPBG1B4","AmazonBasics High Speed 55 Watt Oscillating Pedestal Fan, 400mm Sweep Length, White (Without Remote)","PedestalFans","3300.00","47520.0","1982.00","28540.8","4.0","5873"
"B07NTKGW45","SaleOn™ Portable Storage Organizer Bag for Earphone USB Cable Power Bank Mobile Charger Digital Gadget Hard Disk, Water Resistance Material - Dark Grey","HardDiskBags","899.00","12945.6","397.00","5716.8","4.0","3025"
"B07P1BR7L8","Philips HD6975/00 25 Litre Digital Oven Toaster Grill, Grey, 25 liter","OvenToasterGrills","8995.00","129528.0","8599.00","123825.6","4.0","9734"
"B07P434WJY","RC PRINT GI 790 Ink Refill for Canon G1000, G1010, G1100, G2000, G2002, G2010, G2012, G2100, G3000, G3010, G3012, G3100, G4000, G4010","InkjetInkRefills&Kits","1999.00","28785.6","549.00","7905.6","4.0","1367"
"B07P681N66","TP-Link AC600 600 Mbps WiFi Wireless Network USB Adapter for Desktop PC with 2.4GHz/5GHz High Gain Dual Band 5dBi Antenna Wi-Fi, Supports Windows 11/10/8.1/8/7/XP, Mac OS 10.15 and earlier (Archer T2U Plus)","WirelessUSBAdapters","2199.00","31665.6","1199.00","17265.6","4.0","24780"
"B07PFJ5VQD","Agaro Blaze USBA to micro +Type C 2in1 Braided 1.2M Cable","USBCables","595.00","8568.0","159.00","2289.6","4.0","14184"
"B07PFJ5W31","AGARO Blaze USB 3.0 to USB Type C OTG Adapter","OTGAdapters","495.00","7128.0","139.00","2001.6","4.0","14185"
"B07PR1CL3S","boAt Rockerz 450 Bluetooth On Ear Headphones with Mic, Upto 15 Hours Playback, 40MM Drivers, Padded Ear Cushions, Integrated Controls and Dual Modes(Luscious Black)","On-Ear","3990.00","57456.0","1220.00","17568.0","4.0","107151"
"B07Q4NJQC5","Ionix Jewellery Scale | Weight Scale | Digital Weight Machine | weight machine for gold | Electronic weighing machines for Jewellery 0.01G to 200G Small Weight Machine for Shop - Silver","DigitalKitchenScales","599.00","8625.6","295.00","4248.0","4.0","1644"
"B07Q4QV1DL","ELV Aluminum Adjustable Mobile Phone Foldable Tabletop Stand Dock Mount for All Smartphones, Tabs, Kindle, iPad (Black)","Stands","1499.00","21585.6","269.00","3873.6","4.0","28978"
"B07Q7561HD","Eveready 1015 Carbon Zinc AA Battery - 10 Pieces","DisposableBatteries","180.00","2592.0","149.00","2145.6","4.0","644"
"B07QCWY5XV","Mobilife Bluetooth Extendable Selfie Stick with Tripod Stand and Wireless Remote,3-in-1 Multifunctional Selfie Stick Tripod for iPhone Samsung Mi Realme Oppo Vivo Google More,Black","SelfieSticks","1399.00","20145.6","599.00","8625.6","4.0","14560"
"B07QDSN9V6","INALSA Electric Kettle 1.5 Litre with Stainless Steel Body - Absa|Auto Shut Off & Boil Dry Protection Safety Features| Cordless Base & Cord Winder|Hot Water Kettle |Water Heater Jug","ElectricKettles","1595.00","22968.0","699.00","10065.6","4.0","8090"
"B07QHHCB27","KENT 16044 Hand Blender Stainless Steel 400 W | Variable Speed Control | Easy to Clean and Store | Low Noise Operation","HandBlenders","2100.00","30240.0","1499.00","21585.6","4.0","6355"
"B07QMRHWJD","SWAPKART Portable Flexible Adjustable Eye Protection USB LED Desk Light Table Lamp for Reading, Working on PC, Laptop, Power Bank, Bedroom ( Multicolour )","Lamps","999.00","14385.6","298.00","4291.2","4.0","1552"
"B07QZ3CZ48","boAt BassHeads 122 Wired Earphones with Heavy Bass, Integrated Controls and Mic (Gun Metal)","In-Ear","1290.00","18576.0","399.00","5745.6","4.0","206"
"B07R679HTT","AGARO Imperial 240-Watt Slow Juicer with Cold Press Technology","ColdPressJuicers","23999.00","345585.6","12609.00","181569.6","4.0","2288"
"B07R99NBVB","Gizga Essentials Cable Organiser, Cord Management System for PC, TV, Home Theater, Speaker & Cables, Reusable Cable Organizer for Desk, WFH Accessories, Organizer Tape Roll, Reusable Cable Ties Strap","CordManagement","599.00","8625.6","249.00","3585.6","4.0","5985"
"B07RCGTZ4M","AGARO Ace 1600 Watts, 21.5 kPa Suction Power, 21 litres Wet & Dry Stainless Steel Vacuum Cleaner with Blower Function and Washable Dust Bag","Wet-DryVacuums","9999.00","143985.6","6236.00","89798.4","4.0","3552"
"B07RD611Z8","Ambrane 20000mAh Power Bank with 20W Fast Charging, Triple Output, Power Delivery, Type C Input, Made in India, Multi-Layer Protection, Li-Polymer + Type C Cable (Stylo-20k, Black)","PowerBanks","2499.00","35985.6","1799.00","25905.6","4.0","18678"
"B07RX14W1Q","Amazon Basics 10.2 Gbps High-Speed 4K HDMI Cable with Braided Cord, 1.8 Meter, Dark Grey","HDMICables","900.00","12960.0","499.00","7185.6","4.0","2165"
"B07RY2X9MP","AmazonBasics 10.2 Gbps High-Speed 4K HDMI Cable with Braided Cord (10-Foot, Dark Grey)","HDMICables","1500.00","21600.0","609.00","8769.6","4.0","1029"
"B07RZZ1QSW","SLOVIC® Tripod Mount Adapter| Tripod Mobile Holder|Tripod Phone Mount(Made in India)| Smartphone Clip Clipper 360 Degree for Taking Magic Video Shots & Pictures.","Tabletop&TravelTripods","799.00","11505.6","326.00","4694.4","4.0","10773"
"B07S7DCJKS","IT2M Designer Mouse Pad for Laptop/Computer (9.2 X 7.6 Inches, 12788)","MousePads","499.00","7185.6","199.00","2865.6","4.0","9998"
"B07S851WX5","Prestige Sandwich Maker PGMFD 01, Black","SandwichMakers","1299.00","18705.6","1299.00","18705.6","4.0","40106"
"B07S9M8YTY","Usha Aurora 1000 W Dry Iron with Innovative Tail Light Indicator, Weilburger Soleplate (White & Grey)","DryIrons","1390.00","20016.0","717.00","10324.8","4.0","4867"
"B07S9S86BF","boAt Bassheads 242 in Ear Wired Earphones with Mic(Active Black)","In-Ear","1490.00","21456.0","599.00","8625.6","4.0","161679"
"B07SBGFDX9","Pentonic Multicolor Ball Point Pen, Pack of 10","StickBallpointPens","120.00","1728.0","120.00","1728.0","4.0","4308"
"B07SLMR1K6","SanDisk Ultra Flair 64GB USB 3.0 Pen Drive, Multicolor","PenDrives","1350.00","19440.0","519.00","7473.6","4.0","30058"
"B07SPVMSC6","Bajaj Frore 1200 mm Ceiling Fan (Brown)","CeilingFans","2660.00","38304.0","1399.00","20145.6","4.0","9349"
"B07SRM58TP","AGARO Regal 800 Watts Handheld Vacuum Cleaner, Lightweight & Durable Body, Small/Mini Size ( Black)","HandheldVacuums","2099.00","30225.6","1665.00","23976.0","4.0","14368"
"B07SY4C3TD","HP GT 53 XL Cartridge Ink","InkjetInkCartridges","723.00","10411.2","596.00","8582.4","4.0","3219"
"B07T4D9FNY","iBELL SEK15L Premium 1.5 Litre Stainless Steel Electric Kettle,1500W Auto Cut-Off Feature,Silver with Black","ElectricKettles","1490.00","21456.0","664.00","9561.6","4.0","2198"
"B07T9FV9YP","Redgear Cloak Wired RGB Wired Over Ear Gaming Headphones with Mic for PC","Headsets","1799.00","25905.6","749.00","10785.6","4.0","13199"
"B07TC9F7PN","Racold Eterno Pro 25L Vertical 5 Star Storage Water Heater (Geyser) with free Standard Installation and free Installation Pipes","StorageWaterHeaters","16899.00","243345.6","8699.00","125265.6","4.0","3195"
"B07TMCXRFV","ESR Screen Protector Compatible with iPad Pro 11 Inch (2022/2021/2020/2018) and iPad Air 5/4 (2022/2020, 10.9 Inch), Tempered-Glass Film with Alignment Frame, Scratch Resistant, HD Clarity, 2 Pack","ScreenProtectors","1599.00","23025.6","1234.00","17769.6","4.0","16680"
"B07TR5HSR9","MemeHo® Smart Standard Multi-Purpose Laptop Table with Dock Stand/Study Table/Bed Table/Foldable and Portable/Ergonomic & Rounded Edges/Non-Slip Legs/Engineered Wood with Cup Holder (Black)","Lapdesks","1499.00","21585.6","656.00","9446.4","4.0","25903"
"B07V82W5CN","HP USB Wireless Spill Resistance Keyboard and Mouse Set with 10m Working Range 2.4G Wireless Technology / 3 Years Warranty (4SC12PA), Black","Keyboard&MouseSets","2198.00","31651.2","1349.00","19425.6","4.0","7113"
"B07VJ9ZTXS","Aine HDMI Male to VGA Female Video Converter Adapter Cable (Black)","HDMICables","599.00","8625.6","299.00","4305.6","4.0","171"
"B07VSG5SXZ","ZEBRONICS HAA2021 HDMI version 2.1 cable with 8K @ 60Hz, 4K @ 120Hz, eARC & CEC support, 3D compatible, 2 meters length, 48Gbps max and Gold-plated connectors","HDMICables","1499.00","21585.6","637.00","9172.8","4.0","24"
"B07VTFN6HM","Western Digital WD 2TB My Passport Portable Hard Disk Drive, USB 3.0 with  Automatic Backup, 256 Bit AES Hardware Encryption,Password Protection,Compatible with Windows and Mac, External HDD-Black","ExternalHardDisks","7350.00","105840.0","5599.00","80625.6","4.0","73005"
"B07VV37FT4","Classmate Octane Neon- 25 Blue Gel Pens | Smooth Writing Pens| Water-proof Ink For Smudge-free Writing| Preferred By Students For Exam & Class Notes| Study At Home Essential","GelInkRollerballPens","250.00","3600.0","250.00","3600.0","4.0","2628"
"B07VX71FZP","Amazon Brand - Solimo 2000/1000 Watts Room Heater with Adjustable Thermostat (ISI certified, White colour, Ideal for small to medium room/area)","FanHeaters","2000.00","28800.0","1199.00","17265.6","4.0","18543"
"B07VZH6ZBB","Crompton Solarium Qube 15-L 5 Star Rated Storage Water Heater (Geyser) with Free Installation and Connection Pipes (White and Black)","StorageWaterHeaters","12500.00","180000.0","7799.00","112305.6","4.0","5160"
"B07VZYMQNZ","Borosil Rio 1.5 L Electric Kettle, Stainless Steel Inner Body, Boil Water For Tea, Coffee, Soup, Silver","ElectricKettles","1440.00","20736.0","1180.00","16992.0","4.0","1527"
"B07W14CHV8","CARECASE® Optical Bay 2nd Hard Drive Caddy, 9.5 mm CD/DVD Drive Slot for SSD and HDD","Caddies","799.00","11505.6","199.00","2865.6","4.0","7333"
"B07W6VWZ8C","Infinity (JBL Fuze Pint, Wireless Ultra Portable Mini Speaker with Mic, Deep Bass, Dual Equalizer, Bluetooth 5.0 with Voice Assistant Support for Mobiles (Black)","OutdoorSpeakers","1999.00","28785.6","899.00","12945.6","4.0","30469"
"B07W7Z6DVL","Infinity (JBL Fuze 100, Wireless Portable Bluetooth Speaker with Mic, Deep Bass, Dual Equalizer, IPX7 Waterproof, Rugged Fabric Design (Black)","OutdoorSpeakers","2999.00","43185.6","1499.00","21585.6","4.0","25262"
"B07W9KYT62","TP-Link AC1200 Archer A6 Smart WiFi, 5GHz Gigabit Dual Band MU-MIMO Wireless Internet Router, Long Range Coverage by 4 Antennas, Qualcomm Chipset","Routers","3999.00","57585.6","2499.00","35985.6","4.0","12679"
"B07WDK3ZS2","iQOO Z6 Pro 5G by vivo (Legion Sky, 8GB RAM, 128GB Storage) | Snapdragon 778G 5G | 66W FlashCharge | 1300 nits Peak Brightness | HDR10+","Smartphones","29990.00","431856.0","20999.00","302385.6","4.0","9499"
"B07WDK3ZS6","iQOO Z6 Lite 5G by vivo (Mystic Night, 6GB RAM, 128GB Storage) | World's First Snapdragon 4 Gen 1 | 120Hz Refresh Rate | 5000mAh Battery | Travel Adapter to be Purchased Separately","Smartphones","18999.00","273585.6","15499.00","223185.6","4.0","19252"
"B07WDKLDRX","iQOO Neo 6 5G (Dark Nova, 8GB RAM, 128GB Storage) | Snapdragon® 870 5G | 80W FlashCharge","Smartphones","34999.00","503985.6","28999.00","417585.6","4.0","20311"
"B07WDKLRM4","iQOO Z6 44W by vivo (Lumina Blue, 4GB RAM, 128GB Storage) | 6.44"" FHD+ AMOLED Display | 50% Charge in just 27 mins | in-Display Fingerprint Scanning","Smartphones","19999.00","287985.6","13999.00","201585.6","4.0","19252"
"B07WFPMGQQ","iQOO Z6 Pro 5G by vivo (Legion Sky, 6GB RAM, 128GB Storage) | Snapdragon 778G 5G | 66W FlashCharge | 1300 nits Peak Brightness | HDR10+","Smartphones","27990.00","403056.0","19999.00","287985.6","4.0","9499"
"B07WG8PDCW","pTron Bullet Pro 36W PD Quick Charger, 3 Port Fast Car Charger Adapter - Compatible with All Smartphones & Tablets (Black)","AutomobileChargers","1299.00","18705.6","349.00","5025.6","4.0","14282"
"B07WGMMQGP","iQOO vivo Z6 5G (Chromatic Blue, 6GB RAM, 128GB Storage) | Snapdragon 695-6nm Processor | 120Hz FHD+ Display | 5000mAh Battery","Smartphones","20999.00","302385.6","16499.00","237585.6","4.0","21350"
"B07WGPKMP5","iQOO Z6 44W by vivo (Raven Black, 6GB RAM, 128GB Storage) | 6.44"" FHD+ AMOLED Display | 50% Charge in just 27 mins | in-Display Fingerprint Scanning","Smartphones","20999.00","302385.6","15499.00","223185.6","4.0","19253"
"B07WGPKTS4","iQOO Z6 44W by vivo (Raven Black, 4GB RAM, 128GB Storage) | 6.44"" FHD+ AMOLED Display | 50% Charge in just 27 mins | in-Display Fingerprint Scanning","Smartphones","19999.00","287985.6","13999.00","201585.6","4.0","19252"
"B07WHQBZLS","iQOO vivo Z6 5G (Chromatic Blue, 8GB RAM, 128GB Storage) | Snapdragon 695-6nm Processor | 120Hz FHD+ Display | 5000mAh Battery","Smartphones","21990.00","316656.0","17999.00","259185.6","4.0","21350"
"B07WHQWXL7","iQOO Z6 44W by vivo (Lumina Blue, 6GB RAM, 128GB Storage) | 6.44"" FHD+ AMOLED Display | 50% Charge in just 27 mins | in-Display Fingerprint Scanning","Smartphones","20999.00","302385.6","15499.00","223185.6","4.0","19252"
"B07WHS7MZ1","iQOO 9 SE 5G (Sunset Sierra, 8GB RAM, 128GB Storage) | Qualcomm Snapdragon 888 | 66W Flash Charge","Smartphones","39990.00","575856.0","29990.00","431856.0","4.0","8399"
"B07WHSJXLF","iQOO Z6 Pro 5G by vivo (Phantom Dusk, 8GB RAM, 128GB Storage) | Snapdragon 778G 5G | 66W FlashCharge | 1300 nits Peak Brightness | HDR10+","Smartphones","29990.00","431856.0","20999.00","302385.6","4.0","9499"
"B07WJV6P1R","iQOO Z6 Lite 5G by vivo (Stellar Green, 6GB RAM, 128GB Storage) | World's First Snapdragon 4 Gen 1 | 120Hz Refresh Rate | 5000mAh Battery | Travel Adapter to be Purchased Separately","Smartphones","18999.00","273585.6","15499.00","223185.6","4.0","19252"
"B07WJWRNVK","iQOO vivo Z6 5G (Dynamo Black, 6GB RAM, 128GB Storage) | Snapdragon 695-6nm Processor | 120Hz FHD+ Display | 5000mAh Battery","Smartphones","20990.00","302256.0","16499.00","237585.6","4.0","21350"
"B07WKB69RS","Lifelong LLWH106 Flash 3 Litres Instant Water Heater for Home Use, 8 Bar Pressure,Power On/Off Indicator and Advanced Safety, (3000W, ISI Certified, 2 Years Warranty)","InstantWaterHeaters","5550.00","79920.0","2088.00","30067.2","4.0","5292"
"B07WKBD37W","ESnipe Mart Worldwide Travel Adapter with Build in Dual USB Charger Ports with 125V 6A, 250V Protected Electrical Plug for Laptops, Cameras (White)","Adapters&Multi-Outlets","999.00","14385.6","425.00","6120.0","4.0","2581"
"B07WNK1FFN","AGARO Esteem Multi Kettle 1.2 Litre, 600W with 3 Heating Modes & Rapid Boil Technology","ElectricKettles","1699.00","24465.6","1260.00","18144.0","4.0","2891"
"B07X2L5Z8C","Logitech Pebble M350 Wireless Mouse with Bluetooth or USB - Silent, Slim Computer Mouse with Quiet Click for Laptop, Notebook, PC and Mac - Graphite","Mice","2295.00","33048.0","1490.00","21456.0","4.0","10652"
"B07X963JNS","URBN 10000 mAh Lithium Power Bank UPR10K with 12 Watt Fast Charging, Blue","PowerBanks","2499.00","35985.6","900.00","12960.0","4.0","36384"
"B07XCM6T4N","STRIFF Adjustable Laptop Tabletop Stand Patented Riser Ventilated Portable Foldable Compatible with MacBook Notebook Tablet Tray Desk Table Book with Free Phone Stand (Black)","NotebookComputerStands","1499.00","21585.6","349.00","5025.6","4.0","24791"
"B07XJWTYM2","realme Buds Wireless in Ear Bluetooth Earphones with mic, 11.2mm Bass Boost Driver, Magnetic Fast Pair, Fast Charging and 12 Hrs Playtime (Yellow)","In-Ear","1999.00","28785.6","1679.00","24177.6","4.0","72563"
"B07XLCFSSN","Amazonbasics Nylon Braided Usb-C To Lightning Cable, Fast Charging Mfi Certified Smartphone, Iphone Charger (6-Foot, Dark Grey)","USBCables","1900.00","27360.0","899.00","12945.6","4.0","13552"
"B07XLML2YS","TP-Link Tapo 360° 2MP 1080p Full HD Pan/Tilt Home Security Wi-Fi Smart Camera| Alexa Enabled| 2-Way Audio| Night Vision| Motion Detection| Sound and Light Alarm| Indoor CCTV (Tapo C200) White","DomeCameras","3299.00","47505.6","2499.00","35985.6","4.0","93112"
"B07Y5FDPKV","KENT 16051 Hand Blender 300 W | 5 Variable Speed Control | Multiple Beaters & Dough Hooks | Turbo Function","HandBlenders","2400.00","34560.0","1745.00","25128.0","4.0","14160"
"B07Y9PY6Y1","Sujata Powermatic Plus, Juicer Mixer Grinder with Chutney Jar, 900 Watts, 3 Jars (White)","JuicerMixerGrinders","8820.00","127008.0","6525.00","93960.0","4.0","5137"
"B07YCBSCYB","AmazonBasics Induction Cooktop 1600 Watt (Black)","InductionCooktop","3300.00","47520.0","1999.00","28785.6","4.0","780"
"B07YFWVRCM","Imou 360° 1080P Full HD Security Camera, Human Detection, Motion Tracking, 2-Way Audio, Night Vision, Dome Camera with WiFi & Ethernet Connection, Alexa Google Assistant, Up to 256GB SD Card Support","DomeCameras","7500.00","108000.0","2299.00","33105.6","4.0","5554"
"B07YL54NVJ","Brand Conquer 6 in 1 with OTG, SD Card Reader, USB Type C, USB 3.0 and Micro USB, for Memory Card | Portable Card Reader | Compatible with TF, SD, Micro SD, SDHC, SDXC, MMC, RS-MMC, Micro SDXC","ExternalMemoryCardReaders","999.00","14385.6","549.00","7905.6","4.0","7758"
"B07YNHCW6N","Robustrion Smart Trifold Hard Back Flip Stand Case Cover for Apple iPad 10.2 Cover iPad 9th Generation Cover 2021 8th Gen 2020 7th Gen 2019 Generation Case - Black","Cases","2499.00","35985.6","549.00","7905.6","4.0","5556"
"B07YQ5SN4H","Cello Non-Stick Aluminium Sandwich Gas Toaster(Black)","SandwichMakers","595.00","8568.0","299.00","4305.6","4.0","314"
"B07YR26BJ3","KENT 16052 Elegant Electric Glass Kettle 1.8L 2000 W | Blue LED Illumination | Borosilicate Glass Body | Boil Drying Protection | Used as Boiler | Milk | Tea | Water & Soup | 1 Year Warranty","Kettle&ToasterSets","2000.00","28800.0","1199.00","17265.6","4.0","14030"
"B07YSJ7FF1","Crompton Brio 1000-Watts Dry Iron with Weilburger Coating (Sky Blue and White)","DryIrons","1100.00","15840.0","645.00","9288.0","4.0","3271"
"B07YTNKVJQ","MI Xiaomi USB Type C HYperCharge Cable 6A 100cm Sturdy and Durable Black Supports 120W HyperCharging","USBCables","1299.00","18705.6","499.00","7185.6","4.0","30411"
"B07YWS9SP9","Zebronics, ZEB-NC3300 USB Powered Laptop Cooling Pad with Dual Fan, Dual USB Port and Blue LED Lights","CoolingPads","999.00","14385.6","599.00","8625.6","4.0","7601"
"B07YY1BY5B","Noise ColorFit Pro 2 Full Touch Control Smart Watch with 35g Weight & Upgraded LCD Display,IP68 Waterproof,Heart Rate Monitor,Sleep & Step Tracker,Call & Message Alerts & Long Battery Life (Jet Black)","SmartWatches","4999.00","71985.6","1499.00","21585.6","4.0","92588"
"B07YZG8PPY","TATA SKY HD Connection with 1 month basic package and free installation","SatelliteReceivers","2299.00","33105.6","1249.00","17985.6","4.0","7636"
"B07Z1X6VFC","AirCase Protective Laptop Bag Sleeve fits Upto 13.3"" Laptop/ MacBook, Wrinkle Free, Padded, Waterproof Light Neoprene case Cover Pouch, for Men & Women, Black- 6 Months Warranty","LaptopSleeves&Slipcases","999.00","14385.6","449.00","6465.6","4.0","9940"
"B07Z1YVP72","AirCase Protective Laptop Bag Sleeve fits Upto 15.6"" Laptop/ MacBook, Wrinkle Free, Padded, Waterproof Light Neoprene case Cover Pouch, for Men & Women, Black- 6 Months Warranty","LaptopSleeves&Slipcases","999.00","14385.6","449.00","6465.6","4.0","11330"
"B07Z1Z77ZZ","AirCase Protective Laptop Bag Sleeve fits Upto 14.1"" Laptop/ MacBook, Wrinkle Free, Padded, Waterproof Light Neoprene case Cover Pouch, for Men & Women, Black- 6 Months Warranty","LaptopSleeves&Slipcases","999.00","14385.6","449.00","6465.6","4.0","9701"
"B07Z3K96FR","Robustrion Tempered Glass Screen Protector for iPad 10.2 inch 9th Gen Generation 2021 8th Gen 2020 7th Gen 2019","ScreenProtectors","1499.00","21585.6","399.00","5745.6","4.0","5730"
"B07Z53L5QL","ProElite Faux Leather Smart Flip Case Cover for Apple iPad 10.2"" 9th Gen (2021) / 8th Gen / 7th Gen with Stylus Pen, Black","Cases","1499.00","21585.6","549.00","7905.6","4.0","11006"
"B07ZKD8T1Q","Cuzor 12V Mini ups for WiFi Router | Power Backup up to 4 Hours | Replaceable Battery | Ups for Wi-Fi Router and Modem | Ups for Router up to 2A | ups for uninterrupted wi-fi","Routers","2999.00","43185.6","1499.00","21585.6","4.0","8656"
"B07ZR4S1G4","Universal Remote Control for All Sony TV for All LCD LED and Bravia TVs Remote","RemoteControls","699.00","10065.6","239.00","3441.6","4.0","2640"
"B0811VCGL5","Mi Air Purifier 3 with True HEPA Filter, removes air pollutants, smoke, odor, bacteria & viruses with 99.97% efficiency, coverage area up to 484 sq. ft., Wi-Fi & Voice control - Alexa/GA (white)","HEPAAirPurifiers","12999.00","187185.6","9970.00","143568.0","4.0","4049"
"B0814P4L98","PrettyKrafts Laundry Basket for clothes with Lid & Handles, Toys Organiser, 75 Ltr Black & Grey","LaundryBaskets","999.00","14385.6","351.00","5054.4","4.0","5380"
"B0819HZPXL","Zebronics Zeb-Transformer-M Optical USB Gaming Mouse with LED Effect(Black)","GamingMice","549.00","7905.6","399.00","5745.6","4.0","18139"
"B0819ZZK5K","SanDisk Ultra Dual Drive Go USB Type C Pendrive for Mobile (Black, 128 GB, 5Y - SDDDC3-128G-I35)","PenDrives","2800.00","40320.0","1109.00","15969.6","4.0","53464"
"B081FG1QYX","Wayona Type C Cable Nylon Braided USB C QC 3.0 Fast Charging Short Power Bank Cable for Samsung Galaxy S10e/S10+/S10/S9/S9+/Note 9/S8/Note 8, LG G7 G5 G6, Moto G6 G7 (0.25M, Black)","USBCables","999.00","14385.6","339.00","4881.6","4.0","6255"
"B081FJWN52","Wayona Usb Type C To Usb Nylon Braided Quick Charger Fast Charging Short Cable For Smartphone (Samsung Galaxy S21/S20/S10/S9/S9+/Note 9/S8/Note 8, Lg G7 G5 G6, Moto G6 G7) (0.25M,Grey)","USBCables","999.00","14385.6","339.00","4881.6","4.0","6255"
"B08235JZFB","Crompton InstaGlide 1000-Watts Dry Iron with American Heritage Coating, Pack of 1 Iron","DryIrons","1000.00","14400.0","850.00","12240.0","4.0","7619"
"B08243SKCK","Vedini Transparent Empty Refillable Reusable Fine Mist Spray Bottle for Perfume, Travel with DIY Sticker Set ( 100ml, Pack of 4)","SprayBottles","299.00","4305.6","189.00","2721.6","4.0","2737"
"B082FTPRSK","Zinq Five Fan Cooling Pad and Laptop Stand with Dual Height Adjustment and Dual USB Port Extension (Black)","CoolingPads","1999.00","28785.6","999.00","14385.6","4.0","27441"
"B082KVTRW8","KENT 16055 Amaze Cool Touch Electric Kettle 1.8 L 1500 W | Plastic Outer & Stainless Steel Inside body | Auto shut off Over heating protection | Multipurpose hot water Kettle | 1 Year Warranty","Kettle&ToasterSets","1900.00","27360.0","1199.00","17265.6","4.0","1765"
"B082LSVT4B","Ambrane Unbreakable 60W / 3A Fast Charging 1.5m Braided Type C to Type C Cable for Smartphones, Tablets, Laptops & Other Type C Devices, PD Technology, 480Mbps Data Sync (RCTT15, Black)","USBCables","399.00","5745.6","249.00","3585.6","4.0","43994"
"B082LZGK39","Ambrane Unbreakable 60W / 3A Fast Charging 1.5m Braided Micro USB Cable for Smartphones, Tablets, Laptops & Other Micro USB Devices, 480Mbps Data Sync, Quick Charge 3.0 (RCM15, Black)","USBCables","299.00","4305.6","199.00","2865.6","4.0","43994"
"B082T6GVG9","AmazonBasics New Release ABS USB-A to Lightning Cable Cord, Fast Charging MFi Certified Charger for Apple iPhone, iPad Tablet (3-Ft, White)","USBCables","1500.00","21600.0","689.00","9921.6","4.0","42301"
"B082T6GVLJ","Amazon Basics New Release Nylon USB-A to Lightning Cable Cord, Fast Charging MFi Certified Charger for Apple iPhone, iPad (3-Ft, Rose Gold)","USBCables","1809.00","26049.6","849.00","12225.6","4.0","6547"
"B082T6GXS5","AmazonBasics New Release Nylon USB-A to Lightning Cable Cord, MFi Certified Charger for Apple iPhone, iPad, Silver, 6-Ft","USBCables","2100.00","30240.0","999.00","14385.6","4.0","5492"
"B082T6V3DT","AmazonBasics New Release Nylon USB-A to Lightning Cable Cord, Fast Charging MFi Certified Charger for Apple iPhone, iPad (6-Ft, Rose Gold)","USBCables","2100.00","30240.0","799.00","11505.6","4.0","8188"
"B083342NKJ","MI Braided USB Type-C Cable for Charging Adapter (Red)","USBCables","399.00","5745.6","349.00","5025.6","4.0","18757"
"B083GKDRKR","Havells Aqua Plus 1.2 litre Double Wall Kettle / 304 Stainless Steel Inner Body / Cool touch outer body / Wider mouth/ 2 Year warranty (Black, 1500 Watt)","ElectricKettles","2995.00","43128.0","1625.00","23400.0","4.0","23484"
"B083GQGT3Z","Caprigo Heavy Duty TV Wall Mount Stand for 12 to 27 inches LED/LCD/Monitor Screen's, Full Motion Rotatable Universal TV & Monitor Wall Mount Bracket with Swivel & Tilt Adjustments (Single Arm - M416)","TVWall&CeilingMounts","799.00","11505.6","399.00","5745.6","4.0","1161"
"B083J64CBB","Kuber Industries Waterproof Canvas Laundry Bag/Hamper|Metalic Printed With Handles|Foldable Bin & 45 Liter Capicity|Size 37 x 37 x 46, Pack of 1 (Brown)","LaundryBaskets","499.00","7185.6","199.00","2865.6","4.0","10234"
"B083M7WPZD","AGARO 33398 Rapid 1000-Watt, 10-Litre Wet & Dry Vacuum Cleaner, with Blower Function (Red & Black)","Wet-DryVacuums","5999.00","86385.6","3199.00","46065.6","4.0","3242"
"B083P71WKK","HealthSense Weight Machine for Kitchen, Kitchen Food Weighing Scale for Health, Fitness, Home Baking & Cooking with Hanging Design, Touch Button, Tare Function & 1 Year Warranty – Chef-Mate KS 40","DigitalScales","1500.00","21600.0","799.00","11505.6","4.0","9695"
"B083RC4WFJ","PrettyKrafts Laundry Bag / Basket for Dirty Clothes, Folding Round Laundry Bag,Set of 2, Black Wave","LaundryBags","799.00","11505.6","320.00","4608.0","4.0","3846"
"B083RCTXLL","HP X200 Wireless Mouse with 2.4 GHz Wireless connectivity, Adjustable DPI up to 1600, ambidextrous Design, and 18-Month Long Battery Life. 3-Years Warranty (6VY95AA)","Mice","1199.00","17265.6","681.00","9806.4","4.0","8258"
"B083RD1J99","HP Wired Mouse 100 with 1600 DPI Optical Sensor, USB Plug-and -Play,ambidextrous Design, Built-in Scrolling and 3 Handy Buttons. 3-Years Warranty (6VY96AA)","Mice","399.00","5745.6","328.00","4723.2","4.0","3441"
"B083T5G5PM","Sennheiser CX 80S in-Ear Wired Headphones with in-line One-Button Smart Remote with Microphone Black","In-Ear","1990.00","28656.0","1490.00","21456.0","4.0","98250"
"B08444S68L","OPPO A31 (Mystery Black, 6GB RAM, 128GB Storage) with No Cost EMI/Additional Exchange Offers","Smartphones","15990.00","230256.0","12490.00","179856.0","4.0","58506"
"B08461VC1Z","Scarters Mouse Pad, Desk Mat Extended for Work from Home/Office/Gaming | Vegan PU Leather | Anti-Skid, Anti-Slip, Reversible Splash-Proof – Deskspread ~ Navy Blue & Yellow","MousePads","1995.00","28728.0","999.00","14385.6","4.0","7317"
"B0846D5CBP","Casio FX-991ES Plus-2nd Edition Scientific Calculator, Black","Scientific","1295.00","18648.0","1295.00","18648.0","4.0","5760"
"B084872DQY","Mi 80 cm (32 inches) HD Ready Android Smart LED TV 4A PRO | L32M5-AL (Black)","SmartTelevisions","14999.00","215985.6","14999.00","215985.6","4.0","27508"
"B08497Z1MQ","HP M270 Backlit USB Wired Gaming Mouse with 6 Buttons, 4-Speed Customizable 2400 DPI, Ergonomic Design, Breathing LED Lighting, Metal Scroll Wheel, Lightweighted / 3 Years Warranty (7ZZ87AA), Black","GamingMice","700.00","10080.0","599.00","8625.6","4.0","2301"
"B08498D67S","HP K500F Backlit Membrane Wired Gaming Keyboard with Mixed Color Lighting, Metal Panel with Logo Lighting, 26 Anti-Ghosting Keys, and Windows Lock Key / 3 Years Warranty(7ZZ97AA)","GamingKeyboards","1800.00","25920.0","1149.00","16545.6","4.0","4723"
"B08498H13H","HP GK320 Wired Full Size RGB Backlight Mechanical Gaming Keyboard, 4 LED Indicators, Mechanical Switches, Double Injection Key Caps, and Windows Lock Key(4QN01AA)","GamingKeyboards","3499.00","50385.6","1519.00","21873.6","4.0","408"
"B084DTMYWK","Myvn 30W Warp/20W Dash Charging Usb Type C Charger Cable Compatible For Cellular Phones Oneplus 8T 8 8Pro 7 Pro / 7T / 7T Pro Nord And Oneplus 3 / 3T / 5 / 5T / 6 / 6T / 7","WallChargers","999.00","14385.6","329.00","4737.6","4.0","3492"
"B084MZXJN6","Belkin Apple Certified Lightning to USB Charge and Sync Cable for iPhone, iPad, Air Pods, 39.6 inch (100cm) – Black","USBCables","1699.00","24465.6","999.00","14385.6","4.0","7318"
"B084MZXJNK","Belkin Apple Certified Lightning To Type C Cable, Tough Unbreakable Braided Fast Charging For Iphone, Ipad, Air Pods, 3.3 Feet (1 Meters)    White","USBCables","1999.00","28785.6","1599.00","23025.6","4.0","1951"
"B084MZYBTV","Belkin USB C to USB-C Fast Charging Type C Cable, 60W PD, 3.3 feet (1 meter) for Laptop, Personal Computer, Tablet, Smartphone - White, USB-IF Certified","USBCables","849.00","12225.6","599.00","8625.6","4.0","474"
"B084N133Y7","Belkin Apple Certified Lightning To Type C Cable, Fast Charging For Iphone, Ipad, Air Pods, 3.3 Feet (1 Meters)    White","USBCables","1999.00","28785.6","1499.00","21585.6","4.0","1951"
"B084N18QZY","Belkin USB C to USB-C Fast Charging Type C Cable, 60W PD, 3.3 feet (1 meter) for Laptop, Personal Computer, Tablet, Smartphone - Black, USB-IF Certified","USBCables","849.00","12225.6","599.00","8625.6","4.0","577"
"B084N1BM9L","Belkin Apple Certified Lightning to USB Charge and Sync Tough Braided Cable for iPhone, iPad, Air Pods, 3.3 feet (1 meters) – Black","USBCables","1999.00","28785.6","1299.00","18705.6","4.0","7318"
"B084PJSSQ1","SanDisk Ultra Dual Drive Luxe USB Type C Flash Drive (Silver, 128 GB, 5Y - SDDDC4-128G-I35)","PenDrives","3000.00","43200.0","1299.00","18705.6","4.0","23022"
"B0856HNMR7","boAt Rockerz 370 On Ear Bluetooth Headphones with Upto 12 Hours Playtime, Cozy Padded Earcups and Bluetooth v5.0, with Mic (Buoyant Black)","On-Ear","2499.00","35985.6","1199.00","17265.6","4.0","33584"
"B0856HY85J","boAt Rockerz 550 Over Ear Bluetooth Headphones with Upto 20 Hours Playback, 50MM Drivers, Soft Padded Ear Cushions and Physical Noise Isolation, Without Mic (Black)","Over-Ear","4999.00","71985.6","1799.00","25905.6","4.0","55192"
"B0859M539M","TP-LINK AC1300 Archer T3U Plus High Gain USB 3.0 Wi-Fi Dongle, Wireless Dual Band MU-MIMO WiFi Adapter with High Gain Antenna, Supports Windows 11/10/8.1/8/7/XP/MacOS","WirelessUSBAdapters","2999.00","43185.6","1699.00","24465.6","4.0","24780"
"B085CZ3SR1","Mi 10W Wall Charger for Mobile Phones with Micro USB Cable (Black)","WallChargers","599.00","8625.6","499.00","7185.6","4.0","21916"
"B085DTN6R2","Portronics Konnect CL 20W POR-1067 Type-C to 8 Pin USB 1.2M Cable with Power Delivery & 3A Quick Charge Support, Nylon Braided for All Type-C and 8 Pin Devices, Green","USBCables","899.00","12945.6","350.00","5040.0","4.0","2262"
"B085HY1DGR","Sounce Spiral Charger Cable Protector Data Cable Saver Charging Cord Protective Cable Cover Headphone MacBook Laptop Earphone Cell Phone Set of 3 (Cable Protector (12 Units))","CableConnectionProtectors","999.00","14385.6","99.00","1425.6","4.0","1396"
"B086394NY5","TABLE MAGIC Multipurpose Laptop Table Mat Finish Top Work at Home Study Table (TM Regular- Black) (Alloy Steel)","LaptopAccessories","2490.00","35856.0","1399.00","20145.6","4.0","11074"
"B086GVRP63","Amazon Basics 650 Watt Drip Coffee Maker with Borosilicate Carafe","DripCoffeeMachines","2400.00","34560.0","1189.00","17121.6","4.0","618"
"B086JTMRYL","ESR USB C to Lightning Cable, 10 ft (3 m), MFi-Certified, Braided Nylon Power Delivery Fast Charging for iPhone 14/14 Plus/14 Pro/14 Pro Max, iPhone 13/12/11/X/8 Series, Use with Type-C Chargers, Black","USBCables","1899.00","27345.6","1519.00","21873.6","4.0","19763"
"B086PXQ2R4","Classmate Long Book - Unruled, 160 Pages, 314 mm x 194 mm - Pack Of 3","CompositionNotebooks","165.00","2376.0","165.00","2376.0","4.0","1674"
"B086Q3QMFS","Classmate Drawing Book - Unruled, 40 Pages, 210 mm x 297 mm - Pack Of 4","CompositionNotebooks","120.00","1728.0","120.00","1728.0","4.0","4951"
"B086X18Q71","Usha Janome Dream Stitch Automatic Zig-Zag Electric Sewing Machine with 14 Stitch Function (White and Blue) with Free Sewing KIT Worth RS 500","Sewing&EmbroideryMachines","12150.00","174960.0","9799.00","141105.6","4.0","13251"
"B0873L7J6X","Infinity (JBL Glide 510, 72 Hrs Playtime with Quick Charge, Wireless On Ear Headphone with Mic, Deep Bass, Dual Equalizer, Bluetooth 5.0 with Voice Assistant Support (Black)","On-Ear","3999.00","57585.6","1499.00","21585.6","4.0","42775"
"B0883LQJ6B","Usha Goliath GO1200WG Heavy Weight 1200-Watt Dry Iron, 1.8 Kg(Red)","DryIrons","1690.00","24336.0","1199.00","17265.6","4.0","4580"
"B088GXTJM3","DIGITEK® (DLS-9FT) Lightweight & Portable Aluminum Alloy Light Stand for Ring Light, Reflector, Flash Units, Diffuser, Portrait, Softbox, Studio Lighting & More Ideal for Outdoor & Indoor Shoots","BackgroundSupports","1299.00","18705.6","699.00","10065.6","4.0","6183"
"B088WCFPQF","Cafe JEI French Press Coffee and Tea Maker 600ml with 4 Level Filtration System, Heat Resistant Borosilicate Glass (Black, 600ml)","CoffeePresses","1500.00","21600.0","1099.00","15825.6","4.0","1065"
"B088ZFJY82","Elv Aluminium Adjustable Mobile Phone Foldable Holder Tabletop Stand Dock Mount for All Smartphones, Tabs, Kindle, iPad (Moonlight Silver)","Stands","1499.00","21585.6","314.00","4521.6","4.0","28978"
"B088ZTJT2R","Havells Immersion HB15 1500 Watt (White Blue)","ImmersionRods","1295.00","18648.0","719.00","10353.6","4.0","17218"
"B089BDBDGM","Kuber Industries Waterproof Round Laundry Bag/Hamper|Polka Dots Print Print with Handles|Foldable Bin & 45 Liter Capicity|Size 37 x 37 x 49, Pack of 1(Black & White)- CTKTC044992","LaundryBaskets","249.00","3585.6","219.00","3153.6","4.0","1108"
"B089WB69Y1","USB Charger, Oraimo Elite Dual Port 5V/2.4A Wall Charger, USB Wall Charger Adapter for iPhone 11/Xs/XS Max/XR/X/8/7/6/Plus, iPad Pro/Air 2/Mini 3/Mini 4, Samsung S4/S5, and More","WallChargers","649.00","9345.6","249.00","3585.6","4.0","14404"
"B08B42LWKN","OnePlus 80 cm (32 inches) Y Series HD Ready LED Smart Android TV 32Y1 (Black)","SmartTelevisions","19999.00","287985.6","14999.00","215985.6","4.0","34899"
"B08B6XWQ1C","DIGITEK® (DTR-200MT) (18 CM) Portable & Flexible Mini Tripod with Mobile Holder & 360 Degree Ball Head, For Smart Phones, Compact Cameras, GoPro, Maximum Operating Height: 7.87 Inch, Maximum Load Upto: 1 kgs","TripodLegs","995.00","14328.0","349.00","5025.6","4.0","6676"
"B08BJN4MP3","HUL Pureit Eco Water Saver Mineral RO+UV+MF AS wall mounted/Counter top Black 10L Water Purifier","WaterFilters&Purifiers","24850.00","357840.0","13999.00","201585.6","4.0","8948"
"B08BQ947H3","LIRAMARK Webcam Cover Slide, Ultra Thin Laptop Camera Cover Slide Blocker for Computer MacBook Pro iMac PC Tablet (Pack of 3)","CameraPrivacyCovers","149.00","2145.6","149.00","2145.6","4.0","10833"
"B08C4Z69LN","Crucial RAM 8GB DDR4 3200MHz CL22 (or 2933MHz or 2666MHz) Laptop Memory CT8G4SFRA32A","Memory","3500.00","50400.0","1792.00","25804.8","4.0","26194"
"B08C7TYHPB","iBELL Castor CTEK15L Premium 1.5 Litre Stainless Steel Electric Kettle,1500W Auto Cut-Off Feature,Silver","Kettle&ToasterSets","1490.00","21456.0","664.00","9561.6","4.0","925"
"B08CDKQ8T6","Portronics Konnect L 1.2Mtr, Fast Charging 3A Micro USB Cable with Charge & Sync Function (Grey)","USBCables","349.00","5025.6","154.00","2217.6","4.0","7064"
"B08CF3B7N1","Portronics Konnect L 1.2M Fast Charging 3A 8 Pin USB Cable with Charge & Sync Function for iPhone, iPad (Grey)","USBCables","399.00","5745.6","154.00","2217.6","4.0","16905"
"B08CF3D7QR","Portronics Konnect L POR-1081 Fast Charging 3A Type-C Cable 1.2Meter with Charge & Sync Function for All Type-C Devices (Grey)","USBCables","339.00","4881.6","154.00","2217.6","4.0","13391"
"B08CHKQ8D4","Wayona Type C to Lightning MFI Certified 20W Fast charging Nylon Braided USB C Cable for iPhone 14, 14 Pro, 14 Pro Max, 14 Plus, 13, 13 Pro, 13 Pro Max, 13 Mini, 12, 12 Pro, 11, 11 Pro Max iPhone 12 Mini, X, 8 (2M, Grey)","USBCables","1499.00","21585.6","719.00","10353.6","4.0","1045"
"B08CHZ3ZQ7","Redgear A-15 Wired Gaming Mouse with Upto 6400 DPI, RGB & Driver Customization for PC(Black)","GamingMice","799.00","11505.6","599.00","8625.6","4.0","15790"
"B08CRRQK6Z","Zebronics Zeb-JUKEBAR 3900, 80W Multimedia soundbar with subwoofer Supporting Bluetooth, HDMI(ARC), Coaxial Input, AUX, USB & Remote Control (Black)","SoundbarSpeakers","12499.00","179985.6","4999.00","71985.6","4.0","4541"
"B08CS3BT4L","Kodak 80 cm (32 inches) HD Ready Certified Android LED TV 32HDX7XPRO (Black)","SmartTelevisions","12999.00","187185.6","9999.00","143985.6","4.0","6088"
"B08CT62BM1","Wayona USB Type C Fast Charging Cable Charger Cord 3A QC 3.0 Data Cable Compatible with Samsung Galaxy S10e S10 S9 S8 S20 Plus, Note 10 9 8, M51 A40 A50 A70, Moto G7 G8 (1M, Grey)","USBCables","999.00","14385.6","299.00","4305.6","4.0","2651"
"B08CTNJ985","Wayona USB Type C 65W Fast Charging 2M/6Ft Long Flash Charge Cable 3A QC 3.0 Data Cable Compatible with Samsung Galaxy S21 S10 S9 S8, iQOO Z3, Vivo, Note 10 9 8, A20e A40 A50 A70, Moto G7 G8 (2M, Grey)","USBCables","999.00","14385.6","325.00","4680.0","4.0","2651"
"B08CTQP51L","Robustrion [Anti-Scratch] & [Smudge Proof] [S Pen Compatible] Premium Tempered Glass Screen Protector for Samsung Tab S6 Lite 10.4 inch SM-P610/615 [Bubble Free]","ScreenProtectors","1499.00","21585.6","379.00","5457.6","4.0","4149"
"B08CYNJ5KY","HP 682 Black Original Ink Cartridge","InkjetInkCartridges","861.00","12398.4","828.00","11923.2","4.0","4567"
"B08CYPB15D","HP 805 Black Original Ink Cartridge","InkjetInkCartridges","761.00","10958.4","717.00","10324.8","4.0","7199"
"B08D64C9FN","Ant Esports GM320 RGB Optical Wired Gaming Mouse | 8 Programmable Buttons | 12800 DPI","GamingMice","2799.00","40305.6","575.00","8280.0","4.0","8537"
"B08D6RCM3Q","PrettyKrafts Folding Laundry Basket for Clothes with Lid & Handle, Toys Organiser, 75 Litre, (Pack of 1), Mushroom Print","LaundryBaskets","899.00","12945.6","355.00","5112.0","4.0","1051"
"B08DCVRW98","SoniVision SA-D10 SA-D100 SA-D40 Home Theater Systems Remote Compatible with Sony RM-ANU156","RemoteControls","499.00","7185.6","209.00","3009.6","4.0","479"
"B08DDRGWTJ","MI Usb Type-C Cable Smartphone (Black)","USBCables","299.00","4305.6","229.00","3297.6","4.0","30411"
"B08DPLCM6T","LG 80 cm (32 inches) HD Ready Smart LED TV 32LM563BPTC (Dark Iron Gray)","SmartTelevisions","21990.00","316656.0","13490.00","194256.0","4.0","11976"
"B08F47T4X5","VR 18 Pcs - 3 Different Size Plastic Food Snack Bag Pouch Clip Sealer Large, Medium, Small Plastic Snack Seal Sealing Bag Clips Vacuum Sealer (Set of 18, Multi-Color) (Multicolor)","VacuumSealers","89.00","1281.6","89.00","1281.6","4.0","19621"
"B08FD2VSD9","TCL 108 cm (43 inches) 4K Ultra HD Certified Android Smart LED TV 43P615 (Black)","SmartTelevisions","51990.00","748656.0","24990.00","359856.0","4.0","2951"
"B08FGNPQ9X","Zinq UPS for Router, Mini UPS for 12V WiFi Router Broadband Modem with Upto 4 Hours Power Backup, Upto 2Amp, Works with Existing Adapter, Also Works with Set-top Box, Smart Camera, CCTV (Black)","Routers","2999.00","43185.6","1199.00","17265.6","4.0","10725"
"B08FN6WGDQ","Samsung Galaxy Buds Live Bluetooth Truly Wireless in Ear Earbuds with Mic, Upto 21 Hours Playtime, Mystic Black","In-Ear","15990.00","230256.0","4790.00","68976.0","4.0","4390"
"B08FYB5HHK","TP-Link UE300C USB Type-C to RJ45 Gigabit Ethernet Network Adapter/RJ45 LAN Wired Adapter for Ultrabook, Chromebook, Laptop, Desktop, Plug & Play, USB 3.0, Foldable and Portable Design","PowerLANAdapters","1999.00","28785.6","1199.00","17265.6","4.0","22420"
"B08G1RW2Q3","EYNK Extra Long Micro USB Fast Charging USB Cable | Micro USB Data Cable | Quick Fast Charging Cable | Charger Sync Cable | High Speed Transfer Android Smartphones V8 Cable (2.4 Amp, 3m,) (White)","USBCables","799.00","11505.6","299.00","4305.6","4.0","151"
"B08G28Z33M","realme Buds Classic Wired in Ear Earphones with Mic (Black)","In-Ear","699.00","10065.6","399.00","5745.6","4.0","37817"
"B08G43CCLC","NK STAR 950 Mbps USB WiFi Adapter Wireless Network Receiver Dongle for Desktop Laptop, (Support- Windows XP/7/8/10 & MAC OS) NOt Support to DVR and HDTV","WirelessUSBAdapters","999.00","14385.6","218.00","3139.2","4.0","163"
"B08G8H8DPL","Bajaj Rex 750W Mixer Grinder with Nutri Pro Feature, 4 Jars, White","MixerGrinders","6375.00","91800.0","3249.00","46785.6","4.0","4978"
"B08GJ57MKL","Coway Professional Air Purifier for Home, Longest Filter Life 8500 Hrs, Green True HEPA Filter, Traps 99.99% Virus & PM 0.1 Particles, Warranty 7 Years (AirMega 150 (AP-1019C))","HEPAAirPurifiers","59900.00","862560.0","14400.00","207360.0","4.0","3837"
"B08GM5S4CQ","Havells Instanio 10 Litre Storage Water Heater with Flexi Pipe and Free installation (White Blue)","StorageWaterHeaters","14290.00","205776.0","6990.00","100656.0","4.0","1771"
"B08GSQXLJ2","Crompton Arno Neo 15-L 5 Star Rated Storage Water Heater (Geyser) with Advanced 3 Level Safety (Grey)","StorageWaterHeaters","10400.00","149760.0","6199.00","89265.6","4.0","14391"
"B08GTYFC37","SanDisk 1TB Extreme Portable SSD 1050MB/s R, 1000MB/s W,Upto 2 Meter Drop Protection with IP55 Water/dust Resistance, HW Encryption, PC,MAC & TypeC Smartphone Compatible, 5Y Warranty, External SSD","ExternalSolidStateDrives","32000.00","460800.0","10389.00","149601.6","4.0","41398"
"B08GYG6T12","SanDisk Ultra SDHC UHS-I Card 32GB 120MB/s R for DSLR Cameras, for Full HD Recording, 10Y Warranty","SecureDigitalCards","800.00","11520.0","449.00","6465.6","4.0","69585"
"B08H5L8V1L","Synqe USB Type C Fast Charging Cable 2M Charger Cord Data Cable Compatible with Samsung Galaxy M51,Galaxy M31S, S10e S10 S9 S20 Plus, Note10 9 8,M40 A50 A70, Redmi Note 9, Moto G7, Poco F1 (2M, Grey)","USBCables","1099.00","15825.6","379.00","5457.6","4.0","3049"
"B08H673XKN","Morphy Richards Icon Superb 750W Mixer Grinder, 4 Jars, Silver and Black","MixerGrinders","7795.00","112248.0","3249.00","46785.6","4.0","4664"
"B08H6B3G96","Philips EasySpeed Plus Steam Iron GC2147/30-2400W, Quick Heat up with up to 30 g/min steam, 150g steam Boost, Scratch Resistant Ceramic Soleplate, Vertical steam, Drip-Stop","SteamIrons","3995.00","57528.0","3349.00","48225.6","4.0","1954"
"B08H6CZSHT","Philips EasySpeed Plus Steam Iron GC2145/20-2200W, Quick Heat Up with up to 30 g/min steam, 110 g steam Boost, Scratch Resistant Ceramic Soleplate, Vertical steam & Drip-Stop","SteamIrons","3295.00","47448.0","2903.00","41803.2","4.0","2299"
"B08H9Z3XQW","boAt Bassheads 242 in Ear Wired Earphones with Mic(Blue)","In-Ear","1490.00","21456.0","455.00","6552.0","4.0","161677"
"B08HDCWDXD","Eureka Forbes Active Clean 700 Watts Powerful Suction & Blower Vacuum Cleaner with Washable HEPA Filter & 6 Accessories,1 Year Warranty,Compact,Light Weight & Easy to use (Red & Black)","HandheldVacuums","6999.00","100785.6","3179.00","45777.6","4.0","743"
"B08HDH26JX","boAt Deuce USB 300 2 in 1 Type-C & Micro USB Stress Resistant, Sturdy Cable with 3A Fast Charging & 480mbps Data Transmission, 10000+ Bends Lifespan and Extended 1.5m Length(Mercurial Black)","USBCables","699.00","10065.6","299.00","4305.6","4.0","94363"
"B08HDJ86NZ","boAt Deuce USB 300 2 in 1 Type-C & Micro USB Stress Resistant, Tangle-Free, Sturdy Cable with 3A Fast Charging & 480mbps Data Transmission, 10000+ Bends Lifespan and Extended 1.5m Length(Martian Red)","USBCables","699.00","10065.6","329.00","4737.6","4.0","94363"
"B08HF4W2CT","URBN 20000 mAh lithium_polymer Power Bank with 12 Watt Fast Charging, Camo","PowerBanks","3499.00","50385.6","1599.00","23025.6","4.0","36384"
"B08HLC7Z3G","Inalsa Electric Kettle Prism Inox - 1350 W with LED Illumination & Boro-Silicate Body, 1.8 L Capacity along with Cordless Base, 2 Year Warranty (Black)","Kettle&ToasterSets","2995.00","43128.0","1182.00","17020.8","4.0","5178"
"B08HLZ28QC","Oakter Mini UPS for 12V WiFi Router Broadband Modem | Backup Upto 4 Hours | WiFi Router UPS Power Backup During Power Cuts | UPS for 12V Router Broadband Modem | Current Surge & Deep Discharge Protection","NetworkingDevices","3490.00","50256.0","1199.00","17265.6","4.0","11716"
"B08HQL67D6","OFIXO Multi-Purpose Laptop Table/Study Table/Bed Table/Foldable and Portable Wooden/Writing Desk (Wooden)","Lapdesks","599.00","8625.6","599.00","8625.6","4.0","26423"
"B08HV25BBQ","Noise ColorFit Pro 2 Full Touch Control Smart Watch with 35g Weight & Upgraded LCD Display (Deep Wine)","SmartWatches","4999.00","71985.6","1499.00","21585.6","4.0","92588"
"B08HV83HL3","MI Power Bank 3i 20000mAh Lithium Polymer 18W Fast Power Delivery Charging | Input- Type C | Micro USB| Triple Output | Sandstone Black","PowerBanks","2199.00","31665.6","2049.00","29505.6","4.0","178912"
"B08HVJCW95","MI 10000mAh 3i Lithium Polymer Power Bank Dual Input(Micro-USB and Type C) and Output Ports 18W Fast Charging (Metallic Blue)","PowerBanks","2199.00","31665.6","1149.00","16545.6","4.0","178912"
"B08HVL8QN3","Mi 10000mAH Li-Polymer, Micro-USB and Type C Input Port, Power Bank 3i with 18W Fast Charging (Midnight Black)","PowerBanks","2199.00","31665.6","1149.00","16545.6","4.0","178912"
"B08J4PL1Z3","RPM Euro Games Laptop/PC Controller Wired for Windows - 7, 8, 8.1, 10 and XP, Ps3(Upgraded with XYAB Buttons)","Gamepads","1490.00","21456.0","699.00","10065.6","4.0","5736"
"B08J7VCT12","KENT 16068 Zoom Vacuum Cleaner for Home and Car 130 W | Cordless, Hoseless, Rechargeable HEPA Filters Vacuum Cleaner with Cyclonic Technology | Bagless Design and Multi Nozzle Operation | Blue","HandheldVacuums","14999.00","215985.6","6999.00","100785.6","4.0","1728"
"B08J82K4GX","Samsung 24-inch(60.46cm) FHD Monitor, IPS, 75 Hz, Bezel Less Design, AMD FreeSync, Flicker Free, HDMI, D-sub, (LF24T350FHWXXL, Dark Blue Gray)","Monitors","19110.00","275184.0","10099.00","145425.6","4.0","2623"
"B08JD36C6H","Kingston DataTraveler Exodia DTX/32 GB Pen Drive USB 3.2 Gen 1 (Multicolor)","PenDrives","450.00","6480.0","349.00","5025.6","4.0","18656"
"B08JKPVDKL","INKULTURE Stainless_Steel Measuring Cups & Spoon Combo for Dry or Liquid/Kitchen Gadgets for Cooking & Baking Cakes/Measuring Cup Set Combo with Handles (Set of 4 Cups & 4 Spoons)","MeasuringSpoons","699.00","10065.6","279.00","4017.6","4.0","2326"
"B08JMC1988","boAt Stone 180 5W Bluetooth Speaker with Upto 10 Hours Playback, 1.75"" Driver, IPX7 & TWS Feature(Black)","OutdoorSpeakers","2490.00","35856.0","999.00","14385.6","4.0","18331"
"B08JV91JTK","JM SELLER 180 W 2021 Edition Electric Beater High Speed Hand Mixer Egg Beater for Cake Making and Whipping Cream with 7 Speed Control (White) with Free Spatula and Oil Brush","HandMixers","1299.00","18705.6","474.00","6825.6","4.0","550"
"B08JW1GVS7","URBN 20000 mAh Lithium_Polymer 22.5W Super Fast Charging Ultra Compact Power Bank with Quick Charge & Power Delivery, Type C Input/Output, Made in India, Type C Cable Included (Camo)","PowerBanks","3999.00","57585.6","2179.00","31377.6","4.0","8380"
"B08K36NZSV","KONVIO NEER 10 Inch Spun Filter (PP SPUN) Cartridge Compatible for 10 Inch Pre-Filter Housing of Water Purifier | Pack of 4 Spun","WaterPurifierAccessories","999.00","14385.6","499.00","7185.6","4.0","1436"
"B08K9PX15C","Zebronics Zeb Wonderbar 10 USB Powered 2.0 Computer Speaker with RGB Lights","PCSpeakers","1499.00","21585.6","849.00","12225.6","4.0","7352"
"B08KDBLMQP","Croma 500W Mixer Grinder with 3 Stainless Steel Leak-proof Jars, 3 speed & Pulse function, 2 years warranty (CRAK4184, White & Purple)","MixerGrinders","2500.00","36000.0","1290.00","18576.0","4.0","6530"
"B08KRMK9LZ","Tukzer Stylus Pen, iPad Pencil with Palm Rejection Tilt Sensor| 2nd Gen for 2018-2022 iPad 6/7/8/9th Gen; iPad 10.2"", Pro 12.9/11"", Mini 6/5th, Air 5/4/3rd, Precise for Writing/Drawing (3 Spare Tips)","StylusPens","5999.00","86385.6","2025.00","29160.0","4.0","6233"
"B08KS2KQTK","Pajaka® South Indian Filter Coffee Maker 200 ML 2-4 Cup / Mugs / Glass | Madras Kaapi/ Kappi Drip Decoction Maker / Makers / Brewer / Pot or Drip / Dripper Made of Stainless Steel | Non-Electric Machine / Appliances / Utensils Medium Size for Home and Kitchen, Office, Cefe Traditional Item / Product | Used for making Country /Desi Style French Press Espresso Nespresso Expresso Cappuccino Instant Black Coffee | Best flavoured with Grounded Arabica Roasted Crushed Grind Coffee Beans","DripCoffeeMachines","499.00","7185.6","293.00","4219.2","4.0","1456"
"B08L4SBJRY","Saifsmart Outlet Wall Mount Hanger Holder for Dot 3rd Gen, Compact Bracket Case Plug and Built-in Cable Management for Kitchen Bathroom, Bedroom (Black)","Mounts","1299.00","18705.6","349.00","5025.6","4.0","3295"
"B08L5FM4JC","SanDisk Ultra microSD UHS-I Card 64GB, 120MB/s R","MicroSD","2400.00","34560.0","649.00","9345.6","4.0","67260"
"B08L5HMJVW","SanDisk Ultra microSD UHS-I Card 32GB, 120MB/s R","MicroSD","700.00","10080.0","369.00","5313.6","4.0","67259"
"B08L7J3T31","Noir Aqua - 5pcs PP Spun Filter + 1 Spanner | for All Types of RO Water purifiers (5 Piece, White, 10 Inch, 5 Micron) - RO Spun Filter Cartridge Sponge Replacement Water Filter Candle","WaterPurifierAccessories","919.00","13233.6","379.00","5457.6","4.0","1090"
"B08L879JSN","Acer EK220Q 21.5 Inch (54.61 cm) Full HD (1920x1080) VA Panel LCD Monitor with LED Back Light I 250 Nits I HDMI, VGA Ports I Eye Care Features Like Bluelight Shield, Flickerless & Comfy View (Black)","Monitors","13750.00","198000.0","6299.00","90705.6","4.0","2014"
"B08LHTJTBB","Dyazo 6 Angles Adjustable Aluminum Ergonomic Foldable Portable Tabletop Laptop/Desktop Riser Stand Holder Compatible for MacBook, HP, Dell, Lenovo & All Other Notebook (Silver)","NotebookComputerStands","1999.00","28785.6","599.00","8625.6","4.0","4736"
"B08LT9BMPP","Logitech G102 USB Light Sync Gaming Mouse with Customizable RGB Lighting, 6 Programmable Buttons, Gaming Grade Sensor, 8K DPI Tracking, 16.8mn Color, Light Weight - Black","GamingMice","1995.00","28728.0","1495.00","21528.0","4.0","10541"
"B08LW31NQ6","Lenovo 600 Bluetooth 5.0 Silent Mouse: Compact, Portable, Dongle-Free Multi-Device connectivity with Microsoft Swift Pair | 3-Level Adjustable DPI up to 2400 | Battery Life: up to 1 yr","Mice","2890.00","41616.0","1439.00","20721.6","4.0","4099"
"B08M66K48D","POPIO Tempered Glass Screen Protector Compatible for iPhone 12 / iPhone 12 Pro with Case Friendly Edge to Edge Coverage and Easy Installation kit, Pack of 1","ScreenProtectors","599.00","8625.6","299.00","4305.6","4.0","4674"
"B08MC57J31","MI 10000mAh Lithium Ion, Lithium Polymer Power Bank Pocket Pro with 22.5 Watt Fast Charging, Dual Input Ports(Micro-USB and Type C), Triple Output Ports, (Black)","PowerBanks","2499.00","35985.6","1499.00","21585.6","4.0","15970"
"B08MTCKDYN","Gizga Essentials Spiral Cable Protector Cord Saver for Mac Charger, iPhone Charger, Wire Protector, Lightweight Durable Flexible Wire Winder for Charging Cables, Data Cables, Earphones, Pack of 10","Décor","299.00","4305.6","119.00","1713.6","4.0","5999"
"B08MTLLSL8","boAt Bassheads 102 Wired in Ear Earphones with Mic (Mint Green)","In-Ear","1290.00","18576.0","399.00","5745.6","4.0","76042"
"B08MV82R99","Bajaj Waterproof 1500 Watts Immersion Rod Heater","ImmersionRods","1020.00","14688.0","653.00","9403.2","4.0","3366"
"B08MVXPTDG","Crompton Insta Delight Fan Circulator Room Heater with 3 Heat Settings (Slate Grey & Black, 2000 Watt)","FanHeaters","4200.00","60480.0","2590.00","37296.0","4.0","63"
"B08MWJTST6","Tukzer Fully Foldable Tabletop Desktop Tablet Mobile Stand Holder - Angle & Height Adjustable for Desk, Cradle, Dock, Compatible with Smartphones & Tablets (White)","Stands","1299.00","18705.6","279.00","4017.6","4.0","5072"
"B08MXJYB2V","USHA RapidMix 500-Watt Copper Motor Mixer Grinder with 3 Jars and 5 Years Warranty(Sea Green/White)","MixerGrinders","3390.00","48816.0","2449.00","35265.6","4.0","5206"
"B08MZNT7GP","Havells OFR 13 Wave Fin with PTC Fan Heater 2900 Watts (Black)","FanHeaters","19825.00","285480.0","12499.00","179985.6","4.0","322"
"B08MZQBFLN","Callas Multipurpose Foldable Laptop Table with Cup Holder | Drawer | Mac Holder | Table Holder Study Table, Breakfast Table, Foldable and Portable/Ergonomic & Rounded Edges/Non-Slip Legs (WA-27-Black)","Lapdesks","4999.00","71985.6","849.00","12225.6","4.0","20457"
"B08N1WL9XW","FLiX (Beetel) 3in1 (Type C|Micro|Iphone Lightening) Textured Pattern 3A Fast Charging Cable with QC & PD Support for Type C,Micro USB & Lightning Iphone Cable,Made in India,1.5 Meter Long Cable(T101)","USBCables","599.00","8625.6","182.00","2620.8","4.0","9378"
"B08N6P8G5K","INALSA Air Fryer Digital 4L Nutri Fry - 1400W with Smart AirCrisp Technology| 8-Preset Menu, Touch Control & Digital Display|Variable Temperature & Timer Control|Free Recipe book|2 Yr Warranty (Black)","AirFryers","10995.00","158328.0","6790.00","97776.0","4.0","3192"
"B08NCKT9FG","Boat A 350 Type C Cable 1.5m(Jet Black)","USBCables","798.00","11491.2","299.00","4305.6","4.0","28791"
"B08NW8GHCJ","Synqe USB C to USB C 60W Nylon Braided Fast Charging Type C to Type C Cable Compatible with Samsung Galaxy Note 20/Ultra, S20 S22 S21 S20 FE A73 A53 A33 (2M, Black)","USBCables","999.00","14385.6","389.00","5601.6","4.0","838"
"B08P9RYPLR","FLiX (Beetel) USB to iPhone Lightning Textured Pattern Data Sync & 2A Fast Charging Cable, Made in India, 480Mbps Data Sync, Tough Cable, 1 Meter Long USB Cable for Apple Devices (Black)(XCD-L102)","USBCables","249.00","3585.6","129.00","1857.6","4.0","9378"
"B08PFSZ7FH","STRIFF Laptop Stand Adjustable Laptop Computer Stand Multi-Angle Stand Phone Stand Portable Foldable Laptop Riser Notebook Holder Stand Compatible for 9 to 15.6” Laptops Black(Black)","NotebookComputerStands","1499.00","21585.6","299.00","4305.6","4.0","903"
"B08PPHFXG3","Posh 1.5 Meter High Speed Gold Plated HDMI Male to Female Extension Cable (Black)","HDMICables","999.00","14385.6","173.00","2491.2","4.0","1237"
"B08PSQRW2T","Zoul Type C to Type C Fast Charging Cable 65W 2M/6ft USB C Nylon Braided Cord Compatible with MacBook Oneplus 9 9R Samsung Galaxy S21 Ultra S20+ (2M, Black)","USBCables","1099.00","15825.6","399.00","5745.6","4.0","2685"
"B08PSVBB2X","Zoul USB C to USB C Fast Charging Cable 65W Type C to Type C Nylon Braided Cord Compatible with Macbook Oneplus 9 10R Samsung Galaxy S22 S21 Ultra Z Flip3 Macbook Air/Pro M1 Google Pixel 11'' iPad Pro 2020/2018 (2M, Grey)","USBCables","1099.00","15825.6","399.00","5745.6","4.0","2685"
"B08PV1X771","Samsung 80 cm (32 inches) Wondertainment Series HD Ready LED Smart TV UA32TE40AAKBXL (Titan Gray)","SmartTelevisions","20900.00","300960.0","15490.00","223056.0","4.0","16299"
"B08PZ6HZLT","VW 80 cm (32 inches) HD Ready Android Smart LED TV VW32PRO (Black)","SmartTelevisions","18999.00","273585.6","8999.00","129585.6","4.0","6347"
"B08QDPB1SL","Duracell Chhota Power AA Battery Set of 10 Pcs","DisposableBatteries","220.00","3168.0","190.00","2736.0","4.0","2866"
"B08QJJCY2Q","Tizum Mouse Pad/ Computer Mouse Mat with Anti-Slip Rubber Base | Smooth Mouse Control | Spill-Resistant Surface for Laptop, Notebook, MacBook, Gaming, Laser/ Optical Mouse, 9.4”x 7.9”, Multicolored","MousePads","299.00","4305.6","169.00","2433.6","4.0","5176"
"B08QSC1XY8","Zoul USB C 60W Fast Charging 3A 6ft/2M Long Type C Nylon Braided Data Cable Quick Charger Cable QC 3.0 for Samsung Galaxy M31S M30 S10 S9 S20 Plus, Note 10 9 8, A20e A40 A50 A70 (2M, Grey)","USBCables","1099.00","15825.6","389.00","5601.6","4.0","974"
"B08QSDKFGQ","Zoul USB Type C Fast Charging 3A Nylon Braided Data Cable Quick Charger Cable QC 3.0 for Samsung Galaxy M31s M30 S10 S9 S20 Plus, Note 10 9 8, A20e A40 A50 A70 (1M, Grey)","USBCables","1099.00","15825.6","339.00","4881.6","4.0","974"
"B08QW937WV","Homeistic Applience™ Instant Electric Water Heater Faucet Tap For Kitchen And Bathroom Sink Digital Water Heating Tap with Shower Head ABS Body- Shock Proof (Pack Of 1. White)","InstantWaterHeaters","2999.00","43185.6","1448.00","20851.2","4.0","19"
"B08R69VDHT","Pinnaclz Original Combo of 2 Micro USB Fast Charging Cable, USB Charging Cable for Data Transfer Perfect for Android Smart Phones White 1.2 Meter Made in India (Pack of 2)","USBCables","499.00","7185.6","115.00","1656.0","4.0","7732"
"B08R69WBN7","Pinnaclz Original Combo of 2 USB Type C Fast Charging Cable, USB C Data Cable for Charging and Data Transfer Smart Phones White 1.2 Meter Made in India (Pack of 2)","USBCables","499.00","7185.6","149.00","2145.6","4.0","7732"
"B08RDWBYCQ","T TOPLINE 180 W Electric Hand Mixer,Hand Blender , Egg Beater, Cake maker , Beater Cream Mix, Food Blender, Beater for Whipping Cream Beater for Cake With 7 -Speed with spatula and oil brush","HandBlenders","999.00","14385.6","549.00","7905.6","4.0","1313"
"B08RZ5K9YH","MI 33W SonicCharge 2.0 USB Charger for Cellular Phones - White","WallChargers","1999.00","28785.6","999.00","14385.6","4.0","1777"
"B08S6RKT4L","Balzano High Speed Nutri Blender/Mixer/Smoothie Maker - 500 Watt - Silver, 2 Jar","SmallKitchenAppliances","4290.00","61776.0","2599.00","37425.6","4.0","2116"
"B08S7V8YTN","Lifelong 2-in1 Egg Boiler and Poacher 500-Watt (Transparent and Silver Grey), Boil 8 eggs, Poach 4 eggs, Easy to clean| 3 Boiling Modes, Stainless Steel Body and Heating Plate, Automatic Turn-Off","EggBoilers","3500.00","50400.0","1199.00","17265.6","4.0","1802"
"B08SBH499M","ZEBRONICS Zeb-Warrior II 10 watts 2.0 Multimedia Speaker with RGB Lights, USB Powered, AUX Input, Volume Control Pod for PC, Laptops, Desktop","PCSpeakers","1300.00","18720.0","649.00","9345.6","4.0","5195"
"B08SJVD8QD","CARDEX Digital Kitchen Weighing Machine Multipurpose Electronic Weight Scale With Back Lite LCD Display for Measuring Food, Cake, Vegetable, Fruit (KITCHEN SCALE)","DigitalKitchenScales","389.00","5601.6","379.00","5457.6","4.0","3739"
"B08SKZ2RMG","Demokrazy New Nova Lint Cum Fuzz Remover for All Woolens Sweaters, Blankets, Jackets Remover Pill Remover from Carpets, Curtains (Pack of 1)","LintShavers","999.00","14385.6","475.00","6840.0","4.0","1021"
"B08SMJT55F","boAt Stone 250 Portable Wireless Speaker with 5W RMS Immersive Audio, RGB LEDs, Up to 8HRS Playtime, IPX7 Water Resistance, Multi-Compatibility Modes(Black)","BluetoothSpeakers","3990.00","57456.0","1199.00","17265.6","4.0","2908"
"B08TGG316Z","10k 8k 4k HDMI Cable, Certified 48Gbps 1ms Ultra High Speed HDMI 2.1 Cable 4k 120Hz 144Hz 2k 165Hz 8k 60Hz Dynamic HDR ARC eARC DTS:X Compatible for Mac Gaming PC Soundbar TV Monitor Laptop PS5 4 Xbox","HDMICables","2399.00","34545.6","999.00","14385.6","4.0","3664"
"B08TM71L54","PHILIPS Handheld Garment Steamer STH3000/20 - Compact & Foldable, Convenient Vertical Steaming, 1000 Watt Quick Heat Up, up to 20g/min, Kills 99.9%* Bacteria (Reno Blue), Small","SteamIrons","4195.00","60408.0","3190.00","45936.0","4.0","1282"
"B08TR61BVK","Tabelito® Polyester Foam, Nylon Hybrid laptopss Bag Sleeve Case Cover Pouch for laptopss Apple/Dell/Lenovo/ Asus/ Hp/Samsung/Mi/MacBook/Ultrabook/Thinkpad/Ideapad/Surfacepro (15.6 inches /39.6cm, Blue) laptopsss","LaptopSleeves&Slipcases","1499.00","21585.6","299.00","4305.6","4.0","2868"
"B08TTRVWKY","MILTON Smart Egg Boiler 360-Watts (Transparent and Silver Grey), Boil Up to 7 Eggs","EggBoilers","1899.00","27345.6","1099.00","15825.6","4.0","1811"
"B08TV2P1N8","boAt Rockerz 255 Pro+ in-Ear Bluetooth Neckband with Upto 40 Hours Playback, ASAP  Charge, IPX7, Dual Pairing, BT v5.0, with Mic (Active Black)","In-Ear","3990.00","57456.0","1399.00","20145.6","4.0","141841"
"B08V9C4B1J","Synqe Type C to Type C Short Fast Charging 60W Cable Compatible with Samsung Galaxy Z Fold3 5G, Z Flip3 5G, S22 5G, S22 Ultra, S21, S20, S20FE, A52, A73, A53 (0.25M, Black)","USBCables","999.00","14385.6","349.00","5025.6","4.0","838"
"B08VB2CMR3","OPPO A74 5G (Fluid Black, 6GB RAM, 128GB Storage) with No Cost EMI/Additional Exchange Offers","Smartphones","20990.00","302256.0","15490.00","223056.0","4.0","32916"
"B08VB34KJ1","OPPO A74 5G (Fantastic Purple,6GB RAM,128GB Storage) with No Cost EMI/Additional Exchange Offers","Smartphones","20990.00","302256.0","15490.00","223056.0","4.0","32916"
"B08VB57558","Samsung Galaxy S20 FE 5G (Cloud Navy, 8GB RAM, 128GB Storage) with No Cost EMI & Additional Exchange Offers","Smartphones","74999.00","1079985.6","37990.00","547056.0","4.0","27790"
"B08VF8V79P","Samsung Original 25W USB Travel Lightning Adapter for Cellular Phones, Black","WallChargers","1699.00","24465.6","1075.00","15480.0","4.0","7462"
"B08VFF6JQ8","Samsung 25W USB Travel Adapter for Cellular Phones - White","WallChargers","1699.00","24465.6","1219.00","17553.6","4.0","8891"
"B08VGDBF3B","Kuber Industries Round Non Woven Fabric Foldable Laundry Basket|Toy Storage Basket|Cloth Storage Basket With Handles| Capicity 45 Ltr (Grey & Black)-KUBMART11446","LaundryBaskets","499.00","7185.6","395.00","5688.0","4.0","330"
"B08VGFX2B6","Kuber Industries Waterproof Round Non Wovan Laundry Bag/Hamper|Metalic Printed With Handles|Foldable Bin & 45 Liter Capicity|Size 37 x 37 x 49, Pack of 1 (Beige & Brown)-KUBMART11450","LaundryBaskets","199.00","2865.6","177.00","2548.8","4.0","3688"
"B08VGM3YMF","Heart Home Waterproof Round Non Wovan Laundry Bag/Hamper|Metalic Printed With Handles|Foldable Bin & 45 Liter Capicity|Size 37 x 37 x 49, Pack of 1 (Grey & Black)-HEARTXY11447","LaundryBaskets","499.00","7185.6","199.00","2865.6","4.0","1996"
"B08VJFYH6N","BAJAJ PYGMY MINI 110 MM 10 W HIGH SPEED OPERATION, USB CHARGING, MULTI-CLIP FUNCTION PERSONAL FAN","TableFans","1620.00","23328.0","948.00","13651.2","4.0","4370"
"B08VS3YLRK","Portronics Adapto 20 Type C 20W Fast PD/Type C Adapter Charger with Fast Charging for iPhone 12/12 Pro/12 Mini/12 Pro Max/11/XS/XR/X/8/Plus, iPad Pro/Air/Mini, Galaxy 10/9/8 (Adapter Only) White","WallChargers","1499.00","21585.6","529.00","7617.6","4.0","8599"
"B08W56G1K9","LAPSTER Spiral Charger Spiral Charger Cable Protectors for Wires Data Cable Saver Charging Cord Protective Cable Cover Set of 3 (12 Pieces)","CableConnectionProtectors","999.00","14385.6","99.00","1425.6","4.0","8751"
"B08WD18LJZ","TVARA LCD Writing Tablet 8.5 Inch E-Note Pad LCD Writing Tablet, Kids Drawing Pad 8.5 Inch Doodle Board, Toddler Boy and Girl Learning Gift for 3 4 5 6 Years Old, Black","GraphicTablets","600.00","8640.0","249.00","3585.6","4.0","1208"
"B08WJ86PV2","RPM Euro Games Gaming Mousepad Speed Type Extended Large (Size - 800 mm x 300 mm x 3 mm)","MousePads","990.00","14256.0","299.00","4305.6","4.0","2453"
"B08WKCTFF3","ZEBRONICS Aluminium Alloy Laptop Stand, Compatible with 9-15.6 inch Laptops, 7 Angles Adjustable, Anti Slip Silicon Rubber Pads, Foldable, Velvet Pouch Inside, Zeb-NS2000 (Dark Grey)","Lapdesks","1999.00","28785.6","899.00","12945.6","4.0","1667"
"B08WKFSN84","Wayona Type C To Type C 65W/3.25A Nylon Braided Fast Charging Cable Compatible For Laptop, Macbook, Samsung Galaxy M33 M53 M51 S20 Ultra, A71, A53, A51, Ipad Pro 2018 (1M, Grey)","USBCables","1099.00","15825.6","379.00","5457.6","4.0","2806"
"B08WKG2MWT","Wayona Usb C 65W Fast Charging Cable Compatible For Tablets Samsung S22 S20 S10 S20Fe S21 S21 Ultra A70 A51 A71 A50S M31 M51 M31S M53 5G (1M, Black)","USBCables","1099.00","15825.6","379.00","5457.6","4.0","2806"
"B08WLY8V9S","Tukzer Gel Mouse Pad Wrist Rest Memory-Foam Ergonomic Mousepad| Cushion Wrist Support & Pain Relief| Suitable for Gaming, Computer, Laptop, Home & Office Non-Slip Rubber Base (Blue)","MousePads","899.00","12945.6","425.00","6120.0","4.0","4219"
"B08WRBG3XW","boAt Type C A325 Tangle-free, Sturdy Type C Cable with 3A Rapid Charging & 480mbps Data Transmission(Black)","USBCables","499.00","7185.6","199.00","2865.6","4.0","13045"
"B08WRKSF9D","V-Guard Divino 5 Star Rated 15 Litre Storage Water Heater (Geyser) with Advanced Safety Features, White","StorageWaterHeaters","8500.00","122400.0","6499.00","93585.6","4.0","5865"
"B08WRWPM22","boAt Micro USB 55 Tangle-free, Sturdy Micro USB Cable with 3A Fast Charging & 480mbps Data Transmission (Black)","USBCables","499.00","7185.6","176.00","2534.4","4.0","15189"
"B08XMG618K","Time Office Scanner Replacement Cable for Startek FM220U (Type C) Ivory","USBCables","499.00","7185.6","225.00","3240.0","4.0","789"
"B08XNL93PL","Portronics Ruffpad 15 Re-Writable LCD Screen 38.1cm (15-inch) Writing Pad for Drawing, Playing, Handwriting Gifts for Kids & Adults (Grey)","Notebooks,WritingPads&Diaries","2999.00","43185.6","1399.00","20145.6","4.0","3530"
"B08XXF5V6G","Kodak 139 cm (55 inches) 4K Ultra HD Smart LED TV 55CA0909 (Black)","SmartTelevisions","50999.00","734385.6","29999.00","431985.6","4.0","1712"
"B08XXVXP3J","Storite Super Speed USB 3.0 Male to Male Cable for Hard Drive Enclosures, Laptop Cooling Pad, DVD Players(60cm,Black)","USBCables","999.00","14385.6","249.00","3585.6","4.0","112"
"B08Y55LPBF","Redmi 126 cm (50 inches) 4K Ultra HD Android Smart LED TV X50 | L50M6-RA (Black)","SmartTelevisions","44999.00","647985.6","32999.00","475185.6","4.0","45238"
"B08Y57TPDM","Duracell CR2016 3V Lithium Coin Battery, 5 pcs, 2016 Coin Button Cell Battery, DL2016","GeneralPurposeBatteries&BatteryChargers","200.00","2880.0","116.00","1670.4","4.0","485"
"B08Y5QJTVK","Duracell CR2025 3V Lithium Coin Battery, 5 pcs, 2025 Coin Button Cell Battery, DL2025","GeneralPurposeBatteries&BatteryChargers","200.00","2880.0","116.00","1670.4","4.0","357"
"B08Y5QJXSR","atomberg Renesa 1200mm BLDC Motor with Remote 3 Blade Energy Saving Ceiling Fan (Matt Black)","CeilingFans","5190.00","74736.0","3569.00","51393.6","4.0","28629"
"B08Y7MXFMK","Offbeat® - DASH 2.4GHz Wireless + Bluetooth 5.1 Mouse, Multi-Device Dual Mode Slim Rechargeable Silent Click Buttons Wireless Bluetooth Mouse, 3 Adjustable DPI, Works on 2 devices at the same time with a switch button for Windows/Mac/Android/Ipad/Smart TV","Mice","1499.00","21585.6","1099.00","15825.6","4.0","2375"
"B08YD264ZS","Tarkan Portable Folding Laptop Desk for Bed, Lapdesk with Handle, Drawer, Cup & Mobile/Tablet Holder for Study, Eating, Work (Black)","Lapdesks","2499.00","35985.6","999.00","14385.6","4.0","1690"
"B08ZHYNTM1","Havells Festiva 1200mm Dust Resistant Ceiling Fan (Gold Mist)","CeilingFans","4005.00","57672.0","2899.00","41745.6","4.0","7140"
"B08ZJDWTJ1","Seagate Expansion 1TB External HDD - USB 3.0 for Windows and Mac with 3 yr Data Recovery Services, Portable Hard Drive (STKM1000400)","ExternalHardDisks","4999.00","71985.6","4098.00","59011.2","4.0","50810"
"B09163Q5CD","Verilux® USB C Hub Multiport Adapter- 6 in 1 Portable Aluminum Type C Hub with 4K HDMI Output, USB 2.0/3.0 Ports, SD/Micro SD Card Reader Compatible for MacBook Pro 2016-2020, MacBook Air 2018-2020, Type-C Devices","USBHubs","1929.00","27777.6","1187.00","17092.8","4.0","1662"
"B091KNVNS9","Themisto 350 Watts Egg Boiler-Blue","EggBoilers","699.00","10065.6","368.00","5299.2","4.0","1240"
"B0926V9CTV","Elv Mobile Phone Mount Tabletop Holder for Phones and Tablets - Black","Stands","599.00","8625.6","89.00","1281.6","4.0","2351"
"B092BJMT8Q","Samsung 108 cm (43 inches) Crystal 4K Series Ultra HD Smart LED TV UA43AUE60AKLXL (Black)","SmartTelevisions","52900.00","761760.0","30990.00","446256.0","4.0","7109"
"B092BL5DCX","Samsung 138 cm (55 inches) Crystal 4K Series Ultra HD Smart LED TV UA55AUE60AKLXL (Black)","SmartTelevisions","69900.00","1006560.0","45999.00","662385.6","4.0","7109"
"B092R48XXB","Mi Robot Vacuum-Mop P, Best-in-class Laser Navigation in 10-20K INR price band, Intelligent mapping, Robotic Floor Cleaner with 2 in 1 Mopping and Vacuum, App Control (WiFi, Alexa,GA), Strong suction","RoboticVacuums","29999.00","431985.6","18999.00","273585.6","4.0","2536"
"B092X94QNQ","boAt Rockerz 330 in-Ear Bluetooth Neckband with Upto 30 Hours Playtime, ASAP  Charge, Signature Sound, Dual Pairing & IPX5 with Mic (Active Black)","In-Ear","3990.00","57456.0","1499.00","21585.6","4.0","109864"
"B09474JWN6","HealthSense Rechargeable Lint Remover for Clothes | Fuzz and Fur Remover | Electric Fabric Shaver, Trimmer for Clothes, Carpet, Sofa, Sweaters, Curtains | One-Year Warranty Included - New-Feel LR350","LintShavers","1500.00","21600.0","999.00","14385.6","4.0","386"
"B0949FPSFY","Bulfyss Stainless Steel Digital Kitchen Weighing Scale & Food Weight Machine for Diet, Nutrition, Health, Fitness, Baking & Cooking (5Kgs, Stainless Steel, 2 Years Warranty)","DigitalKitchenScales","1999.00","28785.6","799.00","11505.6","4.0","2162"
"B0949SBKMP","boAt Flash Edition Smart Watch with Activity Tracker, Multiple Sports Modes, 1.3"" Screen, 170+ Watch Faces, Sleep Monitor, Gesture, Camera & Music Control, IP68 & 7 Days Battery Life(Lightning Black)","SmartWatches","6990.00","100656.0","1799.00","25905.6","4.0","26880"
"B094DQWV9B","Kanget [2 Pack] Type C Female to USB A Male Charger | Charging Cable Adapter Converter compatible for iPhone 14, 13, 12,11 Pro Max/Mini/XR/XS/X/SE, Samsung S20 ultra/S21/S10/S8/S9/MacBook Pro iPad (Grey)","USBtoUSBAdapters","399.00","5745.6","149.00","2145.6","4.0","1540"
"B094JB13XL","Noise ColorFit Ultra Smart Watch with 1.75"" HD Display, Aluminium Alloy Body, 60 Sports Modes, Spo2, Lightweight, Stock Market Info, Calls & SMS Reply (Space Blue)","SmartWatches","5999.00","86385.6","2499.00","35985.6","4.0","38879"
"B094JNXNPV","Ambrane Unbreakable 3 in 1 Fast Charging Braided Multipurpose Cable for Speaker with 2.1 A Speed - 1.25 meter, Black","USBCables","399.00","5745.6","299.00","4305.6","4.0","2766"
"B094QZLJQ6","Seagate One Touch 2TB External HDD with Password Protection – Black, for Windows and Mac, with 3 yr Data Recovery Services, and 4 Months Adobe CC Photography (STKY2000400)","ExternalHardDisks","7999.00","115185.6","5799.00","83505.6","4.0","50273"
"B094YFFSMY","Tygot Bluetooth Extendable Selfie Sticks with Wireless Remote and Tripod Stand, 3-in-1 Multifunctional Selfie Stick with Tripod Stand Compatible with iPhone/OnePlus/Samsung/Oppo/Vivo and All Phones","SelfieSticks","1999.00","28785.6","399.00","5745.6","4.0","3382"
"B095JPKPH3","OnePlus 163.8 cm (65 inches) U Series 4K LED Smart Android TV 65U1S (Black)","SmartTelevisions","69999.00","1007985.6","61999.00","892785.6","4.0","6753"
"B095JQVC7N","OnePlus 138.7 cm (55 inches) U Series 4K LED Smart Android TV 55U1S (Black)","SmartTelevisions","59999.00","863985.6","42999.00","619185.6","4.0","6753"
"B095K14P86","Saiyam Stainless Steel Espresso Maker Stovetop Coffee Percolator Italian Coffee Maker Moka Pot (4 Cup - 200 ml, Silver)","StovetopEspressoPots","1299.00","18705.6","599.00","8625.6","4.0","590"
"B095PWLLY6","Crompton Hill Briz Deco 1200mm (48 inch) High Speed Designer Ceiling Fan (Smoked Brown)","CeilingFans","2380.00","34272.0","1804.00","25977.6","4.0","15382"
"B095RTJH1M","Spigen EZ Fit Tempered Glass Screen Protector Guard for iPhone 14/13/13 Pro - 2 Pack","ScreenProtectors","2899.00","41745.6","999.00","14385.6","4.0","26603"
"B095X38CJS","BRUSTRO Copytinta Coloured Craft Paper A4 Size 80 GSM Mixed Bright Colour 40 Sheets Pack (10 cols X 4 Sheets) Double Side Color for Office Printing, Art and Craft.","ColouredPaper","99.00","1425.6","99.00","1425.6","4.0","388"
"B095XCRDQW","Esquire Laundry Basket Brown, 50 Ltr Capacity(Plastic)","LaundryBaskets","1599.00","23025.6","950.00","13680.0","4.0","5911"
"B096NTB9XT","Aquaguard Aura RO+UV+UF+Taste Adjuster(MTDS) with Active Copper & Zinc 7L water purifier,8 stages of purification,suitable for borewell,tanker,municipal water(Black) from Eureka Forbes","WaterFilters&Purifiers","24500.00","352800.0","15999.00","230385.6","4.0","11206"
"B096TWZRJC","Sounce 360 Adjustable Mobile Phone Holder, Universal Phone Holder Clip Lazy Bracket Flexible Gooseneck Clamp Long Arms Mount for Mobile Tabletop Stand for Bedroom, Office, Bathroom, White","Bedstand&DeskMounts","1899.00","27345.6","499.00","7185.6","4.0","1475"
"B096VF5YYF","boAt Xtend Smartwatch with Alexa Built-in, 1.69” HD Display, Multiple Watch Faces, Stress Monitor, Heart & SpO2 Monitoring, 14 Sports Modes, Sleep Monitor, 5 ATM & 7 Days Battery(Pitch Black)","SmartWatches","7990.00","115056.0","2999.00","43185.6","4.0","48448"
"B0971DWFDT","Portronics CarPower Mini Car Charger with Dual Output, Fast Charging (Type C PD 18W + QC 3.0A) Compatible with All Smartphones(Black)","AutomobileChargers","699.00","10065.6","337.00","4852.8","4.0","4969"
"B0972BQ2RS","Fire-Boltt India's No 1 Smartwatch Brand Ring Bluetooth Calling with SpO2 & 1.7” Metal Body with Blood Oxygen Monitoring, Continuous Heart Rate, Full Touch & Multiple Watch Faces","SmartWatches","9999.00","143985.6","2499.00","35985.6","4.0","42139"
"B0974G5Q2Y","boAt Laptop, Smartphone Type-c A400 Male Data Cable (Carbon Black)","USBCables","999.00","14385.6","273.00","3931.2","4.0","20850"
"B0974H97TJ","boAt A 350 Type C Cable for Smartphone, Charging Adapter (1.5m, Carbon Black)","USBCables","799.00","11505.6","299.00","4305.6","4.0","28791"
"B0977CGNJJ","AGARO Royal Stand 1000W Mixer with 5L SS Bowl and 8 Speed Setting, Includes Whisking Cone, Mixing Beater & Dough Hook, and Splash Guard, 2 Years Warranty, (Black), Medium (33554)","StandMixers","11495.00","165528.0","5999.00","86385.6","4.0","534"
"B0978V2CP6","Cubetek 3 in 1 LCD Display V5.0 Bluetooth Transmitter Receiver, Bypass Audio Adapter with Aux, Optical, Dual Link Support for TV, Home Stereo, PC, Headphones, Speakers, Model: CB-BT27","AVReceivers&Amplifiers","3100.00","44640.0","1990.00","28656.0","4.0","897"
"B097C564GC","rts [2 Pack] Mini USB C Type C Adapter Plug, Type C Female to USB A Male Charger Charging Cable Adapter Converter compatible for iPhone, Samsung S20 ultra/S21/S10/S8/S9/MacBook Pro iPad Silver","USBtoUSBAdapters","4999.00","71985.6","294.00","4233.6","4.0","4426"
"B097MKZHNV","Racold Pronto Pro 3Litres 3KW Vertical Instant Water Heater (Geyser)","InstantWaterHeaters","4849.00","69825.6","2949.00","42465.6","4.0","7968"
"B097R25DP7","Noise ColorFit Pulse Smartwatch with 3.56 cm (1.4"") Full Touch HD Display, SpO2, Heart Rate, Sleep Monitors & 10-Day Battery - Jet Black","SmartWatches","4999.00","71985.6","1599.00","23025.6","4.0","67950"
"B097R2V1W8","Bajaj Splendora 3 Litre 3KW IWH Instant Water Heater (Geyser), White","InstantWaterHeaters","5890.00","84816.0","2599.00","37425.6","4.0","21783"
"B097R3XH9R","Bajaj New Shakti Neo 25L Vertical Storage Water Heater (Geyser 25 Litres) 4 Star BEE Rated Heater For Water Heating with Titanium Armour, Swirl Flow Technology, Glasslined Tank(White), 1 Yr Warranty","StorageWaterHeaters","15270.00","219888.0","6299.00","90705.6","4.0","3233"
"B097R45BH8","Bajaj New Shakti Neo 15L Vertical Storage Water Heater (Geyser 15 litres) 4 Star BEE Rated Heater For Water Heating with Titanium Armour, Swirl Flow Technology, Glasslined Tank (White), 1 Yr Warranty","StorageWaterHeaters","13150.00","189360.0","5499.00","79185.6","4.0","6398"
"B097R4D42G","Bajaj New Shakti Neo 10L Vertical Storage Water Heater (Geyser 10 Litres) 4 Star BEE Rated Heater For Water Heating with Titanium Armour, Swirl Flow Technology, Glasslined Tank(White), 1 Yr Warranty","StorageWaterHeaters","9650.00","138960.0","4999.00","71985.6","4.0","1772"
"B097RJ867P","PHILIPS Digital Air Fryer HD9252/90 with Touch Panel, uses up to 90% less fat, 7 Pre-set Menu, 1400W, 4.1 Liter, with Rapid Air Technology (Black), Large","AirFryers","11595.00","166968.0","8799.00","126705.6","4.0","2981"
"B097XJQZ8H","Cookwell Bullet Mixer Grinder (5 Jars, 3 Blades, Silver)","MixerGrinders","6000.00","86400.0","2464.00","35481.6","4.0","8866"
"B0981XSZJ7","CROSSVOLT Compatible Dash/Warp Data Sync Fast Charging Cable Supported for All C Type Devices (Cable)","USBCables","999.00","14385.6","299.00","4305.6","4.0","766"
"B0989W6J2F","ENEM Sealing Machine | 12 Inch (300 mm) | 1 Year Warranty | Full Customer Support | Beep Sound Function | Plastic Packing Machine | Plastic Bag Sealing Machine | Heat Sealer Machine | Plastic Sealing Machine | Blue | Made in India","VacuumSealers","1799.00","25905.6","1595.00","22968.0","4.0","2877"
"B098JYT4SY","Zebronics Zeb-Jaguar Wireless Mouse, 2.4GHz with USB Nano Receiver, High Precision Optical Tracking, 4 Buttons, Plug & Play, Ambidextrous, for PC/Mac/Laptop (Black+Grey)","Mice","1190.00","17136.0","399.00","5745.6","4.0","2809"
"B098K3H92Z","TP-Link USB Bluetooth Adapter for PC, 5.0 Bluetooth Dongle Receiver (UB500) Supports Windows 11/10/8.1/7 for Desktop, Laptop, Mouse, Keyboard, Printers, Headsets, Speakers, PS4/ Xbox Controllers","BluetoothAdapters","899.00","12945.6","599.00","8625.6","4.0","95116"
"B098LCVYPW","Dealfreez Case Compatible for Fire TV Stick 4K All Alexa Voice Remote Shockproof Silicone Anti-Lost Cover with Loop (C-Black)","RemoteControls","999.00","14385.6","349.00","5025.6","4.0","513"
"B098NS6PVG","Ambrane Unbreakable 60W / 3A Fast Charging 1.5m Braided Type C Cable for Smartphones, Tablets, Laptops & other Type C devices, PD Technology, 480Mbps Data Sync, Quick Charge 3.0 (RCT15A, Black)","USBCables","349.00","5025.6","199.00","2865.6","4.0","43993"
"B098QXR9X2","Ambrane 27000mAh Power Bank, 20W Fast Charging, Triple Output, Type C PD (Input & Output), Quick Charge, Li-Polymer, Multi-Layer Protection for iPhone, Smartphones & Other Devices (Stylo Pro, Black)","PowerBanks","2999.00","43185.6","2499.00","35985.6","4.0","3156"
"B09939XJX8","TVARA LCD Writing Tablet, 8.5"" Inch Colorful Toddler Doodle Board Drawing Tablet, Erasable Reusable Electronic Drawing Pads, Educational and Learning Tool for 3-6 Years Old Boy and Girls Mix Colors","GraphicTablets","1500.00","21600.0","354.00","5097.6","4.0","1026"
"B0993BB11X","Ambrane 10000mAh Slim Power Bank, 20W Fast Charging, Dual Output, Type C PD (Input & Output), Quick Charge, Li-Polymer, Multi-Layer Protection for iPhone, Anrdoid & Other Devices (Stylo 10K, Black)","PowerBanks","1599.00","23025.6","999.00","14385.6","4.0","7222"
"B0994GFWBH","Lapster 1.5 mtr USB 2.0 Type A Male to USB A Male Cable for computer and laptop","USBCables","999.00","14385.6","139.00","2001.6","4.0","1313"
"B099FDW2ZF","Maharaja Whiteline Nano Carbon Neo, 500 Watts Room Heater (Black, White), Standard (5200100986)","ElectricHeaters","1499.00","21585.6","1235.00","17784.0","4.0","203"
"B099K9ZX65","Hisense 108 cm (43 inches) 4K Ultra HD Smart Certified Android LED TV 43A6GE (Black)","SmartTelevisions","44990.00","647856.0","20990.00","302256.0","4.0","1259"
"B099S26HWG","Classmate Pulse 1 Subject Notebook - 240mm x 180mm , Soft Cover, 180 Pages, Single Line, Pack of 4","CompositionNotebooks","300.00","4320.0","300.00","4320.0","4.0","419"
"B099SD8PRP","Lenovo 130 Wireless Compact Mouse, 1K DPI Optical sensor, 2.4GHz Wireless NanoUSB, 10m range, 3button(left,right,scroll) upto 3M left/right clicks, 10 month battery, Ambidextrous, Ergonomic GY51C12380","Mice","1090.00","15696.0","579.00","8337.6","4.0","3482"
"B099Z83VRC","Wipro Vesta Electric Egg Boiler, 360 Watts, 3 Boiling Modes, Stainless Steel Body and Heating Plate, Boils up to 7 Eggs at a time, Automatic Shut Down, White, Standard (VB021070)","EggBoilers","1790.00","25776.0","1052.00","15148.8","4.0","1404"
"B09B9SPC7F","PC SQUARE Laptop Tabletop Stand/ Computer Tablet Stand 6 Angles Adjustable Aluminum Ergonomic Foldable Portable Desktop Holder Compatible with MacBook, HP, Dell, Lenovo & All Other Notebook (Silver)","Lapdesks","1299.00","18705.6","499.00","7185.6","4.0","2740"
"B09BCNQ9R2","DYAZO USB 3.0 Type C Female to USB A Male Connector/Converter/Adapter Compatible for Samsung Galaxy Note s 20 10 Plus Ultra,Google Pixel 4 5 3 2 & Other Type-c Devices","OTGAdapters","499.00","7185.6","139.00","2001.6","4.0","4971"
"B09BL2KHQW","KENT POWP-Sediment Filter 10'' Thread WCAP","WaterPurifierAccessories","260.00","3744.0","231.00","3326.4","4.0","490"
"B09BN2NPBD","DIGITEK® (DRL-14C) Professional (31cm) Dual Temperature LED Ring Light with Tripod Stand & Mini Tripod for YouTube, Photo-Shoot, Video Shoot, Live Stream, Makeup, Vlogging & More","SelfieLights","3495.00","50328.0","1699.00","24465.6","4.0","14371"
"B09BNXQ6BR","Noise ColorFit Ultra SE Smart Watch with 1.75""(4.3cm) HD Display, Aluminium Alloy Body, 60 Sports Modes, Spo2, Lightweight, Stock Market Info, Calls & SMS Reply (Vintage Brown)","SmartWatches","6499.00","93585.6","2799.00","40305.6","4.0","38879"
"B09BVCVTBC","Redragon K617 Fizz 60% Wired RGB Gaming Keyboard, 61 Keys Compact Mechanical Keyboard w/White and Grey Color Keycaps, Linear Red Switch, Pro Driver/Software Supported","GamingKeyboards","3499.00","50385.6","2649.00","38145.6","4.0","1271"
"B09BW334ML","Dealfreez Case Compatible with Fire TV Stick 3rd Gen 2021 Full Wrap Silicone Remote Cover Anti-Lost with Loop (D-Black)","RemoteControls","1499.00","21585.6","349.00","5025.6","4.0","4145"
"B09C635BMM","Cotbolt Silicone Case Cover Compatible for Samsung BN59-01312A QLED 8K 4K Smart TV Remote Shockproof Protective Remote Cover (Black)","RemoteControls","999.00","14385.6","349.00","5025.6","4.0","839"
"B09C6FML9B","Duracell Micro USB 3A Braided Sync & Fast Charging Cable, 3.9 Feet (1.2M). Supports QC 2.0/3.0 Charging, High Speed Data Transmission - Black","USBCables","599.00","8625.6","320.00","4608.0","4.0","491"
"B09C6H53KH","Duracell Type-C To Micro 1.2M braided Sync & Charge Cable, USB C to Micro Fast Charge Compatible for fast data transmission (Black)","USBCables","699.00","10065.6","368.00","5299.2","4.0","387"
"B09C6HWG18","Duracell Type C To Type C 5A (100W) Braided Sync & Fast Charging Cable, 3.9 Feet (1.2M). USB C to C Cable, Supports PD & QC 3.0 Charging, 5 GBPS Data Transmission – Black","USBCables","1999.00","28785.6","970.00","13968.0","4.0","462"
"B09C6HXFC1","Duracell USB Lightning Apple Certified (Mfi) Braided Sync & Charge Cable For Iphone, Ipad And Ipod. Fast Charging Lightning Cable, 3.9 Feet (1.2M) - Black","USBCables","1799.00","25905.6","970.00","13968.0","4.0","815"
"B09CGLY5CX","Crompton Insta Comfort Heater 2000 Watts Heat Convector with Adjustable Thermostats, Hybrid Cyan, Standard (‎ACGRH- INSTACOMFORT)","ElectricHeaters","2400.00","34560.0","1959.00","28209.6","4.0","237"
"B09CKSYBLR","InstaCuppa Rechargeable Mini Electric Chopper - Stainless Steel Blades, One Touch Operation, for Mincing Garlic, Ginger, Onion, Vegetable, Meat, Nuts, (White, 250 ML, Pack of 1, 45 Watts)","MiniFoodProcessors&Choppers","1499.00","21585.6","999.00","14385.6","4.0","1646"
"B09CMM3VGK","Ambrane 60W / 3A Type C Fast Charging Unbreakable 1.5m L Shaped Braided Cable, PD Technology, 480Mbps Data Transfer for Smartphones, Tablet, Laptops & other type c devices (ABLC10, Black)","USBCables","499.00","7185.6","179.00","2577.6","4.0","1934"
"B09CMP1SC8","Ambrane 2 in 1 Type-C & Micro USB Cable with 60W / 3A Fast Charging, 480 mbps High Data, PD Technology & Quick Charge 3.0, Compatible with All Type-C & Micro USB Devices (ABDC-10, Black)","USBCables","499.00","7185.6","199.00","2865.6","4.0","602"
"B09CMQRQM6","Ambrane Fast 100W Output Cable with Type-C to Type-C for Mobile, Laptop, Macbook & Table Charging, 480mbps Data Sync Speed, Braided Cable, 1.5m Length (ABCC-100, Black-Grey)","USBCables","899.00","12945.6","499.00","7185.6","4.0","919"
"B09CTWFV5W","PHILIPS Air Fryer HD9200/90, uses up to 90% less fat, 1400W, 4.1 Liter, with Rapid Air Technology (Black), Large","AirFryers","9995.00","143928.0","7199.00","103665.6","4.0","1964"
"B09CYTJV3N","MI 360° Home Security Wireless Camera 2K Pro with Bluetooth Gateway BLE 4.2 l Dual Band Wi-fi Connection l 3 Million 1296p| Full Color in Low-Light | AI Human Detection, White","DomeCameras","5999.00","86385.6","4499.00","64785.6","4.0","44696"
"B09DG9VNWB","Samsung Galaxy Watch4 Bluetooth(4.4 cm, Black, Compatible with Android only)","SmartWatches","29999.00","431985.6","12000.00","172800.0","4.0","4744"
"B09DL9978Y","Hindware Atlantic Compacto 3 Litre Instant water heater with Stainless Steel Tank, Robust Construction, Pressure Relief Valve And I-thermostat Feature (White And Grey)","InstantWaterHeaters","4590.00","66096.0","2399.00","34545.6","4.0","444"
"B09DSXK8JX","Kodak 80 cm (32 inches) HD Ready Certified Android Smart LED TV 32HDX7XPROBL (Black)","SmartTelevisions","19499.00","280785.6","10499.00","151185.6","4.0","1510"
"B09F6KL23R","SKYTONE Stainless Steel Electric Meat Grinders with Bowl 700W Heavy for Kitchen Food Chopper, Meat, Vegetables, Onion , Garlic Slicer Dicer, Fruit & Nuts Blender (2L, 700 Watts)","MiniFoodProcessors&Choppers","2799.00","40305.6","1414.00","20361.6","4.0","1498"
"B09F6S8BT6","Samsung 80 cm (32 Inches) Wondertainment Series HD Ready LED Smart TV UA32T4340BKXXL (Glossy Black)","SmartTelevisions","22900.00","329760.0","13490.00","194256.0","4.0","16299"
"B09F6VHQXB","Croma 80 cm (32 Inches) HD Ready LED TV (CREL7369, Black) (2021 Model)","StandardTelevisions","20000.00","288000.0","7390.00","106416.0","4.0","2581"
"B09F9YQQ7B","Redmi 80 cm (32 inches) Android 11 Series HD Ready Smart LED TV | L32M6-RA/L32M7-RA (Black)","SmartTelevisions","24999.00","359985.6","13999.00","201585.6","4.0","45237"
"B09FFK1PQG","Duracell 38W Fast Car Charger Adapter with Dual Output. Quick Charge, Type C PD 20W & Qualcomm Certified 3.0 Compatible for iPhone, All Smartphones, Tablets & More (Copper & Black)","AutomobileChargers","1699.00","24465.6","873.00","12571.2","4.0","1680"
"B09FHHTL8L","Empty Mist Trigger Plastic Spray Bottle for Multi use 200ml Pack of 2","SprayBottles","199.00","2865.6","85.00","1224.0","4.0","212"
"B09FKDH6FS","realme narzo 50i (Mint Green, 2GB RAM+32GB Storage) Octa Core Processor | 6.5"" inch Large Display","Smartphones","7999.00","115185.6","7499.00","107985.6","4.0","30907"
"B09FPP3R1D","Glen 3 in 1 Electric Multi Cooker - Steam, Cook & Egg Boiler with 350 W (SA 3035MC) - 350 Watts","EggBoilers","2495.00","35928.0","1624.00","23385.6","4.0","827"
"B09FZ89DK6","Eureka Forbes Supervac 1600 Watts Powerful Suction,bagless Vacuum Cleaner with cyclonic Technology,7 Accessories,1 Year Warranty,Compact,Lightweight & Easy to use (Red)","CanisterVacuums","9999.00","143985.6","5999.00","86385.6","4.0","1191"
"B09G2VTHQM","AGARO Classic Portable Yogurt Maker, 1.2L Capacity, Electric, Automatic, Grey and White, Medium (33603)","YogurtMakers","1295.00","18648.0","587.00","8452.8","4.0","557"
"B09G5TSGXV","Hi-Mobiler iPhone Charger Lightning Cable,2 Pack Apple MFi Certified USB iPhone Fast Chargering Cord,Data Sync Transfer for 13/12/11 Pro Max Xs X XR 8 7 6 5 5s iPad iPod More Model Cell Phone Cables","USBCables","799.00","11505.6","254.00","3657.6","4.0","2905"
"B09GB5B4BK","HP 150 Wireless USB Mouse with Ergonomic and ambidextrous Design, 1600 DPI Optical Tracking, 2.4 GHz Wireless connectivity, Dual-Function Scroll Wheel and 12 Month Long Battery Life. 3-Years Warranty.","Mice","899.00","12945.6","599.00","8625.6","4.0","4018"
"B09GFLXVH9","Redmi 9A Sport (Coral Green, 2GB RAM, 32GB Storage) | 2GHz Octa-core Helio G25 Processor | 5000 mAh Battery","Smartphones","8499.00","122385.6","6499.00","93585.6","4.0","313836"
"B09GFM8CGS","Redmi 9A Sport (Carbon Black, 2GB RAM, 32GB Storage) | 2GHz Octa-core Helio G25 Processor | 5000 mAh Battery","Smartphones","7999.00","115185.6","6499.00","93585.6","4.0","313832"
"B09GFN8WZL","Portronics Ruffpad 8.5M Multicolor LCD Writing Pad with Screen 21.5cm (8.5-inch) for Drawing, Playing, Handwriting Gifts for Kids & Adults, India's first notepad to save and share your child's first creatives via Ruffpad app on your Smartphone(Black)","GraphicTablets","999.00","14385.6","378.00","5443.2","4.0","1779"
"B09GFPN6TP","Redmi 9A Sport (Coral Green, 3GB RAM, 32GB Storage) | 2GHz Octa-core Helio G25 Processor | 5000 mAh Battery","Smartphones","9499.00","136785.6","7499.00","107985.6","4.0","313832"
"B09GFPVD9Y","Redmi 9 Activ (Carbon Black, 4GB RAM, 64GB Storage) | Octa-core Helio G35 | 5000 mAh Battery","Smartphones","10999.00","158385.6","8499.00","122385.6","4.0","313836"
"B09GP6FBZT","OpenTech® Military-Grade Tempered Glass Screen Protector Compatible for iPhone 13/13 Pro / 14 with Edge to Edge Coverage and Easy Installation kit (6.1 Inches)","ScreenProtectors","999.00","14385.6","299.00","4305.6","4.0","8891"
"B09H7JDJCW","PHILIPS Drip Coffee Maker HD7432/20, 0.6 L, Ideal for 2-7 cups, Black, Medium","DripCoffeeMachines","3595.00","51768.0","2999.00","43185.6","4.0","178"
"B09HCH3JZG","Bestor ® 8K Hdmi 2.1 Cable 48Gbps 9.80Ft/Ultra High Speed Hdmi Braided Cord For Roku Tv/Ps5/Hdtv/Blu-Ray Projector, Laptop, Television, Personal Computer, Xbox, Ps4, Ps5, Ps4 Pro (1 M, Grey)","HDMICables","1899.00","27345.6","699.00","10065.6","4.0","390"
"B09HK9JH4F","Smashtronics® - Case for Firetv Remote, Fire Stick Remote Cover Case, Silicone Cover for TV Firestick 4K/TV 2nd Gen(3rd Gen) Remote Control - Light Weight/Anti Slip/Shockproof (Black)","RemoteControls","399.00","5745.6","199.00","2865.6","4.0","1335"
"B09HN7LD5L","PROLEGEND® PL-T002 Universal TV Stand Table Top for Most 22 to 65 inch LCD Flat Screen TV, VESA up to 800 by 400mm","TVWall&CeilingMounts","4500.00","64800.0","1850.00","26640.0","4.0","184"
"B09HQSV46W","Mi 100 cm (40 inches) Horizon Edition Full HD Android LED TV 4A | L40M6-EI (Black)","SmartTelevisions","29999.00","431985.6","21999.00","316785.6","4.0","32840"
"B09HSKYMB3","MI REDMI 9i Sport (Carbon Black, 64 GB) (4 GB RAM)","Smartphones","9999.00","143985.6","7915.00","113976.0","4.0","1376"
"B09HV71RL1","Wayona Type C to Lightning MFI Certified 20W Fast charging Nylon Braided USB C Cable for iPhone 14 Pro, 14 Pro Max, 14, 14 Plus, 13, 13 Pro, 13 Pro Max, 13 Mini, 12, 12 Pro, 11, 11 Pro Max, iPhone 12 Mini (2M, Black)","USBCables","1499.00","21585.6","719.00","10353.6","4.0","1045"
"B09J2MM5C6","Amozo Ultra Hybrid Camera and Drop Protection Back Cover Case for iPhone 13 (TPU + Polycarbonate | Crystal Transparent)","BasicCases","1499.00","21585.6","279.00","4017.6","4.0","2646"
"B09J2QCKKM","Havells Zella Flap Auto Immersion Rod 1500 Watts","ImmersionRods","3500.00","50400.0","1499.00","21585.6","4.0","303"
"B09J2SCVQT","NutriPro Juicer Mixer Grinder - Smoothie Maker - 500 Watts (3 Jars 2 Blades)","JuicerMixerGrinders","5000.00","72000.0","1969.00","28353.6","4.0","4927"
"B09J4YQYX3","Borosil Electric Egg Boiler, 8 Egg Capacity, For Hard, Soft, Medium Boiled Eggs, Steamed Vegetables, Transparent Lid, Stainless Steel Exterior (500 Watts)","EggBoilers","2290.00","32976.0","1399.00","20145.6","4.0","461"
"B09JKNF147","Electvision Remote Control Compatible with Kodak/Thomson Smart led tv (Without Voice) Before Placing Order for verification Contact Our coustmer Care 7738090464","RemoteControls","1999.00","28785.6","339.00","4881.6","4.0","343"
"B09JN37WBX","Lint Remover Woolen Clothes Lint Extractor Battery Lint Removing Machine Bhur Remover","LintShavers","749.00","10785.6","319.00","4593.6","4.0","124"
"B09JPC82QC","Mi 108 cm (43 inches) Full HD Android LED TV 4C | L43M6-INC (Black)","SmartTelevisions","34999.00","503985.6","19999.00","287985.6","4.0","27151"
"B09JS562TP","Motorola a10 Dual Sim keypad Mobile with 1750 mAh Battery, Expandable Storage Upto 32GB, Wireless FM with Recording - Rose Gold","BasicMobiles","1630.00","23472.0","1399.00","20145.6","4.0","9378"
"B09JS94MBV","Motorola a10 Dual Sim keypad Mobile with 1750 mAh Battery, Expandable Storage Upto 32GB, Wireless FM with Recording - Dark Blue","BasicMobiles","1630.00","23472.0","1399.00","20145.6","4.0","9378"
"B09KGV7WSV","KINGONE Upgraded Stylus Pen, iPad Pencil, Ultra High Precision & Sensitivity, Palm Rejection, Prevents False ON/Off Touch, Power Display, Tilt Sensitivity, Magnetic Adsorption for iPad 2018 and Later","StylusPens","5999.00","86385.6","2099.00","30225.6","4.0","17129"
"B09KH58JZR","Portronics Konnect L POR-1403 Fast Charging 3A Type-C Cable 1.2 Meter with Charge & Sync Function for All Type-C Devices (White)","USBCables","399.00","5745.6","210.00","3024.0","4.0","1717"
"B09KLVMZ3B","Portronics Konnect L 1.2M POR-1401 Fast Charging 3A 8 Pin USB Cable with Charge & Sync Function (White)","USBCables","399.00","5745.6","159.00","2289.6","4.0","4768"
"B09KNMLH4Y","R B Nova Lint/Fabric Shaver for Cloths, Lint Remover for Woolen Sweaters, Blankets, Jackets/Burr Remover Pill Remover from Carpets, Pack of 1","LintShavers","1999.00","28785.6","398.00","5731.2","4.0","257"
"B09KPXTZXN","Rico Japanese Technology Rechargeable Wireless Electric Chopper with Replacement Warranty - Stainless Steel Blades, One Touch Operation, 10 Seconds Chopping, Mincing Vegetable, Meat - 250 ML, 30 Watts","MiniFoodProcessors&Choppers","1999.00","28785.6","949.00","13665.6","4.0","1679"
"B09L835C3V","Smashtronics® - Case for Firetv Remote, Fire Stick Remote Cover Case, Silicone Cover for TV Firestick 4K/TV 2nd Gen(3rd Gen) Remote Control - Light Weight/Anti Slip/Shockproof (Black)","RemoteControls","399.00","5745.6","199.00","2865.6","4.0","1335"
"B09LD3116F","Qubo Smart Cam 360 from Hero Group | Made in India | 2MP 1080p Full HD | CCTV Wi-Fi Camera | 360 Degree Coverage| Two Way Talk | Mobile App Connectivity | Night Vision | Cloud & SD Card Recording","DomeCameras","3990.00","57456.0","2490.00","35856.0","4.0","3606"
"B09LH32678","JIALTO Mini Waffle Maker 4 Inch- 350 Watts: Stainless Steel Non-Stick Electric Iron Machine for Individual Belgian Waffles, Pan Cakes, Paninis or Other Snacks - Aqua blue","WaffleMakers&Irons","1999.00","28785.6","899.00","12945.6","4.0","832"
"B09LHYZ3GJ","Redmi Note 11T 5G (Matte Black, 6GB RAM, 128GB ROM)| Dimensity 810 5G | 33W Pro Fast Charging | Charger Included | Additional Exchange Offers|Get 2 Months of YouTube Premium Free!","Smartphones","20999.00","302385.6","16999.00","244785.6","4.0","31822"
"B09LHZSMRR","Redmi Note 11T 5G (Stardust White, 6GB RAM, 128GB ROM)| Dimensity 810 5G | 33W Pro Fast Charging | Charger Included | Additional Exchange Offers|Get 2 Months of YouTube Premium Free!","Smartphones","20999.00","302385.6","16999.00","244785.6","4.0","31822"
"B09LJ116B5","Redmi Note 11T 5G (Aquamarine Blue, 6GB RAM, 128GB ROM)| Dimensity 810 5G | 33W Pro Fast Charging | Charger Included | Additional Exchange Offers| Get 2 Months of YouTube Premium Free!","Smartphones","20999.00","302385.6","16999.00","244785.6","4.0","31822"
"B09LQQYNZQ","Realme Smart TV Stick 4K","StreamingClients","4699.00","67665.6","4699.00","67665.6","4.0","224"
"B09M3F4HGB","Borosil Volcano 13 Fin Oil Filled Radiator Room Heater, 2900 W, Black","ElectricHeaters","18990.00","273456.0","9495.00","136728.0","4.0","79"
"B09M869Z5V","Portronics MPORT 31C 4-in-1 USB Hub (Type C to 4 USB-A Ports) with Fast Data Transfer","USBHubs","999.00","14385.6","570.00","8208.0","4.0","3201"
"B09M8888DM","Portronics MPORT 31 4 Ports USB Hub (USB A to 4 USB-A Ports 4 in 1 Connector USB HUB(Grey)","USBHubs","799.00","11505.6","499.00","7185.6","4.0","2125"
"B09MFR93KS","Bajaj Rex DLX 750 W 4 Jars Mixer Grinder, White and Blue","MixerGrinders","5999.00","86385.6","3041.00","43790.4","4.0","777"
"B09MJ77786","MI 108 cm (43 inches) 5X Series 4K Ultra HD LED Smart Android TV L43M6-ES (Grey)","SmartTelevisions","49999.00","719985.6","31999.00","460785.6","4.0","21252"
"B09MKG4ZCM","Xiaomi Mi 4A Dual_Band Ethernet 1200Mbps Speed Router| 2.4GHz & 5GHz Frequency|128MB RAM | DualCore 4 Thread CPU|4 Omni Directional Antenna|Mi Wi-Fi app-Parental Control & Anti Hacking|Repeater, White","Routers","2999.00","43185.6","1565.00","22536.0","4.0","11113"
"B09MKP344P","Tecno Spark 8T (Turquoise Cyan, 4GB RAM,64GB Storage) | 50MP AI Camera | 7GB Expandable RAM","Smartphones","12999.00","187185.6","8499.00","122385.6","4.0","6662"
"B09MM6P76N","7SEVEN® Compatible Lg Smart Tv Remote Suitable for Any LG LED OLED LCD UHD Plasma Android Television and AKB75095303 replacement of Original Lg Tv Remote Control","RemoteControls","599.00","8625.6","349.00","5025.6","4.0","284"
"B09MQSCJQ1","boAt Xtend Smartwatch with Alexa Built-in, 1.69” HD Display, Multiple Watch Faces, Stress Monitor, Heart & SpO2 Monitoring, 14 Sports Modes, Sleep Monitor, 5 ATM & 7 Days Battery(Charcoal Black)","SmartWatches","7990.00","115056.0","2299.00","33105.6","4.0","69622"
"B09MT6XSFW","Samsung EVO Plus 64GB microSDXC UHS-I U1 130MB/s Full HD & 4K UHD Memory Card with Adapter (MB-MC64KA), Blue","MicroSD","1899.00","27345.6","599.00","8625.6","4.0","140036"
"B09MT84WV5","Samsung EVO Plus 128GB microSDXC UHS-I U3 130MB/s Full HD & 4K UHD Memory Card with Adapter (MB-MC128KA), Blue","MicroSD","3999.00","57585.6","1059.00","15249.6","4.0","140035"
"B09MT94QLL","Havells Glaze 74W Pearl Ivory Gold Ceiling Fan, Sweep: 1200 Mm","CeilingFans","4775.00","68760.0","1999.00","28785.6","4.0","1353"
"B09MTLG4TP","SAIELLIN Electric Lint Remover for Clothes Fabric Shaver Lint Shaver for Woolen Clothes Blanket Jackets Stainless Steel Blades, Clothes and Furniture Lint Roller for Fabrics Portable Lint Shavers (White Orange)","LintShavers","999.00","14385.6","453.00","6523.2","4.0","610"
"B09MY4W73Q","Amozo Ultra Hybrid Camera and Drop Protection Back Cover Case for iPhone 13 (Polycarbonate| Back Transparent - Sides Black)","BasicCases","1799.00","25905.6","474.00","6825.6","4.0","1454"
"B09MZ6WZ6V","INOVERA World Map Extended Anti Slip Rubber Gaming Stitched Mouse Pad Desk Mat for Computer Laptop (Black, 900L x 400B x 2H mm)","MousePads","999.00","14385.6","499.00","7185.6","4.0","1030"
"B09MZCQYHZ","Ambrane 10000mAh Slim Power Bank, 20W Fast Charging, Dual Output, Type C PD (Input & Output), Quick Charge, Li-Polymer, Multi-Layer Protection for iPhone, Anrdoid & Other Devices (Stylo 10K, Green)","PowerBanks","1599.00","23025.6","999.00","14385.6","4.0","7222"
"B09N6TTHT6","E-COSMOS Plug in LED Night Light Mini USB LED Light Flexible USB LED Ambient Light Mini USB LED Light, LED Portable car Bulb, Indoor, Outdoor, Reading, Sleep (4 pcs)","Lamps","99.00","1425.6","89.00","1281.6","4.0","241"
"B09NBZ36F7","Usha CookJoy (CJ1600WPC) 1600 Watt Induction cooktop (Black)","InductionCooktop","4000.00","57600.0","2089.00","30081.6","4.0","11199"
"B09NC2TY11","Noise ColorFit Ultra Buzz Bluetooth Calling Smart Watch with 1.75"" HD Display, 320x385 px Resolution, 100 Sports Modes, Stock Market Info Smartwatch for Men & Women (Olive Green)","SmartWatches","5999.00","86385.6","2499.00","35985.6","4.0","5852"
"B09NHVCHS9","Flix Micro Usb Cable For Smartphone (Black)","USBCables","199.00","2865.6","59.00","849.6","4.0","9378"
"B09NJN8L25","FLiX (Beetel USB to Micro USB PVC Data Sync & 2A Fast Charging Cable, Made in India, 480Mbps Data Sync, Solid Cable, 1 Meter Long USB Cable for Micro USB Devices (White)(XCD-M11)","USBCables","199.00","2865.6","59.00","849.6","4.0","9378"
"B09NKZXMWJ","Flix (Beetel) Usb To Type C Pvc Data Sync And 2A 480Mbps Data Sync, Tough Fast Charging Long Cable For Usb Type C Devices, Charging Adapter (White, 1 Meter) - Xcd-C12","USBCables","249.00","3585.6","139.00","2001.6","4.0","9378"
"B09NL4DJ2Z","FLiX (Beetel) USB to Type C PVC Data Sync & 2A Smartphone Fast Charging Cable, Made in India, 480Mbps Data Sync, Tough Cable, 1 Meter Long USB Cable for USB Type C Devices Black XCD-C12","USBCables","249.00","3585.6","139.00","2001.6","4.0","9377"
"B09NL7LBWT","Bulfyss USB Rechargeable Lint Remover Fabric Shaver Pet Hair Remover, Effectively and Quickly Remove Fuzz for Clothes, Sweater, Couch, Sofa, Blanket, Curtain, Wool, Cashmere (Grey, 1 Year Warranty)","LintShavers","1999.00","28785.6","1099.00","15825.6","4.0","604"
"B09NNGHG22","Sansui 140cm (55 inches) 4K Ultra HD Certified Android LED TV with Dolby Audio & Dolby Vision JSW55ASUHD (Mystique Black)","SmartTelevisions","56790.00","817776.0","32990.00","475056.0","4.0","567"
"B09NNZ1GF7","Lint Remover For Clothes With 1 Year Warranty Fabric Shaver Lint Shaver for Woolen Clothes Blanket Jackets Stainless Steel Blades,Bedding, Clothes and Furniture Best Remover for Fabrics Portable Lint Shavers (White Orange)","LintShavers","999.00","14385.6","445.00","6408.0","4.0","229"
"B09NS5TKPN","LG 1.5 Ton 5 Star AI DUAL Inverter Split AC (Copper, Super Convertible 6-in-1 Cooling, HD Filter with Anti-Virus Protection, 2022 Model, PS-Q19YNZE, White)","Split-SystemAirConditioners","75990.00","1094256.0","42990.00","619056.0","4.0","3231"
"B09NTHQRW3","InstaCuppa Portable Blender for Smoothie, Milk Shakes, Crushing Ice and Juices, USB Rechargeable Personal Blender Machine for Kitchen with 2000 mAh Rechargeable Battery, 150 Watt Motor, 400 ML","HandBlenders","2499.00","35985.6","1999.00","28785.6","4.0","1034"
"B09NVPJ3P4","Noise ColorFit Pulse Grand Smart Watch with 1.69""(4.29cm) HD Display, 60 Sports Modes, 150 Watch Faces, Fast Charge, Spo2, Stress, Sleep, Heart Rate Monitoring & IP68 Waterproof (Electric Blue)","SmartWatches","3999.00","57585.6","1999.00","28785.6","4.0","30254"
"B09NVPSCQT","Noise ColorFit Pulse Grand Smart Watch with 1.69""(4.29cm) HD Display, 60 Sports Modes, 150 Watch Faces, Fast Charge, Spo2, Stress, Sleep, Heart Rate Monitoring & IP68 Waterproof (Jet Black)","SmartWatches","3999.00","57585.6","1599.00","23025.6","4.0","30254"
"B09P182Z2H","AGARO Glory Cool Mist Ultrasonic Humidifier, 4.5Litres, For Large Area, Room, Home, Office, Adjustable Mist Output, Ceramic Ball Filter, Ultra Quiet, 360° Rotatable Nozzle, Auto Shut Off, Grey","Humidifiers","5799.00","83505.6","3290.00","47376.0","4.0","168"
"B09P1MFKG1","Melbon VM-905 2000-Watt Room Heater (ISI Certified, White Color) Ideal Electric Fan Heater for Small to Medium Room/Area (Plastic Body)","FanHeaters","2999.00","43185.6","998.00","14371.2","4.0","9"
"B09P22HXH6","Lenovo 300 FHD Webcam with Full Stereo Dual Built-in mics | FHD 1080P 2.1 Megapixel CMOS Camera |Privacy Shutter | Ultra-Wide 95 Lens | 360 Rotation | Flexible Mount, Plug-n-Play | Cloud Grey","Webcams","5490.00","79056.0","1890.00","27216.0","4.0","10976"
"B09P858DK8","WeCool C1 Car Mobile Holder with One Click Technology,360° Rotational, Strong Suction Cup,Compatible with 4 to 6 Inch Devices, Wildshield and Dashboard Mobile Holder for Car, and Use","Cradles","1999.00","28785.6","489.00","7041.6","4.0","3626"
"B09PDZNSBG","Goodscity Garment Steamer for Clothes, Steam Iron Press - Vertical & Horizontal Steaming up to 22g/min, 1200 Watt, 230 ml Water tank & 30 sec Fast Heating (GC 111)","SteamIrons","6700.00","96480.0","2575.00","37080.0","4.0","611"
"B09PLD9TCD","Kodak 126 cm (50 inches) Bezel-Less Design Series 4K Ultra HD Smart Android LED TV 50UHDX7XPROBL (Black)","SmartTelevisions","42999.00","619185.6","26999.00","388785.6","4.0","1510"
"B09PNKXSKF","Noise ColorFit Pulse Grand Smart Watch with 1.69"" HD Display, 60 Sports Modes, 150 Watch Faces, Spo2 Monitoring, Call Notification, Quick Replies to Text & Calls (Rose Pink)","SmartWatches","3990.00","57456.0","1999.00","28785.6","4.0","30254"
"B09PNR6F8Q","realme 10W Fast Charging Micro-USB Cable (Braided, Black)","USBCables","399.00","5745.6","249.00","3585.6","4.0","6558"
"B09Q3M3WLJ","Robustrion [Anti-Scratch] & [Smudge Proof] [Bubble Free] Premium Tempered Glass Screen Protector Guard for Samsung Galaxy Tab A8 10.5 inch [SM-X200/X205/X207] 2022","ScreenProtectors","1499.00","21585.6","399.00","5745.6","4.0","691"
"B09Q5P2MT3","OnePlus 108 cm (43 inches) Y Series Full HD Smart Android LED TV 43 Y1S (Black)","SmartTelevisions","31999.00","460785.6","24999.00","359985.6","4.0","34899"
"B09Q5SWVBJ","OnePlus 80 cm (32 inches) Y Series HD Ready Smart Android LED TV 32 Y1S (Black)","SmartTelevisions","21999.00","316785.6","15999.00","230385.6","4.0","34899"
"B09Q8HMKZX","Portronics Konnect L 20W PD Quick Charge Type-C to 8-Pin USB Mobile Charging Cable, 1.2M, Tangle Resistant, Fast Data Sync(Grey)","USBCables","699.00","10065.6","263.00","3787.2","4.0","450"
"B09Q8WQ5QJ","Portronics Konnect L 60W PD Type C to Type C Mobile Charging Cable, 1.2M, Fast Data Sync, Tangle Resistant, TPE+Nylon Braided(Grey)","USBCables","499.00","7185.6","249.00","3585.6","4.0","1508"
"B09QGZFBPM","Wayona Type C To Type C Long Fast Charging Cable Type C Charger Cord Compatible With Samsung S22 S20 S20 Fe 2022 S22 Ultra S21 Ultra A70 A51 A53 A33 A73 M51 M31 M33 M53 (Grey, 2M, 65W, 6Ft)","USBCables","999.00","14385.6","399.00","5745.6","4.0","2806"
"B09QGZM8QB","Wayona Usb Type C 65W 6Ft/2M Long Fast Charging Cable Compatible For Samsung S22 S20 Fe S21 Ultra A33 A53 A01 A73 A70 A51 M33 M53 M51 M31(2M, Black)","USBCables","999.00","14385.6","399.00","5745.6","4.0","2806"
"B09QS8V5N8","Redmi Note 11 (Space Black, 4GB RAM, 64GB Storage)|90Hz FHD+ AMOLED Display | Qualcomm® Snapdragon™ 680-6nm | 33W Charger Included","Smartphones","17999.00","259185.6","12999.00","187185.6","4.0","50772"
"B09QS9CWLV","Redmi Note 11 (Horizon Blue, 6GB RAM, 64GB Storage)|90Hz FHD+ AMOLED Display | Qualcomm® Snapdragon™ 680-6nm | 33W Charger Included","Smartphones","18999.00","273585.6","12999.00","187185.6","4.0","50772"
"B09QS9X16F","Redmi Note 11 (Space Black, 6GB RAM, 64GB Storage) | 90Hz FHD+ AMOLED Display | Qualcomm® Snapdragon™ 680-6nm | 33W Charger Included","Smartphones","18999.00","273585.6","12999.00","187185.6","4.0","50772"
"B09QS9X9L8","Redmi Note 11 (Horizon Blue, 6GB RAM, 64GB Storage)|90Hz FHD+ AMOLED Display | Qualcomm® Snapdragon™ 680-6nm | 33W Charger Included","Smartphones","18999.00","273585.6","12999.00","187185.6","4.0","50772"
"B09RF2QXGX","Gizga Essentials Webcam Cover, Privacy Protector Webcam Cover Slide, Compatible with Laptop, Desktop, PC, Smartphone, Protect Your Privacy and Security, Strong Adhesive, Set of 3, Black","CameraPrivacyCovers","299.00","4305.6","69.00","993.6","4.0","255"
"B09RFB2SJQ","10WeRun Id-116 Bluetooth Smartwatch Wireless Fitness Band for Boys, Girls, Men, Women & Kids | Sports Gym Watch for All Smart Phones I Heart Rate and spo2 Monitor","SmartWatches","1899.00","27345.6","499.00","7185.6","4.0","412"
"B09RFC46VP","Redmi 108 cm (43 inches) 4K Ultra HD Android Smart LED TV X43 | L43R7-7AIN (Black)","SmartTelevisions","42999.00","619185.6","26999.00","388785.6","4.0","45238"
"B09RKFBCV7","Fire-Boltt Ninja Calling 1.69"" Bluetooth Calling Smart Watch, Dial Pad, Speaker, AI Voice Assistant with 450 NITS Peak Brightness, Wrist Gaming & 100+ Watch Faces with SpO2, HR, Multiple Sports Mode","SmartWatches","7999.00","115185.6","1999.00","28785.6","4.0","31305"
"B09RMQYHLH","realme narzo 50 (Speed Blue, 4GB RAM+64GB Storage) Helio G96 Processor | 50MP AI Triple Camera | 120Hz Ultra Smooth Display","Smartphones","15999.00","230385.6","12999.00","187185.6","4.0","13246"
"B09RWQ7YR6","MI 138.8 cm (55 inches) 5X Series 4K Ultra HD LED Smart Android TV L55M6-ES (Grey)","SmartTelevisions","69999.00","1007985.6","46999.00","676785.6","4.0","21252"
"B09RWZRCP1","boAt Type C A750 Stress Resistant, Tangle-free, Sturdy Flat Cable with 6.5A Fast Charging & 480Mbps Data Transmission, 10000+ Bends Lifespan and Extended 1.5m Length(Rebellious Black)","USBCables","999.00","14385.6","399.00","5745.6","4.0","1780"
"B09RX1FK54","boAt Type C A750 Stress Resistant, Tangle-free, Sturdy Flat Cable with 6.5A Fast Charging & 480Mbps Data Transmission, 10000+ Bends Lifespan and Extended 1.5m Length(Radiant Red)","USBCables","999.00","14385.6","399.00","5745.6","4.0","1780"
"B09RZS1NQT","Sounce 65W OnePlus Dash Warp Charge Cable, 6.5A Type-C to USB C PD Data Sync Fast Charging Cable Compatible with One Plus 8T/ 9/ 9R/ 9 pro/ 9RT/ 10R/ Nord & for All Type C Devices – Red, 1 Meter","USBCables","999.00","14385.6","199.00","2865.6","4.0","575"
"B09SB6SJB4","Amazon Brand - Solimo Fast Charging Braided Type C Data Cable Seam, Suitable For All Supported Mobile Phones (1 Meter, Black)","USBCables","599.00","8625.6","129.00","1857.6","4.0","265"
"B09SFRNKSR","FABWARE Lint Remover for Clothes - Sticky Lint Roller for Clothes, Furniture, Wool, Coat, Car Seats, Carpet, Fabric, Dust Cleaner, Pet Hair Remover with 1 Handle & 1 Refill Total 60 Sheets & 1 Cover","LintShavers","499.00","7185.6","298.00","4291.2","4.0","290"
"B09SJ1FTYV","Sounce Protective Case Cover Compatible Boat Xtend Overall Protective Case TPU HD Clear Ultra-Thin Cover with Unbreakable Screen Guard","BasicCases","1899.00","27345.6","199.00","2865.6","4.0","4740"
"B09T3H12GV","Dell USB Wireless Keyboard and Mouse Set- KM3322W, Anti-Fade & Spill-Resistant Keys, up to 36 Month Battery Life, 3Y Advance Exchange Warranty, Black","Keyboard&MouseSets","2498.00","35971.2","1399.00","20145.6","4.0","33717"
"B09T3KB6JZ","TCL 100 cm (40 inches) Full HD Certified Android R Smart LED TV 40S6505 (Black)","SmartTelevisions","40990.00","590256.0","18990.00","273456.0","4.0","6659"
"B09TBCVJS3","Amazfit GTS2 Mini (New Version) Smart Watch with Always-on AMOLED Display, Alexa Built-in, SpO2, 14 Days' Battery Life, 68 Sports Modes, GPS, HR, Sleep & Stress Monitoring (Meteor Black)","SmartWatches","7999.00","115185.6","5998.00","86371.2","4.0","30355"
"B09TMZ1MF8","Western Digital WD Green SATA 240GB Internal SSD Solid State Drive - SATA 6Gb/s 2.5 inches - WDS240G3G0A","InternalSolidStateDrives","4000.00","57600.0","1709.00","24609.6","4.0","3029"
"B09TP5KBN7","pTron Volta Dual Port 12W Smart USB Charger Adapter, Multi-Layer Protection, Made in India, BIS Certified, Fast Charging Power Adaptor Without Cable for All iOS & Android Devices (Black)","WallChargers","1099.00","15825.6","199.00","2865.6","4.0","3197"
"B09TT6BFDX","Cotbolt Silicone Protective Case Cover for LG an MR21GA Magic Remote Shockproof for LG Smart TV Remote 2021 Protective Skin Waterproof Anti Lost (Black) (Remote Not Included)","RemoteControls","1999.00","28785.6","399.00","5745.6","4.0","505"
"B09TWH8YHM","Samsung Galaxy M33 5G (Emerald Brown, 6GB, 128GB Storage) | 6000mAh Battery | Upto 12GB RAM with RAM Plus | Travel Adapter to be Purchased Separately","Smartphones","24999.00","359985.6","16999.00","244785.6","4.0","22318"
"B09TWHTBKQ","Samsung Galaxy M33 5G (Mystique Green, 8GB, 128GB Storage) | 6000mAh Battery | Upto 16GB RAM with RAM Plus | Travel Adapter to be Purchased Separately","Smartphones","25999.00","374385.6","18499.00","266385.6","4.0","22318"
"B09V2PZDX8","Nokia 105 Single SIM, Keypad Mobile Phone with Wireless FM Radio | Blue","BasicMobiles","1599.00","23025.6","1299.00","18705.6","4.0","128311"
"B09V2Q4QVQ","Nokia 105 Single SIM, Keypad Mobile Phone with Wireless FM Radio | Charcoal","BasicMobiles","1599.00","23025.6","1299.00","18705.6","4.0","128311"
"B09VC2D2WG","Portronics Ruffpad 12E Re-Writable LCD Writing Pad with 30.4cm (12 inch) Writing Area, Single Tap Erase, Smart Lock, Long Battery Life, India's first notepad to save and share your child's first creatives via Ruffpad app on your Smartphone(Black)","GraphicTablets","1499.00","21585.6","469.00","6753.6","4.0","352"
"B09VCHLSJF","OnePlus 108 cm (43 inches) Y Series 4K Ultra HD Smart Android LED TV 43Y1S Pro (Black)","SmartTelevisions","39999.00","575985.6","29999.00","431985.6","4.0","7298"
"B09VGKFM7Y","Amazon Basics 2 Amp USB Wall Charger & Micro USB Cable (White)","WallChargers","499.00","7185.6","219.00","3153.6","4.0","14"
"B09VGS66FV","Tesora - Inspired by you Large Premium Electric Kettle 1.8L, Stainless Steel Inner Body - Auto Power Cut, Boil Dry Protection & Cool Touch Double Wall, Portable | 1500 Watts |1 Year Warranty | (White)","Kettle&ToasterSets","1850.00","26640.0","1349.00","19425.6","4.0","638"
"B09VKWGZD7","AGARO Supreme High Pressure Washer, 1800 Watts, 120 Bars, 6.5L/Min Flow Rate, 8 Meters Outlet Hose, Portable, for Car,Bike and Home Cleaning Purpose, Black and Orange","PressureWashers,Steam&WindowCleaners","8990.00","129456.0","4789.00","68961.6","4.0","1017"
"B09VT6JKRP","Lapster USB 3.0 A to Micro B SuperSpeed for hard disk cable - short cable","USBCables","999.00","14385.6","199.00","2865.6","4.0","425"
"B09VZBGL1N","STRIFF Multi Angle Tablet/Mobile Stand. Holder for iPhone, Android, Samsung, OnePlus, Xiaomi. Portable,Foldable Stand.Perfect for Bed,Office, Home,Gift and Desktop (Black)","Stands","499.00","7185.6","99.00","1425.6","4.0","2451"
"B09W5XR9RT","Duracell USB C To Lightning Apple Certified (Mfi) Braided Sync & Charge Cable For Iphone, Ipad And Ipod. Fast Charging Lightning Cable, 3.9 Feet (1.2M) - Black","USBCables","1999.00","28785.6","970.00","13968.0","4.0","184"
"B09W9V2PXG","Themisto TH-WS20 Digital Kitchen Weighing Scale Stainless Steel (5Kg)","DigitalKitchenScales","1999.00","28785.6","759.00","10929.6","4.0","532"
"B09WMTJPG7","Crompton InstaBliss 3-L Instant Water Heater (Geyser) with Advanced 4 Level Safety","InstantWaterHeaters","4400.00","63360.0","2599.00","37425.6","4.0","14947"
"B09WN3SRC7","Sony Bravia 164 cm (65 inches) 4K Ultra HD Smart LED Google TV KD-65X74K (Black)","SmartTelevisions","139900.00","2014560.0","77990.00","1123056.0","4.0","5935"
"B09WRMNJ9G","OnePlus 10R 5G (Forest Green, 8GB RAM, 128GB Storage, 80W SuperVOOC)","Smartphones","38999.00","561585.6","34999.00","503985.6","4.0","11029"
"B09X1M3DHX","iFFALCON 80 cm (32 inches) HD Ready Smart LED TV 32F53 (Black)","SmartTelevisions","27990.00","403056.0","9999.00","143985.6","4.0","1269"
"B09X7DY7Q4","SanDisk Extreme SD UHS I 64GB Card for 4K Video for DSLR and Mirrorless Cameras 170MB/s Read & 80MB/s Write","MicroSD","1800.00","25920.0","939.00","13521.6","4.0","205052"
"B09XB7DPW1","Redmi 10A (Sea Blue, 4GB RAM, 64GB Storage) | 2 Ghz Octa Core Helio G25 | 5000 mAh Battery | Finger Print Sensor | Upto 5GB RAM with RAM Booster","Smartphones","11999.00","172785.6","8999.00","129585.6","4.0","12796"
"B09XB7SRQ5","Redmi 10A (Slate Grey, 4GB RAM, 64GB Storage) | 2 Ghz Octa Core Helio G25 | 5000 mAh Battery | Finger Print Sensor | Upto 5GB RAM with RAM Booster","Smartphones","11999.00","172785.6","8999.00","129585.6","4.0","12796"
"B09XB8GFBQ","Redmi 10A (Charcoal Black, 4GB RAM, 64GB Storage) | 2 Ghz Octa Core Helio G25 | 5000 mAh Battery | Finger Print Sensor | Upto 5GB RAM with RAM Booster","Smartphones","11999.00","172785.6","8999.00","129585.6","4.0","12796"
"B09XBJ1CTN","MI Xiaomi 22.5W Fast USB Type C Charger Combo for Tablets - White","WallChargers","999.00","14385.6","649.00","9345.6","4.0","1315"
"B09XHXXCFH","AGARO Regal Electric Rice Cooker, 3L Ceramic Inner Bowl, Cooks Up to 600 Gms Raw Rice, SS Steamer, Preset Cooking Functions, Preset Timer, Keep Warm Function, LED Display, Black","Rice&PastaCookers","5495.00","79128.0","3685.00","53064.0","4.0","290"
"B09XJ1LM7R","7SEVEN® Compatible for Tata Sky Remote Original Set Top HD Box and Suitable for SD Tata Play setup Box Remote Control","RemoteControls","799.00","11505.6","399.00","5745.6","4.0","12"
"B09XRBJ94N","iBELL SM1301 3-in-1 Sandwich Maker with Detachable Plates for Toast / Waffle / Grill , 750 Watt (Black)","SandwichMakers","4600.00","66240.0","2092.00","30124.8","4.0","562"
"B09XX51X2G","STRIFF Laptop Tabletop Stand, Fold-Up, Adjustable, Ventilated, Portable Holder for Desk, Aluminum Foldable Laptop Ergonomic Compatibility with up to 15.6-inch Laptop, All Mac, Tab, and Mobile (Silver)","Lapdesks","999.00","14385.6","449.00","6465.6","4.0","2102"
"B09XXZXQC1","Xiaomi Pad 5| Qualcomm Snapdragon 860| 120Hz Refresh Rate| 6GB, 128GB| 2.5K+ Display (10.95-inch/27.81cm)|1 Billion Colours| Dolby Vision Atmos| Quad Speakers| Wi-Fi| Gray","Tablets","37999.00","547185.6","26999.00","388785.6","4.0","2886"
"B09Y14JLP3","STRIFF UPH2W Multi Angle Tablet/Mobile Stand. Holder for iPhone, Android, Samsung, OnePlus, Xiaomi. Portable,Foldable Stand.Perfect for Bed,Office, Home,Gift and Desktop (White)","Stands","499.00","7185.6","99.00","1425.6","4.0","2451"
"B09YDFDVNS","Nokia 105 Plus Single SIM, Keypad Mobile Phone with Wireless FM Radio, Memory Card Slot and MP3 Player | Red","BasicMobiles","1699.00","24465.6","1324.00","19065.6","4.0","128311"
"B09YDFKJF8","Nokia 105 Plus Single SIM, Keypad Mobile Phone with Wireless FM Radio, Memory Card Slot and MP3 Player | Charcoal","BasicMobiles","1699.00","24465.6","1324.00","19065.6","4.0","128311"
"B09YHLPQYT","Shopoflux Silicone Remote Cover for Mi Smart TV and Mi TV Stick/MI Box S / 3S / MI 4X / 4A Smart LED TV (Black)","RemoteControls","600.00","8640.0","246.00","3542.4","4.0","143"
"B09YL9SN9B","LG 80 cm (32 inches) HD Ready Smart LED TV 32LQ576BPSA (Ceramic Black)","SmartTelevisions","23990.00","345456.0","15990.00","230256.0","4.0","1035"
"B09YLWT89W","Sure From Aquaguard Delight NXT RO+UV+UF+Taste Adjuster(MTDS),6L water purifier,8 stages purification,Suitable for borewell,tanker,municipal water(Black) from Eureka Forbes","WaterFilters&Purifiers","18000.00","259200.0","9199.00","132465.6","4.0","16020"
"B09YLX91QR","Ambrane 60W / 3A Fast Charging Output Cable with Type-C to USB for Mobile, Neckband, True Wireless Earphone Charging, 480mbps Data Sync Speed, 1m Length (ACT - AZ10, White)","USBCables","399.00","5745.6","179.00","2577.6","4.0","1423"
"B09YLXYP7Y","Ambrane 60W / 3A Fast Charging Output Cable with Type-C to USB for Mobile, Neckband, True Wireless Earphone Charging, 480mbps Data Sync Speed, 1m Length (ACT - AZ10, Black)","USBCables","399.00","5745.6","179.00","2577.6","4.0","1423"
"B09YLYB9PB","Ambrane 60W / 3A Fast Charging Output Cable with Micro to USB for Mobile, Neckband, True Wireless Earphone Charging, 480mbps Data Sync Speed, 1m Length (ACM - AZ1, Black)","USBCables","399.00","5745.6","149.00","2145.6","4.0","1423"
"B09YV3K34W","Fire-Boltt India's No 1 Smartwatch Brand Talk 2 Bluetooth Calling Smartwatch with Dual Button, Hands On Voice Assistance, 60 Sports Modes, in Built Mic & Speaker with IP68 Rating","SmartWatches","9999.00","143985.6","2199.00","31665.6","4.0","29472"
"B09YV42QHZ","Fire-Boltt Ninja 3 Smartwatch Full Touch 1.69 "" & 60 Sports Modes with IP68, Sp02 Tracking, Over 100 Cloud based watch faces ( Green )","SmartWatches","7999.00","115185.6","1499.00","21585.6","4.0","22638"
"B09YV463SW","Fire-Boltt Ninja 3 Smartwatch Full Touch 1.69 "" & 60 Sports Modes with IP68, Sp02 Tracking, Over 100 Cloud based watch faces ( Silver )","SmartWatches","9999.00","143985.6","1499.00","21585.6","4.0","22638"
"B09YV4MW2T","Fire-Boltt India's No 1 Smartwatch Brand Talk 2 Bluetooth Calling Smartwatch with Dual Button, Hands On Voice Assistance, 60 Sports Modes, in Built Mic & Speaker with IP68 Rating","SmartWatches","9999.00","143985.6","2199.00","31665.6","4.0","29478"
"B09YV4RG4D","Fire-Boltt Ninja 3 Smartwatch Full Touch 1.69 & 60 Sports Modes with IP68, Sp02 Tracking, Over 100 Cloud based watch faces - Black","SmartWatches","7999.00","115185.6","1499.00","21585.6","4.0","22636"
"B09YV575RK","Fire-Boltt Ring Pro Bluetooth Calling, 1.75” 320*385px High Res, IP68 & SpO2 Monitoring, Pin Code Locking Functionality & Split Screen Access, Built in Mic & Speaker for HD Calls, Black, Free Size","SmartWatches","9999.00","143985.6","2499.00","35985.6","4.0","9090"
"B09Z6WH2N1","STRIFF 12 Pieces Highly Flexible Silicone Micro USB Protector, Mouse Cable Protector, Suit for All Cell Phones, Computers and Chargers (White)","Décor","499.00","7185.6","95.00","1368.0","4.0","1949"
"B09Z7YGV3R","Anjaney Enterprise Smart Multipurpose Foldable Laptop Table with Cup Holder, Study Table, Bed Table, Breakfast Table, Foldable and Portable/Ergonomic & Rounded Edges/Non-Slip (Black)","Lapdesks","699.00","10065.6","269.00","3873.6","4.0","93"
"B09ZK6THRR","Croma 1100 W Dry Iron with Weilburger Dual Soleplate Coating (CRSHAH702SIR11, White)","DryIrons","1000.00","14400.0","479.00","6897.6","4.0","1559"
"B09ZPJT8B2","TCL 80 cm (32 inches) HD Ready Certified Android Smart LED TV 32S615 (Black)","SmartTelevisions","31990.00","460656.0","11990.00","172656.0","4.0","64"
"B09ZPL5VYM","Ambrane Mobile Holding Stand, 180° Perfect View, Height Adjustment, Wide Compatibility, Multipurpose, Anti-Skid Design (Twistand, Black)","Stands","499.00","7185.6","199.00","2865.6","4.0","1786"
"B09ZPM4C2C","TCL 80 cm (32 inches) HD Ready Certified Android Smart LED TV 32S5205 (Black)","SmartTelevisions","30990.00","446256.0","10901.00","156974.4","4.0","398"
"B09ZQK9X8G","Noise ColorFit Pro 4 Advanced Bluetooth Calling Smart Watch with 1.72"" TruView Display, Fully-Functional Digital Crown, 311 PPI, 60Hz Refresh Rate, 500 NITS Brightness (Charcoal Black)","SmartWatches","5999.00","86385.6","2998.00","43171.2","4.0","5179"
"B0B14MR9L1","Samsung Galaxy M33 5G (Emerald Brown, 6GB, 128GB Storage) | 6000mAh Battery | Upto 12GB RAM with RAM Plus | Travel Adapter to be Purchased Separately","Smartphones","24999.00","359985.6","16999.00","244785.6","4.0","22318"
"B0B15CPR37","Samsung 108 cm (43 inches) Crystal 4K Neo Series Ultra HD Smart LED TV UA43AUE65AKXXL (Black)","SmartTelevisions","47900.00","689760.0","32990.00","475056.0","4.0","7109"
"B0B15GSPQW","Samsung 138 cm (55 inches) Crystal 4K Neo Series Ultra HD Smart LED TV UA55AUE65AKXXL (Black)","SmartTelevisions","70900.00","1020960.0","47990.00","691056.0","4.0","7109"
"B0B16KD737","VW 80 cm (32 inches) Playwall Frameless Series HD Ready Android Smart LED TV VW3251 (Black)","SmartTelevisions","15999.00","230385.6","8499.00","122385.6","4.0","592"
"B0B19VJXQZ","ECOVACS DEEBOT N8 2-in-1 Robotic Vacuum Cleaner, 2022 New Launch, Most Powerful Suction, Covers 2000+ Sq. Ft in One Charge, Advanced dToF Technology with OZMO Mopping (DEEBOT N8) - White","RoboticVacuums","59900.00","862560.0","27900.00","401760.0","4.0","5298"
"B0B1NX6JTN","Spigen Ultra Hybrid Back Cover Case Compatible with iPhone 14 Pro max (TPU + Poly Carbonate | Crystal Clear)","BasicCases","2599.00","37425.6","1599.00","23025.6","4.0","1801"
"B0B1YVCJ2Y","Acer 80 cm (32 inches) I Series HD Ready Android Smart LED TV AR32AR2841HDFL (Black)","SmartTelevisions","19990.00","287856.0","11499.00","165585.6","4.0","4703"
"B0B1YY6JJL","Acer 109 cm (43 inches) I Series 4K Ultra HD Android Smart LED TV AR43AR2851UDFL (Black)","SmartTelevisions","34990.00","503856.0","23999.00","345585.6","4.0","4703"
"B0B1YZ9CB8","Acer 139 cm (55 inches) I Series 4K Ultra HD Android Smart LED TV AR55AR2851UDFL (Black)","SmartTelevisions","47990.00","691056.0","32999.00","475185.6","4.0","4703"
"B0B1YZX72F","Acer 127 cm (50 inches) I Series 4K Ultra HD Android Smart LED TV AR50AR2851UDFL (Black)","SmartTelevisions","40990.00","590256.0","27999.00","403185.6","4.0","4703"
"B0B21XL94T","Toshiba 108 cm (43 inches) V Series Full HD Smart Android LED TV 43V35KP (Silver)","SmartTelevisions","34990.00","503856.0","21990.00","316656.0","4.0","1657"
"B0B23LW7NV","Spigen EZ Fit Tempered Glass Screen Protector for iPhone 14 Pro Max - 2 Pack (Sensor Protection)","ScreenProtectors","2899.00","41745.6","999.00","14385.6","4.0","7779"
"B0B244R4KB","Spigen EZ Fit Tempered Glass Screen Protector for iPhone 14 Pro - 2 Pack (Sensor Protection)","ScreenProtectors","2899.00","41745.6","999.00","14385.6","4.0","6129"
"B0B25DJ352","GILTON Egg Boiler Electric Automatic Off 7 Egg Poacher for Steaming, Cooking Also Boiling and Frying, Multi Color","EggBoilers","1199.00","17265.6","353.00","5083.2","4.0","629"
"B0B25LQQPC","Crucial P3 500GB PCIe 3.0 3D NAND NVMe M.2 SSD, up to 3500MB/s - CT500P3SSD8","InternalSolidStateDrives","6100.00","87840.0","3307.00","47620.8","4.0","2515"
"B0B296NTFV","Portronics Toad 23 Wireless Optical Mouse with 2.4GHz, USB Nano Dongle, Optical Orientation, Click Wheel, Adjustable DPI(Black)","Mice","599.00","8625.6","299.00","4305.6","4.0","1597"
"B0B2C5MJN6","Hisense 126 cm (50 inches) Bezelless Series 4K Ultra HD Smart LED Google TV 50A6H (Black)","SmartTelevisions","54990.00","791856.0","32990.00","475056.0","4.0","1555"
"B0B2CPVXHX","Robustrion Anti-Scratch & Smudge Proof Tempered Glass Screen Protector for Xiaomi Mi Pad 5 11 inch","ScreenProtectors","1499.00","21585.6","379.00","5457.6","4.0","670"
"B0B2CWRDB1","Shakti Technology S5 High Pressure Car Washer Machine 1900 Watts and Pressure 125 Bar with 10 Meter Hose Pipe","PressureWashers,Steam&WindowCleaners","9999.00","143985.6","5999.00","86385.6","4.0","170"
"B0B2DD66GS","SanDisk Extreme microSD UHS I Card 128GB for 4K Video on Smartphones,Action Cams 190MB/s Read,90MB/s Write","MicroSD","2900.00","41760.0","1329.00","19137.6","4.0","19624"
"B0B2DD8BQ8","Wipro Vesta Grill 1000 Watt Sandwich Maker |Dual function-SW Maker&Griller|Non stick Coat -BPA&PTFE Free |Auto Temp Cut-off| Height Control -180ᶿ&105ᶿ |2 year warranty|SS Finish|Standard size","SandwichMakers","3099.00","44625.6","2079.00","29937.6","4.0","282"
"B0B2DJ5RVQ","WeCool B1 Mobile Holder for Bikes or Bike Mobile Holder for Maps and GPS Navigation, one Click Locking, Firm Gripping, Anti Shake and Stable Cradle Clamp with 360° Rotation Bicycle Phone Mount","HandlebarMounts","1999.00","28785.6","689.00","9921.6","4.0","1193"
"B0B2DZ5S6R","Amazon Basics 1500 W Electric Kettle (Stainless Steel Body, 1.5 L)","Kettle&ToasterSets","1299.00","18705.6","749.00","10785.6","4.0","119"
"B0B2PQL5N3","Lapster Gel Mouse pad with Wrist Rest , Gaming Mouse Pad with Lycra Cloth Nonslip for Laptop , Computer, , Home & Office (Black)","MousePads","999.00","14385.6","230.00","3312.0","4.0","1528"
"B0B2RBP83P","Lenovo IdeaPad 3 11th Gen Intel Core i3 15.6"" FHD Thin & Light Laptop(8GB/512GB SSD/Windows 11/Office 2021/2Yr Warranty/3months Xbox Game Pass/Platinum Grey/1.7Kg), 81X800LGIN","TraditionalLaptops","59890.00","862416.0","37247.00","536356.8","4.0","323"
"B0B2X35B1K","Noise ColorFit Ultra 2 Buzz 1.78"" AMOLED Bluetooth Calling Watch with 368*448px Always On Display, Premium Metallic Finish, 100+ Watch Faces, 100+ Sports Modes, Health Suite (Jet Black)","SmartWatches","6999.00","100785.6","3999.00","57585.6","4.0","10229"
"B0B3CPQ5PF","OnePlus Nord 2T 5G (Jade Fog, 8GB RAM, 128GB Storage)","Smartphones","28999.00","417585.6","28999.00","417585.6","4.0","17415"
"B0B3CQBRB4","OnePlus Nord 2T 5G (Gray Shadow, 8GB RAM, 128GB Storage)","Smartphones","28999.00","417585.6","28999.00","417585.6","4.0","17415"
"B0B3D39RKV","OnePlus Nord 2T 5G (Jade Fog, 12GB RAM, 256GB Storage)","Smartphones","33999.00","489585.6","33999.00","489585.6","4.0","17415"
"B0B3G5XZN5","InstaCuppa Portable Blender for Smoothie, Milk Shakes, Crushing Ice and Juices, USB Rechargeable Personal Blender Machine for Kitchen with 4000 mAh Rechargeable Battery, 230 Watt Motor, 500 ML","HandBlenders","3499.00","50385.6","2799.00","40305.6","4.0","546"
"B0B3MMYHYW","OnePlus 126 cm (50 inches) Y Series 4K Ultra HD Smart Android LED TV 50Y1S Pro (Black)","SmartTelevisions","45999.00","662385.6","32999.00","475185.6","4.0","7298"
"B0B3MQXNFB","FLiX (Beetel Flow USB to Micro USB PVC Data Sync & 12W(2.4A) Fast Charging Cable,Made in India,480Mbps Data Sync,Solid Cable,1 Meter Long cable for all Andriod & Micro USB Devices (Black)(XCD-FPM01)","USBCables","199.00","2865.6","57.00","820.8","4.0","9378"
"B0B3MWYCHQ","Fire-Boltt Ring 3 Smart Watch 1.8 Biggest Display with Advanced Bluetooth Calling Chip, Voice Assistance,118 Sports Modes, in Built Calculator & Games, SpO2, Heart Rate Monitoring","SmartWatches","9999.00","143985.6","2999.00","43185.6","4.0","20881"
"B0B3N7LR6K","Fire-Boltt Visionary 1.78"" AMOLED Bluetooth Calling Smartwatch with 368*448 Pixel Resolution 100+ Sports Mode, TWS Connection, Voice Assistance, SPO2 & Heart Rate Monitoring","SmartWatches","16999.00","244785.6","3999.00","57585.6","4.0","17162"
"B0B3N8VG24","FLiX (Beetel USB to Type C PVC Data Sync & 15W(3A) TPE Fast Charging Cable, Made in India, 480Mbps Data Sync, 1 Meter Long cable for all Andriod & all Type C Devices (Black)(XCD - FPC02)","USBCables","299.00","4305.6","88.00","1267.2","4.0","9378"
"B0B3NDPCS9","Fire-Boltt Visionary 1.78"" AMOLED Bluetooth Calling Smartwatch with 368*448 Pixel Resolution 100+ Sports Mode, TWS Connection, Voice Assistance, SPO2 & Heart Rate Monitoring","SmartWatches","17999.00","259185.6","3999.00","57585.6","4.0","17161"
"B0B3RRWSF6","Fire-Boltt Phoenix Smart Watch with Bluetooth Calling 1.3"",120+ Sports Modes, 240*240 PX High Res with SpO2, Heart Rate Monitoring & IP67 Rating","SmartWatches","9999.00","143985.6","1998.00","28771.2","4.0","27709"
"B0B3RS9DNF","Fire-Boltt Phoenix Smart Watch with Bluetooth Calling 1.3"",120+ Sports Modes, 240*240 PX High Res with SpO2, Heart Rate Monitoring & IP67 Rating","SmartWatches","9999.00","143985.6","1999.00","28785.6","4.0","27704"
"B0B3RSDSZ3","Fire-Boltt Phoenix Smart Watch with Bluetooth Calling 1.3"",120+ Sports Modes, 240*240 PX High Res with SpO2, Heart Rate Monitoring & IP67 Rating","SmartWatches","9999.00","143985.6","1999.00","28785.6","4.0","27696"
"B0B3TBY2YX","AGARO Royal Double Layered Kettle, 1.5 Litres, Double Layered Cool Touch , Dry Boiling Protection, Black","ElectricKettles","2299.00","33105.6","1260.00","18144.0","4.0","55"
"B0B3X2BY3M","Crompton Gracee 5-L Instant Water Heater (Geyser)","InstantWaterHeaters","7299.00","105105.6","3599.00","51825.6","4.0","10324"
"B0B3XXSB1K","LG 139 cm (55 inches) 4K Ultra HD Smart LED TV 55UQ7500PSF (Ceramic Black)","SmartTelevisions","79990.00","1151856.0","47990.00","691056.0","4.0","1376"
"B0B3XY5YT4","LG 108 cm (43 inches) 4K Ultra HD Smart LED TV 43UQ7500PSF (Ceramic Black)","SmartTelevisions","49990.00","719856.0","30990.00","446256.0","4.0","1376"
"B0B4DT8MKT","Wecool Unbreakable 3 in 1 Charging Cable with 3A Speed, Fast Charging Multi Purpose Cable 1.25 Mtr Long, Type C cable, Micro Usb Cable and Cable for iPhone, White","USBCables","1499.00","21585.6","348.00","5011.2","4.0","656"
"B0B4F1YC3J","Samsung Galaxy M13 5G (Aqua Green, 6GB, 128GB Storage) | 5000mAh Battery | Upto 12GB RAM with RAM Plus","Smartphones","19499.00","280785.6","13999.00","201585.6","4.0","18998"
"B0B4F2TTTS","Samsung Galaxy M13 (Aqua Green, 4GB, 64GB Storage) | 6000mAh Battery | Upto 8GB RAM with RAM Plus","Smartphones","14999.00","215985.6","10999.00","158385.6","4.0","18998"
"B0B4F2XCK3","Samsung Galaxy M13 (Aqua Green, 6GB, 128GB Storage) | 6000mAh Battery | Upto 12GB RAM with RAM Plus","Smartphones","17999.00","259185.6","12999.00","187185.6","4.0","18998"
"B0B4F2ZWL3","Samsung Galaxy M13 (Stardust Brown, 6GB, 128GB Storage) | 6000mAh Battery | Upto 12GB RAM with RAM Plus","Smartphones","17999.00","259185.6","12999.00","187185.6","4.0","18998"
"B0B4F3QNDM","Samsung Galaxy M13 5G (Aqua Green, 6GB, 128GB Storage) | 5000mAh Battery | Upto 12GB RAM with RAM Plus","Smartphones","19499.00","280785.6","13999.00","201585.6","4.0","18998"
"B0B4F4QZ1H","Samsung Galaxy M13 5G (Stardust Brown, 6GB, 128GB Storage) | 5000mAh Battery | Upto 12GB RAM with RAM Plus","Smartphones","19499.00","280785.6","13999.00","201585.6","4.0","18998"
"B0B4F52B5X","Samsung Galaxy M13 (Midnight Blue, 4GB, 64GB Storage) | 6000mAh Battery | Upto 8GB RAM with RAM Plus","Smartphones","14999.00","215985.6","10999.00","158385.6","4.0","18998"
"B0B4F5L738","Samsung Galaxy M13 5G (Aqua Green, 6GB, 128GB Storage) | 5000mAh Battery | Upto 12GB RAM with RAM Plus","Smartphones","19499.00","280785.6","13999.00","201585.6","4.0","18998"
"B0B4G2MWSB","Lapster 5 pin mini usb cable, usb b cable,camera cable usb2.0 for External HDDS/Card Readers/Camera etc.","USBCables","999.00","14385.6","149.00","2145.6","4.0","1313"
"B0B4PPD89B","Kitchenwell 18Pc Plastic Food Snack Bag Pouch Clip Sealer for Keeping Food Fresh for Home, Kitchen, Camping Snack Seal Sealing Bag Clips (Multi-Color) | (Pack of 18)|","VacuumSealers","79.00","1137.6","79.00","1137.6","4.0","97"
"B0B4SJKRDF","Kitchenwell Multipurpose Portable Electronic Digital Weighing Scale Weight Machine | Weight Machine | 10 Kg","DigitalScales","239.00","3441.6","239.00","3441.6","4.0","7"
"B0B53DS4TF","Instant Pot Air Fryer, Vortex 2QT, Touch Control Panel, 360° EvenCrisp™ Technology, Uses 95 % less Oil, 4-in-1 Appliance: Air Fry, Roast, Bake, Reheat (Vortex 1.97Litre, Black)","AirFryers","20049.00","288705.6","4995.00","71928.0","4.0","3964"
"B0B5F3YZY4","Wayona 3in1 Nylon Braided 66W USB Fast Charging Cable with Type C, Lightening and Micro USB Port, Compatible with iPhone, iPad, Samsung Galaxy, OnePlus, Mi, Oppo, Vivo, iQOO, Xiaomi (1M, Black)","USBCables","1099.00","15825.6","449.00","6465.6","4.0","242"
"B0B5GJRTHB","Wecool Moonwalk M1 ENC True Wireless in Ear Earbuds with Mic, Titanium Drivers for Rich Bass Experience, 40+ Hours Play Time, Type C Fast Charging, Low Latency, BT 5.3, IPX5, Deep Bass (Black)","In-Ear","1999.00","28785.6","889.00","12801.6","4.0","2284"
"B0B5LVS732","Noise Pulse Go Buzz Smart Watch Bluetooth Calling with 1.69"" Display, 550 NITS, 150+ Cloud Watch Face, SPo2, Heart Rate Tracking, 100 Sports Mode with Auto Detection, Longer Battery (Jet Black)","SmartWatches","4999.00","71985.6","1898.00","27331.2","4.0","10689"
"B0B5RP43VN","iBELL SM1515NEW Sandwich Maker with Floating Hinges, 1000Watt, Panini / Grill / Toast (Black)","SandwichMakers","4650.00","66960.0","1474.00","21225.6","4.0","1045"
"B0B5V47VK4","OnePlus 10T 5G (Moonstone Black, 8GB RAM, 128GB Storage)","Smartphones","49999.00","719985.6","44999.00","647985.6","4.0","3075"
"B0B5YBGCKD","POPIO Tempered Glass Compatible for iPhone 13 / iPhone 13 Pro/iPhone 14 (Transparent) Edge to Edge Full Screen Coverage with Installation Kit, Pack of 2","ScreenProtectors","599.00","8625.6","150.00","2160.0","4.0","714"
"B0B5ZF3NRK","CEDO 65W OnePlus Dash Warp Charge Cable, USB A to Type C Data Sync Fast Charging Cable Compatible with One Plus 3 /3T /5 /5T /6 /6T /7 /7T /7 pro & for All Type C Devices - 1 Meter, Red","USBCables","599.00","8625.6","349.00","5025.6","4.0","210"
"B0B61GCHC1","LS LAPSTER Quality Assured USB 2.0 morpho cable, morpho device cable for Mso 1300 E3/E2/E Biometric Finger Print Scanner morpho USB cable (Black)","USBCables","999.00","14385.6","199.00","2865.6","4.0","87"
"B0B61HYR92","Lapster usb 2.0 mantra cable, mantra mfs 100 data cable (black)","USBCables","999.00","14385.6","199.00","2865.6","4.0","85"
"B0B694PXQJ","Gadgetronics Digital Kitchen Weighing Scale & Food Weight Machine for Health, Fitness, Home Baking & Cooking (10 KGs,1 Year Warranty & Batteries Included)","DigitalKitchenScales","2999.00","43185.6","799.00","11505.6","4.0","63"
"B0B6BLTGTT","Noise Pulse 2 Max Advanced Bluetooth Calling Smart Watch with 1.85'' TFT and 550 Nits Brightness, Smart DND, 10 Days Battery, 100 Sports Mode, Smartwatch for Men and Women - (Jet Black)","SmartWatches","5999.00","86385.6","2999.00","43185.6","4.0","7148"
"B0B6F7LX4C","MI 80 cm (32 inches) 5A Series HD Ready Smart Android LED TV L32M7-5AIN (Black)","SmartTelevisions","24999.00","359985.6","13999.00","201585.6","4.0","32840"
"B0B6F8HHR6","MI 108 cm (43 inches) 5A Series Full HD Smart Android LED TV L43M7-EAIN (Black)","SmartTelevisions","35999.00","518385.6","24999.00","359985.6","4.0","32840"
"B0B6F98KJJ","MI 100 cm (40 inches) 5A Series Full HD Smart Android LED TV with 24W Dolby Audio & Metal Bezel-Less Frame (Black) (2022 Model)","SmartTelevisions","29999.00","431985.6","21999.00","316785.6","4.0","32840"
"B0B7B9V9QP","VU 108 cm (43 inches) Premium Series Full HD Smart LED TV 43GA (Black)","SmartTelevisions","35000.00","504000.0","18999.00","273585.6","4.0","1001"
"B0B7FJNSZR","Proven® Copper + Mineral RO+UV+UF 10 to 12 Liter RO + UV + TDS ADJUSTER Water Purifier with Copper Charge Technology black & copper Best For Home and Office (Made In India)","WaterFilters&Purifiers","19990.00","287856.0","5395.00","77688.0","4.0","535"
"B0B7NWGXS6","Havells Bero Quartz Heater Black 800w 2 Heat Settings 2 Year Product Warranty","ElectricHeaters","2545.00","36648.0","2439.00","35121.6","4.0","25"
"B0B86CDHL1","oraimo 65W Type C to C Fast Charging Cable USB C to USB C Cable High Speed Syncing, Nylon Braided 1M length with LED Indicator Compatible For Laptop, Macbook, Samsung Galaxy S22 S20 S10 S20Fe S21 S21 Ultra A70 A51 A71 A50S M31 M51 M31S M53 5G","USBCables","899.00","12945.6","349.00","5025.6","4.0","149"
"B0B8CB7MHW","KNOWZA Electric Handheld Milk Wand Mixer Frother for Latte Coffee Hot Milk, Milk Frother for Coffee, Egg Beater, Hand Blender, Coffee Beater (BLACK COFFEE BEATER)","HandBlenders","999.00","14385.6","426.00","6134.4","4.0","222"
"B0B8CHJLWJ","Kyosei Advanced Tempered Glass Compatible with Google Pixel 6a with Military-Grade Anti-Explosion Edge-to-Edge Coverage Screen Protector Guard","ScreenProtectors","1199.00","17265.6","299.00","4305.6","4.0","596"
"B0B8CXTTG3","MI 80 cm (32 inches) HD Ready Smart Android LED TV 5A Pro | L32M7-EAIN (Black)","SmartTelevisions","25999.00","374385.6","16999.00","244785.6","4.0","32840"
"B0B8SRZ5SV","AmazonBasics USB C to Lightning Aluminum with Nylon Braided MFi Certified Charging Cable (Grey, 1.2 meter)","USBCables","1999.00","28785.6","949.00","13665.6","4.0","13552"
"B0B8SSC5D9","AmazonBasics USB C to Lightning Aluminum with Nylon Braided MFi Certified Charging Cable (Grey, 1.8 meter)","USBCables","1999.00","28785.6","949.00","13665.6","4.0","13552"
"B0B8SSZ76F","Amazon Basics USB C to Lightning TPE MFi Certified Charging Cable (White, 1.2 meter)","USBCables","1999.00","28785.6","799.00","11505.6","4.0","8583"
"B0B8VQ7KDS","Airtel Digital TV HD Set Top Box with FTA Pack | Unlimited Entertainment + Recording Feature + Free Standard Installation (6 Months Pack)","SatelliteReceivers","2499.00","35985.6","1299.00","18705.6","4.0","301"
"B0B8XNPQPN","Pigeon Healthifry Digital Air Fryer, 360° High Speed Air Circulation Technology 1200 W with Non-Stick 4.2 L Basket - Green","AirFryers","7950.00","114480.0","3599.00","51825.6","4.0","136"
"B0B8ZKWGKD","ZORBES® Wall Adapter Holder for Alexa Echo Dot 4th Generation,A Space-Saving Solution with Cord Management for Your Smart Home Speakers -White (Holder Only)","TVWall&CeilingMounts","1052.00","15148.8","893.00","12859.2","4.0","106"
"B0B8ZM9RVV","Zuvexa Egg Boiler Poacher Automatic Off Steaming, Cooking, Boiling Double Layer 14 Egg Boiler (Multicolor)…","EggBoilers","999.00","14385.6","419.00","6033.6","4.0","227"
"B0B8ZWNR5T","STRIFF 12 Pieces Highly Flexible Silicone Micro USB Protector, Mouse Cable Protector, Suit for All Cell Phones, Computers and Chargers (Black)","Décor","499.00","7185.6","79.00","1137.6","4.0","1949"
"B0B9959XF3","Acer 80 cm (32 inches) S Series HD Ready Android Smart LED TV AR32AR2841HDSB (Black)","SmartTelevisions","22990.00","331056.0","12499.00","179985.6","4.0","1611"
"B0B997FBZT","Acer 139 cm (55 inches) H Series 4K Ultra HD Android Smart LED TV AR55AR2851UDPRO (Black)","SmartTelevisions","49990.00","719856.0","35999.00","518385.6","4.0","1611"
"B0B9BD2YL4","KINGONE Wireless Charging Pencil (2nd Generation) for iPad with Magnetic and Tilt Sensitive, Palm Rejection, Compatible with Apple iPad Pro 11 inch 1/2/3/4, iPad Pro 12.9 Inch 3/4/5/6, iPad Air 4/5, mini6","StylusPens","6999.00","100785.6","2599.00","37425.6","4.0","1526"
"B0B9BXKBC7","WeCool S5 Long Selfie Stick, with Large Reinforced Tripod Stand up to 61 Inch / 156 Cms, Ultra Long Multi Function Bluetooth Selfie Stick with 1/4 Screw Compatible with Gopro, Camera, and Ring Light","SelfieSticks","3999.00","57585.6","1799.00","25905.6","4.0","245"
"B0B9LDCX89","STRIFF Mpad Mouse Mat 230X190X3mm Gaming Mouse Pad, Non-Slip Rubber Base, Waterproof Surface, Premium-Textured, Compatible with Laser and Optical Mice(Universe Black)","MousePads","999.00","14385.6","129.00","1857.6","4.0","491"
"B0B9RN5X8B","V-Guard Zio Instant Water Geyser | 3 Litre | 3000 W Heating | White-Blue | | 2 Year Warranty","InstantWaterHeaters","4700.00","67680.0","2699.00","38865.6","4.0","1296"
"B0B9RZ4G4W","Amazon Basics 300 W Hand Blender with Stainless Steel Stem for Hot/Cold Blending and In-Built Cord Hook, ISI-Marked, Black","HandBlenders","1699.00","24465.6","799.00","11505.6","4.0","97"
"B0B9XLX8VR","VU 139 cm (55 inches) The GloLED Series 4K Smart LED Google TV 55GloLED (Grey)","SmartTelevisions","65000.00","936000.0","37999.00","547185.6","4.0","3587"
"B0B9XN9S3W","Acer 80 cm (32 inches) N Series HD Ready TV AR32NSV53HD (Black)","StandardTelevisions","14990.00","215856.0","7999.00","115185.6","4.0","457"
"B0BB3CBFBM","VU 138 cm (55 inches) Premium Series 4K Ultra HD Smart IPS LED TV 55UT (Black)","SmartTelevisions","65000.00","936000.0","29990.00","431856.0","4.0","211"
"B0BBMGLQDW","Tuarso 8K HDMI 2.1 Cable 48Gbps , 1.5 Meter High-Speed Braided HDMI Cable ( 8K@60HZ、4K@120HZ、2K@240HZ ) HDMI 2.1 Cable Compatible with Monitors , Television , Laptops , Projectors , Game Consoles and more with HDMI Ports Device","HDMICables","1999.00","28785.6","599.00","8625.6","4.0","47"
"B0BBMPH39N","Amazon Basics Magic Slate 8.5-inch LCD Writing Tablet with Stylus Pen, for Drawing, Playing, Noting by Kids & Adults, Black","GraphicTablets","999.00","14385.6","289.00","4161.6","4.0","401"
"B0BBN3WF7V","Redmi A1 (Light Green, 2GB RAM 32GB ROM) | Segment Best AI Dual Cam | 5000mAh Battery | Leather Texture Design | Android 12","Smartphones","8999.00","129585.6","6499.00","93585.6","4.0","7807"
"B0BBN4DZBD","Redmi A1 (Light Blue, 2GB RAM, 32GB Storage) | Segment Best AI Dual Cam | 5000mAh Battery | Leather Texture Design | Android 12","Smartphones","8999.00","129585.6","6499.00","93585.6","4.0","7807"
"B0BBN56J5H","Redmi A1 (Black, 2GB RAM, 32GB Storage) | Segment Best AI Dual Cam | 5000mAh Battery | Leather Texture Design | Android 12","Smartphones","8999.00","129585.6","6499.00","93585.6","4.0","7807"
"B0BBW521YC","LAPSTER 12pcs Spiral Cable Protectors for Charger, Wires, Data Charger Cable Protector for Computers, Cell Phones etc.(Grey)","PhoneCharms","999.00","14385.6","99.00","1425.6","4.0","305"
"B0BBWJFK5C","Shakti Technology S3 High Pressure Car Washer Machine 1800 Watts and Pressure 120 Bar for Cleaning Car, Bike & Home","PressureWashers,Steam&WindowCleaners","8999.00","129585.6","4899.00","70545.6","4.0","297"
"B0BC8BQ432","VU 164 cm (65 inches) The GloLED Series 4K Smart LED Google TV 65GloLED (Grey)","SmartTelevisions","85000.00","1224000.0","54990.00","791856.0","4.0","3587"
"B0BC9BW512","Acer 100 cm (40 inches) P Series Full HD Android Smart LED TV AR40AR2841FDFL (Black)","SmartTelevisions","24990.00","359856.0","18999.00","273585.6","4.0","4702"
"B0BCKWZ884","Caldipree Silicone Case Cover Compatible for 2022 Samsung Smart TV Remote QLED TV BN68-13897A TM2280E (2022-BLACK)","RemoteControls","2999.00","43185.6","547.00","7876.8","4.0","407"
"B0BCVJ3PVP","SupCares Laptop Stand 7 Height Adjustable, Aluminium, Ventilated, Foldable, Portable Laptop Holder for Desk & Table Mount Upto 15.6 inch Laptop with Carry Pouch (Silver)","Lapdesks","1299.00","18705.6","499.00","7185.6","4.0","434"
"B0BCYQY9X5","Livpure Glo Star RO+UV+UF+Mineraliser - 7 L Storage Tank, 15 LPH Water Purifier for Home, Black","WaterFilters&Purifiers","16490.00","237456.0","8499.00","122385.6","4.0","97"
"B0BCZCQTJX","Firestick Remote","RemoteControls","3999.00","57585.6","1434.00","20649.6","4.0","32"
"B0BD3T6Z1D","Samsung Galaxy M32 Prime Edition (Light Blue, 4GB RAM, 64GB)","Smartphones","13499.00","194385.6","12999.00","187185.6","4.0","56098"
"B0BDG6QDYD","Activa Heat-Max 2000 Watts Room Heater (White color ) with ABS body","FanHeaters","1990.00","28656.0","899.00","12945.6","4.0","185"
"B0BDRVFDKP","SanDisk Ultra® microSDXC™ UHS-I Card, 64GB, 140MB/s R, 10 Y Warranty, for Smartphones","MicroSD","1000.00","14400.0","569.00","8193.6","4.0","67262"
"B0BDS8MY8J","Lapster Caddy for ssd and HDD, Optical Bay 2nd Hard Drive Caddy, Caddy 9.5mm for Laptop","InternalHardDrives","999.00","14385.6","199.00","2865.6","4.0","362"
"B0BDYVC5TD","SanDisk Ultra® microSDXC™ UHS-I Card, 128GB, 140MB/s R, 10 Y Warranty, for Smartphones","MicroSD","1800.00","25920.0","959.00","13809.6","4.0","67259"
"B0BDYW3RN3","SanDisk Ultra® microSDXC™ UHS-I Card, 256GB, 150MB/s R, 10 Y Warranty, for Smartphones","MicroSD","3500.00","50400.0","1989.00","28641.6","4.0","67260"
"B0BF4YBLPX","Fire-Boltt Ninja Call Pro Plus 1.83"" Smart Watch with Bluetooth Calling, AI Voice Assistance, 100 Sports Modes IP67 Rating, 240*280 Pixel High Resolution","SmartWatches","19999.00","287985.6","1799.00","25905.6","4.0","13937"
"B0BF54972T","Fire-Boltt Ninja Call Pro Plus 1.83"" Smart Watch with Bluetooth Calling, AI Voice Assistance, 100 Sports Modes IP67 Rating, 240*280 Pixel High Resolution","SmartWatches","19999.00","287985.6","1799.00","25905.6","4.0","13937"
"B0BF54LXW6","Fire-Boltt Ninja Call Pro Plus 1.83"" Smart Watch with Bluetooth Calling, AI Voice Assistance, 100 Sports Modes IP67 Rating, 240*280 Pixel High Resolution","SmartWatches","19999.00","287985.6","1799.00","25905.6","4.0","13937"
"B0BF563HB4","Fire-Boltt Ninja Call Pro Plus 1.83"" Smart Watch with Bluetooth Calling, AI Voice Assistance, 100 Sports Modes IP67 Rating, 240*280 Pixel High Resolution","SmartWatches","19999.00","287985.6","1799.00","25905.6","4.0","13937"
"B0BF57RN3K","Fire-Boltt Ninja Call Pro Plus 1.83"" Smart Watch with Bluetooth Calling, AI Voice Assistance, 100 Sports Modes IP67 Rating, 240*280 Pixel High Resolution","SmartWatches","19999.00","287985.6","1799.00","25905.6","4.0","13937"
"B0BFWGBX61","Ambrane Unbreakable 3A Fast Charging Braided Type C Cable    1.5 Meter (RCT15, Blue) Supports QC 2.0/3.0 Charging","USBCables","349.00","5025.6","199.00","2865.6","4.0","314"
"B0BG62HMDJ","Cablet 2.5 Inch SATA USB 3.0 HDD/SSD Portable External Enclosure for 7mm and 9.5mm, Tool-Free Design, Supports UASP Max 6TB","ExternalHardDisks","775.00","11160.0","499.00","7185.6","4.0","74"
"B0BHVPTM2C","HB Plus Folding Height Adjustable Aluminum Foldable Portable Adjustment Desktop Laptop Holder Riser Stand","Lapdesks","1949.00","28065.6","398.00","5731.2","4.0","75"
"B0BHYJ8CVF","Portronics Key2 Combo Multimedia USB Wireless Keyboard and Mouse Set with 2.4 GHz Wireless Technology, Soft & Silent Button, Compact Size (Grey)","Keyboard&MouseSets","1499.00","21585.6","1149.00","16545.6","4.0","10443"
"B0BJ6P3LSK","Aqua d pure Active Copper 12-L RO+UV Water Filter Purifier for Home, Kitchen Fully Automatic UF+TDS Controller","WaterFilters&Purifiers","24999.00","359985.6","4999.00","71985.6","4.0","287"
"B0BJ966M5K","Aquadpure Copper + Mineral RO+UV+UF 10 to 12 Liter RO + UV + TDS ADJUSTER Water Purifier with Copper Charge Technology black & copper Best For Home and Office (Made In India)","WaterFilters&Purifiers","24999.00","359985.6","4999.00","71985.6","4.0","124"
"B0BJYSCWFQ","Kitchengenix's Mini Waffle Maker 4 Inch- 350 Watts: Stainless Steel Non-Stick Electric Iron Machine for Individual Belgian Waffles, Pan Cakes, Paninis or Other Snacks (Red)","WaffleMakers&Irons","1999.00","28785.6","899.00","12945.6","4.0","39"
"B0BK1K598K","AGARO LR2007 Lint Remover, Rechargeable, for Woolen Sweaters, Blankets, Jackets, Burr Remover, Pill Remover From Carpets, Curtains","LintShavers","1499.00","21585.6","678.00","9763.2","4.0","900"
"B0BL11S5QK","iBELL Induction Cooktop, 2000W with Auto Shut Off and Overheat Protection, BIS Certified, Black","InductionCooktop","3890.00","56016.0","1601.00","23054.4","4.0","156"
"B0BLC2BYPX","Zuvexa USB Rechargeable Electric Foam Maker - Handheld Milk Wand Mixer Frother for Hot Milk, Hand Blender Coffee, Egg Beater (Black)","HandBlenders","1299.00","18705.6","499.00","7185.6","4.0","54"
"B0BLV1GNLN","WZATCO Pixel | Portable LED Projector | Native 720p with Full HD 1080P Support | 2000 Lumens (200 ANSI) | 176"" Large Screen | Projector for Home and Outdoor | Compatible with TV Stick, PC, PS4","Projectors","9990.00","143856.0","6490.00","93456.0","4.0","27"
"B0BM4KTNL1","FIGMENT Handheld Milk Frother Rechargeable, 3-Speed Electric Frother for Coffee with 2 Whisks and Coffee Decoration Tool, Coffee Frother Mixer, CRESCENT ENTERPRISES VRW0.50BK (A1)","HandBlenders","1599.00","23025.6","699.00","10065.6","4.0","1729"
"B0BM9H2NY9","Multifunctional 2 in 1 Electric Egg Boiling Steamer Egg Frying Pan Egg Boiler Electric Automatic Off with Egg Boiler Machine Non-Stick Electric Egg Frying Pan-Tiger Woods (Multy)","EggBoilers","1599.00","23025.6","699.00","10065.6","4.0","2300"
"B0BMGB2TPR","Samsung Galaxy M04 Light Green, 4GB RAM, 64GB Storage | Upto 8GB RAM with RAM Plus | MediaTek Helio P35 | 5000 mAh Battery","Smartphones","11999.00","172785.6","9499.00","136785.6","4.0","284"
"B0BMGB3CH9","Samsung Galaxy M04 Dark Blue, 4GB RAM, 64GB Storage | Upto 8GB RAM with RAM Plus | MediaTek Helio P35 | 5000 mAh Battery","Smartphones","11999.00","172785.6","9499.00","136785.6","4.0","284"
"B0BMGG6NKT","Samsung Galaxy M04 Dark Blue, 4GB RAM, 128GB Storage | Upto 8GB RAM with RAM Plus | MediaTek Helio P35 | 5000 mAh Battery","Smartphones","13499.00","194385.6","10499.00","151185.6","4.0","284"
"B0BMM7R92G","Noise_Colorfit Smart Watch Charger 2 Pin USB Fast Charger Magnetic Charging Cable Adapter (Smart Watch Charger 2 pin)","SmartWatches","999.00","14385.6","249.00","3585.6","4.0","38"
"B0BMTZ4T1D","!!1000 Watt/2000-Watt Room Heater!! Fan Heater!!Pure White!!HN-2500!!Made in India!!","FanHeaters","1599.00","23025.6","784.00","11289.6","4.0","11"
"B0BMVWKZ8G","Newly Launched Boult Dive+ with 1.85"" HD Display, Bluetooth Calling Smartwatch, 500 Nits Brightness, 7 Days Battery Life, 150+ Watch Faces, 100+ Sport Modes, IP68 Waterproof Smart Watch (Jet Black)","SmartWatches","8499.00","122385.6","1999.00","28785.6","4.0","240"
"B0BMXMLSMM","Lapster 65W compatible for OnePlus Dash Warp Charge Cable , type c to c cable fast charging Data Sync Cable Compatible with One Plus 10R / 9RT/ 9 pro/ 9R/ 8T/ 9/ Nord & for All Type C Devices – Red, 1 Meter","USBCables","999.00","14385.6","199.00","2865.6","4.0","127"
"B0BN6M3TCM","VRPRIME Lint Roller Lint Remover for Clothes, Pet | 360 Sheets Reusable Sticky Easy-Tear Sheet Brush for Clothes, Furniture, Carpet, Dog Fur, Sweater, Dust & Dirt (4 Rolls - 90 Sheet Each Roll)","LintShavers","999.00","14385.6","499.00","7185.6","4.0","79"
"B0BNDD9TN6","WANBO X1 Pro (Upgraded) | Native 1080P Full HD | Android 9 | Projector for Home | LED Cinema | 350ANSI | 3900 lumens | WiFi Bluetooth | HDMI ARC | Dolby DTS | 4D Keystone Correction (Global Version)","Projectors","28900.00","416160.0","13990.00","201456.0","4.0","7"
"B0BNV7JM5Y","boAt Newly Launched Wave Electra with 1.81"" HD Display, Smart Calling with Ultra-Seamless BT Calling Chip,20 Built-In Watch Faces,100 + Sports Modes,Menu Personalization,In-Built Games(Charcoal Black)","SmartWatches","7990.00","115056.0","2999.00","43185.6","4.0","154"
"B0BNVBJW2S","boAt Newly Launched Wave Electra with 1.81"" HD Display, Smart Calling Ultra-Seamless BT Calling Chip, 20 Built-in Watch Faces, 100 + Sports Modes, Menu Personalization, in-Built Games(Cherry Blossom)","SmartWatches","7990.00","115056.0","2499.00","35985.6","4.0","154"
"B0BNXFDTZ2","Fire-Boltt Tank 1.85"" Bluetooth Calling Smart Watch, 123 Sports Mode, 8 UI Interactions, Built in Speaker & Mic, 7 Days Battery & Fire-Boltt Health Suite","SmartWatches","11999.00","172785.6","2999.00","43185.6","4.0","768"
"B0BP18W8TM","Fire-Boltt Gladiator 1.96"" Biggest Display Smart Watch with Bluetooth Calling, Voice Assistant &123 Sports Modes, 8 Unique UI Interactions, SpO2, 24/7 Heart Rate Tracking","SmartWatches","9999.00","143985.6","3999.00","57585.6","4.0","73"
"B0BP89YBC1","Campfire Spring Chef Prolix Instant Portable Water Heater Geyser 1Ltr. for Use Home Stainless Steel Baking Rack | Restaurant | Office | Labs | Clinics | Saloon | with Installation Kit (With MCB)","InstantWaterHeaters","3500.00","50400.0","1499.00","21585.6","4.0","2591"
"B0BPBG712X","Portable, Handy Compact Plug-in Portable Digital Electric Heater Fan Wall-Outlet Handy Air Warmer Blower Adjustable Timer Digital Display Heater for Home/Office/Camper (Black, 400 Watts)","FanHeaters","1199.00","17265.6","799.00","11505.6","4.0","17"
"B0BPBXNQQT","Room Heater Warmer Wall-Outlet 400 Watts Electric Handy Room Heater (Room Heaters Home for Bedroom, Reading Books, Work, bathrooms, Rooms, Offices, Home Offices,2022","ElectricHeaters","1989.00","28641.6","799.00","11505.6","4.0","70"
"B0BPCJM7TB","WIDEWINGS Electric Handheld Milk Wand Mixer Frother for Latte Coffee Hot Milk, Milk Frother for Coffee, Egg Beater, Hand Blender, Coffee Beater with Stand","HandBlenders","999.00","14385.6","259.00","3729.6","4.0","43"
"B0BQ3K23Y1","Oratech Coffee Frother electric, milk frother electric, coffee beater, cappuccino maker, Coffee Foamer, Mocktail Mixer, Coffee Foam Maker, coffee whisker electric, Froth Maker, coffee stirrers electric, coffee frothers, Coffee Blender, (6 Month Warranty) (Multicolour)","HandBlenders","499.00","7185.6","279.00","4017.6","4.0","28"
"B0BR4F878Q","Swiffer Instant Electric Water Heater Faucet Tap Home-Kitchen Instantaneous Water Heater Tank less for Tap, LED Electric Head Water Heaters Tail Gallon Comfort(3000W) ((Pack of 1))","InstantWaterHeaters","1999.00","28785.6","1439.00","20721.6","4.0","53803"
"B008P7IF02","Morphy Richards New Europa 800-Watt Espresso and Cappuccino 4-Cup Coffee Maker (Black)","EspressoMachines","5795.00","83448.0","4799.00","69105.6","3.0","3815"
"B00935MD1C","Prestige PRWO 1.8-2 700-Watts Delight Electric Rice Cooker with 2 Aluminium Cooking Pans - 1.8 Liters, White","Rice&PastaCookers","3945.00","56808.0","2719.00","39153.6","3.0","13406"
"B009DA69W6","KENT Gold Optima Gravity Water Purifier (11016) | UF Technology Based | Non-Electric & Chemical Free | Counter Top | 10L Storage | White","WaterFilters&Purifiers","1900.00","27360.0","1699.00","24465.6","3.0","11456"
"B009LJ2BXA","Hp Wired On Ear Headphones With Mic With 3.5 Mm Drivers, In-Built Noise Cancelling, Foldable And Adjustable For Laptop/Pc/Office/Home/ 1 Year Warranty (B4B09Pa)","PCHeadsets","999.00","14385.6","649.00","9345.6","3.0","7222"
"B009P2LIL4","Bajaj Majesty RX10 2000 Watts Heat Convector Room Heater (White, ISI Approved)","HeatConvectors","3080.00","44352.0","2219.00","31953.6","3.0","468"
"B009P2LK80","Bajaj Deluxe 2000 Watts Halogen Room Heater (Steel, ISI Approved), Multicolor","HalogenHeaters","1639.00","23601.6","1409.00","20289.6","3.0","787"
"B00BN5SNF0","ENVIE® (AA10004PLNi-CD) AA Rechargeable Batteries, Low Self Discharge, AA 1000mAh Ni-CD (Pack of 4)","RechargeableBatteries","250.00","3600.0","250.00","3600.0","3.0","13971"
"B00GGGOYEK","Storite USB 2.0 A to Mini 5 pin B Cable for External HDDS/Camera/Card Readers 35cm","USBCables","699.00","10065.6","259.00","3729.6","3.0","2399"
"B00GGGOYEU","Storite USB 2.0 A to Mini 5 pin B Cable for External HDDS/Camera/Card Readers (150cm - 1.5M)","USBCables","699.00","10065.6","299.00","4305.6","3.0","1454"
"B00H0B29DI","USHA Heat Convector 812 T 2000-Watt with Instant Heating Feature (Black)","HeatConvectors","2990.00","43056.0","2199.00","31665.6","3.0","1558"
"B00H47GVGY","USHA Quartz Room Heater with Overheating Protection (3002, Ivory, 800 Watts)","ElectricHeaters","1695.00","24408.0","1199.00","17265.6","3.0","13300"
"B00KRCBA6E","Maharaja Whiteline Lava Neo 1200-Watts Halogen Heater (White and Red)","RoomHeaters","5000.00","72000.0","2499.00","35985.6","3.0","1889"
"B00LUGTJGO","Bajaj RHX-2 800-Watt Room Heater (White)","ElectricHeaters","1549.00","22305.6","1399.00","20145.6","3.0","2602"
"B00MFPCY5C","GIZGA essentials Universal Silicone Keyboard Protector Skin for 15.6-inches Laptop (5 x 6 x 3 inches)","DustCovers","299.00","4305.6","39.00","561.6","3.0","15233"
"B00N1U9AJS","3M Scotch Double Sided Heavy Duty Tape(1m holds 4.5Kgs) for indoor hanging applications (Photo frames, Mirrors, Key Holders, Car Interiors, Extension Boards, Wall decoration, etc)(L: 3m, W: 24mm)","Tape","165.00","2376.0","130.00","1872.0","3.0","14778"
"B00N3XLDW0","ENVIE ECR-20 Charger for AA & AAA Rechargeable Batteries","BatteryChargers","400.00","5760.0","299.00","4305.6","3.0","40895"
"B00NW4UWN6","Prestige PKGSS 1.7L 1500W Electric Kettle (Stainless Steel)","ElectricKettles","1345.00","19368.0","1043.00","15019.2","3.0","15592"
"B00RFWNJMC","Airtel DigitalTV DTH Remote SD/HD/HD Recording Compatible for Television (Shining Black )","RemoteControls","499.00","7185.6","195.00","2808.0","3.0","1383"
"B00URH5E34","Inventis 5V 1.2W Portable Flexible USB LED Light Lamp (Colors may vary)","Lamps","39.00","561.6","39.00","561.6","3.0","13572"
"B00V9NHDI4","Eureka Forbes Trendy Zip 1000 Watts powerful suction vacuum cleaner with resuable dust bag & 5 accessories,1 year warrantycompact,light weight & easy to use (Black)","CanisterVacuums","3799.00","54705.6","2799.00","40305.6","3.0","32931"
"B0117H7GZ6","GENERIC Ultra-Mini Bluetooth CSR 4.0 USB Dongle Adapter for Windows Computer ( Black:Golden)","WirelessUSBAdapters","399.00","5745.6","249.00","3585.6","3.0","4642"
"B0141EZMAI","Gizga Essentials USB WiFi Adapter for PC, 150 Mbps Wireless Network Adapter for Desktop - Nano Size WiFi Dongle Compatible with Windows, Mac OS & Linux Kernel | WPA/WPA2 Encryption Standards| Black","WirelessUSBAdapters","800.00","11520.0","269.00","3873.6","3.0","10134"
"B014HDJ7ZE","Bajaj Majesty Duetto Gas 6 Ltr Vertical Water Heater ( LPG), White","InstantWaterHeaters","7445.00","107208.0","5365.00","77256.0","3.0","3584"
"B015GX9Y0W","Lifelong LLWM105 750-Watt Belgian Waffle Maker for Home| Makes 2 Square Shape Waffles| Non-stick Plates| Easy to Use with Indicator Lights (1 Year Warranty, Black)","WaffleMakers&Irons","2400.00","34560.0","1199.00","17265.6","3.0","1202"
"B016XVRKZM","APC Back-UPS BX600C-IN 600VA / 360W, 230V, UPS System, an Ideal Power Backup & Protection for Home Office, Desktop PC & Home Electronics","UninterruptedPowerSupplies","4100.00","59040.0","3299.00","47505.6","3.0","15783"
"B01EJ5MM5M","Canon PIXMA MG2577s All-in-One Inkjet Colour Printer with 1 Additional Colour Cartridge","InkjetPrinters","3875.00","55800.0","3498.00","50371.2","3.0","12185"
"B01GFTEV5Y","Pigeon by Stovekraft Cruise 1800 watt Induction Cooktop (Black)","InductionCooktop","3193.00","45979.2","1699.00","24465.6","3.0","54032"
"B01I1LDZGA","Pigeon Kessel Multipurpose Kettle (12173) 1.2 litres with Stainless Steel Body, used for boiling Water and milk, Tea, Coffee, Oats, Noodles, Soup etc. 600 Watt (Black & Silver)","ElectricKettles","1775.00","25560.0","1499.00","21585.6","3.0","14667"
"B01JOFKL0A","Canon PIXMA E477 All-in-One Wireless Ink Efficient Colour Printer (White/Blue)","Printers","6355.00","91512.0","5299.00","76305.6","3.0","8280"
"B01MQZ7J8K","Prestige Electric Kettle PKOSS - 1500watts, Steel (1.5Ltr), Black","ElectricKettles","1445.00","20808.0","749.00","10785.6","3.0","63350"
"B01N90RZ4M","Tata Sky Universal Remote","RemoteControls","499.00","7185.6","230.00","3312.0","3.0","2960"
"B06XGWRKYT","Kodak 80 cm (32 Inches) HD Ready LED TV Kodak 32HDX900S (Black)","StandardTelevisions","15999.00","230385.6","7999.00","115185.6","3.0","3022"
"B06XMZV7RH","ATOM Selves-MH 200 GM Digital Pocket Scale","DigitalKitchenScales","499.00","7185.6","308.00","4435.2","3.0","4584"
"B071R3LHFM","Wonderchef Nutri-blend Mixer, Grinder & Blender | Powerful 400W 22000 RPM motor | Stainless steel Blades | 3 unbreakable jars | 2 Years warranty | Online recipe book by Chef Sanjeev Kapoor | Black","MixerGrinders","5500.00","79200.0","2899.00","41745.6","3.0","8958"
"B071VMP1Z4","LRIPL Compatible Sony Bravia LCD/led Remote Works with Almost All Sony led/LCD tv's","RemoteControls","399.00","5745.6","399.00","5745.6","3.0","1951"
"B0746JGVDS","ELV Car Mount Adjustable Car Phone Holder Universal Long Arm, Windshield for Smartphones - Black","Cradles","999.00","14385.6","349.00","5025.6","3.0","46399"
"B0756K5DYZ","Prestige Iris 750 Watt Mixer Grinder with 3 Stainless Steel Jar + 1 Juicer Jar (White and Blue)","MixerGrinders","6295.00","90648.0","3249.00","46785.6","3.0","43070"
"B0762HXMTF","KENT 11054 Alkaline Water Filter Pitcher 3.5 L | Chemical-Free Water with Balanced pH Levels 8.0 to 9.5 | Solves Acidity Issue | Equipped with Carbon and Sediment Filter - Grey","WaterFilters&Purifiers","1950.00","28080.0","1799.00","25905.6","3.0","1888"
"B077BTLQ67","Orient Electric Aura Neo Instant 3L Water Heater (Geyser), 5-level Safety Shield, Stainless Steel Tank (White & Turquoise)","InstantWaterHeaters","4890.00","70416.0","2790.00","40176.0","3.0","588"
"B077T3BG5L","Zebronics ZEB-KM2100 Multimedia USB Keyboard Comes with 114 Keys Including 12 Dedicated Multimedia Keys & with Rupee Key","Keyboards","399.00","5745.6","329.00","4737.6","3.0","33735"
"B078HG2ZPS","Butterfly Smart Wet Grinder, 2L (White) with Coconut Scrapper Attachment, Output - 150 W, Input 260 W","WetGrinders","5156.00","74246.4","3657.00","52660.8","3.0","12837"
"B078KRFWQB","Havells Cista Room Heater, White, 2000 Watts","ElectricHeaters","3945.00","56808.0","2499.00","35985.6","3.0","2732"
"B078XFKBZL","Prestige Clean Home Water Purifier Cartridge","WaterCartridges","640.00","9216.0","600.00","8640.0","3.0","2593"
"B07989VV5K","Usha Steam Pro SI 3713, 1300 W Steam Iron, Powerful steam Output up to 18 g/min, Non-Stick Soleplate (White & Blue)","SteamIrons","1560.00","22464.0","999.00","14385.6","3.0","4881"
"B079Y6JZC8","ZEBRONICS Zeb-Comfort Wired USB Mouse, 3-Button, 1000 DPI Optical Sensor, Plug & Play, for Windows/Mac, Black","Mice","299.00","4305.6","139.00","2001.6","3.0","3044"
"B07B275VN9","Airtel DigitalTV DTH Television, Setup Box Remote Compatible for SD and HD Recording (Black)","RemoteControls","799.00","11505.6","179.00","2577.6","3.0","2201"
"B07DGD4Z4C","Butterfly Jet Elite Mixer Grinder, 750W, 4 Jars (Grey)","MixerGrinders","5795.00","83448.0","3499.00","50385.6","3.0","25340"
"B07DXRGWDJ","Philips Handheld Garment Steamer GC360/30 - Vertical & Horizontal Steaming, 1200 Watt, up to 22g/min","SteamIrons","5995.00","86328.0","4280.00","61632.0","3.0","2112"
"B07FL3WRX5","Wonderchef Nutri-blend Complete Kitchen Machine | 22000 RPM Mixer Grinder, Blender, Chopper, Juicer | 400W Powerful motor | SS Blades | 4 Unbreakable Jars | 2 Years Warranty | Online Recipe Book By Chef Sanjeev Kapoor | Black","JuicerMixerGrinders","6500.00","93600.0","3299.00","47505.6","3.0","11217"
"B07GLNJC25","ZEBRONICS Zeb-100HB 4 Ports USB Hub for Laptop, PC Computers, Plug & Play, Backward Compatible - Black","USBHubs","499.00","7185.6","330.00","4752.0","3.0","8566"
"B07GLSKXS1","KENT 16026 Electric Kettle Stainless Steel 1.8 L | 1500W | Superfast Boiling | Auto Shut-Off | Boil Dry Protection | 360° Rotating Base | Water Level Indicator","Kettle&ToasterSets","1950.00","28080.0","1199.00","17265.6","3.0","2832"
"B07GXPDLYQ","PRO365 Indo Mocktails/Coffee Foamer/Cappuccino/Lemonade/Milk Frother (6 Months Warranty)","HandBlenders","499.00","7185.6","249.00","3585.6","3.0","8427"
"B07H5PBN54","INDIAS®™ Electro-Instant Water Geyser A.B.S. Body Shock Proof Can be Used in Bathroom, Kitchen, wash Area, Hotels, Hospital etc.","InstantWaterHeaters","2600.00","37440.0","999.00","14385.6","3.0","252"
"B07HK53XM4","Bulfyss Plastic Sticky Lint Roller Hair Remover Cleaner Set of 5 Rolls 150 Sheets, 30 Sheets Each roll Lint Roller Remover for Clothes, Furniture, Carpet, Dog Fur, Sweater, Dust & Dirt","LintShavers","599.00","8625.6","279.00","4017.6","3.0","1367"
"B07HZ2QCGR","POPIO Type C Dash Charging USB Data Cable for OnePlus Devices","USBCables","599.00","8625.6","350.00","5040.0","3.0","8314"
"B07J2BQZD6","Kuber Industries Nylon Mesh Laundry Basket|Sturdy Material & Durable Handles|Netted Lightweight Laundry Bag, Size 36 x 36 x 58, Capicity 30 Ltr (Pink)","LaundryBaskets","399.00","5745.6","199.00","2865.6","3.0","7945"
"B07J9KXQCC","Libra Room Heater for Home, Room Heaters Home for Winter, Electric Heater with 2000 Watts Power as per IS Specification for Small to Medium Rooms - FH12 (Grey)","ElectricHeaters","2299.00","33105.6","949.00","13665.6","3.0","550"
"B07JF9B592","MAONO AU-400 Lavalier Auxiliary Omnidirectional Microphone (Black)","Condenser","699.00","10065.6","478.00","6883.2","3.0","20218"
"B07JQKQ91F","JBL C50HI, Wired in Ear Headphones with Mic, One Button Multi-Function Remote, Lightweight & Comfortable fit (Black)","In-Ear","999.00","14385.6","499.00","7185.6","3.0","92995"
"B07K19NYZ8","Usha Hc 812 T Thermo Fan Room Heater","FanHeaters","3290.00","47376.0","2320.00","33408.0","3.0","195"
"B07KR5P3YD","Zebronics Wired Keyboard and Mouse Combo with 104 Keys and a USB Mouse with 1200 DPI - JUDWAA 750","Keyboard&MouseSets","699.00","10065.6","448.00","6451.2","3.0","17348"
"B07L1N3TJX","Artis AR-45W-MG2 45 Watts MG2 Laptop Adapter/Charger Compatible with MB Air 13” & MB Air 11” (14.5 V, 3.1 A) Connector: MG2 (T Tip Connector)","LaptopChargers&PowerSupplies","3499.00","50385.6","1699.00","24465.6","3.0","7689"
"B07L3NDN24","ZEBRONICS Zeb-Fame 5watts 2.0 Multi Media Speakers with AUX, USB and Volume Control (Black)","MultimediaSpeakerSystems","799.00","11505.6","499.00","7185.6","3.0","6742"
"B07L8KNP5F","ZEBRONICS Zeb-Thunder Bluetooth Wireless Over Ear Headphone FM, mSD, 9 hrs Playback with Mic (Black)","On-Ear","1399.00","20145.6","599.00","8625.6","3.0","60026"
"B07LG59NPV","Boult Audio Probass Curve Bluetooth Wireless in Ear Earphones with Mic with Ipx5 Water Resistant, 12H Battery Life & Extra Bass (Black)","In-Ear","4499.00","64785.6","899.00","12945.6","3.0","103052"
"B07LG96SDB","ESN 999 Supreme Quality 1500W Immersion Water Heater Rod (Black)","ImmersionRods","510.00","7344.0","335.00","4824.0","3.0","3195"
"B07MSLTW8Z","Gizga Essentials Multi-Purpose Portable & Foldable Wooden Desk for Bed Tray, Laptop Table, Study Table (Black)","Lapdesks","1999.00","28785.6","549.00","7905.6","3.0","6422"
"B07NRTCDS5","Brayden Fito Atom Rechargeable Smoothie Blender with 2000 mAh Battery and 3.7V Motor with 400ml Tritan Jar (Blue)","JuicerMixerGrinders","1499.00","21585.6","1199.00","17265.6","3.0","2206"
"B07PLHTTB4","Zodo 8. 5 inch LCD E-Writer Electronic Writing Pad/Tablet Drawing Board (Paperless Memo Digital Tablet)","GraphicTablets","499.00","7185.6","100.00","1440.0","3.0","9638"
"B07RX42D3D","Tosaa T2STSR Sandwich Gas Toaster Regular (Black)","SandwichMakers","350.00","5040.0","260.00","3744.0","3.0","13127"
"B07SLNG3LW","Inalsa Vacuum Cleaner Wet and Dry Micro WD10 with 3in1 Multifunction Wet/Dry/Blowing| 14KPA Suction and Impact Resistant Polymer Tank,(Yellow/Black)","Wet-DryVacuums","10295.00","148248.0","3859.00","55569.6","3.0","8095"
"B07SYYVP69","iBELL SEK170BM Premium Electric Kettle, 1.7 Litre, Stainless Steel with Coating,1500W Auto Cut-Off, Silver with Black","ElectricKettles","1950.00","28080.0","809.00","11649.6","3.0","710"
"B07T5DKR5D","ZEBRONICS Zeb-Bro in Ear Wired Earphones with Mic, 3.5mm Audio Jack, 10mm Drivers, Phone/Tablet Compatible(Black)","In-Ear","399.00","5745.6","149.00","2145.6","3.0","21764"
"B07TCN5VR9","Boult Audio BassBuds X1 in-Ear Wired Earphones with 10mm Extra Bass Driver and HD Sound with mic(Black)","In-Ear","999.00","14385.6","329.00","4737.6","3.0","77027"
"B07TTSS5MP","Lifelong LLMG74 750 Watt Mixer Grinder with 3 Jars (White and Grey)","MixerGrinders","3299.00","47505.6","1799.00","25905.6","3.0","1846"
"B07TXCY3YK","Butterfly Hero Mixer Grinder, 500W, 3 Jars (Grey)","MixerGrinders","3899.00","56145.6","2237.00","32212.8","3.0","11004"
"B07V5YF4ND","LOHAYA LCD/LED Remote Compatible for Sony Bravia Smart LCD LED UHD OLED QLED 4K Ultra HD TV Remote Control with YouTube & Netflix Function [ Compatible for Sony Tv Remote Control ]","RemoteControls","1199.00","17265.6","299.00","4305.6","3.0","466"
"B07VNFP3C2","Prestige 1.5 Litre Kettle 1500-watts, Red","ElectricKettles","1245.00","17928.0","749.00","10785.6","3.0","31783"
"B07VQGVL68","Glun Multipurpose Portable Electronic Digital Weighing Scale Weight Machine (10 Kg - with Back Light)","DigitalKitchenScales","499.00","7185.6","293.00","4219.2","3.0","44994"
"B07VVXJ2P5","SVM Products Unbreakable Set Top Box Stand with Dual Remote Holder (Black)","TVWall&CeilingMounts","399.00","5745.6","96.00","1382.4","3.0","1796"
"B07W4HTS8Q","ACTIVA Instant 3 LTR 3 KVA SPECIAL Anti Rust Coated Tank Geyser with Full ABS Body with 5 Year Warranty Premium (White)","InstantWaterHeaters","3790.00","54576.0","1899.00","27345.6","3.0","3842"
"B07WGPBXY9","Pigeon by Stovekraft Quartz Electric Kettle (14299) 1.7 Litre with Stainless Steel Body, used for boiling Water, making tea and coffee, instant noodles, soup etc. 1500 Watt (Silver)","ElectricKettles","1249.00","17985.6","899.00","12945.6","3.0","17424"
"B07WJXCTG9","Pigeon by Stovekraft Amaze Plus Electric Kettle (14313) with Stainless Steel Body, 1.8 litre, used for boiling Water, making tea and coffee, instant noodles, soup etc. 1500 Watt (Silver)","ElectricKettles","1345.00","19368.0","699.00","10065.6","3.0","8446"
"B07WMS7TWB","Pigeon by Stovekraft Amaze Plus Electric Kettle (14289) with Stainless Steel Body, 1.5 litre, used for boiling Water, making tea and coffee, instant noodles, soup etc. 1500 Watt (Silver)","ElectricKettles","1245.00","17928.0","649.00","9345.6","3.0","123365"
"B07WVQG8WZ","Black+Decker Handheld Portable Garment Steamer 1500 Watts with Anti Calc (Violet)","SteamIrons","4995.00","71928.0","3299.00","47505.6","3.0","1393"
"B07XJYYH7L","Wecool Nylon Braided Multifunction Fast Charging Cable For Android Smartphone, Ios And Type C Usb Devices, 3 In 1 Charging Cable, 3A, (3 Feet) (Black)","USBCables","999.00","14385.6","333.00","4795.2","3.0","9792"
"B07Y1RCCW5","ZIGMA WinoteK WinoteK Sun Instant Water Geyser, Water Heater, Portable Water Heater, Geysers Made of First Class ABS Plastic, automatic Reset Model, AE10-3 W (Yellow)","InstantWaterHeaters","2550.00","36720.0","1190.00","17136.0","3.0","1181"
"B07YC8JHMB","Aquasure From Aquaguard Amaze RO+UV+MTDS,7L storage water purifier,suitable for borewell,tanker,municipal water (Grey) from Eureka Forbes","WaterFilters&Purifiers","16000.00","230400.0","8199.00","118065.6","3.0","18497"
"B07YNTJ8ZM","Zebronics ZEB-COUNTY 3W Wireless Bluetooth Portable Speaker With Supporting Carry Handle, USB, SD Card, AUX, FM & Call Function. (Green)","BluetoothSpeakers","999.00","14385.6","549.00","7905.6","3.0","64705"
"B07Z51CGGH","Eureka Forbes Wet & Dry Ultimo 1400 Watts Multipurpose Vacuum Cleaner,Power Suction & Blower with 20 litres Tank Capacity,6 Accessories,1 Year Warranty,Compact,Light Weight & Easy to use (Red)","Wet-DryVacuums","9999.00","143985.6","5499.00","79185.6","3.0","4353"
"B07ZJND9B9","ACTIVA 1200 MM HIGH SPEED 390 RPM BEE APPROVED 5 STAR RATED APSRA CEILING FAN BROWN 2 Years Warranty","CeilingFans","1990.00","28656.0","1099.00","15825.6","3.0","5911"
"B0814LP6S9","PrettyKrafts Laundry Basket for clothes with Lid & Handles, Toys Organiser, 75 Ltr Grey","LaundryBaskets","1099.00","15825.6","351.00","5054.4","3.0","1470"
"B0814ZY6FP","Zebronics ZEB-VITA Wireless Bluetooth 10W Portable Bar Speaker With Supporting USB, SD Card, AUX, FM, TWS & Call Function","BluetoothSpeakers","1199.00","17265.6","899.00","12945.6","3.0","10751"
"B081B1JL35","CSI INTERNATIONAL® Instant Water Geyser, Water Heater, Portable Water Heater, Geyser Made of First Class ABS Plastic 3KW (Red)","InstantWaterHeaters","2499.00","35985.6","1049.00","15105.6","3.0","638"
"B081NHWT6Z","LOHAYA Television Remote Compatible with Samsung Smart LED/LCD/HD TV Remote Control [ Compatible for All Samsung Tv Remote Control ]","RemoteControls","1199.00","17265.6","299.00","4305.6","3.0","1193"
"B081RLM75M","LACOPINE Mini Pocket Size Lint Roller (White)","LintShavers","599.00","8625.6","369.00","5313.6","3.0","82"
"B082ZQ4479","Prestige PWG 07 Wet Grinder, 2L (Multicolor) with Coconut Scraper and Atta Kneader Attachments, 200 Watt","WetGrinders","4330.00","62352.0","3710.00","53424.0","3.0","1662"
"B0832W3B7Q","Pigeon By Stovekraft ABS Plastic Acer Plus Induction Cooktop 1800 Watts With Feather Touch Control - Black","InductionCooktop","3595.00","51768.0","1799.00","25905.6","3.0","9791"
"B0836JGZ74","CSI INTERNATIONAL® Instant Water Geyser, Water Heater, Portable Water Heater, Geyser Made of First Class ABS Plastic 3KW (White)","InstantWaterHeaters","2499.00","35985.6","1049.00","15105.6","3.0","328"
"B0841KQR1Z","Crypo™ Universal Remote Compatible with Tata Sky Universal HD & SD Set top Box (Also Works with All TV)","RemoteControls","999.00","14385.6","299.00","4305.6","3.0","928"
"B084BR3QX8","LAPSTER Accessories Power Cable Cord 2 Pin Laptop Adapter and Tape Recorder 1.5M","LaptopChargers&PowerSupplies","999.00","14385.6","149.00","2145.6","3.0","2523"
"B085194JFL","tizum HDMI to VGA Adapter Cable 1080P for Projector, Computer, Laptop, TV, Projectors & TV","HDMICables","499.00","7185.6","279.00","4017.6","3.0","10962"
"B085LPT5F4","Solidaire 550-Watt Mixer Grinder with 3 Jars (Black) (SLD-550-B)","MixerGrinders","2800.00","40320.0","1649.00","23745.6","3.0","2162"
"B085W8CFLH","PTron Tangent Lite Bluetooth 5.0 Earphones with Mic, Hi-Fi Stereo Sound Neckband, 8Hrs Playtime, Lightweight Snug-fit in-Ear Headphones, IPX4 Water Resistant, Fast Charge & Voice Assistant (Black)","In-Ear","1800.00","25920.0","599.00","8625.6","3.0","83996"
"B086199CWG","Maharaja Whiteline Odacio Plus 550-Watt Juicer Mixer Grinder with 3 Jars (Black/Silver)","JuicerMixerGrinders","4799.00","69105.6","3349.00","48225.6","3.0","4200"
"B086WMSCN3","boAt Airdopes 171 in Ear Bluetooth True Wireless Earbuds with Upto 13 Hours Battery, IPX4, Bluetooth v5.0, Dual Tone Finish with Mic (Mysterious Blue)","In-Ear","5999.00","86385.6","1199.00","17265.6","3.0","47521"
"B087FXHB6J","Zebronics Zeb-Companion 107 USB Wireless Keyboard and Mouse Set with Nano Receiver (Black)","Keyboard&MouseSets","999.00","14385.6","699.00","10065.6","3.0","15295"
"B087JWLZ2K","AmazonBasics 108 cm (43 inches) 4K Ultra HD Smart LED Fire TV AB43U20PS (Black)","SmartTelevisions","50000.00","720000.0","24499.00","352785.6","3.0","3518"
"B0883KDSXC","USHA Armor AR1100WB 1100 W Dry Iron with Black Weilburger Soleplate (Purple)","DryIrons","990.00","14256.0","599.00","8625.6","3.0","16166"
"B088Z1YWBC","EGate i9 Pro-Max 1080p Native Full HD Projector 4k Support | 3600 L (330 ANSI ) | 150"" (381 cm) Large Screen | VGA, AV, HDMI, SD Card, USB, Audio Out | (E03i31 / E04i32) Black","Projectors","15990.00","230256.0","9490.00","136656.0","3.0","10480"
"B08BCKN299","Sounce Gold Plated 3.5 mm Headphone Splitter for Computer 2 Male to 1 Female 3.5mm Headphone Mic Audio Y Splitter Cable Smartphone Headset to PC Adapter – (Black,20cm)","Adapters","999.00","14385.6","120.00","1728.0","3.0","6491"
"B08BG4M4N7","PRUSHTI COVER AND BAGS, Protective Case for Airtel Xstream settop Box Remote Remote Control Pouch Cover Holder PU Leather Cover Holder(only Cover for Selling Purpose)","RemoteControls","499.00","7185.6","199.00","2865.6","3.0","538"
"B08CF4SCNP","Quantum QHM-7406 Full-Sized Keyboard with (₹) Rupee Symbol, Hotkeys and 3-pieces LED function for Desktop/Laptop/Smart TV Spill-Resistant Wired USB Keyboard with 10 million keystrokes lifespan (Black)","Keyboards","599.00","8625.6","299.00","4305.6","3.0","3066"
"B08CFCK6CW","Boult Audio Truebuds with 30H Playtime, IPX7 Waterproof, Lightning Boult™ Type C Fast Charging (10 Min=100Mins), BoomX™ Tech Rich Bass, Pro+ Calling HD Mic, Touch Controls in Ear Earbuds TWS (Grey)","In-Ear","7999.00","115185.6","1199.00","17265.6","3.0","25910"
"B08CFJBZRK","Prestige IRIS Plus 750 watt mixer grinder","MixerGrinders","6295.00","90648.0","3249.00","46785.6","3.0","14062"
"B08CGW4GYR","Milk Frother, Immersion Blender Cordlesss Foam Maker USB Rechargeable Small Mixer Handheld with 2 Stainless Whisks，Wisker for Stirring 3-Speed Adjustable Mini Frother for Cappuccino Latte Coffee Egg","HandBlenders","999.00","14385.6","375.00","5400.0","3.0","1988"
"B08CKW1KH9","Tata Sky Universal Remote Compatible for SD/HD","RemoteControls","599.00","8625.6","204.00","2937.6","3.0","339"
"B08CNLYKW5","Lifelong Power - Pro 500 Watt 3 Jar Mixer Grinder with 3 Speed Control and 1100 Watt Dry Non-Stick soleplate Iron Super Combo (White and Grey, 1 Year Warranty)","MixerGrinders","3398.00","48931.2","1699.00","24465.6","3.0","7988"
"B08CZHGHKH","BESTOR® LCD Writing Tablet/pad 12 inches | Electronic Writing Scribble Board for Kids | Kids Learning Toy | Portable Ruff for LCD Paperless Memo Digital Tablet Notepad E-Writer/Writing/Drawing Pad Home/School/Office (Black)","GraphicTablets","1399.00","20145.6","499.00","7185.6","3.0","1462"
"B08D11DZ2W","Boult Audio AirBass PowerBuds with Inbuilt Powerbank, 120H Total Playtime, IPX7 Fully Waterproof, Lightning Boult Type-C Fast Charging, Low Latency Gaming, TWS Earbuds with Pro+ Calling Mic (Black)","In-Ear","8999.00","129585.6","1499.00","21585.6","3.0","28324"
"B08D75R3Z1","PTron Boom Ultima 4D Dual Driver, in-Ear Gaming Wired Headphones with in-line Mic, Volume Control & Passive Noise Cancelling Boom 3 Earphones - (Dark Blue)","In-Ear","1900.00","27360.0","299.00","4305.6","3.0","18202"
"B08D77XZX5","PTron Tangentbeat in-Ear Bluetooth 5.0 Wireless Headphones with Mic, Enhanced Bass, 10mm Drivers, Clear Calls, Snug-Fit, Fast Charging, Magnetic Buds, Voice Assistant & IPX4 Wireless Neckband (Black)","In-Ear","2499.00","35985.6","599.00","8625.6","3.0","58162"
"B08D9MNH4B","HP Deskjet 2723 AIO Printer, Copy, Scan, WiFi, Bluetooth, USB, Simple Setup Smart App, Ideal for Home.","Printers","7005.00","100872.0","5899.00","84945.6","3.0","4199"
"B08D9NDZ1Y","HP Deskjet 2331 Colour Printer, Scanner and Copier for Home/Small Office, Compact Size, Reliable, Easy Set-Up Through Smart App On Your Pc Connected Through USB, Ideal for Home.","Printers","4332.00","62380.8","3999.00","57585.6","3.0","21762"
"B08FB2LNSZ","JBL Tune 215BT, 16 Hrs Playtime with Quick Charge, in Ear Bluetooth Wireless Earphones with Mic, 12.5mm Premium Earbuds with Pure Bass, BT 5.0, Dual Pairing, Type C & Voice Assistant Support (Black)","In-Ear","2999.00","43185.6","1499.00","21585.6","3.0","87798"
"B08FTFXNNB","HP w100 480P 30 FPS Digital Webcam with Built-in Mic, Plug and Play Setup, Wide-Angle View for Video Calling on Skype, Zoom, Microsoft Teams and Other Apps (Black)","VideoCameras","1999.00","28785.6","499.00","7185.6","3.0","3369"
"B08FY4FG5X","Boult Audio Bass Buds Q2 Lightweight Stereo Wired Over Ear Headphones Set with Mic with Deep Bass, Comfortable Ear Cushions, & Long Cord (Black)","Over-Ear","2499.00","35985.6","649.00","9345.6","3.0","13049"
"B08GJNM9N7","LOHAYA Television Remote Compatible for VU LED LCD HD Tv Remote Control Model No :- EN2B27V","RemoteControls","1199.00","17265.6","299.00","4305.6","3.0","490"
"B08H21B6V7","Nokia 150 (2020) (Cyan)","BasicMobiles","2999.00","43185.6","2599.00","37425.6","3.0","14266"
"B08HD7JQHX","HUMBLE Dynamic Lapel Collar Mic Voice Recording Filter Microphone for Singing Youtube SmartPhones, Black","PCMicrophones","499.00","7185.6","199.00","2865.6","3.0","2804"
"B08JQN8DGZ","boAt Airdopes 121v2 in-Ear True Wireless Earbuds with Upto 14 Hours Playback, 8MM Drivers, Battery Indicators, Lightweight Earbuds & Multifunction Controls (Active Black, with Mic)","In-Ear","2990.00","43056.0","1299.00","18705.6","3.0","180998"
"B08K4PSZ3V","Tukzer Capacitive Stylus Pen for Touch Screens Devices, Fine Point, Lightweight Metal Body with Magnetism Cover Cap for Smartphones/Tablets/iPad/iPad Pro/iPhone (Grey)","StylusPens","999.00","14385.6","349.00","5025.6","3.0","16557"
"B08K4RDQ71","Tukzer Capacitive Stylus Pen for Touch Screens Devices, Fine Point, Lightweight Metal Body with Magnetism Cover Cap for Smartphones/Tablets/iPad/iPad Pro/iPhone (White)","StylusPens","999.00","14385.6","349.00","5025.6","3.0","16557"
"B08KHM9VBJ","Airtel AMF-311WW Data Card (Black), 4g Hotspot Support with 2300 Mah Battery","DataCards&Dongles","3250.00","46800.0","2099.00","30225.6","3.0","11213"
"B08LKS3LSP","Gilary Multi Charging Cable, 3 in 1 Nylon Braided Fast Charging Cable for iPhone Micro USB Type C Mobile Phone | Colour May Vary |","USBCables","999.00","14385.6","345.00","4968.0","3.0","1097"
"B08LPJZSSW","DIGITEK® (DTR 260 GT) Gorilla Tripod/Mini 33 cm (13 Inch) Tripod for Mobile Phone with Phone Mount & Remote, Flexible Gorilla Stand for DSLR & Action Cameras","TripodLegs","995.00","14328.0","399.00","5745.6","3.0","21372"
"B08LVVTGZK","Lifelong LLSM120G Sandwich Griller , Classic Pro 750 W Sandwich Maker with 4 Slice Non-Stick Fixed Plates for Sandwiches at Home with 1 Year Warranty (Black)","SandwichMakers","1300.00","18720.0","929.00","13377.6","3.0","1672"
"B08MCD9JFY","Tygot 10 Inches Big LED Ring Light for Camera, Phone tiktok YouTube Video Shooting and Makeup, 10"" inch Ring Light with 7 Feet Long Foldable and Lightweight Tripod Stand","Macro&RinglightFlashes","1999.00","28785.6","799.00","11505.6","3.0","12958"
"B08MVSGXMY","Crompton Insta Comfy 800 Watt Room Heater with 2 Heat Settings(Grey Blue)","ElectricHeaters","2300.00","33120.0","1498.00","21571.2","3.0","95"
"B08PKBMJKS","Airtel DigitalTV HD Setup Box Remote","RemoteControls","499.00","7185.6","197.00","2836.8","3.0","136"
"B08QHLXWV3","Kenstar 2400 Watts 9 Fins Oil Filled Radiator with PTC Fan Heater (BLACK GOLD)","FanHeaters","11990.00","172656.0","6850.00","98640.0","3.0","144"
"B08QX1CC14","SKYWALL 81.28 cm (32 inches) HD Ready Smart LED TV 32SWELS-PRO (Black)","SmartTelevisions","19125.00","275400.0","7299.00","105105.6","3.0","902"
"B08RHPDNVV","7SEVEN® Compatible Tata Sky Remote Control Replacement of Original dth SD HD tata Play Set top Box Remote - IR Learning Universal Remote for Any Brand TV - Pairing Must","RemoteControls","599.00","8625.6","235.00","3384.0","3.0","197"
"B08RP2L2NL","King Shine Multi Retractable 3.0A Fast Charger Cord, Multiple Charging Cable 4Ft/1.2m 3-in-1 USB Charge Cord Compatible with Phone/Type C/Micro USB for All Android and iOS Smartphones (Random Colour)","USBCables","999.00","14385.6","347.00","4996.8","3.0","1121"
"B08RWCZ6SY","7SEVEN® Compatible for Sony Bravia LCD LED UHD OLED QLED 4K Ultra HD TV remote control with YouTube and NETFLIX Hotkeys. Universal Replacement for Original Sony Smart Android tv Remote Control","RemoteControls","899.00","12945.6","399.00","5745.6","3.0","254"
"B08RX8G496","LRIPL Mi Remote Control with Netflix & Prime Video Button Compatible for Mi 4X LED Android Smart TV 4A Remote Control (32""/43"") with Voice Command (Pairing Required)","RemoteControls","1099.00","15825.6","655.00","9432.0","3.0","285"
"B08RZ12GKR","Tata Sky Digital TV HD Setup Box Remote","RemoteControls","499.00","7185.6","215.00","3096.0","3.0","121"
"B08S74GTBT","Zebronics Astra 10 Portable Wireless BT v5.0 Speaker, 10W RMS Power, 15* Hours Backup, 2.25"" Drive Size, up to 6.4"" Mobile Holder Support, Carry Handle, USB, mSD, AUX Input and FM Radio with Antenna","OutdoorSpeakers","1999.00","28785.6","799.00","11505.6","3.0","418"
"B08SCCG9D4","JBL Commercial CSLM20B Auxiliary Omnidirectional Lavalier Microphone with Battery for Content Creation, Voiceover/Dubbing, Recording (Black,Small)","PCMicrophones","2000.00","28800.0","949.00","13665.6","3.0","14969"
"B08T8KWNQ9","TE™ Instant Electric Heating Hot and Cold Water Geyser Tap Water with Digital Display (White)","InstantWaterHeaters","4999.00","71985.6","1449.00","20865.6","3.0","63"
"B08TDJ5BVF","E-COSMOS 5V 1.2W Portable Flexible USB LED Light (Colours May Vary, Small, EC-POF1)","Lamps","39.00","561.6","39.00","561.6","3.0","3344"
"B08TDJNM3G","E-COSMOS 5V 1.2W Portable Flexible USB LED Light (Colors May Vary, Small) - Set of 2 Pieces","Lamps","59.00","849.6","59.00","849.6","3.0","5958"
"B08TT63N58","ROYAL STEP - AMAZON'S BRAND - Portable Electric USB Juice Maker Juicer Bottle Blender Grinder Mixer,4 Blades Rechargeable Bottle with (Multi color) (MULTI)","Juicers","2199.00","31665.6","499.00","7185.6","3.0","3527"
"B08TZD7FQN","Astigo Compatible Remote Control for Mi Smart LED 4A (43""/32"")","RemoteControls","599.00","8625.6","299.00","4305.6","3.0","708"
"B08VRMK55F","Zebronics Zeb Buds C2 in Ear Type C Wired Earphones with Mic, Braided 1.2 Metre Cable, Metallic Design, 10mm Drivers, in Line Mic & Volume Controller (Blue)","In-Ear","699.00","10065.6","399.00","5745.6","3.0","3454"
"B08W9BK4MD","Tom & Jerry Folding Laundry Basket for Clothes with Lid & Handle, Toys Organiser, 75 Litre, Green","LaundryBaskets","899.00","12945.6","351.00","5054.4","3.0","296"
"B08WWKM5HQ","Crompton Highspeed Markle Prime 1200 mm (48 inch) Anti-Dust Ceiling Fan with Energy Efficient 55W Motor (Burgundy)","CeilingFans","4780.00","68832.0","2599.00","37425.6","3.0","898"
"B08X77LM8C","Silicone Rubber Earbuds Tips, Eartips, Earpads, Earplugs, for Replacement in Earphones and Bluetooth Medium Size (10 Pcs Black)","Earpads","999.00","14385.6","99.00","1425.6","3.0","594"
"B08XLR6DSB","akiara - Makes life easy Electric Handy Sewing/Stitch Handheld Cordless Portable White Sewing Machine for Home Tailoring, Hand Machine | Mini Silai | White Hand Machine with Adapter","Sewing&EmbroideryMachines","1499.00","21585.6","721.00","10382.4","3.0","2449"
"B08XMSKKMM","7SEVEN® Bluetooth Voice Command Remote for Xiaomi Redmi Mi Smart TV with Netflix & Prime Video Hot Keys XMRM-00A","RemoteControls","1999.00","28785.6","799.00","11505.6","3.0","576"
"B08Y1SJVV5","pTron Solero MB301 3A Micro USB Data & Charging Cable, Made in India, 480Mbps Data Sync, Strong & Durable 1.5-Meter Nylon Braided USB Cable for Micro USB Devices - (Black)","USBCables","666.00","9590.4","99.00","1425.6","3.0","24870"
"B08Y1TFSP6","pTron Solero TB301 3A Type-C Data and Fast Charging Cable, Made in India, 480Mbps Data Sync, Strong and Durable 1.5-Meter Nylon Braided USB Cable for Type-C Devices for Charging Adapter (Black)","USBCables","1000.00","14400.0","149.00","2145.6","3.0","24871"
"B08Y5KXR6Z","PTron Solero T241 2.4A Type-C Data & Charging USB Cable, Made in India, 480Mbps Data Sync, Durable 1-Meter Long USB Cable for Type-C USB Devices for Charging Adapter (Black)","USBCables","800.00","11520.0","99.00","1425.6","3.0","24871"
"B08YDFX7Y1","ZEBRONICS Zeb-Dash Plus 2.4GHz High Precision Wireless Mouse with up to 1600 DPI, Power Saving Mode, Nano Receiver and Plug & Play Usage - USB","Mice","449.00","6465.6","299.00","4305.6","3.0","11827"
"B08YK7BBD2","Nirdambhay Mini Bag Sealer, 2 in 1 Heat Sealer and Cutter Handheld Sealing Machine Portable Bag Resealer Sealer for Plastic Bags Food Storage Snack Fresh Bag Sealer (Including 2 AA Battery)","VacuumSealers","999.00","14385.6","429.00","6177.6","3.0","617"
"B08YRMBK9R","Candes 10 Litre Perfecto 5 Star Rated Automatic Instant Storage Electric Water Heater with Special Metal Body Anti Rust Coating With Installation Kit, 2KW Geyser (Ivory)","StorageWaterHeaters","6299.00","90705.6","3249.00","46785.6","3.0","2569"
"B08YXJJW8H","LUNAGARIYA®, Protective Case Compatible with JIO Settop Box Remote Control,PU Leather Cover Holder (Before Placing Order,Please Compare The Dimensions of The Product with Your Remote)","RemoteControls","399.00","5745.6","247.00","3556.8","3.0","200"
"B08ZN4B121","WeCool Bluetooth Extendable Selfie Sticks with Wireless Remote and Tripod Stand, 3-in-1 Multifunctional Selfie Stick with Tripod Stand Compatible with iPhone/OnePlus/Samsung/Oppo/Vivo and All Phones","Tripods","1599.00","23025.6","539.00","7761.6","3.0","14648"
"B08ZXZ362Z","akiara - Makes life easy Mini Sewing Machine for Home Tailoring use | Mini Silai Machine with Sewing Kit Set Sewing Box with Thread Scissors, Needle All in One Sewing Accessories (White & Purple)","Sewing&EmbroideryMachines","3098.00","44611.2","1563.00","22507.2","3.0","2283"
"B09127FZCK","Astigo Compatible Remote for Airtel Digital Set Top Box (Pairing Required with TV Remote)","RemoteControls","899.00","12945.6","299.00","4305.6","3.0","425"
"B0912WJ87V","Reffair AX30 [MAX] Portable Air Purifier for Car, Home & Office | Smart Ionizer Function | H13 Grade True HEPA Filter [Internationally Tested] Aromabuds Fragrance Option - Black","AirPurifiers&Ionizers","4000.00","57600.0","2339.00","33681.6","3.0","1118"
"B091JF2TFD","Boult Audio BassBuds Oak in-Ear Wired Earphones with 10mm Extra Bass Driver and HD Sound with mic(Brown)","In-Ear","1299.00","18705.6","499.00","7185.6","3.0","1173"
"B091V8HK8Z","Milton Go Electro 2.0 Stainless Steel Electric Kettle, 1 Piece, 2 Litres, Silver | Power Indicator | 1500 Watts | Auto Cut-off | Detachable 360 Degree Connector | Boiler for Water","ElectricKettles","1750.00","25200.0","1345.00","19368.0","3.0","2466"
"B092JHPL72","SWAPKART Flexible Mobile Tabletop Stand, Metal Built, Heavy Duty Foldable Lazy Bracket Clip Mount Multi Angle Clamp for All Smartphones (Pack of 1), Multi Color","Bedstand&DeskMounts","999.00","14385.6","251.00","3614.4","3.0","3234"
"B093QCY6YJ","ZEBRONICS ZEB-USB150WF1 WiFi USB Mini Adapter Supports 150 Mbps Wireless Data, Comes with Advanced Security WPA/WPA2 encryption Standards","WirelessUSBAdapters","349.00","5025.6","290.00","4176.0","3.0","1977"
"B093ZNQZ2Y","LOHAYA Remote Compatible for Mi Smart LED TV 4A Remote Control (32""/43"") [ Compatible for Mi Tv Remote Control ] [ Compatible for Mi Smart LED Tv Remote Control ]","RemoteControls","799.00","11505.6","249.00","3585.6","3.0","1079"
"B0941392C8","Lava Charging Adapter Elements D3 2A Fast Charging Speed Usb Type C Data Cable, White","USBCables","449.00","6465.6","129.00","1857.6","3.0","41"
"B094G9L9LT","KENT 16088 Vogue Electric Kettle 1.8 Litre 1500 W | Stainless Steel body | Auto shut off over heating protection | 1 Year Warranty","ElectricKettles","1950.00","28080.0","999.00","14385.6","3.0","305"
"B095244Q22","MYVN LTG to USB for Fast Charging & Data Sync USB Cable Compatible for iPhone 5/5s/6/6S/7/7+/8/8+/10/11, iPad Air/Mini, iPod and iOS Devices (1 M)","USBCables","999.00","14385.6","252.00","3628.8","3.0","2249"
"B096MSW6CT","Sounce Fast Phone Charging Cable & Data Sync USB Cable Compatible for iPhone 13, 12,11, X, 8, 7, 6, 5, iPad Air, Pro, Mini & iOS Devices","USBCables","999.00","14385.6","199.00","2865.6","3.0","7928"
"B096YCN3SD","Lifelong LLEK15 Electric Kettle 1.5L with Stainless Steel Body, Easy and Fast Boiling of Water for Instant Noodles, Soup, Tea etc. (1 Year Warranty, Silver)","Kettle&ToasterSets","1000.00","14400.0","549.00","7905.6","3.0","1074"
"B097JQ1J5G","Zebronics ZEB-90HB USB Hub, 4 Ports, Pocket Sized, Plug & Play, for Laptop & Computers","USBHubs","499.00","7185.6","179.00","2577.6","3.0","9385"
"B097JVLW3L","Irusu Play VR Plus Virtual Reality Headset with Headphones for Gaming (Black)","3DGlasses","3500.00","50400.0","2699.00","38865.6","3.0","621"
"B097RN7BBK","Kitchen Kit Electric Kettle, 1.8L Stainless Steel Tea Kettle, Fast Boil Water Warmer with Auto Shut Off and Boil Dry Protection Tech","Kettle&ToasterSets","1999.00","28785.6","479.00","6897.6","3.0","1066"
"B097ZQTDVZ","7SEVEN® TCL Remote Control Smart TV RC802V Remote Compatible for TCL TV Remote Original 55EP680 40A325 49S6500 55P8S 55P8 50P8 65P8 40S6500 43S6500FS 49S6800FS 49S6800 49S6510FS(Without Voice Function/Google Assistant and Non-Bluetooth remote)","RemoteControls","899.00","12945.6","399.00","5745.6","3.0","431"
"B098R25TGC","Noise Buds VS201 V2 in-Ear Truly Wireless Earbuds with Dual Equalizer | with Mic | Total 14-Hour Playtime | Full Touch Control | IPX5 Water Resistance and Bluetooth v5.1 (Olive Green)","In-Ear","2999.00","43185.6","1299.00","18705.6","3.0","14629"
"B098T9CJVQ","Sui Generis Electric Handheld Milk Wand Mixer Frother for Latte Coffee Hot Milk, Milk Frother, Electric Coffee Beater, Egg Beater, Latte Maker, Mini Hand Blender Cappuccino Maker (Multicolor)","HandBlenders","699.00","10065.6","210.00","3024.0","3.0","74"
"B098TV3L96","Electvision Remote Control for led Smart tv Compatible with VU Smart Led (Without Voice)","RemoteControls","1999.00","28785.6","349.00","5025.6","3.0","197"
"B0994GP1CX","LS LAPSTER Quality Assured Universal Silicone 15.6"" Keyboard Protector Skin|| Keyboard Dust Cover|| Keyboard Skin for 15.6"" Laptop| 15.6"" Keyguard| (3.93 x 11.81 x 0.39 inches)","DustCovers","999.00","14385.6","115.00","1656.0","3.0","5692"
"B099PR2GQJ","HOMEPACK 750W Radiant Room Home Office Heaters For Winter","ElectricHeaters","999.00","14385.6","649.00","9345.6","3.0","49"
"B09B125CFJ","7SEVEN® Compatible for Mi tv Remote Control Original Suitable with Smart Android 4K LED Non Voice Command Xiaomi Redmi Remote of 4A Model 32 43 55 65 inches","RemoteControls","799.00","11505.6","349.00","5025.6","3.0","323"
"B09BF8JBWX","Lava A1 Josh 21(Blue Silver) -Dual Sim,Call Blink Notification,Military Grade Certified with 4 Day Battery Backup, Keypad Mobile","BasicMobiles","1249.00","17985.6","1055.00","15192.0","3.0","2352"
"B09BW2GP18","Croma 3A Fast charge 1m Type-C to All Type-C Phones sync and charge cable, Made in India, 480Mbps Data transfer rate, Tested Durability with 8000+ bends (12 months warranty) - CRCMA0106sTC10, Black","USBCables","1000.00","14400.0","129.00","1857.6","3.0","295"
"B09CTRPSJR","Storio Kids Toys LCD Writing Tablet 8.5Inch E-Note Pad Best Birthday Gift for Girls Boys, Multicolor (SC1667)","GraphicTablets","237.00","3412.8","217.00","3124.8","3.0","7354"
"B09DDCQFMT","Electvision Remote Control Compatible with Amazon Fire tv Stick (Pairing Manual Will be Back Side Remote Control)(P)","RemoteControls","1999.00","28785.6","1299.00","18705.6","3.0","590"
"B09DSQXCM8","House of Quirk Reusable Sticky Picker Cleaner Easy-Tear Sheets Travel Pet Hair Lint Rollers Brush (10cm Sheet, Set of 3 Rolls, 180 Sheets, 60 Sheets Each roll Lint Roller Remover, Multicolour)","LintShavers","499.00","7185.6","299.00","4305.6","3.0","1015"
"B09F3PDDRF","Lapster USB 3.0 sata Cable for 2.5 inch SSD and HDD , USB 3.0 to SATA III Hard Driver Adapter , sata to USB Cable-(Blue)","SATACables","999.00","14385.6","349.00","5025.6","3.0","817"
"B09F5Z694W","Canon E4570 All-in-One Wi-Fi Ink Efficient Colour Printer with FAX/ADF/Duplex Printing (Black)- Smart Speaker Compatible, Standard","InkjetPrinters","9625.00","138600.0","8349.00","120225.6","3.0","3652"
"B09F6D21BY","7SEVEN Compatible LG TV Remote Suitable for LG Non Magic Smart tv Remote Control (Mouse & Voice Non-Support) MR20GA Prime Video and Netflix Hotkeys","RemoteControls","1999.00","28785.6","790.00","11376.0","3.0","103"
"B09GBBJV72","HP 330 Wireless Black Keyboard and Mouse Set with Numeric Keypad, 2.4GHz Wireless Connection and 1600 DPI, USB Receiver, LED Indicators , Black(2V9E6AA)","Keyboard&MouseSets","2199.00","31665.6","1409.00","20289.6","3.0","427"
"B09GFWJDY1","ZEBRONICS Zeb-Evolve Wireless in Ear Neckband Earphone with Supporting Bluetooth v5.0, Voice Assistant, Rapid Charge, Call Function & Magnetic Earpiece, with mic (Metallic Blue)","In-Ear","1499.00","21585.6","499.00","7185.6","3.0","9169"
"B09GYBZPHF","Lifelong LLMG93 500 Watt Duos Mixer Grinder, 2 Stainless Steel Jar (Liquidizing and Chutney Jar)| ABS Body, Stainless Steel Blades, 3 Speed Options with Whip (1 Year Warranty, Black)","MixerGrinders","2499.00","35985.6","1149.00","16545.6","3.0","4383"
"B09H34V36W","Inalsa Electric Fan Heater Hotty - 2000 Watts Variable Temperature Control Cool/Warm/Hot Air Selector | Over Heat Protection | ISI Certification, White","FanHeaters","2495.00","35928.0","1349.00","19425.6","3.0","166"
"B09H39KTTB","Remote Compatible for Samsung LED/LCD Remote Control Works with Samsung LED/LCD TV by Trend Trail","RemoteControls","499.00","7185.6","213.00","3067.2","3.0","246"
"B09H3BXWTK","Venus Digital Kitchen Weighing Scale & Food Weight Machine for Health, Fitness, Home Baking & Cooking Scale, 2 Year Warranty & Battery Included (Weighing Scale Without Bowl) Capacity 10 Kg, 1 Gm","DigitalKitchenScales","2799.00","40305.6","599.00","8625.6","3.0","578"
"B09HS1NDRQ","PrettyKrafts Laundry Square Shape Basket Bag/Foldable/Multipurpose/Carry Handles/Slanting Lid for Home, Cloth Storage,(Single) Jute Grey","LaundryBaskets","799.00","11505.6","390.00","5616.0","3.0","287"
"B09JFR8H3Q","Macmillan Aquafresh 5 Micron PS-05 10"" in PP Spun Filter Candle Set for All Type RO Water Purifier 10 inch (4)","WaterPurifierAccessories","1499.00","21585.6","215.00","3096.0","3.0","1004"
"B09JSW16QD","boAt LTG 550v3 Lightning Apple MFi Certified Cable with Spaceship Grade Aluminium Housing,Stress Resistance, Rapid 2.4A Charging & 480mbps Data Sync, 1m Length & 10000+ Bends Lifespan(Mercurial Black)","USBCables","1490.00","21456.0","848.00","12211.2","3.0","356"
"B09KRHXTLN","Candes Gloster All in One Silent Blower Fan Room Heater Ideal for Small and Medium Area, 2000 Watts (White)","FanHeaters","1699.00","24465.6","1069.00","15393.6","3.0","313"
"B09L8DSSFH","7SEVEN® Compatible for Samsung Smart 4K Ultra HD TV Monitor Remote Control Replacement of Original Samsung TV Remote for LED OLED UHD QLED and Suitable for 6 7 8 Series Samsung TV with Hot Keys BN59-01259E","RemoteControls","999.00","14385.6","399.00","5745.6","3.0","493"
"B09L8DT7D6","Sony TV - Remote Compatible for Sony LED Remote Control Works with Sony LED TV by Trend Trail Speed tech & Remote hi Remote & REO India only","RemoteControls","499.00","7185.6","205.00","2952.0","3.0","313"
"B09LHXNZLR","Skadioo WiFi Adapter for pc | Car Accessories, WiFi Dongle for pc | USB WiFi Adapter for pc | Wi-Fi Receiver 2.4GHz, 802.11b/g/n UNano Size WiFi Dongle Compatible Adapter,WiFi dongle for pc","WirelessUSBAdapters","499.00","7185.6","199.00","2865.6","3.0","612"
"B09LMMFW3S","IKEA Milk Frother for Your Milk, Coffee,(Cold and hot Drinks), Black","MilkFrothers","399.00","5745.6","229.00","3297.6","3.0","451"
"B09LQH3SD9","Lifelong LLQH922 Regalia 800 W (ISI Certified) Quartz Room Heater with 2 Power settings, Overheating Protection, 2 Rod Heater (1 Year Warranty, White)","ElectricHeaters","2000.00","28800.0","999.00","14385.6","3.0","1163"
"B09LRZYBH1","KRISONS Thunder Speaker, Multimedia Home Theatre, Floor Standing Speaker, LED Display with Bluetooth, FM, USB, Micro SD Card, AUX Connectivity","TowerSpeakers","3999.00","57585.6","2299.00","33105.6","3.0","282"
"B09LV13JFB","LOHAYA Voice Assistant Remote Compatible for Airtel Xstream Set-Top Box Remote Control with Netflix Function (Black) (Non - Voice)","RemoteControls","999.00","14385.6","399.00","5745.6","3.0","23"
"B09LV1CMGH","Lifelong LLFH921 Regalia 2000 W Fan Heater, 3 Air Settings, Room Heater with Overheating Protection, 1 Year Warranty ( White, (ISI Certified, Ideal for small to medium room/area)","FanHeaters","2000.00","28800.0","899.00","12945.6","3.0","291"
"B09MB3DKG1","KHAITAN AVAANTE KA-2013 1200 Watt 3-Rod Halogen Heater (1200 Watts, Grey)","HalogenHeaters","3999.00","57585.6","2199.00","31665.6","3.0","340"
"B09MDCZJXS","Wings Phantom Pro Earphones Gaming Earbuds with LED Battery Indicator, 50ms Low Latency, Bluetooth 5.3, 40 Hours Playtime, MEMs Mic, IPX4 Resist, 12mm Driver, 500mah case, Headphones, (Black TWS)","Headsets","5499.00","79185.6","1199.00","17265.6","3.0","2043"
"B09MMD1FDN","7SEVEN® Suitable Sony Tv Remote Original Bravia for Smart Android Television Compatible for Any Model of LCD LED OLED UHD 4K Universal Sony Remote Control","RemoteControls","699.00","10065.6","349.00","5025.6","3.0","214"
"B09MQ9PDHR","SaiEllin Room Heater For Home 2000 Watts Room Heater For Bedroom | ISI Approved With 1 Year Warranty | For 250 Sq. Feet Blower Heater & Room Heaters Home For Winters","FanHeaters","1999.00","28785.6","979.00","14097.6","3.0","157"
"B09N3BFP4M","Bajaj New Shakti Neo Plus 15 Litre 4 Star Rated Storage Water Heater (Geyser) with Multiple Safety System, White","StorageWaterHeaters","11500.00","165600.0","5499.00","79185.6","3.0","959"
"B09N3ZNHTY","boAt Airdopes 141 Bluetooth Truly Wireless in Ear Earbuds with mic, 42H Playtime, Beast Mode(Low Latency Upto 80ms) for Gaming, ENx Tech, ASAP Charge, IWP, IPX4 Water Resistance (Bold Black)","In-Ear","4490.00","64656.0","1499.00","21585.6","3.0","136954"
"B09ND94ZRG","Boult Audio Airbass Propods X TWS Bluetooth Truly Wireless in Ear Earbuds with Mic, 32H Playtime, Fast Charging Type-C, Ipx5 Water Resistant, Touch Controls and Voice Assistant (Red)","In-Ear","5999.00","86385.6","1099.00","15825.6","3.0","12966"
"B09NFSHCWN","Hilton Quartz Heater 400/800-Watt ISI 2 Rods Multi Mode Heater Long Lasting Quick Heating Extremely Warm (Grey)","ElectricHeaters","1899.00","27345.6","1149.00","16545.6","3.0","24"
"B09NL4DCXK","Flix (Beetel) Bolt 2.4 12W Dual USB Smart Charger, Made in India, Bis Certified, Fast Charging Power Adaptor with 1 Meter USB to Type C Cable for Cellular Phones (White)(Xwc-64D)","WallChargers","599.00","8625.6","249.00","3585.6","3.0","2147"
"B09NNHFSSF","CP PLUS 2MP Full HD Smart Wi-fi CCTV Security Camera | 360° with Pan Tilt | Two Way Talk | Cloud Monitor | Motion Detect | Night Vision | Supports SD Card (Up to 128 GB) | Alexa & Ok Google | CP-E21A","DomeCameras","4700.00","67680.0","1999.00","28785.6","3.0","1880"
"B09NNJ9WYM","Sansui 80cm (32 inches) HD Ready Smart LED TV JSY32SKHD (BLACK) With Bezel-less Design","SmartTelevisions","19990.00","287856.0","10990.00","158256.0","3.0","129"
"B09NR6G588","Boult Audio ZCharge Bluetooth Wireless in Ear Earphones with Mic, 40H Playtime and Super Fast Charging, Environmental Noise Cancellation for Pro+ Calling and IPX5 Water Resistant (Black)","In-Ear","4999.00","71985.6","1199.00","17265.6","3.0","14961"
"B09NY6TRXG","POCO C31 (Royal Blue, 64 GB) (4 GB RAM)","Smartphones","11999.00","172785.6","8499.00","122385.6","3.0","276"
"B09NY7W8YD","POCO C31 (Shadow Gray, 64 GB) (4 GB RAM)","Smartphones","11999.00","172785.6","7998.00","115171.2","3.0","125"
"B09P18XVW6","Noise Pulse Buzz 1.69"" Bluetooth Calling Smart Watch with Call Function, 150 Watch Faces, 60 Sports Modes, Spo2 & Heart Rate Monitoring, Calling Smart Watch for Men & Women - Jet Black","SmartWatches","4999.00","71985.6","2499.00","35985.6","3.0","7571"
"B09P564ZTJ","Wembley LCD Writing Pad/Tab | Writing, Drawing, Reusable, Portable Pad with Colorful Letters | 9 Inch Graphic Tablet (Assorted)","GraphicTablets","1599.00","23025.6","235.00","3384.0","3.0","1173"
"B09P8M18QM","7SEVEN® Compatible with Fire Tv Stick Remote with Voice Command Feature Suitable for Second Generation Amazon Fire Tv Stick Remote Only - Pairing Must","RemoteControls","2999.00","43185.6","1369.00","19713.6","3.0","227"
"B09PL79D2X","boAt Airdopes 181 in-Ear True Wireless Earbuds with ENx  Tech, Beast  Mode(Low Latency Upto 60ms) for Gaming, with Mic, ASAP  Charge, 20H Playtime, Bluetooth v5.2, IPX4 & IWP (Cool Grey)","In-Ear","2990.00","43056.0","1598.00","23011.2","3.0","11015"
"B09PLFJ7ZW","Noise Pulse Buzz 1.69"" Bluetooth Calling Smart Watch with Call Function, 150 Watch Faces, 60 Sports Modes, Spo2 & Heart Rate Monitoring, Calling Smart Watch for Men & Women - Rose Pink","SmartWatches","4999.00","71985.6","1999.00","28785.6","3.0","7571"
"B09PTT8DZF","Lenovo USB A to Type-C Tangle-free  Aramid fiber braided 1.2m cable with 4A Fast charging & 480 MBPS data transmission, certified 10000+ bend lifespan, Metallic Grey","USBCables","670.00","9648.0","417.00","6004.8","3.0","523"
"B09R1YFL6S","Candes BlowHot All in One Silent Blower Fan Room Heater (ABS Body, White, Brown) 2000 Watts","FanHeaters","2999.00","43185.6","1090.00","15696.0","3.0","57"
"B09R83SFYV","Akiara® - Makes life easy Mini Sewing Machine with Table Set | Tailoring Machine | Hand Sewing Machine with extension table, foot pedal, adapter","Sewing&EmbroideryMachines","2499.00","35985.6","1484.00","21369.6","3.0","1067"
"B09RQRZW2X","7SEVEN® Compatible Vu Smart Tv Remote Control Suitable for Original 4K Android LED Ultra HD UHD Vu Tv Remote with Non Voice Feature without google assistant","RemoteControls","899.00","12945.6","499.00","7185.6","3.0","185"
"B09SDDQQKP","INALSA Vaccum Cleaner Handheld 800W High Powerful Motor- Dura Clean with HEPA Filtration & Strong Powerful 16KPA Suction| Lightweight, Compact & Durable Body|Includes Multiple Accessories,(Grey/Black)","HandheldVacuums","3295.00","47448.0","1799.00","25905.6","3.0","687"
"B09SGGRKV8","ZEBRONICS Zeb-Buds 30 3.5Mm Stereo Wired in Ear Earphones with Mic for Calling, Volume Control, Multifunction Button, 14Mm Drivers, Stylish Eartip,1.2 Meter Durable Cable and Lightweight Design(Red)","In-Ear","499.00","7185.6","199.00","2865.6","3.0","2492"
"B09SPTNG58","Crompton Sea Sapphira 1200 mm Ultra High Speed 3 Blade Ceiling Fan (Lustre Brown, Pack of 1)","CeilingFans","2349.00","33825.6","1449.00","20865.6","3.0","9019"
"B09SZ5TWHW","Swiss Military VC03 Wireless Car Vacuum Cleaner | Wireless Vacuum Cleaner for Home, Car, Living Room | Wireless Vacuum Cleaner Dust Collection/Lighting Car Pet Hair Vacuum with Powerful Motor","HandheldVacuums","2890.00","41616.0","1547.00","22276.8","3.0","463"
"B09T2S8X9C","Redmi Note 11 Pro + 5G (Stealth Black, 8GB RAM, 256GB Storage) | 67W Turbo Charge | 120Hz Super AMOLED Display | Additional Exchange Offers | Charger Included","Smartphones","28999.00","417585.6","22999.00","331185.6","3.0","25824"
"B09T2WRLJJ","Redmi Note 11 Pro + 5G (Phantom White, 8GB RAM, 128GB Storage) | 67W Turbo Charge | 120Hz Super AMOLED Display | Additional Exchange Offers | Charger Included","Smartphones","26999.00","388785.6","20999.00","302385.6","3.0","25824"
"B09T37CKQ5","FLiX Usb Charger,Flix (Beetel) Bolt 2.4 Dual Poart,5V/2.4A/12W Usb Wall Charger Fast Charging,Adapter For Android/Iphone 11/Xs/Xs Max/Xr/X/8/7/6/Plus,Ipad Pro/Air 2/Mini 3/4,Samsung S4/S5 & More-Black","WallChargers","599.00","8625.6","239.00","3441.6","3.0","2147"
"B09T39K9YL","Redmi Note 11 Pro + 5G (Stealth Black, 6GB RAM, 128GB Storage) | 67W Turbo Charge | 120Hz Super AMOLED Display | Additional Exchange Offers | Charger Included","Smartphones","24999.00","359985.6","19999.00","287985.6","3.0","25824"
"B09TY4MSH3","Firestick Remote","RemoteControls","2499.00","35985.6","1289.00","18561.6","3.0","73"
"B09V12K8NT","boAt Wave Lite Smartwatch with 1.69"" HD Display, Sleek Metal Body, HR & SpO2 Level Monitor, 140+ Watch Faces, Activity Tracker, Multiple Sports Modes, IP68 & 7 Days Battery Life(Active Black)","SmartWatches","6990.00","100656.0","1499.00","21585.6","3.0","21796"
"B09V175NP7","boAt Wave Lite Smartwatch with 1.69 Inches(4.29cm) HD Display, Heart Rate & SpO2 Level Monitor, Multiple Watch Faces, Activity Tracker, Multiple Sports Modes & IP68 (Scarlet Red)","SmartWatches","6990.00","100656.0","1499.00","21585.6","3.0","21796"
"B09V17S2BG","boAt Wave Lite Smartwatch with 1.69"" HD Display, Heart Rate & SpO2 Level Monitor, Multiple Watch Faces, Activity Tracker, Multiple Sports Modes & IP68 (Deep Blue)","SmartWatches","6990.00","100656.0","1499.00","21585.6","3.0","21796"
"B09VH568H7","Amazon Brand - Solimo 3A Fast Charging Tough Type C USB Data Cable  – 1 Meter","USBCables","299.00","4305.6","119.00","1713.6","3.0","51"
"B09VL9KFDB","Havells Gatik Neo 400mm Pedestal Fan (Aqua Blue)","TableFans","4200.00","60480.0","2399.00","34545.6","3.0","397"
"B09VPH38JS","SaleOn Instant Coal Heater 500W Charcoal Burner Electric Stove Hot Plate - Mix Colors - Pack of 1 - Only Charcoal Heater","InductionCooktop","1499.00","21585.6","697.00","10036.8","3.0","144"
"B09WF4Q7B3","Wipro Vesta 1380W Cordless Steam Iron Quick heat up with 20gm/ min Steam Burst, Scratch resistant Ceramic soleplate ,Vertical and Horizontal Ironing, Steam burst of upto .8g/ shot","SteamIrons","2599.00","37425.6","1799.00","25905.6","3.0","771"
"B09X5C9VLK","Lifelong LLMG23 Power Pro 500-Watt Mixer Grinder with 3 Jars (Liquidizing, Wet Grinding and Chutney Jar), Stainless Steel blades, 1 Year Warranty (Black)","MixerGrinders","3500.00","50400.0","1299.00","18705.6","3.0","44050"
"B09X5HD5T1","Ikea Little Loved Corner PRODUKT Milk-frother, Coffee/Tea Frother, Handheld Milk Wand Mixer Frother, Black","MilkFrothers","499.00","7185.6","229.00","3297.6","3.0","185"
"B09X76VL5L","boAt Airdopes 191G True Wireless Earbuds with ENx™ Tech Equipped Quad Mics, Beast™ Mode(Low Latency- 65ms) for Gaming, 2x6mm Dual Drivers, 30H Playtime, IPX5, IWP™, Appealing Case LEDs(Sport Blue)","In-Ear","3490.00","50256.0","1599.00","23025.6","3.0","676"
"B09X79PP8F","MI 2-in-1 USB Type C Cable (Micro USB to Type C) 30cm for Smartphone, Headphone, Laptop (White)","USBCables","299.00","4305.6","179.00","2577.6","3.0","81"
"B09XB1R2F3","Portable Lint Remover Pet Fur Remover Clothes Fuzz Remover Pet Hairball Quick Epilator Shaver Removing Dust Pet Hair from Clothing Furniture Perfect for Clothing,Furniture,Couch,Carpet (Standard)","LintShavers","799.00","11505.6","179.00","2577.6","3.0","132"
"B09XJ5LD6L","Samsung Galaxy M53 5G (Deep Ocean Blue, 6GB, 128GB Storage) | 108MP | sAmoled+ 120Hz | 12GB RAM with RAM Plus | Travel Adapter to be Purchased Separately","Smartphones","32999.00","475185.6","23999.00","345585.6","3.0","8866"
"B09XTQFFCG","FYA Handheld Vacuum Cleaner Cordless, Wireless Hand Vacuum&Air Blower 2-in-1, Mini Portable Car Vacuum Cleaner with Powerful Suction, USB Rechargeable Vacuum for Pet Hair, Home and Car","HandheldVacuums","3199.00","46065.6","2669.00","38433.6","3.0","260"
"B09Y358DZQ","Pigeon Zest Mixer Grinder 3 Speed Control 750 Watt Powerful Copper Motor with 3 Stainless Steel Jars for Dry Grinding, Wet Grinding and Making Chutney and 3 Polycarbonate lids - Blue","MixerGrinders","4295.00","61848.0","2033.00","29275.2","3.0","422"
"B09Y5FZK9N","Pigeon 1.5 litre Hot Kettle and Stainless Steel Water Bottle Combo used for boiling Water, Making Tea and Coffee, Instant Noodles, Soup, 1500 Watt with Auto Shut- off Feature - (Silver)","Kettle&ToasterSets","1545.00","22248.0","809.00","11649.6","3.0","976"
"B09Y5MP7C4","Noise Buds Vs104 Bluetooth Truly Wireless in Ear Earbuds with Mic, 30-Hours of Playtime, Instacharge, 13Mm Driver and Hyper Sync (Charcoal Black)","In-Ear","3499.00","50385.6","1299.00","18705.6","3.0","12452"
"B09YLFHFDW","Sony WI-C100 Wireless Headphones with Customizable Equalizer for Deep Bass & 25 Hrs Battery, DSEE-Upscale, Splash Proof, 360RA, Fast Pair, in-Ear Bluetooth Headset with mic for Phone Calls (Black)","In-Ear","2790.00","40176.0","1599.00","23025.6","3.0","2272"
"B09Z28BQZT","Amazon Basics Multipurpose Foldable Laptop Table with Cup Holder, Brown","Lapdesks","3999.00","57585.6","599.00","8625.6","3.0","1087"
"B09ZDVL7L8","TTK Prestige Limited Orion Mixer Grinder 500 Watts, 3 Jars (1200ml, 1000ml, 500ml) (Red)","MixerGrinders","3895.00","56088.0","2199.00","31665.6","3.0","1085"
"B09ZTZ9N3Q","Amazon Basics 2000/1000 Watt Room Heater with Adjustable Thermostat (ISI certified, White color, Ideal for small to medium room/area)","FanHeaters","1699.00","24465.6","1049.00","15105.6","3.0","111"
"B09ZVJXN5L","KNYUC MART Mini Electric Handy Room Heater Compact Plug-in, The Wall Outlet 400 Watts, Handy Air Warmer Blower Adjustable Timer Digital Display","FanHeaters","999.00","14385.6","778.00","11203.2","3.0","8"
"B0B12K5BPM","ZEBRONICS Zeb-Astra 20 Wireless BT v5.0 Portable Speaker with 10W RMS Output, TWS, 10H Backup Approx, Built in Rechargeable Battery FM Radio, AUX, mSD, USB, Call Function and Dual 52mm Drivers Multi","BluetoothSpeakers","2299.00","33105.6","1049.00","15105.6","3.0","1779"
"B0B1F6GQPS","Boult Audio FXCharge with ENC, 32H Playtime, 5min=7H Type C Fast Charging, Zen ENC, 14.2 mm BoomX Rich Bass, IPX5, Bluetooth Wireless in Ear Earphones Neckband with mic (Black)","In-Ear","4499.00","64785.6","999.00","14385.6","3.0","3390"
"B0B1MDZV9C","INALSA Upright Vacuum Cleaner, 2-in-1,Handheld & Stick for Home & Office Use,800W- with 16KPA Strong Suction & HEPA Filtration|0.8L Dust Tank|Includes Multiple Accessories,(Grey/Black)","HandheldVacuums","4495.00","64728.0","2286.00","32918.4","3.0","326"
"B0B217Z5VK","Noise Buds VS402 Truly Wireless in Ear Earbuds, 35-Hours of Playtime, Instacharge, Quad Mic with ENC, Hyper Sync, Low Latency, 10mm Driver, Bluetooth v5.3 and Breathing LED Lights (Neon Black)","In-Ear","3999.00","57585.6","1799.00","25905.6","3.0","3517"
"B0B21C4BMX","Portronics Konnect Spydr 31 3-in-1 Multi Functional Cable with 3.0A Output, Tangle Resistant, 1.2M Length, Nylon Braided(Zebra)","USBCables","899.00","12945.6","228.00","3283.2","3.0","132"
"B0B2931FCV","ZEBRONICS Zeb-Sound Bomb N1 True Wireless in Ear Earbuds with Mic ENC, Gaming Mode (up to 50ms), up to 18H Playback, BT V5.2, Fidget Case, Voice Assistant, Splash Proof, Type C (Midnight Black)","In-Ear","4199.00","60465.6","999.00","14385.6","3.0","1913"
"B0B298D54H","Prolet Classic Bumper Case Cover for Samsung Galaxy Watch 4 44mm TPU Plated Full Screen Protector (Black)","SmartWatches","999.00","14385.6","265.00","3816.0","3.0","465"
"B0B2CZTCL2","Wipro Vesta 1.8 litre Cool touch electric Kettle with Auto cut off | Double Layer outer body | Triple Protection - Dry Boil, Steam & Over Heat |Stainless Steel Inner Body | (Black, 1500 Watt)","Kettle&ToasterSets","1999.00","28785.6","1299.00","18705.6","3.0","311"
"B0B2DJDCPX","SWAPKART Fast Charging Cable and Data Sync USB Cable Compatible for iPhone 6/6S/7/7+/8/8+/10/11, 12, 13 Pro max iPad Air/Mini, iPod and iOS Devices (White)","USBCables","499.00","7185.6","209.00","3009.6","3.0","536"
"B0B31BYXQQ","Boult Audio Airbass Z20 True Wireless, 40H Battery Life, Zen ENC Mic, Type-C Lightning Boult Fast Charging (10Mins=100Mins), BoomX Tech Bass, ENC, IPX5 in Ear Earbuds with mic (Green)","In-Ear","5499.00","79185.6","1399.00","20145.6","3.0","9504"
"B0B31FR4Y2","Boult Audio Omega with 30dB ANC+ ENC, 32H Playtime, 45ms Latency Gaming Mode, Quad Mic Zen ENC, 3 Equalizer Modes, ANC, Type-C Fast Charging, IPX5 True Wireless in Ear Bluetooth Earbuds (Black)","In-Ear","9999.00","143985.6","1999.00","28785.6","3.0","1986"
"B0B3DV7S9B","EN LIGNE Adjustable Cell Phone Stand, Foldable Portable Phone Stand Phone Holder for Desk, Desktop Tablet Stand Compatible with Mobile Phone/iPad/Tablet (Black)","Stands","499.00","7185.6","209.00","3009.6","3.0","104"
"B0B3JSWG81","NGI Store 2 Pieces Pet Hair Removers for Your Laundry Catcher Lint Remover for Washing Machine Lint Remover Reusable Portable Silica Gel Clothes Washer Dryer Floating Ball","LintShavers","999.00","14385.6","199.00","2865.6","3.0","2"
"B0B3RHX6B6","Ambrane BCL-15 Lightning Cable for Smartphone (1.5m Black)","USBCables","399.00","5745.6","149.00","2145.6","3.0","57"
"B0B466C3G4","Karbonn 80 cm (32 inches) Millenium Bezel-Less Series HD Ready Smart LED TV KJW32SKHD (Phantom Black)","SmartTelevisions","18990.00","273456.0","8990.00","129456.0","3.0","350"
"B0B467CCB9","Karbonn 80 cm (32 Inches) Millennium Series HD Ready LED TV KJW32NSHDF (Phantom Black) with Bezel-Less Design","StandardTelevisions","16990.00","244656.0","6999.00","100785.6","3.0","110"
"B0B4HJNPV4","pTron Solero T351 3.5Amps Fast Charging Type-C to Type-C PD Data & Charging USB Cable, Made in India, 480Mbps Data Sync, Durable 1 Meter Long Cable for Type-C Smartphones, Tablets & Laptops (Black)","USBCables","999.00","14385.6","199.00","2865.6","3.0","1075"
"B0B4HKH19N","pTron Solero 331 3.4Amps Multifunction Fast Charging Cable, 3-in-1 USB Cable Micro USB/Type-C/iOS, Made in India, Durable & Strong & Tangle-free 118cm in Length (Black)","USBCables","931.00","13406.4","249.00","3585.6","3.0","1075"
"B0B4KPCBSH","IKEA Frother for Milk","ElectricGrinders","499.00","7185.6","244.00","3513.6","3.0","478"
"B0B4T6MR8N","pTron Solero M241 2.4A Micro USB Data & Charging Cable, Made in India, 480Mbps Data Sync, Durable 1-Meter Long USB Cable for Micro USB Devices (White)","USBCables","800.00","11520.0","89.00","1281.6","3.0","1075"
"B0B4T8RSJ1","pTron Solero T241 2.4A Type-C Data & Charging USB Cable, Made in India, 480Mbps Data Sync, Durable 1-Meter Long USB Cable for Smartphone, Type-C USB Devices (White)","USBCables","800.00","11520.0","99.00","1425.6","3.0","1075"
"B0B53NXFFR","PTron Newly Launched Force X10 Bluetooth Calling Smartwatch with 1.7"" Full Touch Display, Real Heart Rate Monitor, SpO2, Watch Faces, 5 Days Runtime, Health/Fitness Trackers & IP68 Waterproof (Black)","SmartWatches","5999.00","86385.6","1399.00","20145.6","3.0","4415"
"B0B53QFZPY","PTron Newly Launched Force X10 Bluetooth Calling Smartwatch with 1.7"" Full Touch Color Display, Real Heart Rate Monitor, SpO2, Watch Faces, 5 Days Runtime, Fitness Trackers & IP68 Waterproof (Pink)","SmartWatches","5999.00","86385.6","1299.00","18705.6","3.0","4415"
"B0B53QLB9H","PTron Newly Launched Force X10 Bluetooth Calling Smartwatch with 1.7"" Full Touch Color Display, Real Heart Rate Monitor, SpO2, Watch Faces, 5 Days Runtime, Fitness Trackers & IP68 Waterproof (Blue)","SmartWatches","5999.00","86385.6","1299.00","18705.6","3.0","4415"
"B0B54Y2SNX","iPhone Original 20W C Type Fast PD Charger Compatible with I-Phone13/13 mini/13pro/13 pro Max I-Phone 12/12 Pro/12mini/12 Pro Max, I-Phone11/11 Pro/11 Pro Max 2020 (Only Adapter)","WallChargers","3990.00","57456.0","799.00","11505.6","3.0","119"
"B0B56YRBNT","Tecno Spark 9 (Sky Mirror, 6GB RAM,128GB Storage) | 11GB Expandable RAM | Helio G37 Gaming Processor","Smartphones","13499.00","194385.6","8999.00","129585.6","3.0","3145"
"B0B59K1C8F","Wolpin 1 Lint Roller with 60 Sheets Remove Clothes Lint Dog Hair Dust (19 x 13 cm) Orange","LintShavers","799.00","11505.6","179.00","2577.6","3.0","101"
"B0B5B6PQCT","boAt Wave Call Smart Watch, Smart Talk with Advanced Dedicated Bluetooth Calling Chip, 1.69” HD Display with 550 NITS & 70% Color Gamut, 150+ Watch Faces, Multi-Sport Modes,HR,SpO2, IP68(Active Black)","SmartWatches","7990.00","115056.0","1799.00","25905.6","3.0","17833"
"B0B5CGTBKV","boAt Wave Call Smart Watch, Smart Talk with Advanced Dedicated Bluetooth Calling Chip, 1.69” HD Display with 550 NITS & 70% Color Gamut, 150+ Watch Faces, Multi-Sport Modes,HR,SpO2(Caribbean Green)","SmartWatches","7990.00","115056.0","1999.00","28785.6","3.0","17833"
"B0B5D39BCD","boAt Wave Call Smart Watch, Smart Talk with Advanced Dedicated Bluetooth Calling Chip, 1.69” HD Display with 550 NITS & 70% Color Gamut, 150+ Watch Faces, Multi-Sport Modes, HR, SpO2, IP68(Deep Blue)","SmartWatches","7990.00","115056.0","1999.00","28785.6","3.0","17831"
"B0B5DDJNH4","boAt Wave Call Smart Watch, Smart Talk with Advanced Dedicated Bluetooth Calling Chip, 1.69” HD Display with 550 NITS & 70% Color Gamut, 150+ Watch Faces, Multi-Sport Modes, HR, SpO2, IP68(Mauve)","SmartWatches","7990.00","115056.0","1999.00","28785.6","3.0","17831"
"B0B5GF6DQD","Noise Agile 2 Buzz Bluetooth Calling Smart Watch with 1.28"" TFT Display,Dual Button,in-Built Mic & Speaker,AI Voice Assistant, Health Suite,in-Built Games, 100 Watch Faces-(Jet Black)","SmartWatches","5999.00","86385.6","2499.00","35985.6","3.0","828"
"B0B5KZ3C53","KENT Smart Multi Cooker Cum Kettle 1.2 Liter 800 Watts, Electric Cooker with Steamer & Boiler for Idlis, Instant Noodles, Momos, Eggs, & Steam Vegetables, Inner Stainless Steel & Cool Touch Outer Body","Rice&PastaCookers","2900.00","41760.0","1599.00","23025.6","3.0","441"
"B0B61DSF17","beatXP Kitchen Scale Multipurpose Portable Electronic Digital Weighing Scale | Weight Machine With Back light LCD Display | White |10 kg | 2 Year Warranty |","DigitalKitchenScales","1999.00","28785.6","199.00","2865.6","3.0","2031"
"B0B65MJ45G","Zebronics CU3100V Fast charging Type C cable with QC 18W support, 3A max capacity, 1 meter braided cable, Data transfer and Superior durability (Braided Black + White)","USBCables","549.00","7905.6","139.00","2001.6","3.0","61"
"B0B65P827P","Zebronics CU3100V Fast charging Type C cable with QC 18W support, 3A max capacity, 1 meter braided cable, Data transfer and Superior durability (Braided Black )","USBCables","549.00","7905.6","128.00","1843.2","3.0","61"
"B0B72BSW7K","SKE Bed Study Table Portable Wood Multifunction Laptop-Table Lapdesk for Children Bed Foldabe Table Work with Tablet Slot & Cup Holder Brown Black","Lapdesks","699.00","10065.6","263.00","3787.2","3.0","690"
"B0B7DHSKS7","Nokia 8210 4G Volte keypad Phone with Dual SIM, Big Display, inbuilt MP3 Player & Wireless FM Radio | Blue","BasicMobiles","5299.00","76305.6","3799.00","54705.6","3.0","1641"
"B0B82YGCF6","Tokdis MX-1 Pro Bluetooth Calling Smartwatch - 1.69” LCD Display, Multiple Watch Faces, Sleep Monitor, Heart & SpO2 Monitoring, Multiple Sports Modes, Water Resistant","SmartWatches","3499.00","50385.6","899.00","12945.6","3.0","681"
"B0B84KSH3X","Wipro Vesta 1200 Watt GD203 Heavyweight Automatic Dry Iron| Quick Heat Up| Anti bacterial German Weilburger Double Coated Black Soleplate |2 Years Warranty","DryIrons","1950.00","28080.0","1049.00","15105.6","3.0","250"
"B0B84QN4CN","Wipro Vesta 1200 Watt GD201 Lightweight Automatic Dry Iron| Quick Heat Up| Stylish & Sleek |Anti bacterial German Weilburger Double Coated Soleplate |2 Years Warranty","DryIrons","1100.00","15840.0","660.00","9504.0","3.0","91"
"B0B935YNR7","KENT Electric Chopper-B for Kitchen 250 Watt | Chop, Mince, Puree, Whisk, 400 ml Capacity | Stainless Steel Double Chopping Blades | Transparent Chopping Bowl | Anti-Skid | One Touch Operation | Black","MiniFoodProcessors&Choppers","2999.00","43185.6","1349.00","19425.6","3.0","441"
"B0B94JPY2N","Amazon Brand - Solimo 65W Fast Charging Braided Type C to C Data Cable | Suitable For All Supported Mobile Phones (1 Meter, Black)","USBCables","999.00","14385.6","199.00","2865.6","3.0",""
"B0B97D658R","Larrito wooden Cool Mist Humidifiers Essential Oil Diffuser Aroma Air Humidifier with Colorful Change for Car, Office, Babies, humidifiers for home, air humidifier for room (WOODEN HUMIDIFIRE-A)","Humidifiers","799.00","11505.6","499.00","7185.6","3.0","212"
"B0B9F9PT8R","Eopora PTC Ceramic Fast Heating Room Heater for Bedroom, 1500/1000 Watts Room Heater for Home, Electric Heater, Electric Fan Heater for Home Office Bedroom (White)","ElectricHeaters","2999.00","43185.6","1529.00","22017.6","3.0","29"
"B0B9JZW1SQ","4 in 1 Handheld Electric Vegetable Cutter Set,Wireless Food Processor Electric Food Chopper for Garlic Chili Pepper Onion Ginger Celery Meat with Brush","MiniFoodProcessors&Choppers","1200.00","17280.0","498.00","7171.2","3.0","113"
"B0BBFJ9M3X","Redmi 11 Prime 5G (Meadow Green, 4GB RAM 64GB ROM) | Prime Design | MTK Dimensity 700 | 50 MP Dual Cam | 5000mAh | 7 Band 5G","Smartphones","15999.00","230385.6","13999.00","201585.6","3.0","2180"
"B0BBFJLP21","Redmi 11 Prime 5G (Thunder Black, 4GB RAM, 64GB Storage) | Prime Design | MTK Dimensity 700 | 50 MP Dual Cam | 5000mAh | 7 Band 5G","Smartphones","15999.00","230385.6","13999.00","201585.6","3.0","2180"
"B0BCKJJN8R","Hindware Atlantic Xceed 5L 3kW Instant Water Heater with Copper Heating Element and High Grade Stainless Steel Tank","InstantWaterHeaters","7290.00","104976.0","3599.00","51825.6","3.0","942"
"B0BD92GDQH","OnePlus Nord Watch with 1.78” AMOLED Display, 60 Hz Refresh Rate, 105 Fitness Modes, 10 Days Battery, SPO2, Heart Rate, Stress Monitor, Women Health Tracker & Multiple Watch Face [Midnight Black]","SmartWatches","6999.00","100785.6","4999.00","71985.6","3.0","758"
"B0BDZWMGZ1","Activa Easy Mix Nutri Mixer Grinder 500 Watt | Long Lasting Shock Proof ABS Body | Heavy Duty Motor With Nano - Grinding Technology","MixerGrinders","2990.00","43056.0","1199.00","17265.6","3.0","133"
"B0BGPN4GGH","Lifelong LLQH925 Dyno Quartz Heater 2 Power settings Tip Over Cut-off Switch 800 Watt Silent operation Power Indicator 2 Rod Room Heater (1 Year Warranty, Grey)","ElectricHeaters","2400.00","34560.0","1099.00","15825.6","3.0","4"
"B0BGSV43WY","Noise ColorFit Pro 4 Alpha Bluetooth Calling Smart Watch with 1.78 AMOLED Display, Tru Sync, 60hz Refresh Rate, instacharge, Gesture Control, Functional 360 Digital Crown (Jet Black)","SmartWatches","7999.00","115185.6","4499.00","64785.6","3.0","37"
"B0BHNHMR3H","LONAXA Mini Travel Rechargeable Fruit Juicer - USB Electric Fruit & Vegetable Juice Blender/Grinder for Home and Office Use (Multicolor)…","JuicerMixerGrinders","1299.00","18705.6","499.00","7185.6","3.0","65"
"B0BHYLCL19","AVNISH Tap Water Purifier Filter Faucet 6 Layer Carbon Activated Dust Chlorine Remover Water Softener for Drinking Cartridge Alkaline Taps for Kitchen Sink Bathroom Wash Basin (6-Layer Filtration)","WaterPurifierAccessories","399.00","5745.6","193.00","2779.2","3.0","37"
"B0BHZCNC4P","Remote Control Compatible for Amazon Fire Tv Stick Remote Control [ 3rd Gen ](Not Compatible for Fire TV Edition Smart TV) from basesailor","RemoteControls","3999.00","57585.6","1499.00","21585.6","3.0","37"
"B0BL3R4RGS","VAPJA® Portable Mini Juicer Cup Blender USB Rechargeable with 4 Blades for Shakes and Smoothies Fruits Vegetables Juice Maker Grinder Mixer Strong Cutting Bottle Sports Travel Outdoors Gym (BOTTLE)","JuicerMixerGrinders","999.00","14385.6","649.00","9345.6","3.0","4"
"B0BMFD94VD","White Feather Portable Heat Sealer Mini Sealing Machine for Food Storage Vacuum Bag, Chip, Plastic, Snack Bags, Package Home Closer Storage Tool (Multicolor) Random Colour","VacuumSealers","499.00","7185.6","199.00","2865.6","3.0","12"
"B0BMZ6SY89","!!HANEUL!!1000 Watt/2000-Watt Room Heater!! Fan Heater!!Pure White!!HN-2500!!Made in India!!Thermoset!!","FanHeaters","1599.00","23025.6","899.00","12945.6","3.0","15"
"B0BN2576GQ","C (DEVICE) Lint Remover for Woolen Clothes, Electric Lint Remover, Best Lint Shaver for Clothes Pack of 1","LintShavers","1599.00","23025.6","469.00","6753.6","3.0","6"
"B0BNDRK886","IONIX Activated Carbon Faucet Water Filters Universal Interface Home Kitchen Faucet Tap Water | Tap filter Multilayer | Clean Purifier Filter Cartridge Five Layer Water Filter-Pack of 1","WaterPurifierAccessories","599.00","8625.6","185.00","2664.0","3.0","1306"
"B0BNLFQDG2","Longway Blaze 2 Rod Quartz Room Heater (White, Gray, 800 watts)","ElectricHeaters","2199.00","31665.6","929.00","13377.6","3.0","4"
"B0BNQMF152","ROYAL STEP Portable Electric USB Juice Maker Juicer Bottle Blender Grinder Mixer,6 Blades Rechargeable Bottle with (MULTII) (MULTI COLOUR 6 BLED JUICER MIXER)","JuicerMixerGrinders","2199.00","31665.6","499.00","7185.6","3.0","53"
"B0B7L86YCB","Green Tales Heat Seal Mini Food Sealer-Impulse Machine for Sealing Plastic Bags Packaging","VacuumSealers","300.00","4320.0","161.00","2318.4","2.0","24"
"B0BBLHTRM9","IONIX Tap filter Multilayer | Activated Carbon Faucet Water Filters Universal Interface Home Kitchen Faucet Tap Water Clean Purifier Filter Cartridge Five Layer Water Filter-Pack of 1","WaterPurifierAccessories","699.00","10065.6","199.00","2865.6","2.0","159"
"B0BBVKRP7B","SHREENOVA ID116 Plus Bluetooth Fitness Smart Watch for Men Women and Kids Activity Tracker (Black)","SmartWatches","1999.00","28785.6","281.00","4046.4","2.0","87"
"B0BFBNXS94","Personal Size Blender, Portable Blender, Battery Powered USB Blender, with Four Blades, Mini Blender Travel Bottle for Juice, Shakes, and Smoothies (Pink)","HandBlenders","1499.00","21585.6","669.00","9633.6","2.0","13"
"B0BNDGL26T","MR. BRAND Portable USB Juicer Electric USB Juice Maker Mixer Bottle Blender Grinder Mixer,6 Blades Rechargeable Bottle with (Multi color) (MULTI MIXER 6 BLED)","JuicerMixerGrinders","2199.00","31665.6","499.00","7185.6","2.0","109"
"B0BPJBTB3F","Khaitan ORFin Fan heater for Home and kitchen-K0 2215","FanHeaters","2495.00","35928.0","1299.00","18705.6","2.0","2"
"B08L12N5H1","Eureka Forbes car Vac 100 Watts Powerful Suction Vacuum Cleaner with Washable HEPA Filter, 3 Accessories,Compact,Light Weight & Easy to use (Black and Red)","HandheldVacuums","2499.00","35985.6","2099.00","30225.6","","992"
